"Cluster ID","Binary String","ID","Match Score","Exact String","False Negatives","False Positives","Row Shifts","Column Shifts","Fit Quality","X Position","Y Position","Theta","Group Number"
0,"b00000000000000001000000000100011000110011100110000011111010001101100001110100000",0,2213.205593725778,"b01001000001010100001000001000000001010010000010010000000000001111000011100000000",11,17,1,0,0.9279248580530868,381.10348245928157,500.9175992448783,3.1090002384018183,0
1,"b00000000000000001100000000110000011110000001011000000000000010000000000000000000",0,2951.908576284234,"b01001000001010100001000001000000001010010000010010000000000001111000011100000000",13,6,0,-1,0.8157023051007453,408.3382064337671,173.44563154410292,3.0710852198276744,0
2,"b10100000100111011011001110001100001000000000000000000010000000000010000010011000",0,2809.161988345068,"b01001000001010100001000001000000001010010000010010000000000001111000011100000000",12,14,0,0,0.9961437739471141,387.60702709516534,423.54561799497696,5.69273456350584,0
3,"b00000000000000000001000100000100000101100101000100001100000000110000000000000000",0,2161.2823943703966,"b01001000001010100001000001000000001010010000010010000000000001111000011100000000",16,10,0,1,0.7457412258109516,302.2021987252047,332.3051980338584,6.178334831747121,0
4,"b00000000000000001110000010000000011000000000000000001000101000001001000000000000",0,3895.780310461595,"b01001000001010100001000001000000001010010000010010000000000001111000011100000000",14,6,0,0,0.7332314097382074,14.050425100340691,203.18714135731318,6.856598564897685,0
5,"b01000000000100000000000000000000000110000000011000000010000000000000000000000000",0,4933.098437293001,"b01001000001010100001000001000000001010010000010010000000000001111000011100000000",16,4,0,0,0.7293907804387936,105.89349661498424,74.52470847957643,4.190550291569716,0
6,"b00000000000000000011000000000000001100100000001110000110110000100000000000000000",0,2755.5324051192406,"b01001000001010100001000001000000001010010000010010000000000001111000011100000000",15,9,0,1,0.7576672627177068,335.7186111615602,272.05425755570576,1.8774882871561747,0
7,"b00000000000000000000000011001001101100000000000000000100000001110000000100000000",0,5083.26364945129,"b01001000001010100001000001000000001010010000010010000000000001111000011100000000",13,6,1,0,0.7714854069788929,101.58986774731956,9.69111784725713,4.111077802471203,0
8,"b00000000000000000000100000000000000111100000011110000000000000000000000000000000",0,3192.2757052693414,"b01001000001010100001000001000000001010010000010010000000000001111000011100000000",16,6,0,0,0.7115925373770592,376.61598449803756,241.7082835266468,3.2033877545266956,0
9,"b00000000000000000000000000000000000111001100111000000000000000000000000000000000",0,10091.488234993296,"b01001000001010100001000001000000001010010000010010000000000001111000011100000000",17,6,0,-1,0.7059213173199662,317.1920706573623,269.9961035223431,3.8530487898914476,0
10,"b00000000000110000000000000011000000010010000001100000000010000000000000000000000",0,2456.0882077009014,"b01001000001010100001000001000000001010010000010010000000000001111000011100000000",16,6,-1,1,0.7084476619159363,141.95069676428977,170.08653619621757,3.9448588478720894,0
11,"b00000000100000100111000011110000000100000000100000000111000011001100000000010000",0,2780.837308792759,"b01001000001010100001000001000000001010010000010010000000000001111000011100000000",12,12,0,0,0.8048921031398402,441.46683563775144,91.25813673883064,2.191816308405935,0
12,"b00000000110000011111100001001000000000000001001000110110000000000100000100000000",0,3932.086450886557,"b01001000001010100001000001000000001010010000010010000000000001111000011100000000",10,9,0,0,0.8043651108632421,5.190581730831458,104.84747572300367,5.339087695598596,0
13,"b00000000100000000011000000111100000010000000001000010000000011000000000110000000",0,4876.271268814542,"b01001000001010100001000001000000001010010000010010000000000001111000011100000000",15,10,0,0,0.8516391500748024,119.42483427678677,104.88424514686703,2.2901397847712563,0
14,"b01001000001010000001000001000000001010010000010110000000000001000000001100000000",0,4763.10448047142,"b01001000001010100001000001000000001010010000010010000000000001111000011100000000",5,1,0,0,0.8070577634197319,118.76234252395463,281.0683963366619,4.333505120532168,0
15,"b00011100000001111000000011100000000110001110011000000101101100011100010000000000",0,2728.9206784246953,"b01001000001010100001000001000000001010010000010010000000000001111000011100000000",11,18,0,0,0.7956613287542023,10.820250095913927,311.27056920660215,3.493059918767177,1
16,"b00000001000000000110000000000100100110000001111000111110000001000000000100000000",0,1915.0509915628645,"b01001000001010100001000001000000001010010000010010000000000001111000011100000000",14,13,0,0,0.7769534923639657,281.47104832951374,439.0973510637208,1.6553487763199404,1
17,"b01101100000001100000000111000100001100000000011000000000000011111000110100000000",0,3755.921149015577,"b01001000001010100001000001000000001010010000010010000000000001111000011100000000",7,10,0,0,0.8799142178200549,479.80276090250675,70.8125025025011,4.33967077622648,1
18,"b10000000000000000000000001000000001110001000000000100000000000000001100100000000",0,7324.021956698226,"b01001000001010100001000001000000001010010000010010000000000001111000011100000000",15,6,0,-1,1.0030476387194835,150.62611996724965,98.2725750511059,1.3097631644171552,1
19,"b00000100000000010000000111110000001001000000010000111000010000011000000000000011",0,1993.153670780486,"b01001000001010100001000001000000001010010000010010000000000001111000011100000000",14,13,0,0,0.8684220561888584,22.09776530770452,299.67237058108105,3.9517994644722476,1
20,"b01000000100000000000000110000000011011000101101010001001100010000000000000001000",0,1637.4649570394035,"b01001000001010100001000001000000001010010000010010000000000001111000011100000000",15,14,0,0,1.0285507226505497,94.57440782066672,463.76886260571774,3.348681004417145,1
21,"b00000000001110000000000001000000001100001000100000000000001000000000100000000010",0,4120.694228565603,"b01001000001010100001000001000000001010010000010010000000000001111000011100000000",15,7,0,0,0.7679969636865972,40.774549088086715,395.11712394727135,2.0332296446482268,1
22,"b01001000000011000000000000000000000010000000000110000000000001111000011100000000",0,5525.001146259608,"b01001000001010100001000001000000001010010000010010000000000001111000011100000000",7,2,0,0,0.827629262832671,188.24312530536497,505.3177362431374,4.2895901616549725,1
23,"b00110000000001100000000110000000001100000000100110000100010000100001111100000000",0,2561.7254602637677,"b01001000001010100001000001000000001010010000010010000000000001111000011100000000",12,12,0,0,0.900445270728846,92.56309245038027,67.98882692481892,0.41763995226863415,1
24,"b00001000010001110000000011101100001100000000000000011100001011110000000001100000",0,2216.0411169422973,"b01001000001010100001000001000000001010010000010010000000000001111000011100000000",12,15,0,0,0.8570997810271856,290.1358521761641,487.07359839102475,4.01682231672315,1
25,"b00000110000001111000000110000000000000000000000001100111001100000100000100000100",0,2679.152268935207,"b01001000001010100001000001000000001010010000010010000000000001111000011100000000",15,14,0,0,1.0276956979336598,237.5794080699323,427.91617816232485,0.20767263639880656,1
26,"b00000000001010010010000101000000001000010000000001000010000001111000001110100000",0,4324.650464017289,"b01001000001010100001000001000000001010010000010010000000000001111000011100000000",8,7,1,0,0.8487304357299734,256.35558859406194,472.50096136191354,5.265695555595253,1
27,"b00010000000000000010000010000000001101110000110100000000011011011000101100000000",0,2376.9925023096475,"b01001000001010100001000001000000001010010000010010000000000001111000011100000000",11,12,0,0,0.8275683624357519,451.9624538421631,186.35034697454887,0.7584100604075716,1
28,"b00000000000000110000000111000000011000000000000100000001100100011110001000100000",0,3010.9527100263695,"b01001000001010100001000001000000001010010000010010000000000001111000011100000000",13,11,1,0,0.8520834577600527,443.3271209930071,23.892363461636226,2.282495132474353,1
29,"b00000000000000001011000001000011000100000000010011000000100100000000000000000000",0,4636.596899708892,"b01001000001010100001000001000000001010010000010010000000000001111000011100000000",15,8,-1,0,0.7798348972259972,77.21941321391388,313.7219504054369,2.759892839835339,1
30,"b00000000110000100000000010001000001111100010011000001110101011110000001001000000",0,2039.5890811320107,"b01001000001010100001000001000000001010010000010010000000000001111000011100000000",11,16,0,0,0.8009471277066701,476.8457756405463,335.9575484685862,4.757175157757652,1
31,"b01001000001110100000001100000100001000000000110001000001000011111000011111000010",0,5149.161619863945,"b01001000001010100001000001000000001010010000010010000000000001111000011100000000",5,11,0,0,0.8577656355667528,58.040662652289626,52.85588810298952,2.3305005924614144,1
32,"b00000000000000110000000001000001011111000010000000010000000001100000000001000000",0,2629.443559442569,"b01001000001010100001000001000000001010010000010010000000000001111000011100000000",13,8,0,-1,0.7302475783253469,109.51567046937218,445.1930950560856,4.14645737068555,1
33,"b00010001100001101100000011100000001100000001100000001110000010111001000000100011",0,3358.152400047472,"b01001000001010100001000001000000001010010000010010000000000001111000011100000000",10,16,0,0,0.8521246222274506,405.9079093846271,90.80131196382897,2.063435827364076,1
34,"b00010000001001000000000000000000000000000100000000110001000100000111010000001000",0,2940.993617278929,"b01001000001010100001000001000000001010010000010010000000000001111000011100000000",15,9,0,0,0.931395374698721,55.27432995513233,226.96057647288245,3.2487959503455706,1
35,"b00000000000000000011000011100000001111000011100100000100000000010000000000000000",0,3045.8574368827267,"b01001000001010100001000001000000001010010000010010000000000001111000011100000000",16,12,0,1,0.7214482251185822,240.25323437863233,483.18209331771357,6.310366911065204,1
36,"b00000000000011010000101001100100000010100000000010011110000011111000001000000000",0,3041.272167864848,"b01001000001010100001000001000000001010010000010010000000000001111000011100000000",10,12,0,0,0.7578027073900085,128.555606362528,132.31100070409636,5.1404737231995625,1
37,"b00000000001000000000000000110000000000000001000010001100010011100000001100000000",0,6646.372240226571,"b01001000001010100001000001000000001010010000010010000000000001111000011100000000",13,7,1,-1,0.7732719916514845,293.9494714506292,296.93593659185336,0.8008898610131896,1
38,"b01000000001010000001001101000000001110010000011011000000000000111000010001000000",0,5406.413035854126,"b01001000001010100001000001000000001010010000010010000000000001111000011100000000",5,6,0,0,0.8680716375132509,345.36229424056586,90.99627936338861,2.1432206620889644,1
39,"b00000000000000000000011101100000100011100100001110000000000010000000000000000000",0,4378.420867995163,"b01001000001010100001000001000000001010010000010010000000000001111000011100000000",16,11,0,0,0.7895067962723943,126.55113961573647,85.83073342905664,3.464777583815448,1
40,"b01001000001010000001001001000000001010010000011111001100000001111000001100000000",0,6103.79962631837,"b01001000001010100001000001000000001010010000010010000000000001111000011100000000",2,6,0,0,0.8863816893486928,73.73499083780858,265.6371012288963,1.6342002625565906,1
41,"b00001000000000111000000001000000000100110000000000000011010000001111000000000000",0,2781.0027555496617,"b01001000001010100001000001000000001010010000010010000000000001111000011100000000",14,10,0,0,0.7755675381715426,280.42407340169603,417.12601638752255,3.4113431229409503,2
42,"b00000000000000000010011000001100011010110000001000000000001100111000101110000000",0,2787.7761602026867,"b01001000001010100001000001000000001010010000010010000000000001111000011100000000",11,12,1,0,0.852755846499615,471.34606911352324,207.98915983901702,0.4818428050429726,2
43,"b00000000000010000000000000000000001010000000001000000000011000001101110000011000",0,4059.8154474693843,"b01001000001010100001000001000000001010010000010010000000000001111000011100000000",14,8,1,1,0.7812313130463593,456.29154604580737,19.941334105349753,4.929627601641399,2
44,"b00000000000000001000000000000001000000000100000000000110000000011100000000000000",0,2021.614743682908,"b01001000001010100001000001000000001010010000010010000000000001111000011100000000",15,4,1,-1,0.7344683544837672,4.716949506589987,194.34445184945847,3.377517793274495,2
45,"b00000000000001000000111011100001001110001100110000100010000000000000000000000000",0,5754.443118249518,"b01001000001010100001000001000000001010010000010010000000000001111000011100000000",15,13,-1,-1,0.7276985159478238,99.53048286490493,385.5222250574826,0.6854996485442104,2
46,"b00000000001001100000001111110100001110110000010010000000000111010000001001000000",0,3621.418781997261,"b01001000001010100001000001000000001010010000010010000000000001111000011100000000",8,12,0,0,0.7674846481549104,367.2522563923909,318.8548470147642,6.177682613684394,2
47,"b00000000110000000000000010110000000101100000000010001110000010010000000100100000",0,2628.6718286305304,"b01001000001010100001000001000000001010010000010010000000000001111000011100000000",15,12,0,0,0.8087588001406342,358.71522538740555,430.77542912178575,4.534289648829746,2
48,"b10000000001000000000100011000000100111000000111000000010000000000000000000000000",0,3831.68401385532,"b01001000001010100001000001000000001010010000010010000000000001111000011100000000",15,9,-1,-1,0.7333361339376193,130.35019687731608,97.0518628122999,2.384915177588381,2
49,"b00000000000000000000001000000000001110001100000000110000000000000000000000000000",0,3197.2118367015773,"b01001000001010100001000001000000001010010000010010000000000001111000011100000000",17,6,0,-1,0.6890402464604493,168.08480345411792,130.76643249194746,5.418983668242662,2
50,"b00000000100100001110001011100000010000000000000000000000000001000000000000000000",0,2197.2769039545537,"b01001000001010100001000001000000001010010000010010000000000001111000011100000000",15,7,-1,0,0.7787932575003491,505.3867831557544,292.6653970746852,1.582689989971691,2
51,"b01100000000001000000000000000000000110000110010100000011110001111000011101100000",0,2934.29303620048,"b01001000001010100001000001000000001010010000010010000000000001111000011100000000",9,12,0,0,1.1178967156611848,95.68618225077043,72.07135711381339,6.168473252189915,2
52,"b01100000000010001000001000011000011001110000000000011100000000010000000000010000",0,2216.7721827682753,"b01001000001010100001000001000000001010010000010010000000000001111000011100000000",14,12,0,0,0.9322639422471533,91.99966694290625,473.0583837990982,1.2256829902441695,2
53,"b00000000000100000000100000100100000010110000010110001011001000000010000000000000",0,2012.5803060728997,"b01001000001010100001000001000000001010010000010010000000000001111000011100000000",15,11,1,0,0.7417585754297462,13.248197699271108,329.74651176850375,2.3750096832853638,2
54,"b01101000000011100000000001000000000010000000010011000000000001111000011100000000",0,3277.6437625631884,"b01001000001010100001000001000000001010010000010010000000000001111000011100000000",4,3,0,0,0.8754899836478213,123.16040481979398,145.55170138765757,6.052072715040653,2
55,"b11001000001110110000100011000100001100110000010010000000000101110000001101100000",0,4173.0048444333,"b01001000001010100001000001000000001010010000010010000000000001111000011100000000",4,11,0,0,0.8864735194830325,28.704188158857047,224.73332336458125,5.143764541416383,3
56,"b00000000000100100000000011000000011111100000000011000100100000000010000000000000",0,4473.198465163591,"b01001000001010100001000001000000001010010000010010000000000001111000011100000000",14,10,0,0,0.7564128044873416,149.9965125333872,190.06945646717514,4.785183679748664,3
57,"b10000000001000000000100000000001000011000001111100000110100000000001000000000000",0,2377.7617655329213,"b01001000001010100001000001000000001010010000010010000000000001111000011100000000",13,9,0,-1,0.7490121066719414,248.1203232690302,476.9807477062285,0.8262810407947361,3
58,"b00000110000000011000011011001000000000000000000000001101110111110001111000000010",0,2507.48263509108,"b01001000001010100001000001000000001010010000010010000000000001111000011100000000",13,18,0,0,1.1435579078349398,127.38764409107465,468.41522663765124,0.6761904079708974,3
59,"b01001000001000000000100001000000001100010000010011010000000011110000011100000000",0,4615.202419105599,"b01001000001010100001000001000000001010010000010010000000000001111000011100000000",5,5,0,0,0.8440828730563987,275.8827893345706,58.30259994876497,2.092077903223903,3
60,"b00000000000000000000000000010001001000000100110000011010000011001000000101000000",0,2218.279137445163,"b01001000001010100001000001000000001010010000010010000000000001111000011100000000",14,9,1,-1,0.7515578327652479,272.39698988499214,238.68034154111498,1.9041740798557907,3
61,"b01101000001111000000001011000100000110000000001011000000001011111000001000000000",0,3970.7418525778594,"b01001000001010100001000001000000001010010000010010000000000001111000011100000000",7,11,0,0,0.8920046989377299,318.2810006650852,202.40814928262986,3.6791237634129637,3
62,"b00000000000000001100000000000000000001110000010000000011000001100000000000000000",0,1582.541389955335,"b01001000001010100001000001000000001010010000010010000000000001111000011100000000",15,6,0,0,0.764482274621052,52.22178265269518,385.7464931102139,3.573210686897486,3
63,"b00000000000000000000000000100001100000000000010100000110100000000001000000000010",0,1887.2087833524852,"b01001000001010100001000001000000001010010000010010000000000001111000011100000000",14,5,1,1,0.7564666324482766,199.78846517018258,175.2213810958569,5.933380496425952,3
64,"b00000000100000010010110000100000000011000000000100000000000000001000000000000000",0,6644.207790333783,"b01001000001010100001000001000000001010010000010010000000000001111000011100000000",17,8,0,0,0.7334134351877493,364.6965003734918,128.1748929996781,3.938157151038297,3
65,"b00000000000000000000000000000000100000000011000111001000001000101000000000000000",0,5628.172631947948,"b01001000001010100001000001000000001010010000010010000000000001111000011100000000",16,7,1,1,0.7304527100474639,261.5658097900231,405.66011335773356,1.6631139023593398,3
66,"b00000000001100000000110000000001110000001111000010000000000000000001000000000000",0,2943.2567246480676,"b01001000001010100001000001000000001010010000010010000000000001111000011100000000",14,8,0,-1,0.7655279807870294,501.84932839029807,15.471848785218892,3.563244282411871,3
67,"b01000100000110100000000000000000011000000001100010000011000000000111100000000000",0,2010.0318003684492,"b01001000001010100001000001000000001010010000010010000000000001111000011100000000",14,11,0,0,0.7708729157358675,435.4910195710884,435.46725895062275,2.4371122518202952,3
68,"b00011000000000011001000001000000001110010000010011000000000001011100011100000000",0,3863.1568319814055,"b01001000001010100001000001000000001010010000010010000000000001111000011100000000",5,6,0,0,0.8151698678658622,171.17591544989432,333.8335281853006,3.7734034274867674,3
69,"b00000000000000000000000001100000001000000000110010000011000000001000000000000010",0,3206.4759488039085,"b01001000001010100001000001000000001010010000010010000000000001111000011100000000",15,6,1,1,0.7146513980625115,283.3919980790014,253.1649222239505,0.7197084341457942,3
70,"b00100000000000010000000000000000001000100000110111000000000000000000000000000000",0,2062.4608847400405,"b01001000001010100001000001000000001010010000010010000000000001111000011100000000",16,6,-1,1,0.7624221153149544,33.422150088291545,432.9501564175475,4.760060608514337,3
71,"b00100000000100000000111000000000000000000000001000000000000100000000110000000011",0,1064.5011217931128,"b01001000001010100001000001000000001010010000010010000000000001111000011100000000",17,9,0,0,0.9197935214148902,361.4395661801815,477.2455981687947,0.5013454634641135,3
72,"b00000000000000000001111010101100001110000000000001011000000111100000001000000000",0,2354.90061603363,"b01001000001010100001000001000000001010010000010010000000000001111000011100000000",13,13,0,0,0.8019689478811175,360.06720498688907,21.15281496590959,5.8529952123839415,3
73,"b01000000001100000000000000000001000100000000011000111000000000000011100000000000",0,2839.7537697198422,"b01001000001010100001000001000000001010010000010010000000000001111000011100000000",15,9,0,-1,0.7934010412666153,169.56595809209273,120.44257255581134,5.927988662190929,3
74,"b00000000100000000010000000001100000110001100001110010000010011000000001000000000",0,2615.4436293332637,"b01001000001010100001000001000000001010010000010010000000000001111000011100000000",15,12,0,0,0.9817606673861963,91.96791577267838,79.30344104481512,4.072246243319479,3
75,"b01100001000000100000000101000000110000000011010011110000000011010000000111000010",0,2547.560528766923,"b01001000001010100001000001000000001010010000010010000000000001111000011100000000",11,14,0,0,1.1396175405486888,301.5332121546,443.3227120344765,4.072490358813772,3
76,"b00000000000000000000000001100000000110000000110000000001000000000000000000000000",0,3495.2800041416817,"b01001000001010100001000001000000001010010000010010000000000001111000011100000000",16,4,0,1,0.7205137542464524,98.96422899169922,382.7962079101562,5.77251065935074,3
77,"b00000000001000010000101001000011001110000000010010011010000111101000001000000000",0,3383.053812151924,"b01001000001010100001000001000000001010010000010010000000000001111000011100000000",9,11,0,0,0.8117989187685828,205.4189794227209,149.72582567680618,5.82738804401834,3
78,"b00000000100000001111000001001000101100001001010000100011011000000010010000001000",0,3460.5726488338805,"b01001000001010100001000001000000001010010000010010000000000001111000011100000000",9,11,0,0,0.8090579998701705,282.11771821546876,431.2862547145984,4.771435265228717,3
79,"b00000000100000000110000011010000000000000111000000010100000011001100100000010001",0,4175.340366070479,"b01001000001010100001000001000000001010010000010010000000000001111000011100000000",12,11,0,0,0.8224347555959199,167.28557803059735,267.40182137554285,5.432304098319159,3
80,"b10000000110000000110000000000000000000000011000000000110000000000000000000000000",0,3696.5010349176277,"b01001000001010100001000001000000001010010000010010000000000001111000011100000000",13,3,-1,0,0.8374700126967723,7.373399787293482,10.99835886506596,5.0839583795904115,3
81,"b01001000001010000001000001000000001001110000000010000000000001111000001100000000",0,6398.1221451336805,"b01001000001010100001000001000000001010010000010010000000000001111000011100000000",4,2,0,0,0.8635579338524481,172.77135727897522,468.80873059469553,4.435165642314004,3
82,"b00000000000000000000000000000000000010000010000100000100000010001000000000000000",0,5199.63483288347,"b01001000001010100001000001000000001010010000010010000000000001111000011100000000",17,4,0,0,0.7013335119808217,237.06334951123014,224.2807552635135,4.504806698514031,4
83,"b01001000001110100000001101000100001001100000110011000000000001010000001100000000",0,3225.9298803217407,"b01001000001010100001000001000000001010010000010010000000000001111000011100000000",6,8,0,0,0.856556058711793,316.18108056496345,120.62812255434267,2.125654854898463,4
84,"b00000000000000001100001100000001100110000110000000110000000010000000000000000000",0,2092.4419525384787,"b01001000001010100001000001000000001010010000010010000000000001111000011100000000",15,9,0,-1,0.7393335067539466,451.8489218430895,72.77540617266136,3.2885861474114586,4
85,"b00001000000000001000000000111000000000001100011100111000110000110001000000000010",0,2538.567857851927,"b01001000001010100001000001000000001010010000010010000000000001111000011100000000",15,15,0,-1,0.8070625065765501,247.91902047521958,243.1285604776746,4.882608194715637,4
87,"b00000000000001100000000000000000011000000011100000000011000000011000110000000010",0,3719.3451366525974,"b01001000001010100001000001000000001010010000010010000000000001111000011100000000",14,9,0,0,0.8121215507196395,143.31437203385983,481.1135525496654,3.478425967819204,4
88,"b11010000001100000000010000001101000100010100110000010000101100000000100101000010",0,1510.458226733549,"b01001000001010100001000001000000001010010000010010000000000001111000011100000000",14,17,0,0,0.9623844078257423,275.38256636701084,410.69841798763343,6.085911902177184,4
89,"b00000000000100010000011110000001001000010000110000000011100000001011100000000000",0,2813.1523570217705,"b01001000001010100001000001000000001010010000010010000000000001111000011100000000",13,12,0,0,0.7910073955575234,475.64148768336645,505.06420362682996,4.257070133504136,4
90,"b00001000000001000000001100000000000000010111100011001110011100110000110000000000",0,1659.976314086653,"b01001000001010100001000001000000001010010000010010000000000001111000011100000000",13,15,0,1,0.7953198785841227,491.67990974068005,31.117696671917205,6.6560915580841,4
91,"b01001100000011010001000001100000001010000000000010000000000001111100001101000000",0,5615.225433186166,"b01001000001010100001000001000000001010010000010010000000000001111000011100000000",5,6,0,0,0.8574703589688647,298.85240486755663,360.91959804141305,4.277245714676134,4
92,"b00000000000000000000100000000000110101100001000011000000000000010100000000001000",0,4048.212284260663,"b01001000001010100001000001000000001010010000010010000000000001111000011100000000",17,10,1,0,0.7641820175599232,85.99949423931486,68.04620569416639,2.540349804394679,4
93,"b00100000000110100000000011000000000100000000000000000000011000000000000000000000",0,2281.5319749786645,"b01001000001010100001000001000000001010010000010010000000000001111000011100000000",16,6,-1,-1,0.7244598867140482,234.207397882451,190.4105892392153,5.311677846005841,4
94,"b00000000010000000001000000001100000010000000100000000110000000111110000000000000",0,4121.912704990614,"b01001000001010100001000001000000001010010000010010000000000001111000011100000000",14,8,0,1,0.7955400321576936,448.37097003576065,275.4165866972041,3.9096283906881295,4
95,"b00000000000000011000000000100001100111011000111100000011000010000000000000000000",0,4004.381372368559,"b01001000001010100001000001000000001010010000010010000000000001111000011100000000",12,10,0,0,0.7407217204997437,14.176947762297464,144.49541140204835,3.183757489330116,4
96,"b01000000000000000000000001010000001001110000000000000000000000000000000000000000",0,1842.5428997373735,"b01001000001010100001000001000000001010010000010010000000000001111000011100000000",15,3,-1,1,0.7252232311533605,138.05167856049118,229.39038047121284,2.7937591397025887,4
97,"b00000001100000001100000011000000000000000000000000110110000010001101110000000010",0,2427.9761161127863,"b01001000001010100001000001000000001010010000010010000000000001111000011100000000",10,8,0,0,0.852111052371622,444.12844337568225,72.54091085432131,4.281503960060856,4
98,"b00001000000100000000000000000000000000000001101110011000110011000011111100000010",0,1332.8983242961215,"b01001000001010100001000001000000001010010000010010000000000001111000011100000000",14,15,0,0,0.8494203426572816,333.1063912547771,236.6876728537415,3.6346476112625012,4
99,"b00000000000000100000000011010000001111000000000000000000000000000000000000000000",0,4706.228928748221,"b01001000001010100001000001000000001010010000010010000000000001111000011100000000",15,4,-1,0,0.6961602406959952,427.7425973785281,170.2687934965012,0.9001966372034519,4
100,"b00000000000000000000000000000000000000000000011011000000100000000010000110000000",0,4413.662187118733,"b01001000001010100001000001000000001010010000010010000000000001111000011100000000",16,5,1,1,0.737953945438076,356.1122205883677,63.51864652789483,5.09441243024218,4
101,"b11000000001100000000001000100010100110001000011100001100000000000110000000000000",0,1947.9328917791916,"b01001000001010100001000001000000001010010000010010000000000001111000011100000000",15,14,0,-1,0.754317427618001,177.64776273646967,122.85552557330683,1.6078288286473823,4
102,"b01100000001001110001000011000000001110000000001100001000000001110000010101000000",0,3341.3114870763784,"b01001000001010100001000001000000001010010000010010000000000001111000011100000000",7,9,0,0,1.0219151419185653,442.76991070358963,97.23930555033664,3.4439566360734344,4
103,"b00010000000001000000100010001101001001100000011000000000000001000000000000000000",0,1919.6213327361806,"b01001000001010100001000001000000001010010000010010000000000001111000011100000000",16,10,-1,0,0.764441657598101,208.74792000236093,34.190420332688554,1.7636832736038337,4
104,"b01101100000010010000000001000000001000110000000011001100000111111000011101000000",0,4230.075840367152,"b01001000001010100001000001000000001010010000010010000000000001111000011100000000",5,10,0,0,0.9652470491933014,489.64175152439435,259.6400940515624,2.1364511622685836,4
105,"b00011000000001000001000100010101100001000000000001001000000000101000101010000000",0,1871.3695887070312,"b01001000001010100001000001000000001010010000010010000000000001111000011100000000",14,12,0,0,1.122402123298648,320.02049521842844,237.35620353440805,0.15332076633821615,4
106,"b00000010001110000101011000000000110110000001011001000001000000000001100000001100",0,1721.2093502611383,"b01001000001010100001000001000000001010010000010010000000000001111000011100000000",14,16,0,0,0.9525690032312062,432.4637616723431,477.6462388724335,1.509412827142108,4
107,"b00001100010000110110000111111100011100000000000000000110001111111000111100000000",0,2454.4521124254097,"b01001000001010100001000001000000001010010000010010000000000001111000011100000000",8,19,0,0,0.8154202055941857,379.8912618174867,6.083359004910295,1.1289222147626106,4
108,"b10000000001000000000110000100001100010011111011000100100100000011000110000000110",0,2330.462231372041,"b01001000001010100001000001000000001010010000010010000000000001111000011100000000",12,17,0,0,1.0863753578361492,203.14857911464236,209.10307356973738,1.352284804117832,4
109,"b00000000000000000110000000000000011000000001001000001100000000010000000000000000",0,2545.815359740406,"b01001000001010100001000001000000001010010000010010000000000001111000011100000000",15,5,0,0,0.6802526087997767,151.78394233982428,205.3471700167735,6.269892653117999,4
110,"b00000000100000000100010000010101000000010001000110001100010000000010000000001000",0,2609.197246867971,"b01001000001010100001000001000000001010010000010010000000000001111000011100000000",15,11,0,0,0.8117406039401274,79.29313116309851,470.5851260089501,5.77254195245639,4
111,"b10000000001000000001110000001101000001110000001100001000000000010000000000100000",0,1392.0494362575885,"b01001000001010100001000001000000001010010000010010000000000001111000011100000000",15,12,0,0,1.0764034146415673,283.7165752097576,11.81314142671899,5.223656618826029,4
112,"b00000000000001110000001100010001100001000000000000001100000000011111000000010000",0,3492.5281129181185,"b01001000001010100001000001000000001010010000010010000000000001111000011100000000",14,12,0,0,0.7486148479694058,63.14085929696762,59.70604041710912,3.9403157252921703,4
113,"b10000000000000000000001110111100100000100000000000001010000000001000000000100000",0,3862.0996758321917,"b01001000001010100001000001000000001010010000010010000000000001111000011100000000",18,13,0,0,1.173725641295759,101.25560009254353,116.03825634889266,2.628073962185226,4
114,"b00000000000000001101000011100010000000000011100000001110000000000010100000000010",0,2725.158807218885,"b01001000001010100001000001000000001010010000010010000000000001111000011100000000",14,11,0,0,0.8155214763967585,211.3151712562832,148.302005386998,-0.07977248411659413,4
115,"b01100100000111110000000001000000000100000000011001000001000001111100001100000000",0,2913.9509609549805,"b01001000001010100001000001000000001010010000010010000000000001111000011100000000",8,10,0,0,0.8480824259383012,9.730873106399265,83.34315982668723,5.800864187548864,4
116,"b00000000000000000000000000000000100011100001110010000000000000000000000000000000",0,3343.0238442456534,"b01001000001010100001000001000000001010010000010010000000000001111000011100000000",16,5,0,1,0.6881491371606128,134.6215177248744,226.7520262615975,0.886364705157394,4
117,"b00000001000000000000000000000000000110001100111000011000000000100000000010000000",0,3248.9308956098625,"b01001000001010100001000001000000001010010000010010000000000001111000011100000000",17,10,0,-1,0.7249771545262473,166.8941478925882,273.21417176265413,4.660812330470268,4
118,"b00000000000000000000000000000000000000000101011000000110000000000000000000000000",0,4698.559862615904,"b01001000001010100001000001000000001010010000010010000000000001111000011100000000",16,3,1,-1,0.7683722726051179,17.215340982428607,3.548321109770307,2.8142777630678886,4
119,"b00000000011100000000000000100100000000110001000000001010000010011000000000000000",0,3191.0323577817153,"b01001000001010100001000001000000001010010000010010000000000001111000011100000000",14,8,0,0,0.8157955212084876,239.91277325968892,141.99726524540327,6.266310426425564,4
120,"b00000000000011100000001110100011100011100100000011000000000100000000010000000000",0,4344.639465085482,"b01001000001010100001000001000000001010010000010010000000000001111000011100000000",14,13,0,0,0.7741137396421554,85.92524823721718,28.17654811722391,4.053876051829533,4
121,"b00000000001010000000111000000000000010010000001011000000000100111000011111100000",0,5191.717441496006,"b01001000001010100001000001000000001010010000010010000000000001111000011100000000",8,9,1,0,0.8173847869266605,156.60286743179424,89.75451281663005,3.9910406508538303,4
122,"b00000000010000010110110001111000000000000010111000110101100000000100000100000000",0,2667.3252764589624,"b01001000001010100001000001000000001010010000010010000000000001111000011100000000",13,15,0,0,0.8288332125232274,396.48507748010024,235.3892862814669,0.857861912449613,4
123,"b00000000000000000000001000000011111000010000111000000001111001110000011111100000",0,3090.0202274097355,"b01001000001010100001000001000000001010010000010010000000000001111000011100000000",10,14,1,0,0.7786403225128888,209.13976489886568,85.49011209382483,1.700159125768919,4
124,"b00000000000000011100000001000001111000001100000000000000000000000000000000000000",0,4076.8023606334973,"b01001000001010100001000001000000001010010000010010000000000001111000011100000000",13,4,-1,-1,0.7554447765847976,453.0414207566743,88.83497195060919,-0.027243447455234868,4
125,"b10001000000001000000000010000000000000100010000000011100000111011000000000100000",0,1806.104801270798,"b01001000001010100001000001000000001010010000010010000000000001111000011100000000",15,11,0,0,0.8097181419117023,182.7844550449044,69.12848398997885,2.910408166779504,4
126,"b00000000000000000000000000000000000000100000110010000010000000001000000000100000",0,3329.392966782968,"b01001000001010100001000001000000001010010000010010000000000001111000011100000000",16,4,1,1,0.7053051972907286,13.7790634924311,321.88966029039,2.863600839302994,4
127,"b01000000000010100001001011000000011110110000011110000000001001110000010101000000",0,3799.150791928239,"b01001000001010100001000001000000001010010000010010000000000001111000011100000000",4,9,0,0,0.8764531596213546,425.84384296977436,18.978759454580455,5.484086151566741,4
128,"b00000000111000010100100000000001011000001001110000000010000000000001000000010000",0,5939.720325969368,"b01001000001010100001000001000000001010010000010010000000000001111000011100000000",6,3,0,0,0.831491409863337,211.60358916133282,282.7112121369907,2.4720213931295585,4
129,"b11100000000111110000000100001001110000000001001101000000010000000010000000000000",0,1440.50713234143,"b01001000001010100001000001000000001010010000010010000000000001111000011100000000",16,16,-1,0,0.8829070438751186,115.00088925932984,254.38919987352804,0.7674522690561922,4
130,"b01000110010100001001111000000001001100000000001000100001000010000100010000010000",0,2066.0477870746113,"b01001000001010100001000001000000001010010000010010000000000001111000011100000000",11,12,0,0,1.0775906527370205,204.56498409236875,169.59568652453723,1.5083433163374695,4
131,"b10000000000000000000000000000001101100011011110000000101000000000000000000000000",0,4918.015529152849,"b01001000001010100001000001000000001010010000010010000000000001111000011100000000",14,8,0,0,0.7742614522641427,275.6236367250975,134.66179738246032,2.2631830341622434,4
132,"b01000000000000110001000000000000000110010000000000000010000001111000111100000000",0,6014.467166818549,"b01001000001010100001000001000000001010010000010010000000000001111000011100000000",7,4,0,0,0.7893386022081694,378.33138125790157,211.43587500318185,4.502309305875772,4
133,"b00100001000001001000000100100001111100000000010000000000000000000000000000000000",0,3269.2538453044535,"b01001000001010100001000001000000001010010000010010000000000001111000011100000000",15,8,-1,0,0.7309101993869755,106.04134821979892,249.4115442415563,4.979514359533188,4
134,"b00000000000100000000000000000000001000000001110100000000100000000001100010000110",0,6772.269519576328,"b01001000001010100001000001000000001010010000010010000000000001111000011100000000",14,7,1,0,0.7920856269945563,440.13316133226925,57.74023166907913,2.1653496783861383,4
135,"b00000000000000000001000000000000001100000000110000001101000000110000000000000000",0,3422.854601408035,"b01001000001010100001000001000000001010010000010010000000000001111000011100000000",14,5,0,1,0.7301802384112296,43.10490764731308,132.3388923110476,4.199047708280238,4
136,"b00011000000011000011001100010000000000000000000000000000000010000000000000000000",0,2857.6245033617593,"b01001000001010100001000001000000001010010000010010000000000001111000011100000000",16,7,-1,0,0.7580827109922325,492.6947501719796,19.753986548198853,3.901666117765033,4
137,"b10000000000000000000011000000011011100000001110000000011100100000000110000000010",0,2313.8106172703897,"b01001000001010100001000001000000001010010000010010000000000001111000011100000000",12,11,0,0,0.8895690780862742,394.05408257566916,494.1938144886564,5.130366964315371,4
138,"b00001000000100000000001100000000000011000000000110011000000011110000010100100000",0,4372.275522315622,"b01001000001010100001000001000000001010010000010010000000000001111000011100000000",11,9,0,0,0.7847874971245706,215.20298496473043,106.33376723357769,2.0420890067426614,4
139,"b00000000100001000010110100000101100110011000011010000100000001110000010000000000",0,3275.2731578577063,"b01001000001010100001000001000000001010010000010010000000000001111000011100000000",11,13,0,0,0.8237252341496173,253.48809937060133,40.83453673691805,0.44280969777506785,4
140,"b00000000000000011110000000000001101100001101111000000000000101000000000000000000",0,3116.9405650673125,"b01001000001010100001000001000000001010010000010010000000000001111000011100000000",10,7,0,0,0.7622206278857289,324.46489928694797,154.15195350836132,0.27609183875974325,4
141,"b01000000001000100000000111000000011100110001110011000111000000011000000000001000",0,4602.23941398478,"b01001000001010100001000001000000001010010000010010000000000001111000011100000000",9,12,0,0,0.8521799406471284,89.11461229508872,376.35459957696025,2.866817579370796,4
142,"b00000010000000001100000111110011011100001001000110000110000000000000000000000000",0,3944.730060544567,"b01001000001010100001000001000000001010010000010010000000000001111000011100000000",12,12,-1,-1,0.7483821549551262,14.491582632124231,103.33662079184423,1.690605257779227,4
143,"b10000000001010000100101000110000010000110001010000000101000000000110000000010000",0,1784.8985382411834,"b01001000001010100001000001000000001010010000010010000000000001111000011100000000",13,12,0,0,0.7499373538816902,129.10994620945144,210.51277255751,2.6561602320436686,4
144,"b00000000000000000100000000000000000000100000000000100010001011111100011101000000",0,3967.4527122566024,"b01001000001010100001000001000000001010010000010010000000000001111000011100000000",12,8,1,0,0.7659719758850153,93.11527129540434,423.86207994853237,3.327559248248094,4
145,"b00000000001000000000000000000000010111000001001000000000000000000000000000000000",0,2943.756488068856,"b01001000001010100001000001000000001010010000010010000000000001111000011100000000",17,5,0,-1,0.7298503683236335,412.53140662105073,169.62326322523134,3.445955927755495,4
146,"b01100000001110100000001110000000001100000001110011000111100000011100100000000000",0,3560.3757532169184,"b01001000001010100001000001000000001010010000010010000000000001111000011100000000",10,15,0,0,0.7737071907440598,423.0554077821619,194.29171464209463,0.669463783842414,4
147,"b00000000010000000010000010000000001000000110010000001001000000000000000000000000",0,2261.9991607496363,"b01001000001010100001000001000000001010010000010010000000000001111000011100000000",15,5,-1,0,0.7398543201027639,164.57681120923286,370.8699345334747,2.572387015539082,4
148,"b10000000001010110001000011101000000110000000010001001111000011101000001000000000",0,3320.0802788727715,"b01001000001010100001000001000000001010010000010010000000000001111000011100000000",8,12,0,0,0.826375829695817,405.711335835717,200.868317771582,5.7002057807336035,4
149,"b00000000000000000000001000000010100000000101110001000100001000000111000000000010",0,2633.8196006876105,"b01001000001010100001000001000000001010010000010010000000000001111000011100000000",14,9,1,0,0.7890389195519882,279.1468847187121,395.41309162025027,6.220909128698141,4
150,"b01001000001010000000001000000100000000010000001111000000011011110000101101000000",0,4105.808725986339,"b01001000001010100001000001000000001010010000010010000000000001111000011100000000",8,10,0,0,0.8470789170540777,342.65082745037853,128.77704101587477,5.3117962269599115,4
151,"b00000000001100000000000000101100011000000000110000001000100000110000000000000000",0,4449.464995728533,"b01001000001010100001000001000000001010010000010010000000000001111000011100000000",14,8,0,0,0.7475622806570322,304.26863064290495,125.05616850803256,4.590424095978511,4
152,"b00000000000000000000100000000010000000001000010000110001111001100001000000000000",0,2029.7168047050413,"b01001000001010100001000001000000001010010000010010000000000001111000011100000000",16,10,1,-1,0.7501952540815487,162.83055046423158,355.90284877036936,5.168787073102001,4
153,"b10011000000101000000000101000001111100001110010110000000000000000000100000000000",0,2937.148719533934,"b01001000001010100001000001000000001010010000010010000000000001111000011100000000",14,14,-1,-1,0.738192821527094,114.24888529695471,71.74209106219202,4.409372093756759,4
154,"b00000000000000000000000100100000011011110000110000000000000001000000000000000000",0,2732.1713061172904,"b01001000001010100001000001000000001010010000010010000000000001111000011100000000",14,6,0,0,0.7456432997279095,329.0035728925877,234.54973725922534,4.48593523802225,4
155,"b11000000100110110010000010100100011000010000000001000110000001111000001110000000",0,2828.0538291103526,"b01001000001010100001000001000000001010010000010010000000000001111000011100000000",8,13,0,0,0.9136273257303795,483.4202456874702,41.329681656322826,6.047573256529226,4
156,"b00000000000000000000000000000001010110000011110000000000000000010000000000000000",0,2007.491532563488,"b01001000001010100001000001000000001010010000010010000000000001111000011100000000",16,6,0,-1,0.7406676141592224,327.7997227371501,421.6059303246182,3.833299131249615,4
157,"b00000000000000000001000111111000001100110000000000000110000001111000001110000000",0,3707.5594658943273,"b01001000001010100001000001000000001010010000010010000000000001111000011100000000",9,10,1,0,0.7699490583774814,457.61866941146104,347.7780072625877,4.979326274239929,4
158,"b00000000000000000110000011110000001100001111100000001110000000000000000000000000",0,3190.798168375565,"b01001000001010100001000001000000001010010000010010000000000001111000011100000000",13,10,-1,0,0.7437557415148226,454.33310950300233,397.3209455138187,3.3574963733317347,4
159,"b00000000100000001111000111000000000010000000000000011100000000000000000000000000",0,3303.5348745633155,"b01001000001010100001000001000000001010010000010010000000000001111000011100000000",15,8,-1,1,0.7215350111481765,205.09387595301897,320.20096751356823,0.7813418988505454,4
160,"b00001000000010100001000011000000001110010000010000000000000001101000011100000000",0,6238.065642545087,"b01001000001010100001000001000000001010010000010010000000000001111000011100000000",4,2,0,0,0.8612047068414224,167.49401458235812,206.52326962629766,4.529696166504291,4
161,"b00000000100000000000000000000000010100110000011110001100010001000000000000000000",0,3080.1392602093397,"b01001000001010100001000001000000001010010000010010000000000001111000011100000000",15,9,0,1,0.720438344741391,259.02950617109843,68.84060761665636,0.9473833586148506,5
162,"b00000000100000000010000001110000001100000000000000000011000001011100100000010010",0,5881.327620029424,"b01001000001010100001000001000000001010010000010010000000000001111000011100000000",12,9,0,1,0.7771755811539696,245.8929975480428,259.8387595813175,3.2890155130898027,5
163,"b00001000000100100000101101000000000110010000011111100110001101010000101000100000",0,2697.929045242284,"b01001000001010100001000001000000001010010000010010000000000001111000011100000000",9,15,0,0,0.8257911027404196,108.58256922820154,214.27607804762692,1.8183333614939725,5
164,"b00001000000001110000000110011000000100110011110100011111000011000000000100000000",0,3126.5151926469907,"b01001000001010100001000001000000001010010000010010000000000001111000011100000000",13,18,0,0,0.7692746842619134,292.2131845147827,432.04209737717264,5.968062170533536,5
165,"b00010000001001000000011000000000000110110000001111000000000011111000011100000000",0,5446.461351510301,"b01001000001010100001000001000000001010010000010010000000000001111000011100000000",8,10,0,0,0.8306028050901222,9.897422135606732,341.61123108684416,0.893870732412837,5
166,"b01000000000010100001001111000000011000010000001001000010000001001000000100000000",0,2955.092314945914,"b01001000001010100001000001000000001010010000010010000000000001111000011100000000",9,7,0,0,0.844027395690553,22.591717098729085,403.01709695589744,5.140246447878008,5
167,"b00000000000000000000000001000000011110000000111010000011001000010000101110000100",0,3823.412873556829,"b01001000001010100001000001000000001010010000010010000000000001111000011100000000",11,10,1,0,0.7377533837410504,24.388414846935163,36.92953723729408,1.8444527702215172,5
168,"b01001000001010000000000001000000000000010000000010000000000001111000001101100000",0,6939.112376730061,"b01001000001010100001000001000000001010010000010010000000000001111000011100000000",6,2,0,0,0.9478940917667431,98.1769100777694,210.98182367948664,5.053862225466975,5
169,"b10000000000011000001000010100000000111000000010000011100000011010000010000000000",0,4068.650533273384,"b01001000001010100001000001000000001010010000010010000000000001111000011100000000",12,10,0,0,0.8187268486064623,272.92187831748686,75.84777469335859,4.202290534750347,6
170,"b10010000100111000000000010101100001110100000000000000010000101111000001100100000",0,4051.095958913609,"b01001000001010100001000001000000001010010000010010000000000001111000011100000000",10,14,0,0,0.8587941877123294,167.98538485500262,243.92990014424333,3.180148293135442,6
171,"b00000000001010100011000011000000011110110000001110000010011011010000100000000000",0,1552.7827780609991,"b01001000001010100001000001000000001010010000010010000000000001111000011100000000",8,12,0,0,0.8302472373686884,73.63018696983748,0.922559447656331,5.860643054815716,6
172,"b01000000000110001000000100110000010011000000000001000000011000000000100000000000",0,3706.3237380188675,"b01001000001010100001000001000000001010010000010010000000000001111000011100000000",16,11,-1,0,0.7587726222914739,23.807939796135866,377.29580314212495,2.1683620548178837,6
173,"b00000000100000000010100001000111100110110011001010101100000000000100000000010000",0,2485.5612559813853,"b01001000001010100001000001000000001010010000010010000000000001111000011100000000",13,15,0,0,0.8211644377251728,314.4650975651081,234.3389989276265,5.4814155669021805,6
174,"b00000000010000001001000011010100010000000001010000001111000001101000000000010000",0,3537.1183026302892,"b01001000001010100001000001000000001010010000010010000000000001111000011100000000",13,12,0,1,0.7803437190579259,244.38437151841714,350.812515572892,2.49976722200363,6
175,"b00000001100000000011000011101000000000000011000100000000000011000000000100000000",0,3134.7922577442123,"b01001000001010100001000001000000001010010000010010000000000001111000011100000000",15,10,0,0,0.7530459749535369,416.93844018307874,387.6599180097829,1.0657843388800043,6
176,"b01000000001010000001000000000000001000010000010000000000000101110000011101000000",0,5118.798147138504,"b01001000001010100001000001000000001010010000010010000000000001111000011100000000",6,2,0,0,0.8714904733537262,126.82370281330246,266.5625864664714,5.805999906611596,6
177,"b00000000000001000010000100000000011000010000010011010100001001000000000000000000",0,3151.2548607390436,"b01001000001010100001000001000000001010010000010010000000000001111000011100000000",14,8,0,1,0.7162943199078639,239.91242403302874,222.38312743414016,5.204039305359061,7
178,"b00000000001011010000000001100100001000100000000000000000000101100000001110000000",0,3770.58699754922,"b01001000001010100001000001000000001010010000010010000000000001111000011100000000",11,7,0,0,0.865128957667292,45.95620150957345,246.01834730515876,3.3322746281546136,7
179,"b10000000000001000000001100110000111011001100000000101000011100100000000111000000",0,2098.1833649073383,"b01001000001010100001000001000000001010010000010010000000000001111000011100000000",15,18,0,0,1.1336480875623374,181.99150019775325,383.08256275963635,3.2584929164864143,7
180,"b00000000000000000000000000000000001110000001101110000000100000000000000000000000",0,3298.0758881549523,"b01001000001010100001000001000000001010010000010010000000000001111000011100000000",16,6,0,1,0.7292352296748303,374.8102697469243,335.15613251360355,1.7387388226863967,7
181,"b01010000100100100000000010000000000010100000011101000000001010010000100001000000",0,1142.790896775617,"b01001000001010100001000001000000001010010000010010000000000001111000011100000000",14,12,0,0,1.217226648903087,456.8983289670811,405.4744700907333,4.026925325295162,7
182,"b00000000000000000000000000000000000000010000110011000000110001000001000000000000",0,2784.824010190246,"b01001000001010100001000001000000001010010000010010000000000001111000011100000000",15,5,1,1,0.7477228790901808,295.28655443898856,360.52347547916503,1.4092690933557037,7
183,"b00000000000000000000000000000000001000000001110000000000000010000000100000000000",0,3946.455076485933,"b01001000001010100001000001000000001010010000010010000000000001111000011100000000",15,2,0,-1,0.775193038082339,36.14740864919007,280.96994167949856,3.117595463579182,7
184,"b11000000001010010000000000111000000000110000110000001111000000111100000110010000",0,2005.3283059273756,"b01001000001010100001000001000000001010010000010010000000000001111000011100000000",10,14,0,0,0.9326937105538708,381.8716674416238,49.889272169357454,2.0615628461351783,7
185,"b00000000000000000000100000000000000000001000000000001100010000000011000000000000",0,3910.6918105180393,"b01001000001010100001000001000000001010010000010010000000000001111000011100000000",17,5,1,-1,0.7411986310601077,46.80651607631165,88.40347003936768,1.677005772288144,7
186,"b00000000000000000000010000000000000000000000000110000000001000000000000000000000",0,3201.3896596756176,"b01001000001010100001000001000000001010010000010010000000000001111000011100000000",18,3,1,1,0.7450467312626702,141.12744456715103,345.10995076591894,4.871202079661878,7
187,"b11000001110000001100000010011000000000010001100000011100000011100000000000000000",0,3249.7310310410694,"b01001000001010100001000001000000001010010000010010000000000001111000011100000000",13,13,-1,0,0.8498439816171651,11.708020318313265,78.99867707536332,3.178073100640141,7
188,"b00000000111000011110100000000011011000000010110000000111000110001111000000010000",0,4188.715246479842,"b01001000001010100001000001000000001010010000010010000000000001111000011100000000",4,10,0,0,0.9441427800881995,489.45094818279404,342.2134652511132,4.03083145576041,7
189,"b00000000100000001010000001110000011010000001011100000011000010001000000000000000",0,4201.193971212621,"b01001000001010100001000001000000001010010000010010000000000001111000011100000000",11,9,0,-1,0.7710572491206223,173.18162150878905,411.0316373828125,3.036258268534367,7
190,"b00000000000000000011000000001000000110001000011000100000100000101110000100100000",0,3707.6340152399234,"b01001000001010100001000001000000001010010000010010000000000001111000011100000000",15,12,1,0,0.772027713639877,17.33314072047713,110.76592950059992,0.5583380201336291,7
191,"b00000000000000000000000000001010110000001111110000000011000000000000000000000000",0,5351.084902855473,"b01001000001010100001000001000000001010010000010010000000000001111000011100000000",15,8,0,-1,0.7497712057399711,32.61979172221722,29.56308055275436,3.7053130280426663,7
192,"b00000000000000000000000110000000001010001000000000001100000000110000000000000000",0,3547.203481784721,"b01001000001010100001000001000000001010010000010010000000000001111000011100000000",15,5,0,-1,0.6982568799901333,193.452653927846,388.64724994350127,1.792344959510884,7
193,"b00000011000000011000000111000000000000000001000000011110000010100010000000000010",0,3143.2015846151453,"b01001000001010100001000001000000001010010000010010000000000001111000011100000000",13,10,0,0,0.8054374932824034,83.86148182358238,463.3092585166433,0.3772107397076647,7
194,"b00000000000000000000000000000000000011100000011000000000000001000000000000000000",0,2781.425016839391,"b01001000001010100001000001000000001010010000010010000000000001111000011100000000",16,3,0,0,0.7321282629932853,268.15089336858546,82.00433379574956,1.1565844012882336,7
195,"b00000000000000000000000010000001011010000110100100001110010011000001000100000110",0,2600.454564380199,"b01001000001010100001000001000000001010010000010010000000000001111000011100000000",13,13,1,0,0.7967851155859786,495.9249776715096,33.27617884256754,4.809442133024283,7
196,"b10000000100100100000000000101100000111100000000000000010000000111000001110000000",0,5150.871110436226,"b01001000001010100001000001000000001010010000010010000000000001111000011100000000",12,11,0,0,0.8621691322968215,36.34593566426767,106.74019492635263,6.207733243775989,7
197,"b00000000110000000111000011010000001000010001001001101100100011110001100010000000",0,2519.274438477388,"b01001000001010100001000001000000001010010000010010000000000001111000011100000000",11,16,0,0,0.9662869702092289,371.32999052484354,475.3397640733834,3.2812936682707132,7
198,"b00000000010000000000000011101100010011100000001000010000000001000000000100000000",0,3468.7352736968287,"b01001000001010100001000001000000001010010000010010000000000001111000011100000000",15,10,0,0,0.7806784070398217,107.3914730701239,99.80859973768,5.944054731922041,7
199,"b00000000000010000000000011000001001100000000010000000000010000000011000000000110",0,3777.1304165490196,"b01001000001010100001000001000000001010010000010010000000000001111000011100000000",14,7,1,0,0.7360602552226723,42.76636836927013,81.14904765087698,3.6803284798298197,7
200,"b00000000000000001010010000001000001100001110001100010001110000000010110000000100",0,1743.3181207514106,"b01001000001010100001000001000000001010010000010010000000000001111000011100000000",14,14,1,0,0.7444790133715523,152.93775601430562,361.68746476597505,0.8531414335592744,7
201,"b00011001100000011110000011110000000000000000000000110010000010001101011000100011",0,2534.36822723866,"b01001000001010100001000001000000001010010000010010000000000001111000011100000000",8,13,0,0,1.1861838940050426,444.1322099151219,450.0208121057035,5.15064457078583,7
202,"b00000000000000000000000000000000010000000001100000000001100000000001000000000011",0,12238.18994137038,"b01001000001010100001000001000000001010010000010010000000000001111000011100000000",16,5,1,0,0.7067861912349824,223.30883563734938,95.77028937665311,5.093580274000108,7
203,"b00000000000000000100000000010000000000010000010000000001110001011100000100000000",0,2144.4119602916644,"b01001000001010100001000001000000001010010000010010000000000001111000011100000000",13,6,1,0,0.7788980218927558,296.178358521603,309.49468509734623,2.190798562962036,7
204,"b00000000000010011000001101000011101100001001110000000000000000000000000000000000",0,4493.3118509863025,"b01001000001010100001000001000000001010010000010010000000000001111000011100000000",12,8,-1,-1,0.7318636263441437,89.30942813716462,10.219566958448965,1.323755085947231,7
205,"b00000000000000000000000001100000011010000001100000000000000000000000000000000000",0,4521.414336007259,"b01001000001010100001000001000000001010010000010010000000000001111000011100000000",16,4,-1,-1,0.7208772563665163,177.5847965069671,11.779960175378086,5.030922273367667,7
206,"b00100000000000000000000110000000001000000000000000000000000000000001110000010100",0,3681.2165375281375,"b01001000001010100001000001000000001010010000010010000000000001111000011100000000",15,5,0,1,0.7483086072876837,283.95431239855344,185.67133995532265,4.133547309703604,7
207,"b00000000001000000000010000000001110100001110011000011000110011000011001000000010",0,2492.2969267528124,"b01001000001010100001000001000000001010010000010010000000000001111000011100000000",12,14,1,-1,0.7559269259083515,503.51781974024215,9.375578400778906,5.329183267075783,7
208,"b00000010000000111000000111100000001000000001000000001110010010000100000000010000",0,4828.9043387311685,"b01001000001010100001000001000000001010010000010010000000000001111000011100000000",11,9,0,-1,0.796772292748197,353.67616043365666,383.00155539410576,3.8016624631831326,7
209,"b00000000000000000001000001000000001000000000000010000000000001111000000000000000",0,5006.813013171979,"b01001000001010100001000001000000001010010000010010000000000001111000011100000000",11,0,1,1,0.7200471811474469,95.71172447641625,147.2294481780057,1.4868745538885597,7
210,"b00001100001111100000000000000100001110000000011101000010000001111000001100000000",0,3414.609132970161,"b01001000001010100001000001000000001010010000010010000000000001111000011100000000",6,9,0,0,0.8254142364300161,364.95398627619085,148.7453292345707,4.290020936097616,7
211,"b00000000000010000000111000000000100000000000110000000011000100000000100000000110",0,3387.939893084085,"b01001000001010100001000001000000001010010000010010000000000001111000011100000000",16,10,1,0,0.7547862803226123,375.64367234547933,174.36514262517292,1.623342031661463,7
212,"b00000010001000001010000000101011000000001010110000000111000010000000001000000010",0,3058.0720089735014,"b01001000001010100001000001000000001010010000010010000000000001111000011100000000",10,9,0,-1,0.8562800554024512,360.8685538307032,190.88591680398957,5.679444218042189,7
213,"b00000001000000000100000000000000000111100001100000000000000000000001000000000000",0,2022.413100102724,"b01001000001010100001000001000000001010010000010010000000000001111000011100000000",16,6,0,0,0.7611592757622345,302.00631429438005,497.76797415080824,4.108214696173837,7
214,"b00100000000000000000000000100000000011100000000110000000000000000000000000000000",0,4717.202815378588,"b01001000001010100001000001000000001010010000010010000000000001111000011100000000",17,5,-1,1,0.7439319140453018,319.0748902638753,121.31053528418907,5.439558751293406,7
215,"b10010000100000000000000000000000011011110001110110000010001101111000001100000000",0,3671.153859293284,"b01001000001010100001000001000000001010010000010010000000000001111000011100000000",8,12,0,0,0.9170086333004915,361.1630789519635,472.84419193208606,1.6354111198057915,7
216,"b00010000000101011000000100000000000000000000110000000001100111101010101100000000",0,3181.804902677141,"b01001000001010100001000001000000001010010000010010000000000001111000011100000000",13,13,0,0,0.8403993255565055,172.15289365241588,376.8353025630799,3.231587083944274,7
217,"b00000000000000000110000000010000011110000011111000011100000000000000000000000000",0,3578.5104091161375,"b01001000001010100001000001000000001010010000010010000000000001111000011100000000",14,10,0,0,0.7486455095539349,487.0064791022849,30.491168275306908,3.3647414885309503,7
218,"b00000000101010010000000011111100001100100000000001000010000111111000001100000000",0,3519.8589876797487,"b01001000001010100001000001000000001010010000010010000000000001111000011100000000",9,13,0,0,0.8320454528881188,62.26668270714263,101.52745878594553,0.27892745466994806,7
219,"b00000000000000100000000011100000001100010000001000001100001111010000000000000000",0,5198.970906661907,"b01001000001010100001000001000000001010010000010010000000000001111000011100000000",13,9,0,0,0.7692179095628163,394.8432075844611,131.8374027995111,2.511228940622104,7
220,"b00001000000011110101001000110000000000000000001100000001100000000100001100000000",0,4617.035560794373,"b01001000001010100001000001000000001010010000010010000000000001111000011100000000",13,11,0,0,0.9536074753054476,227.5674909346833,221.03950100035752,4.247087328162793,7
221,"b00000000010000001110000000100001111000001101010000000011000000001101000000000000",0,5120.14865956794,"b01001000001010100001000001000000001010010000010010000000000001111000011100000000",7,6,0,0,0.7521514919212109,157.6229814652509,147.86905996517615,0.28262750283015603,7
222,"b00001000001010000000000001000000000000010000010000000000000001101000110100000000",0,5714.364606435474,"b01001000001010100001000001000000001010010000010010000000000001111000011100000000",8,1,0,0,0.8029253799752871,400.3404067919614,254.70825748068782,4.1169960129382535,7
223,"b10010000100100100000000000101100000011100000000000011000000001110000000100100000",0,3000.992636231902,"b01001000001010100001000001000000001010010000010010000000000001111000011100000000",13,12,0,0,1.0347007478342019,236.56776294153366,461.3412246726521,2.037290900896205,7
224,"b01001000000010000000000000000000000010000000000010001000000001110000010000000000",0,8443.215380645264,"b01001000001010100001000001000000001010010000010010000000000001111000011100000000",10,1,0,0,0.8105323940557159,215.8763544600737,399.6309951108739,5.341234788592301,7
225,"b00010001000000000101000000000000000010000000110000000000000000011000000000100000",0,2035.5585386992357,"b01001000001010100001000001000000001010010000010010000000000001111000011100000000",14,5,0,0,0.7525809189254203,361.6432305603709,297.20847959653355,5.117491756024538,7
226,"b00000000001000000010111000100000000110000001011001000000010000000011100000000010",0,3514.181688978207,"b01001000001010100001000001000000001010010000010010000000000001111000011100000000",13,11,0,0,0.7986518919874243,25.734183349284294,303.74790740036565,1.5222617721906502,7
227,"b01000000000110000000101101101000000111000000001100000110011001110000100000000000",0,2518.5760438593566,"b01001000001010100001000001000000001010010000010010000000000001111000011100000000",12,15,0,0,0.7812303453043292,459.36956362607015,426.2713377232399,3.3939492156410864,7
228,"b11010000111110000000000011001100001111010000001110000100001110111000001100100000",0,2420.724053881795,"b01001000001010100001000001000000001010010000010010000000000001111000011100000000",6,17,0,0,0.9076261955091404,16.436168369407213,11.427613880876319,3.2624215786286097,7
229,"b01101000001011000000000001000000001110010000000010000000000001101000011000000000",0,6221.086802730115,"b01001000001010100001000001000000001010010000010010000000000001111000011100000000",5,3,0,0,0.8251489419903251,292.470178204128,75.60260991377073,4.547165531546142,7
230,"b00100000000011000000000100000000011010000001100000000000110000000000100000000000",0,2271.2526603035267,"b01001000001010100001000001000000001010010000010010000000000001111000011100000000",16,9,-1,0,0.7453767263456725,175.42065405884117,121.15677005055772,0.8623757514977235,8
231,"b11000000000110100011000001000100001110110000010000000000000101110000001111100000",0,3791.53561807544,"b01001000001010100001000001000000001010010000010010000000000001111000011100000000",5,10,0,0,0.9547106808737301,2.3445545340126213,322.44678983733985,4.486214534302709,8
232,"b00000000000000000000000001000000000111100011111010000110001000000000000000000000",0,2661.1342724293377,"b01001000001010100001000001000000001010010000010010000000000001111000011100000000",15,10,0,1,0.7233165976989193,35.269799761248564,376.4117541961739,5.0830504847135405,8
233,"b00000000000000000000000000001000000010000000000000000101000001100000001110000000",0,4087.0865768062295,"b01001000001010100001000001000000001010010000010010000000000001111000011100000000",14,4,1,0,0.7883785919070105,482.20855026219266,160.03498323777293,0.39076893219387226,8
234,"b11000000000000110000011101000001111110000011111000000000000000000000000000000000",0,3226.316602366969,"b01001000001010100001000001000000001010010000010010000000000001111000011100000000",13,13,-1,-1,0.7451757906109326,171.67623453002534,135.40267054352339,4.906898419836112,8
235,"b00001000000000100000000000100000001110000000001100001000001100110100010010000000",0,4398.903961157167,"b01001000001010100001000001000000001010010000010010000000000001111000011100000000",12,9,0,1,0.7582946448545003,100.0641813389255,286.1756959584414,1.5916013826160302,8
236,"b11000000001100000000000000000000000000101100000000110010000000000111000100000000",0,1179.9149433035855,"b01001000001010100001000001000000001010010000010010000000000001111000011100000000",14,9,0,-1,0.8179205420305802,447.5756263414406,457.0201909157735,4.84319844039333,8
237,"b00001000000000010000000001110000000011000000010000000000000000000000000000000000",0,4314.581125364856,"b01001000001010100001000001000000001010010000010010000000000001111000011100000000",15,4,-1,0,0.7243619372223714,42.73608334117342,500.877939391164,5.311234726734449,8
238,"b00000000000000000000000001100000101011110011001110010000000101000000000100000000",0,2814.148757332147,"b01001000001010100001000001000000001010010000010010000000000001111000011100000000",12,10,1,0,0.8117494874300947,419.2355204474448,20.96963341934278,5.79069680189286,8
239,"b00000000000000000001000000011100000110000001010110000000000001101000000001100000",0,4025.948754791706,"b01001000001010100001000001000000001010010000010010000000000001111000011100000000",12,8,0,1,0.8299483602378972,98.69444000404098,410.5664677193262,0.3970301249158318,8
240,"b00000000000001100000011000000001100000000001000000000010111000001101001100000111",0,1763.8414512123718,"b01001000001010100001000001000000001010010000010010000000000001111000011100000000",13,13,1,0,0.8370455258629402,492.09324347422904,377.3101602834082,0.987483565098819,8
241,"b00000000001110000000000000000000011100000000011000000011001000110011000000001110",0,1585.0218469985127,"b01001000001010100001000001000000001010010000010010000000000001111000011100000000",13,12,0,0,0.7778232313651232,215.8948126430576,441.5292616266812,1.165775217541208,8
242,"b01000000000000000000000000000000000100000000001110000100010000000000000000000000",0,3663.890040885001,"b01001000001010100001000001000000001010010000010010000000000001111000011100000000",17,5,0,0,0.7601341250029261,292.5820648132748,138.6490326155025,6.086036248224051,8
243,"b00000000010000010110000011111000000000000100110000100011000010001011010100000000",0,4288.2759720488375,"b01001000001010100001000001000000001010010000010010000000000001111000011100000000",10,12,0,0,0.8863484052000222,492.4145249998364,223.21315917024663,0.3489051720516272,8
244,"b01001000001111100011000011000000000010010000000001000000000001101000001100000000",0,3750.955547882122,"b01001000001010100001000001000000001010010000010010000000000001111000011100000000",5,5,0,0,0.9368739782947214,493.75301068963535,272.0604866668784,0.33846044435413625,8
245,"b00000000000000000100001000010000111000001001100000110000000001000000000000000000",0,3400.5029837509833,"b01001000001010100001000001000000001010010000010010000000000001111000011100000000",15,8,0,-1,0.7301566754032803,207.52669669670195,22.325958527641212,2.416364746870051,8
246,"b00000000001011010001000000101111001111000000000000000110000001110000001100000000",0,3650.6894351726223,"b01001000001010100001000001000000001010010000010010000000000001111000011100000000",9,11,0,0,0.7887177589247774,259.3001579832913,49.04073114651477,4.606271378348809,8
247,"b00010010000010100000001100000001010000000110000000000011001111011011011110100000",0,2405.5690365185174,"b01001000001010100001000001000000001010010000010010000000000001111000011100000000",11,17,0,0,1.0811690426976324,438.51112569256424,453.5046331839554,2.5638184817882412,8
248,"b01001000001111100001100001000100000000010000011001000000000001101000111100000000",0,4270.885349506582,"b01001000001010100001000001000000001010010000010010000000000001111000011100000000",4,7,0,0,0.8511385669084112,458.5093051983293,169.69225875465733,3.7372030595603407,8
249,"b00000000100110111110100011000000001100000000000000000011100000000011100000000100",0,4382.421193907807,"b01001000001010100001000001000000001010010000010010000000000001111000011100000000",11,12,0,0,0.8233879685113165,489.00069067619626,87.2851187828403,7.2360159082231466,8
250,"b00000000000010000000000000000000011000000001111000000000000000000000000000000100",0,2826.144612757084,"b01001000001010100001000001000000001010010000010010000000000001111000011100000000",16,5,0,0,0.7593351348943438,326.2425710896499,260.9092862272384,1.4453931900297423,8
251,"b00000000000100110000100010000010011000001000111000000001110001000011000000000000",0,1738.5814085320685,"b01001000001010100001000001000000001010010000010010000000000001111000011100000000",14,13,0,-1,0.7683260645158312,372.8391383213634,370.19686192790357,0.8158766371093584,8
252,"b00001000010000100010000011000000011111100000001100000000000000000000000000000000",0,3105.160605410937,"b01001000001010100001000001000000001010010000010010000000000001111000011100000000",14,9,-1,1,0.7225230924208513,299.27802206928334,411.0041709649758,3.1707584485881206,8
253,"b00000000101000001010001110000000000000000001000000000001100000010101100000011000",0,3262.8781836983635,"b01001000001010100001000001000000001010010000010010000000000001111000011100000000",11,8,0,0,0.798523254604092,14.648495960002233,211.56159868598178,3.0699072252628,8
254,"b00000000000000000000000000000000000001000001010110000101010000010010000000000000",0,2368.467849348978,"b01001000001010100001000001000000001010010000010010000000000001111000011100000000",17,8,0,1,0.7064465872993826,174.67615052325502,344.27957213158703,5.689989828447565,8
255,"b00000000011101100000110000000011111111110100010011001100000010011000001000000000",0,2041.1244778021814,"b01001000001010100001000001000000001010010000010010000000000001111000011100000000",9,17,0,0,0.8904089023114131,390.97212525924834,463.4461470500077,1.5158446465705109,8
256,"b01000000000000010000000001000000000110100000011000000100001001000000011100000000",0,3875.6677648056475,"b01001000001010100001000001000000001010010000010010000000000001111000011100000000",11,6,0,0,0.8742751127394809,407.99784989580627,398.4895939752422,1.499770028122121,8
257,"b00000000110000100011000111000000011100000001100000000000010000000000000000000000",0,2820.9090467761143,"b01001000001010100001000001000000001010010000010010000000000001111000011100000000",14,9,-1,1,0.7574207784876603,492.75548746162724,283.40604735891577,6.154113874886955,8
258,"b01000000001100000000010000010000110000001001011011001111110000000000000000000000",0,2830.460325786838,"b01001000001010100001000001000000001010010000010010000000000001111000011100000000",14,14,0,0,0.7831521440397133,15.437513377971877,495.8065926981278,1.2712557408894511,8
259,"b00001000011010010100000000111000010110000001011000000000000000000100000000000000",0,2333.139209540162,"b01001000001010100001000001000000001010010000010010000000000001111000011100000000",12,9,-1,0,0.9092670610252623,171.15697156046954,498.51816077172526,1.716468600129639,8
260,"b00000011100000000000000011000001001110000110100000001100011011000010000000000110",0,1943.8828910826987,"b01001000001010100001000001000000001010010000010010000000000001111000011100000000",14,16,0,0,0.8394135846629913,33.56957627887185,444.06436405362064,4.289767470092193,8
261,"b01100000000000000000000001100000000011100011100111000000000100000000000000000000",0,1808.4034812262892,"b01001000001010100001000001000000001010010000010010000000000001111000011100000000",15,10,0,1,0.8419069566586731,414.9539172230858,477.3267291518593,4.5333277383009705,8
262,"b00000000000000010000001011000000011000000011110000000111000000000000000000000000",0,2155.879204268738,"b01001000001010100001000001000000001010010000010010000000000001111000011100000000",14,8,0,0,0.7343377571409091,467.89227749831866,268.1458112760739,5.109815948684059,8
263,"b00000000000000010000000000000000011110000000111100000000000000000000000000000000",0,5824.366856517498,"b01001000001010100001000001000000001010010000010010000000000001111000011100000000",16,6,0,0,0.7367733262469471,188.69421618461962,483.940644897053,4.339588210634606,8
264,"b00001000000011110000000001100100001110000000000000011100000111111000000000100000",0,2177.4462452551033,"b01001000001010100001000001000000001010010000010010000000000001111000011100000000",9,11,0,0,0.7702772776880783,38.85027610029304,343.25291567317197,3.0974119968217853,8
265,"b00001100000010100000001001000000001110000000100011010000001011110000001000000000",0,4331.376629536529,"b01001000001010100001000001000000001010010000010010000000000001111000011100000000",8,8,0,0,0.7858403287302997,118.26023028358473,276.8456652246614,5.933876486816612,8
266,"b00011000000000100000010001000001100011000000011010000000000000000000000000000000",0,3078.823077730136,"b01001000001010100001000001000000001010010000010010000000000001111000011100000000",13,6,-1,0,0.7473121517980474,431.7256061693983,36.470428308381564,0.8696818843191376,8
267,"b00010010000010110000000110100000000111000000001000000000000010111000001000000000",0,3726.148701352931,"b01001000001010100001000001000000001010010000010010000000000001111000011100000000",12,10,0,-1,0.7831826248646772,335.00415732234626,362.98731667547685,1.0512082901568753,8
268,"b00000001000000000101000100011110010011001110110000000110000000100000000010000000",0,1859.3271857839372,"b01001000001010100001000001000000001010010000010010000000000001111000011100000000",15,16,0,0,0.7469143589880399,392.5038001623498,150.4830003703933,5.363880535826207,8
269,"b00000000000011110010001011111100110011000000000100010100110011000000000100000000",0,1822.9663584836899,"b01001000001010100001000001000000001010010000010010000000000001111000011100000000",13,18,0,0,0.7860208008942149,382.4758931606246,469.7447327734505,0.7885773803423595,8
270,"b01001100000010000000000011001000110110000000000000110000011000000001110000000010",0,1895.4036356899956,"b01001000001010100001000001000000001010010000010010000000000001111000011100000000",13,13,0,0,0.7782295822629636,160.3206949046481,354.03504748601256,0.7662406450916445,8
271,"b00000000001000010011000000000011011000000011110000000000000000000001010000000000",0,4470.712881858031,"b01001000001010100001000001000000001010010000010010000000000001111000011100000000",10,5,0,0,0.8012934162714124,348.46233167029226,317.7897522840771,4.0834013814445225,8
272,"b01001000000010000000000011000000000110010000011010000000000011101000010100000000",0,5986.854621529208,"b01001000001010100001000001000000001010010000010010000000000001111000011100000000",6,4,0,0,0.834578162746494,290.0812763773445,341.2393748197744,4.882606003940975,8
273,"b00000000100000011000000000100000011000000000101000010110110111001100110000010000",0,2075.1515959192816,"b01001000001010100001000001000000001010010000010010000000000001111000011100000000",10,12,0,0,0.7832592853391813,431.33068807259934,233.41657005215188,4.220472195862701,8
274,"b00000000001010000001001001100000000110010000010010000000000011110000011100000000",0,5678.5212409761825,"b01001000001010100001000001000000001010010000010010000000000001111000011100000000",5,4,0,0,0.7830874288717817,105.50736447364139,221.23481903041812,1.973144016466951,8
275,"b01000000000000010000000001100000011101110001000100000000000001110000001100000000",0,3191.4780223831567,"b01001000001010100001000001000000001010010000010010000000000001111000011100000000",10,8,0,0,0.9653301854913653,350.3020813180821,56.86730651614794,4.20883759866304,8
276,"b00000001010000100001001010001101011010000000111111000110000000110000000010000000",0,2027.578849264744,"b01001000001010100001000001000000001010010000010010000000000001111000011100000000",11,15,0,1,0.7746219555496258,252.4442614351933,237.69239830270905,3.4897332738150526,8
277,"b00000000000000010001000001000000001100000000001010000000100010001000011100000000",0,2206.613272912705,"b01001000001010100001000001000000001010010000010010000000000001111000011100000000",11,5,0,0,0.7432042210162886,250.2833974177572,216.92363108678137,1.9439337713628162,8
278,"b01100000001011100001000001000000001010010000011010000000000001110000011100000000",0,6946.541343257188,"b01001000001010100001000001000000001010010000010010000000000001111000011100000000",2,3,0,0,0.8480011790429827,235.067560628889,56.01010164159852,4.066756413305345,8
279,"b01100000000000000000000000000000000111100001111000000000000000000000000000000000",0,3960.3811677630492,"b01001000001010100001000001000000001010010000010010000000000001111000011100000000",16,7,0,0,0.707294998495292,236.83639239508008,141.55421665736608,0.8110528938037391,9
280,"b00000100010000000000000010000000111000000011000000001000000001000000000000000000",0,2982.1117455004533,"b01001000001010100001000001000000001010010000010010000000000001111000011100000000",16,7,-1,1,0.8079307227276733,313.7940492053641,115.59618093900592,3.1161169599715164,9
281,"b01001000001010000000000001000000001000010000000000000000000001111000001101000000",0,6320.998629353753,"b01001000001010100001000001000000001010010000010010000000000001111000011100000000",6,1,0,0,1.000140611092685,262.65473090725,457.5143957075171,3.4400554296503345,9
282,"b00001000000000010000000000000001101000011100000000000000000000000000000000000000",0,2791.626776224406,"b01001000001010100001000001000000001010010000010010000000000001111000011100000000",15,4,-1,0,0.7224596191877143,182.1221109657472,30.13629840998258,4.914994908161011,10
283,"b11100000011011110001000010110000001111100000010000010110000101111000001111100000",0,3595.41341676386,"b01001000001010100001000001000000001010010000010010000000000001111000011100000000",5,18,0,0,0.9159987249571598,5.46039050159011,33.97714383448054,1.3711379179613132,10
284,"b00000011000000111100000010000000011000110111111110110001000001000000000100000000",0,2333.8936213798597,"b01001000001010100001000001000000001010010000010010000000000001111000011100000000",12,17,0,0,0.7973052567593519,23.086326534201127,33.462265866398404,0.10534367014034621,10
285,"b00001000001000000001000001000000001010000000011010000000000001111000011101000000",0,7632.348270995142,"b01001000001010100001000001000000001010010000010010000000000001111000011100000000",4,2,0,0,1.3190387420993857,41.75884585019921,293.4717818268207,6.01321013429064,10
286,"b00000000000100000100011100000000001110000000100000000000000010000000110000000000",0,1105.4912804400806,"b01001000001010100001000001000000001010010000010010000000000001111000011100000000",15,8,0,0,0.8202139240154372,8.775628461998911,475.09870502805927,3.98133036628393,11
287,"b01000000000000000000000001100000000110100000010110000000011000000000000000000000",0,2830.2171708288847,"b01001000001010100001000001000000001010010000010010000000000001111000011100000000",14,6,-1,0,0.8052358713770686,433.465835919266,502.9287140692925,1.6836544386330012,11
288,"b01100000001000000000000001000100011100100110100100010000010100000000110000000010",0,1554.8021864568263,"b01001000001010100001000001000000001010010000010010000000000001111000011100000000",14,14,0,0,0.9045660301245403,176.65964580244326,487.85833439483605,0.047073948544294156,11
289,"b01101000001000000000000001000100001100000000001001000000010011111000101000000010",0,2572.270198778558,"b01001000001010100001000001000000001010010000010010000000000001111000011100000000",9,9,0,0,0.9571590597952223,353.44205510885564,463.70273549878215,5.896313547424135,11
290,"b00000000001000000000000000000000010000001001000110011000000000000000000000000000",0,2387.037324419216,"b01001000001010100001000001000000001010010000010010000000000001111000011100000000",16,5,0,-1,0.7270796027599025,150.29569104476099,242.9388163984676,1.1647745127665081,11
291,"b00000000000000000000001110000000001110000000000000000000000000000000000000000000",0,4653.956593619485,"b01001000001010100001000001000000001010010000010010000000000001111000011100000000",17,4,-1,-1,0.689635003370818,231.72288978670593,69.60702567354924,1.625124998423383,11
292,"b00000000000000000000000000000000000000000011011000001110000000000000000000000000",0,5675.239768887817,"b01001000001010100001000001000000001010010000010010000000000001111000011100000000",16,4,1,-1,0.6998245009967828,341.7838385889587,329.9452896956559,0.500243782129274,11
293,"b00000000000000000001000000000000000000000000111000000110000000110000000000000000",0,4047.5973880291303,"b01001000001010100001000001000000001010010000010010000000000001111000011100000000",15,4,0,1,0.7511436867199389,320.17088223494613,96.50639208869613,3.347760999571785,11
294,"b00001000000000110000000000110000000101110000010011000000011100000000000000000000",0,2175.2971418389416,"b01001000001010100001000001000000001010010000010010000000000001111000011100000000",14,10,-1,1,0.7469266539197369,458.1284773023368,108.9055270750957,4.317995432127594,11
295,"b01000000001001010001000001100000001101010000011011010000000001101000001100000000",0,4853.642572494086,"b01001000001010100001000001000000001010010000010010000000000001111000011100000000",6,8,0,0,0.8578551539438283,149.42823021641988,488.1732767276591,0.8203378979629269,11
296,"b00000000000001101000000010110000100000000010000000000111100010001100001000000000",0,2252.781338279358,"b01001000001010100001000001000000001010010000010010000000000001111000011100000000",15,12,1,-1,0.7174696416279761,181.86507973442184,200.86586691855487,1.6340117337181481,11
297,"b00000000000011000000000100000000000010100000000010000000001000000000110000000001",0,3541.756411066549,"b01001000001010100001000001000000001010010000010010000000000001111000011100000000",15,6,0,1,0.7395483979976841,255.87070325768514,95.40820363622797,4.850784074693018,11
298,"b00000100110010011101000101110000000110000001111000000110000000000000000000000000",0,2772.7997012364112,"b01001000001010100001000001000000001010010000010010000000000001111000011100000000",11,12,-1,1,0.8002266624934973,422.4734610486126,15.063956078016261,2.584084420842051,11
299,"b00000000000000000010000000000000000001010000001000000000000000011100000101100000",0,1742.6773310639685,"b01001000001010100001000001000000001010010000010010000000000001111000011100000000",15,6,1,0,0.757561581416048,175.93330824168908,134.2033136097205,3.177323769152776,11
300,"b00000100000000011000000000011011010000000111111000010110000000000000000000000000",0,2460.3089384487303,"b01001000001010100001000001000000001010010000010010000000000001111000011100000000",13,11,0,-1,0.7584452282417782,362.21689942581617,483.6473123654484,4.8398513061500745,11
301,"b11010000111011100000000010000100001010110000001100000000000001110000001100100000",0,3957.831511686899,"b01001000001010100001000001000000001010010000010010000000000001111000011100000000",7,11,0,0,1.0278496337883296,177.81344671347708,416.47016807984375,2.683965351539876,11
302,"b00011001100001111100100110000110011110000001110000011111110011111000100010110000",0,1409.0183460411436,"b01001000001010100001000001000000001010010000010010000000000001111000011100000000",9,27,0,0,0.8766983427273444,337.04521553884774,92.8529868914031,3.8161393891457553,11
303,"b00000000000000000100001100000000110100000000110000001110000000100000000000000000",0,1748.1909933762745,"b01001000001010100001000001000000001010010000010010000000000001111000011100000000",16,9,0,-1,0.7603818987068406,335.88619881441394,471.9198729594321,4.996224275065643,11
304,"b00000110000001101000000110000000000000000110011001001110011110001100001000011000",0,2171.188791412616,"b01001000001010100001000001000000001010010000010010000000000001111000011100000000",13,18,0,0,0.8512353974758343,41.53051510162858,327.12882551932205,4.689168693433239,11
305,"b00000000000000000000000011000000001111000000001000000000000000001000000000000000",0,4269.003049254034,"b01001000001010100001000001000000001010010000010010000000000001111000011100000000",15,4,0,0,0.7288578055120233,135.68870697075613,30.75209695424286,0.07603572585374438,11
306,"b00000000000000000000000111000000010110000000100000000000000000000000000000000000",0,2607.089078435736,"b01001000001010100001000001000000001010010000010010000000000001111000011100000000",17,5,-1,0,0.7324924306492265,471.2278212950118,473.8686204214819,4.035976848283507,11
307,"b00000000001010000001001111000000001100010000011010000000000001111000011100000000",0,6636.61762856005,"b01001000001010100001000001000000001010010000010010000000000001111000011100000000",4,5,0,0,0.80449393226375,122.83802202239616,56.72072377794961,2.4526408179371613,11
308,"b00000000000011000000001000100001100010000011011000000000000000100000110000000000",0,2451.830990982157,"b01001000001010100001000001000000001010010000010010000000000001111000011100000000",14,9,0,0,0.7584516303567921,161.46757415303838,88.24110005671473,-0.014444283944312882,11
309,"b00000000000000000000000000000000001100000000000100000000000000000000000000000000",0,6084.635840741732,"b01001000001010100001000001000000001010010000010010000000000001111000011100000000",18,2,0,1,0.8359883681962721,229.65226277288167,8.190881032077998,1.6647449929489677,11
310,"b00000000100000011011110000000000001110001011110000111010000000011000000100000000",0,3413.937382114789,"b01001000001010100001000001000000001010010000010010000000000001111000011100000000",10,13,0,0,0.7966390861350695,291.7652909132241,335.38766066585225,4.167502845402721,11
311,"b00010000000001100000001100000000100000110000010010000001000000001100101000000000",0,1893.743680004774,"b01001000001010100001000001000000001010010000010010000000000001111000011100000000",13,9,0,0,0.7841555013512328,76.7017195370508,230.6879521626227,6.165166348151402,11
312,"b00000000110000000100000010010000011111110001000000101000000000110000000001100000",0,3221.4600330243256,"b01001000001010100001000001000000001010010000010010000000000001111000011100000000",14,14,0,0,0.7776705138703168,168.18178703613833,53.051178839564564,1.1850577338318589,11
313,"b00000000111000011010000000000001101010000001010000000010000000001100000000000000",0,5001.290677539841,"b01001000001010100001000001000000001010010000010010000000000001111000011100000000",7,3,-1,0,0.768143547482436,23.5913217409237,459.9293820870889,4.324559539808558,11
314,"b11000000000100000000001001000000010111000001011100000000000000000010000000000101",0,2142.323883385935,"b01001000001010100001000001000000001010010000010010000000000001111000011100000000",15,12,0,0,0.7356672235589027,257.1590192030376,353.6879385565969,4.47635896891555,11
315,"b00000000100000110000000010000000001100000000110000000010000000000000000000000000",0,5120.473774252124,"b01001000001010100001000001000000001010010000010010000000000001111000011100000000",14,4,-1,1,0.7186360807196696,87.23780381748442,249.79749294364117,3.142204730984446,11
316,"b00000100001110010000000000000000100000001000000110010000110000000011000000001100",0,2391.2887369550726,"b01001000001010100001000001000000001010010000010010000000000001111000011100000000",15,12,0,-1,0.8483394054036801,402.7015699278451,187.83694729157025,4.082618188311494,11
317,"b00000000000000011100000000000001111000000001010000000000000010000110010000010010",0,5441.231403922939,"b01001000001010100001000001000000001010010000010010000000000001111000011100000000",7,3,0,0,0.7913171181070029,44.15254842247445,283.4657444507919,0.24670919451381018,11
318,"b00001000110000100000000001000100000000000001110000001100000001100000000000000000",0,2964.6613044448413,"b01001000001010100001000001000000001010010000010010000000000001111000011100000000",13,7,0,0,0.792416582595686,44.48226173473367,280.5192522908239,0.2765865538756792,11
319,"b00100000001010000000110000000000001001110001011110000001100000000000000000000001",0,2098.12088734415,"b01001000001010100001000001000000001010010000010010000000000001111000011100000000",13,11,0,0,0.8508103699373568,227.83521083213765,321.1216944445635,5.743453654725348,11
320,"b01000000000100000000001100000000110010000011001100001100011011000000110000000000",0,3088.2691419060807,"b01001000001010100001000001000000001010010000010010000000000001111000011100000000",15,15,0,0,0.9456159226339982,314.9009867936634,30.34992914793728,2.1961537710563883,11
321,"b00100000000110000000100000000000000010000000001000000010111000001011110000000001",0,2423.250350115992,"b01001000001010100001000001000000001010010000010010000000000001111000011100000000",15,12,0,0,0.7920559146411913,380.8366038287007,380.3497487312196,2.735652682197295,11
322,"b01001000011010000001000111100000000110011110000010000110000000000000000000000000",0,4888.319854668793,"b01001000001010100001000001000000001010010000010010000000000001111000011100000000",10,10,-1,0,0.7657899956769624,151.90981995921024,250.82683176118368,1.7438050889004875,11
323,"b01101000001110100000111001000011001100001100111001010011111100001000100000000010",0,1447.404233920327,"b01001000001010100001000001000000001010010000010010000000000001111000011100000000",10,22,0,0,0.7811030736531076,377.6506080740689,14.272763044492761,2.8560536065160687,11
324,"b00000001000100000000000100010000010001000001100110000000010000000000000000000010",0,2946.283293907776,"b01001000001010100001000001000000001010010000010010000000000001111000011100000000",17,10,0,0,0.7641447883194725,341.983450551964,282.18243724281973,6.168150199749084,11
325,"b00000000100000000000000110100000001100000111010000010000000001000000000000000000",0,3108.746240164253,"b01001000001010100001000001000000001010010000010010000000000001111000011100000000",15,8,-1,0,0.7258117614882776,268.54668498068287,328.790033189446,4.923125972013081,11
326,"b00000000000000000000000000000000100011000001100010000010000100000000110000000000",0,3577.8984787234162,"b01001000001010100001000001000000001010010000010010000000000001111000011100000000",16,7,0,1,0.7204995754199699,375.93984166773646,230.02611312746816,1.1026263748648957,11
327,"b00000000100000010110010000000001101101111100111000000000000000000000000000010000",0,3600.3999379310612,"b01001000001010100001000001000000001010010000010010000000000001111000011100000000",10,9,0,0,0.774501231366283,202.052183766701,407.49553847101186,0.853922690595278,11
328,"b00000000000000000000010000000000001100000000001110000000010000000000000000000000",0,3609.2276831771355,"b01001000001010100001000001000000001010010000010010000000000001111000011100000000",17,5,0,1,0.7037704764484455,400.66538277004076,373.2443092677904,3.3221573991731743,11
329,"b01000000010010010001011011111100001111100000010000000100000001111000001100000000",0,3743.4345012786566,"b01001000001010100001000001000000001010010000010010000000000001111000011100000000",6,13,0,0,0.8234641365781843,281.48057916225076,373.95577796312034,4.06895700514076,11
330,"b00001000000110010001011111000100001110110000001000000000000000000000000000000000",0,3090.70251708416,"b01001000001010100001000001000000001010010000010010000000000001111000011100000000",12,10,-1,0,0.7370553011747016,43.52533491181164,226.16124602061947,2.177607829530758,11
331,"b11000000000000000000100001100001100110000100000000000000000000000000000000000000",0,2786.653951402128,"b01001000001010100001000001000000001010010000010010000000000001111000011100000000",16,7,-1,-1,0.771279557615992,346.99413498466424,468.1936246388691,1.0948114861680547,11
332,"b00100000000011000000111000100001011101000000000010000000000000000000100000000000",0,2986.1951355928836,"b01001000001010100001000001000000001010010000010010000000000001111000011100000000",16,11,0,0,0.7618410020641537,253.66064662685642,206.93475277392895,1.5454401811805283,11
333,"b00001000000000100000000011000000001000010000100000001010000001101001000000000000",0,4429.1860581782685,"b01001000001010100001000001000000001010010000010010000000000001111000011100000000",11,5,0,0,0.7654935303015882,47.948969060087116,475.9892221672637,5.399154807723468,11
334,"b00000000100000110000000000000000001100000000111111001000010001100001000000000000",0,1536.5575870351727,"b01001000001010100001000001000000001010010000010010000000000001111000011100000000",13,10,0,1,0.7642778925974424,86.21593545025554,276.421513920913,0.324228595800681,11
335,"b00000000010000000000000000000000000000001100001100000000000000000011000000011000",0,2261.8788238404063,"b01001000001010100001000001000000001010010000010010000000000001111000011100000000",15,5,0,0,0.8630735352657719,491.72722337830743,342.1194137957111,1.259896263329138,11
336,"b00000000000000110001000000000000001100000011110000001100000000000000000000000000",0,4507.295045822464,"b01001000001010100001000001000000001010010000010010000000000001111000011100000000",15,7,0,1,0.7092278178375097,138.1511555311712,226.44170478309053,4.276581298733637,11
337,"b00000000000000000001000011000000000110110001010010001100001000110000000000000000",0,3657.2474014514282,"b01001000001010100001000001000000001010010000010010000000000001111000011100000000",11,7,0,1,0.7521601224513089,498.622901200946,417.21115918757795,1.3744971647873112,11
338,"b00000000001000000000110000000000000000000000000000010110000011000110001000011100",0,2025.063311814956,"b01001000001010100001000001000000001010010000010010000000000001111000011100000000",14,9,1,-1,0.7768301809880239,475.77908409406984,401.9453725282776,5.129073535182751,11
339,"b00000000000000010000000011100000011100000001000000000000000000000000000000000000",0,3648.262973511047,"b01001000001010100001000001000000001010010000010010000000000001111000011100000000",16,5,-1,0,0.7313809323162807,432.7701131948517,398.74549534365576,3.364889610455454,11
340,"b00000000000000000011000111000000011101000100010010010000000101000000000000000000",0,1379.0065136079616,"b01001000001010100001000001000000001010010000010010000000000001111000011100000000",13,9,0,0,0.7680054807717511,458.956847586419,154.9496520237061,4.957734911922232,11
341,"b00100000000000000000000000011100001110010000111100000000000000000000000000000000",0,1868.0646731031886,"b01001000001010100001000001000000001010010000010010000000000001111000011100000000",15,8,-1,1,0.7673075392143804,322.4361521103803,276.65821744133444,4.798809545652265,11
342,"b00000000000000000000000000000000001000000000110000000000000000000000000000000000",0,9134.812591188147,"b01001000001010100001000001000000001010010000010010000000000001111000011100000000",17,1,0,0,0.7102544964367584,249.51049119210072,498.9772031724117,5.2937369568015304,11
343,"b00101000001010010001000011000000001110110000001000011110001011111000110000000000",0,3610.5738847477674,"b01001000001010100001000001000000001010010000010010000000000001111000011100000000",6,13,0,0,0.8361416715131275,448.92450370300975,322.0983349486541,4.517375712828692,11
344,"b01001000001010000001000001000000001000010000000010000000001001111000011100000000",0,7374.016657266092,"b01001000001010100001000001000000001010010000010010000000000001111000011100000000",3,1,0,0,0.7908114829227249,125.15907648879244,177.1067522946892,2.3960106452502927,11
345,"b00000000000100000001010000001001000001100000000110000000000000000000000000000000",0,3243.443454576857,"b01001000001010100001000001000000001010010000010010000000000001111000011100000000",17,7,0,1,0.6818452036350479,117.37203042027288,434.77680365711734,2.647394453728653,12
346,"b11000000000010010000000011101100001101100010000000001110000111001000000000100000",0,2378.5246020394816,"b01001000001010100001000001000000001010010000010010000000000001111000011100000000",13,16,0,0,1.0579819313222845,489.27919514780933,395.68397396891123,1.9051773451884788,12
347,"b01001000001010100001000101000000001010010000010011000000000001100000001101000000",0,8085.855006486303,"b01001000001010100001000001000000001010010000010010000000000001111000011100000000",3,3,0,0,0.9286758832355986,90.37545884019167,222.7381464221746,1.9824734496145342,12
348,"b00010000001000110000000001100100000000100000000000001110000101111000001100000000",0,3756.6194066582616,"b01001000001010100001000001000000001010010000010010000000000001111000011100000000",10,9,0,0,0.8725111256274274,14.86982458675143,135.5363402876651,0.08990820473902689,13
349,"b00000000001110000000110010000001000000000111100000000110001000000101100000000010",0,2968.3687996012764,"b01001000001010100001000001000000001010010000010010000000000001111000011100000000",12,11,0,0,0.7743261441381554,334.90364193758677,445.600427409134,1.5469919482818164,13
350,"b01000000000110000000001000000000000000000000000000000010000000000010000000000000",0,4183.249242427226,"b01001000001010100001000001000000001010010000010010000000000001111000011100000000",17,4,-1,-1,0.7043202316686801,252.6206251432658,370.76018400038936,2.392504985945289,13
351,"b00000000000000000100000001110000110101000000010000000000000010000000000000000000",0,5437.340639782718,"b01001000001010100001000001000000001010010000010010000000000001111000011100000000",16,7,0,-1,0.7238554344819362,199.39520488303916,220.5621351955424,2.9438535945963267,13
352,"b01000000001000010000000011000000001000100000010010010000001001010000001101000000",0,3884.8625612333444,"b01001000001010100001000001000000001010010000010010000000000001111000011100000000",9,6,0,0,1.0585433131005146,353.38282009127477,335.01422758463195,2.5207501903321745,13
353,"b00000000001010000000001000000000011011000000001100000000011100000000110000000000",0,3993.1776917412435,"b01001000001010100001000001000000001010010000010010000000000001111000011100000000",14,9,-1,0,0.8006003795509696,350.68612198602585,44.731945240226096,1.7394299436150082,13
354,"b00000000010000001011100001101001000000001110000000000010000001000000000000000000",0,2760.9150797601515,"b01001000001010100001000001000000001010010000010010000000000001111000011100000000",13,8,0,0,0.8474362035869158,94.93309495486402,78.02321793387667,0.22586565671717423,13
355,"b10000000001000001111101000001000000000000001100000001100100000011100000010000000",0,2131.918770273314,"b01001000001010100001000001000000001010010000010010000000000001111000011100000000",13,12,0,0,1.0863900552573358,3.62540438229109,94.92741001399669,5.995308862257318,13
356,"b00000000000000001000000000000000000000000001000000001111000000000000000000000000",0,3840.121182518321,"b01001000001010100001000001000000001010010000010010000000000001111000011100000000",16,3,1,-1,0.7132328615921028,191.92328039805093,227.3227342941143,0.27865575705240886,13
357,"b00000000000000000000100000011010000000010001000001000001110001100000001110000000",0,2446.6390467667084,"b01001000001010100001000001000000001010010000010010000000000001111000011100000000",14,10,1,0,0.9045496281497861,233.68387798638605,312.8434812553616,1.6391561222767357,13
358,"b01001000001000000000000000000100001010000000111101000001000001100000011100000000",0,5688.324654753793,"b01001000001010100001000001000000001010010000010010000000000001111000011100000000",8,6,0,0,0.8999214877468401,17.39897438025696,76.1457871661045,2.648233590935187,13
359,"b00000010000000000110010100100000010000000001100100000111100000000110000000010000",0,3999.251306309474,"b01001000001010100001000001000000001010010000010010000000000001111000011100000000",13,11,0,1,0.7508982749357382,390.61467981030455,330.90867926448243,1.954136856671524,13
360,"b00100000000000000000000100000000011000000011100100001100010010000001100000000001",0,2897.08595888122,"b01001000001010100001000001000000001010010000010010000000000001111000011100000000",15,11,0,0,0.9250028273024634,277.0224749394975,108.99862969928154,4.474071863681517,13
361,"b00000000001000001110000000000001000000000000101000000011000000000111000000010010",0,3585.513527215421,"b01001000001010100001000001000000001010010000010010000000000001111000011100000000",9,4,0,0,0.840455576329241,244.01261912347115,178.42435070082104,3.2385821430691046,13
362,"b00000000010000000000000000000000001011000000110000000000000000011000000000000000",0,2920.826115114838,"b01001000001010100001000001000000001010010000010010000000000001111000011100000000",14,3,0,0,0.7416728719885791,132.31321276630214,474.98328418609856,4.045055079942982,13
363,"b11000100000010110000000100000001000000010001110000000011010110000101001100001100",0,1301.3459169919508,"b01001000001010100001000001000000001010010000010010000000000001111000011100000000",12,16,0,0,1.3636344786405625,466.3735440242765,363.7800011698084,6.094874469414149,13
364,"b01010000000110000001000011000000001010010000010000000000000001011000001000000000",0,5825.757481207563,"b01001000001010100001000001000000001010010000010010000000000001111000011100000000",7,3,0,0,0.8274091056306009,287.9900663492163,347.90055697332167,1.3232001962435802,13
365,"b00101000000010100000000001000100001000001000000000010000001001110000001110000010",0,3300.8602280360683,"b01001000001010100001000001000000001010010000010010000000000001111000011100000000",9,7,0,0,0.8455558811327737,40.59624744498211,341.2744530276976,2.759484227768508,13
366,"b00110000001111000000000000000000010110000011111100000111100000000001110000000011",0,1592.8920208091117,"b01001000001010100001000001000000001010010000010010000000000001111000011100000000",12,17,0,0,0.7521818963575395,161.58137773465015,52.724418058920385,3.519307861761325,13
367,"b00000000000000000000000000110000011110000001111100000000000000000000000000000000",0,8219.403411290847,"b01001000001010100001000001000000001010010000010010000000000001111000011100000000",16,8,0,0,0.7230496153648752,64.54274530071342,299.92372203174335,-0.0034147288631456957,13
368,"b00000000010000000000000000110000000001010001000110101111000011111110000100010000",0,2289.4629854756377,"b01001000001010100001000001000000001010010000010010000000000001111000011100000000",12,15,0,0,0.8713433314019944,35.19112405882225,484.78209410599857,2.712177943489546,13
369,"b11000000000110000000000000000001100000010110011000010001100000000011000100000000",0,1390.156986674458,"b01001000001010100001000001000000001010010000010010000000000001111000011100000000",14,12,0,0,0.9280831586400878,219.59906800914072,500.93147603302486,1.8911641569670645,13
370,"b00010010000011001011001000101000100000010011010000001100000000000000001110000000",0,1857.8328348812374,"b01001000001010100001000001000000001010010000010010000000000001111000011100000000",13,14,0,0,0.8030679052768557,98.34834014199559,61.55967109414106,0.14910728899102796,13
371,"b10000000100001000001000110000101000000010001011100000100010000010000000001100000",0,2355.920913621987,"b01001000001010100001000001000000001010010000010010000000000001111000011100000000",15,14,0,0,1.130255780676211,111.8842244655727,440.23563804458087,2.270322240333144,13
372,"b01110000001100011000111011000000100111000000001110000000011100000000100000000000",0,2165.1776924924093,"b01001000001010100001000001000000001010010000010010000000000001111000011100000000",14,18,-1,0,0.7560623091254137,298.8753400321981,454.5716413664881,4.681272052701479,13
373,"b00000000000000000000000000001100000110000000111000011111000001110000000110000000",0,4908.211315030479,"b01001000001010100001000001000000001010010000010010000000000001111000011100000000",13,11,1,0,0.7504645825407121,446.6503424264588,34.34971390382855,3.3574139132699,13
374,"b01101000001011000000000001000000001010000000000010000000000001101000011111100000",0,5562.828339330464,"b01001000001010100001000001000000001010010000010010000000000001111000011100000000",5,5,0,0,1.024929716503739,211.70977563592066,205.9071211491923,3.556934489485121,13
375,"b00000000000000000000000000000011100000001111000000000110000000001000000000000010",0,3391.5540099699197,"b01001000001010100001000001000000001010010000010010000000000001111000011100000000",14,6,1,-1,0.7366782860220957,125.15783834208945,62.89740405646498,4.978884493119182,13
376,"b00000000000110000001000000000100000011010000011011000000110000100000000000000000",0,3961.2370589205007,"b01001000001010100001000001000000001010010000010010000000000001111000011100000000",12,7,0,1,0.7572977483803098,268.81140807343127,34.779345484844505,0.9366422379429467,13
377,"b00000000000000000010000000000000011100100001110000000001000000000000000000000000",0,5062.656547481976,"b01001000001010100001000001000000001010010000010010000000000001111000011100000000",15,5,0,0,0.7121146159537481,189.11787426740852,224.6751902223503,5.937339885593056,13
378,"b00000000000000000111000001100000100000001001000000000010100010100011010000000000",0,2789.6805626792616,"b01001000001010100001000001000000001010010000010010000000000001111000011100000000",11,7,0,0,0.8643527262547258,4.412007055905554,175.94894767737816,4.21039905048824,13
379,"b00000100110000011010010000000000001000001000010000000001010010000001000000010010",0,7087.929782746867,"b01001000001010100001000001000000001010010000010010000000000001111000011100000000",7,4,0,0,0.9933517714561809,44.29054956892176,123.68981170495681,0.9158325280570023,13
380,"b00001100110100010000101000110100000111000000010100000000000001111000001100100000",0,3295.8428827063785,"b01001000001010100001000001000000001010010000010010000000000001111000011100000000",10,14,0,0,0.897495900115947,219.08893999518835,286.3607877654345,5.739789691317391,13
381,"b00000000000000000000001001000001110000000001101100000010110000000000000000000111",0,3061.434555607848,"b01001000001010100001000001000000001010010000010010000000000001111000011100000000",15,11,1,0,0.748308710466157,247.9605345468859,317.6438648006398,2.0313546188381957,13
382,"b00000000000000000011000000011000001111000000001000000011000000111000001000000000",0,3367.5349871718086,"b01001000001010100001000001000000001010010000010010000000000001111000011100000000",12,8,1,0,0.7818380122954802,280.22914450757855,45.100724719957704,4.153533784195544,13
383,"b00000000001110000000001111000000001000110000000000000000000000111000001110100000",0,4178.800179692769,"b01001000001010100001000001000000001010010000010010000000000001111000011100000000",9,7,1,0,0.8492427069100185,75.65794566087568,265.0382517841842,4.067630673510669,13
384,"b00000000000000000001000000000000000100000000110000001110001000110000000000000000",0,3934.514010967573,"b01001000001010100001000001000000001010010000010010000000000001111000011100000000",15,6,0,1,0.7113692961851896,156.08780749581257,479.59361754644107,2.1293171483919364,13
385,"b00000000000000000000011000000000110000001010010000000110000000000000110000000010",0,1443.6347148368409,"b01001000001010100001000001000000001010010000010010000000000001111000011100000000",14,7,1,0,0.752959661248587,407.5290485296325,24.326045954028622,0.4230368500233682,13
386,"b01000000001110100001001011000000001010010000001100000000000101110000001110000000",0,6586.919304965939,"b01001000001010100001000001000000001010010000010010000000000001111000011100000000",5,7,0,0,0.8442268140960311,111.2746006719667,426.7523921651146,1.4826121897357893,13
387,"b00000000000000000010000000001100000101100000010000000010000001011110001100000000",0,3665.1396506834058,"b01001000001010100001000001000000001010010000010010000000000001111000011100000000",13,9,1,0,0.767308839610874,468.7956501966605,175.51905906068768,5.730477161502659,13
388,"b00000001000000000000000011001100011101000000000000000010000000101000001100000000",0,3914.8092549825606,"b01001000001010100001000001000000001010010000010010000000000001111000011100000000",13,8,0,0,0.8117470564748169,286.9256761199106,354.9737796277668,1.1914426035264252,13
389,"b00000100110000011000000000000001010000000001010000000000010100000101010000010010",0,5080.491018162818,"b01001000001010100001000001000000001010010000010010000000000001111000011100000000",7,4,0,1,0.8783328136669563,205.46700852852913,20.376279840257986,2.8166738848171273,13
390,"b00000000001010000001100000000100000000010000110001000000000001111000000100100000",0,5315.11083826086,"b01001000001010100001000001000000001010010000010010000000000001111000011100000000",9,5,1,0,1.353943392813562,420.540734502216,438.366891891366,3.4054843655776468,13
391,"b01001000001111100001000000000000001110010000001110000000000001111000011000000000",0,5478.867947132409,"b01001000001010100001000001000000001010010000010010000000000001111000011100000000",3,5,0,0,0.8273440456802299,318.41362202542535,47.30294440467681,3.331619707322013,13
392,"b01010000000100000000001100000000010000000000010001000110000110001100000110001110",0,3356.9286254636954,"b01001000001010100001000001000000001010010000010010000000000001111000011100000000",15,15,0,0,1.172164494593548,86.56758332789684,120.47261968545598,2.8447358167830066,14
393,"b00000000000000000000000000000000000101110000111110000000000000000000000000000000",0,2871.5773945452947,"b01001000001010100001000001000000001010010000010010000000000001111000011100000000",16,6,0,1,0.7427602797075128,441.3517731691884,385.5746853077306,2.8217912758742107,14
394,"b00000000000000011000000001000000001110000000011100000000000000000000000000000000",0,2831.8431615756344,"b01001000001010100001000001000000001010010000010010000000000001111000011100000000",15,5,0,1,0.7052199861049302,76.8631986336879,494.45047404376635,1.7806482544677382,14
395,"b00000000000110000000000001100000000110000010001000000000000000000000000000000000",0,3532.424476710228,"b01001000001010100001000001000000001010010000010010000000000001111000011100000000",16,5,-1,-1,0.7223719168994904,351.08361377069315,301.4464776869121,5.4849425841351955,14
396,"b00001000001010010001000001000000000010010000010010000000000001111000011101000000",0,7035.390297083157,"b01001000001010100001000001000000001010010000010010000000000001111000011100000000",3,2,0,0,0.8530381560009855,23.54143667883343,179.23318560918173,5.7478031593886705,14
397,"b00000000000000110000000010000000001100000000011000000000110000000110010000000000",0,5248.597343681787,"b01001000001010100001000001000000001010010000010010000000000001111000011100000000",14,7,0,1,0.7213532124281042,107.82650840004905,191.01197082302204,2.7771627525303852,15
398,"b00000000001100000110110000001001100000000001000000000000110000000011000000001000",0,1977.1174670372047,"b01001000001010100001000001000000001010010000010010000000000001111000011100000000",13,9,0,-1,0.8657677053421093,256.4310702775654,460.0956953450253,1.7387398645534744,15
399,"b01010010000000100000000000000000011000000011101101110100011000000001000110000110",0,2832.3982598089333,"b01001000001010100001000001000000001010010000010010000000000001111000011100000000",15,18,0,0,0.9992790228637912,268.0024392047507,346.78626929134305,1.096215065974853,15
400,"b00000000000000000000000000000000000000000000011010000001110000000000000000000000",0,4489.376737321751,"b01001000001010100001000001000000001010010000010010000000000001111000011100000000",17,4,1,1,0.7119766143015054,212.23843688386495,340.0766807840508,6.246668112254958,15
401,"b01000000000000000000000111011000011000000001100000000001000000111000000011100000",0,2718.3441201364476,"b01001000001010100001000001000000001010010000010010000000000001111000011100000000",13,11,0,-1,0.798784991980518,165.12010469814078,199.9512581042748,0.9812717372656246,15
402,"b00000000000000000000110000000000000000010001000000110110000010000000110000000000",0,3116.0928669648847,"b01001000001010100001000001000000001010010000010010000000000001111000011100000000",15,7,1,0,0.9080870670633993,61.29934966437167,157.83763091204918,5.9216027763565595,15
403,"b00100000000010000000000110000000000011110000001001000000000000000000000000000000",0,2528.489369993772,"b01001000001010100001000001000000001010010000010010000000000001111000011100000000",16,7,-1,1,0.7681147200429022,259.77532809073466,105.81836027446546,0.5610013843553403,15
404,"b00001000001011000000000001000000001100000000011011000000011001111000001100000000",0,4930.3560967092635,"b01001000001010100001000001000000001010010000010010000000000001111000011100000000",6,6,0,0,0.766526819802044,112.85362174703002,187.76324647897553,0.5214647804984107,15
405,"b00001000000101100000001000000010010000000000111110000001011000000001100000000011",0,2664.8920506760583,"b01001000001010100001000001000000001010010000010010000000000001111000011100000000",15,15,0,0,0.7898881868603175,424.31786469076667,268.6791218865949,4.610758721818701,15
406,"b00000000000000000110000001100011000001000000000100000000000001000001100000000000",0,2743.7228343920165,"b01001000001010100001000001000000001010010000010010000000000001111000011100000000",15,7,0,0,0.7752392512041841,446.7712542635181,2.0801588250312757,4.26531026909818,15
407,"b00001100000000110000000000000000001100110000000000000110000010011100001100000000",0,3876.254142620548,"b01001000001010100001000001000000001010010000010010000000000001111000011100000000",11,8,0,0,0.8093886326487555,478.70103799359623,116.07961308635022,1.2430396567244144,15
408,"b00000000000000000000000011000000000000000000010000100001000000111010000000000000",0,4908.837256200006,"b01001000001010100001000001000000001010010000010010000000000001111000011100000000",14,4,1,-1,0.7458285359500536,2.3948252639825505,164.31239751559585,0.08347173700662583,15
409,"b00000000000000000000111000000110111000000000001001101000111111110000000100000000",0,2497.654869984339,"b01001000001010100001000001000000001010010000010010000000000001111000011100000000",14,16,1,0,0.8017128652155259,175.65561378714963,109.79861812984821,2.7774681662559946,15
410,"b01101000000010100001000001000000000010010000000111000000000000111000001100000000",0,5373.830831172728,"b01001000001010100001000001000000001010010000010010000000000001111000011100000000",5,3,0,0,0.8832250310561819,426.240191308874,351.4493771962148,1.5051481614357725,15
411,"b00110000000010000010011000001001101100000001111011000000011000000000000000000000",0,2454.449745015103,"b01001000001010100001000001000000001010010000010010000000000001111000011100000000",15,15,-1,0,0.7814229216664573,362.33027689198246,74.41919731744224,5.494161374910714,16
412,"b00000000000000000000000000000000001100000000000000000000000000000001100000000000",0,7401.422839815246,"b01001000001010100001000001000000001010010000010010000000000001111000011100000000",17,2,0,1,0.7255740852508115,200.8781713476901,166.2717706830182,4.365359829175654,16
413,"b10000000100110000000000100001100011000000000000010010010001101111000000101100000",0,2728.0394043948613,"b01001000001010100001000001000000001010010000010010000000000001111000011100000000",11,13,0,0,0.9801250960445769,191.74888571812036,501.55426208604507,2.1956899320284324,16
414,"b00000000000000000000000000001000000001000001110100000110010111000000000110000000",0,2659.2677193960694,"b01001000001010100001000001000000001010010000010010000000000001111000011100000000",16,11,1,0,0.8006316671087326,328.3459281652114,154.89990506340476,0.5486082509119206,16
415,"b01001000000000000000000001000000001110000000011010000000000001011000011001000000",0,6220.700592390018,"b01001000001010100001000001000000001010010000010010000000000001111000011100000000",7,3,0,0,0.8662902256717262,290.95075179542954,441.2322545550358,5.856114343168098,16
416,"b00001000001010000001000001100000001110010000000010000010000001111000011101000000",0,6463.355712875056,"b01001000001010100001000001000000001010010000010010000000000001111000011100000000",3,4,0,0,0.8325387359756682,325.7216044918633,412.0729830434123,0.5963805630971311,16
417,"b00000000000001110000000100000001010000000100000000000000000000000000010000000000",0,4001.7318581725704,"b01001000001010100001000001000000001010010000010010000000000001111000011100000000",17,6,0,1,0.7460073395890564,65.56350620889035,203.9793943609133,4.844911584621428,17
418,"b00000000000110000000110000000000100110001100010000100011000000001000000000000000",0,3037.273060990002,"b01001000001010100001000001000000001010010000010010000000000001111000011100000000",15,10,0,-1,0.7053857685448375,260.44682193733036,37.22552437386452,0.5003660553946687,17
419,"b00000001110000011110000000000000001000000111110000000111000000001001011000000010",0,4404.89135378475,"b01001000001010100001000001000000001010010000010010000000000001111000011100000000",6,8,0,0,0.8185566739295179,45.01583639814178,321.3126880336235,4.124231207351652,17
420,"b00000001000000000000110010010011101000001110000000000000000000000000000000000000",0,6446.512024587818,"b01001000001010100001000001000000001010010000010010000000000001111000011100000000",16,9,-1,-1,0.7489117736917789,359.3149979586598,343.2815869203885,3.9204289150084284,17
421,"b00000000000000000000000100111000000000000000011100000000110001111100000000010000",0,2859.8274242816838,"b01001000001010100001000001000000001010010000010010000000000001111000011100000000",14,10,1,0,0.7609985986546687,310.9922623814174,450.2909197126116,4.559231067168968,17
422,"b00000010000000011110000000000000000010000000010000100010000001100000000000000000",0,3270.87869657611,"b01001000001010100001000001000000001010010000010010000000000001111000011100000000",13,5,0,0,0.7210980984888178,301.55397174450263,209.81568559107197,4.955191850148131,17
423,"b00000000000001000000100100000010000110001000011000000010011100000000000000000010",0,3022.74504138301,"b01001000001010100001000001000000001010010000010010000000000001111000011100000000",15,10,0,0,0.7967443277249948,282.34332537771644,173.36917879301927,3.311939055222852,17
424,"b01000000000000000001000000000000000000000000000000000001000000011000000000100000",0,5001.598157383325,"b01001000001010100001000001000000001010010000010010000000000001111000011100000000",15,2,0,1,0.7683020873965861,25.702971135470882,336.4932944791537,2.8600424879359228,17
425,"b00000011000000001100000011100000001000100000000011000010011001011000000000000000",0,3082.9499116853244,"b01001000001010100001000001000000001010010000010010000000000001111000011100000000",13,11,0,1,0.757369373846143,177.76161276073907,115.97109607636459,4.582299750216416,17
426,"b01000000000000001000100000000000000110000000001111000001110000000000000000000000",0,1954.1872798055629,"b01001000001010100001000001000000001010010000010010000000000001111000011100000000",16,9,-1,0,0.8158469344556954,342.39643780382966,422.819962586108,5.813886539438331,17
427,"b01001100000110010000000100000000001000000000010000000001100111101100001000100001",0,3036.922334406322,"b01001000001010100001000001000000001010010000010010000000000001111000011100000000",10,11,0,0,0.8433674761981742,342.58658756334717,434.27083310372774,5.9525937014747665,17
428,"b00011000000000000110000000000000001000001000110000100011100000000100110100000001",0,2019.208655039703,"b01001000001010100001000001000000001010010000010010000000000001111000011100000000",14,12,0,0,0.9584991796199722,140.08036570369993,459.67052641468246,4.629314637912481,17
429,"b11000000001110110000001111100000010100000000000110000000000000000010000000000000",0,5584.2922675861955,"b01001000001010100001000001000000001010010000010010000000000001111000011100000000",13,11,-1,-1,0.734899888632258,244.5140725940647,137.87860543877457,3.7874359129037987,17
430,"b00000000000000000000000010000000000100000000010000001001000000110000100000000000",0,3328.184538323455,"b01001000001010100001000001000000001010010000010010000000000001111000011100000000",16,5,0,1,0.7404301577084975,333.4453646167772,273.04114990234376,2.986932638015177,17
431,"b01000000001101000000101100000000001100000001010000000000100000100011101000000000",0,3365.265755286816,"b01001000001010100001000001000000001010010000010010000000000001111000011100000000",13,11,0,-1,0.8788482726814884,211.20963825577212,41.034709223449,0.06660196381531469,17
432,"b00000000110000010110000011010000000000001101000000010000010000000000010000000110",0,4989.383838384332,"b01001000001010100001000001000000001010010000010010000000000001111000011100000000",10,7,0,0,0.8072266222564123,162.32527707208268,407.0238075399716,3.5846307360757557,17
433,"b01001000001010100001001010000000001000010000000010000000000011011000011001100001",0,6032.724898128804,"b01001000001010100001000001000000001010010000010010000000000001111000011100000000",5,6,0,0,0.8774436234166677,196.99605016729427,342.22460193928765,1.9391526165302824,17
434,"b00000000000010001000001000000000000001110000000001000000000001110000000000000000",0,5587.974859895018,"b01001000001010100001000001000000001010010000010010000000000001111000011100000000",14,5,0,1,0.8001679257804358,162.97572871139712,384.2244328166474,1.0926737025535849,17
435,"b00000000010001000001111011100100111100110000010010011110001101110000000010000000",0,3930.4333364967624,"b01001000001010100001000001000000001010010000010010000000000001111000011100000000",10,19,0,0,0.836349221476179,354.1216619105362,267.31560736750436,0.6169224031032965,17
436,"b00000000011100110001100110000000001010000000101000000000100000001101000000110100",0,2147.557423709083,"b01001000001010100001000001000000001010010000010010000000000001111000011100000000",12,13,0,0,0.965120760470051,236.46762964817037,264.0963131032588,0.023387322324387914,17
437,"b00000000000000000001000000110100000010001001011000010100011011010011110001100000",0,2445.8106422862443,"b01001000001010100001000001000000001010010000010010000000000001111000011100000000",13,16,1,0,0.8316014657345068,15.838414551555246,240.92737235227378,1.739150978881973,17
438,"b00000000000000000000000000000001100010000110011000100000000000000000000000000000",0,3992.745226297964,"b01001000001010100001000001000000001010010000010010000000000001111000011100000000",17,6,0,-1,0.7186306606996367,307.9368661598178,299.0871359704634,0.24521820651262322,17
439,"b00001000000010010000000001100000000110010000000010000010000011011000010001000000",0,4351.1508084700135,"b01001000001010100001000001000000001010010000010010000000000001111000011100000000",9,6,0,0,1.00961968808783,463.0160596891966,225.86615985931388,3.4889873285633675,17
440,"b01000000001010110000000011000100001110010000011010000010000101111000011110000000",0,6805.419731829725,"b01001000001010100001000001000000001010010000010010000000000001111000011100000000",2,8,0,0,0.8402517873951011,313.3120528018886,77.31699391541628,5.858503104926937,17
441,"b00000000000000100000101110000000110000010000100000000011110111110000000000000000",0,1953.2762061444942,"b01001000001010100001000001000000001010010000010010000000000001111000011100000000",14,13,1,0,0.8848483852388929,421.19900856945105,284.15472055683546,0.8355239070076277,17
442,"b00100000001000000000000100000000011000000001100110000100010011000001110010000011",0,2624.4950665254096,"b01001000001010100001000001000000001010010000010010000000000001111000011100000000",12,12,0,0,0.8454729500718337,171.06731654549623,438.35650524427894,4.527138848296318,17
443,"b01000000001111100000001001000000001000010000000010000000000001101000011100000000",0,6585.873028556653,"b01001000001010100001000001000000001010010000010010000000000001111000011100000000",5,3,0,0,0.8010169410105855,241.96210074144565,323.09238967084326,5.555741286032054,17
444,"b00000000000000000000000000000000000111100000110110000000000000000000000000000000",0,11603.08480091101,"b01001000001010100001000001000000001010010000010010000000000001111000011100000000",16,5,0,1,0.703663160782026,209.33706527238633,131.09409354402612,0.9140514327912606,18
445,"b00000000100000010000000000000011111000001101000000000000000000000000000000000000",0,2695.617020590124,"b01001000001010100001000001000000001010010000010010000000000001111000011100000000",13,4,-1,-1,0.7256544952455595,362.7634308115268,390.08714443063013,3.8453998956801883,18
446,"b01001000001000000000000001000000001000010000011010000000000001111000010001000000",0,8162.2376668103,"b01001000001010100001000001000000001010010000010010000000000001111000011100000000",6,2,0,0,0.8413602261738711,142.1549124789347,152.13784893026752,0.790795156759721,18
447,"b10000000110000001111000000000000001000010111100000010010000000000000000000000000",0,1988.657517862231,"b01001000001010100001000001000000001010010000010010000000000001111000011100000000",11,7,0,0,0.9883159125552586,313.7851630678651,324.2348247043448,2.3731207409323396,19
448,"b00000000000000000100000000010011100000001100110000000011000011111100000111100000",0,2550.827804696197,"b01001000001010100001000001000000001010010000010010000000000001111000011100000000",12,14,1,-1,0.7399856595033927,122.69942507754648,13.202063245621938,3.1912675768867214,19
449,"b00000001000000110100000010010100000001000111000000000110001000001101100000000000",0,3854.6395918699154,"b01001000001010100001000001000000001010010000010010000000000001111000011100000000",13,12,0,1,0.7664624964834178,129.6807512845394,404.5093403753259,3.7690118567792372,19
450,"b00000000000100000000000001101000000011110000000010000000000000000000000000000000",0,3153.5908949518976,"b01001000001010100001000001000000001010010000010010000000000001111000011100000000",15,5,-1,1,0.704306047745871,130.48909000454822,427.03615339637406,2.739959914705591,19
451,"b00000001000001101100000100000000000000000000010000000000100111111000110000000010",0,2758.8472785531035,"b01001000001010100001000001000000001010010000010010000000000001111000011100000000",13,11,0,0,0.9401783064645184,364.2899533587424,19.327621160827068,3.52394623508495,19
452,"b00000000000011100000000011000000000111100000000000000000000100000110010000000000",0,2006.5645821548237,"b01001000001010100001000001000000001010010000010010000000000001111000011100000000",14,8,0,1,0.775950921633798,419.57536628503175,464.4053964339909,5.08414461088731,19
453,"b00000000000000000100000000001000000000110011010001000111110001010000000100000000",0,1651.2164073238687,"b01001000001010100001000001000000001010010000010010000000000001111000011100000000",14,11,1,0,0.8030059076189288,392.94665731575486,339.27953567546734,0.8006082897764591,19
454,"b00000000000000000011000011000000000000000000010000000110000000000000000000000000",0,5287.182565989422,"b01001000001010100001000001000000001010010000010010000000000001111000011100000000",16,4,0,1,0.708447284517249,306.76040698135887,202.19562425322732,3.892047384161584,19
455,"b11010000000110100000000011000100001111110000010000000010000101011000001100000000",0,3694.6252912928085,"b01001000001010100001000001000000001010010000010010000000000001111000011100000000",6,10,0,0,0.9395786068045296,483.9070450998642,219.2714379297651,5.295687245649956,19
456,"b00000000000000000000100000000000001000010000000110000000000001111000000100000000",0,3147.7981764407186,"b01001000001010100001000001000000001010010000010010000000000001111000011100000000",11,2,1,0,0.791444126809437,417.5942012468106,206.90780010462979,0.5227140767073701,19
457,"b00100000000001000000000100000000000111000000110000000000000000000000110000000000",0,5759.40689652171,"b01001000001010100001000001000000001010010000010010000000000001111000011100000000",16,7,0,1,0.7216571341849598,258.207791047078,344.36192421164094,1.860741283788149,19
458,"b00000000110000011110000000000001001000001010010000000010000000001011010000010000",0,6492.738473872443,"b01001000001010100001000001000000001010010000010010000000000001111000011100000000",5,3,0,0,0.9058431956772113,34.193285571404225,278.94661328914674,3.4630365646569032,19
459,"b00110000000000000000000000000000000000000000000001010011001111100000110100000000",0,1221.9394662937739,"b01001000001010100001000001000000001010010000010010000000000001111000011100000000",15,10,0,0,0.995955895560298,421.09324514130014,55.85359637413496,6.316156496384052,20
460,"b00000000000000000000000100000001001000000011100000111101100000000110000000000000",0,3513.6177906284447,"b01001000001010100001000001000000001010010000010010000000000001111000011100000000",15,10,1,-1,0.7097186451644399,329.610216866917,377.0929578358659,3.907996793558217,20
461,"b00001000110000011100110000000001001100000011111000010000000001000000000000000000",0,3477.4373336398,"b01001000001010100001000001000000001010010000010010000000000001111000011100000000",10,9,-1,0,0.7829044758074005,408.4259722916754,169.33848832681272,0.5287371014213083,20
462,"b00000000000010100000001011000001110110000010001000000000000000000000000000000000",0,2264.601507008012,"b01001000001010100001000001000000001010010000010010000000000001111000011100000000",15,8,-1,-1,0.7479026250897409,301.88337440676605,1.3011282344540842,4.934802128945357,20
463,"b01011000001110100000001001000000001010010000011111000000000000111000011100000000",0,5310.634589850735,"b01001000001010100001000001000000001010010000010010000000000001111000011100000000",2,6,0,0,0.8915823722598192,275.1453436844091,285.15084346648183,0.6539792902674672,20
464,"b00000000000000000000000000000010001110000011111000001000000000000001000000000000",0,2475.9028680064803,"b01001000001010100001000001000000001010010000010010000000000001111000011100000000",16,8,0,-1,0.7539775235485175,330.5479489555594,14.220953585724565,4.861501723139633,21
465,"b00000000000000000000000000000000000001110000011110000000000001100000000000000000",0,3643.4598017436406,"b01001000001010100001000001000000001010010000010010000000000001111000011100000000",14,4,0,1,0.6968712618987414,301.08249655455836,486.73866518025056,0.9671368820709694,21
466,"b00001101000000111000000001110001000111000001000000000000000010000000000000000000",0,2397.555658775833,"b01001000001010100001000001000000001010010000010010000000000001111000011100000000",15,11,-1,0,0.7264454864015076,290.7735702553409,190.68483805192113,2.4385792260899106,21
467,"b00010000000000000000010101100001000010000001000000000000000000000000000000000000",0,2467.2839000631384,"b01001000001010100001000001000000001010010000010010000000000001111000011100000000",17,6,-1,-1,0.791403674066799,40.568291502238004,501.89593027963883,4.880522848354614,21
468,"b00000100100000011110000000000001000000001001010000000010000010000001000000010010",0,7251.67208774821,"b01001000001010100001000001000000001010010000010010000000000001111000011100000000",5,1,0,0,1.0789930818305158,53.93540922208542,144.25831657972742,1.0580842580865017,21
469,"b00001000000001100000000111100000011110000000000000000000000000000000000000000000",0,4244.798363607381,"b01001000001010100001000001000000001010010000010010000000000001111000011100000000",14,6,-1,-1,0.7580977755734819,216.62208548257516,351.49012714037957,3.77781563187907,22
470,"b00011000000001000000111101000000101100000000110100000000010000000001000000000011",0,2402.354341647242,"b01001000001010100001000001000000001010010000010010000000000001111000011100000000",15,14,0,0,0.7912604996166219,243.97139226867236,150.71973721966995,5.9758275759887205,22
471,"b11000001001000001100000111110000001111100001011110000001110000001111100000000010",0,1334.9925150314907,"b01001000001010100001000001000000001010010000010010000000000001111000011100000000",10,21,0,0,0.7945456614631532,443.8223915394841,77.2759102187428,3.665320890482521,22
472,"b10000000100110000010000000001000000110110000010010000010001101111000001100100000",0,3394.9458869103246,"b01001000001010100001000001000000001010010000010010000000000001111000011100000000",8,11,0,0,0.8040985938289577,92.88281175021129,505.1777649632388,5.058949079119225,22
473,"b00000000000000000011000000000011101000001111111100000000000100000000000000000000",0,4030.142116355513,"b01001000001010100001000001000000001010010000010010000000000001111000011100000000",13,9,0,0,0.7631246297804004,156.53735660890334,350.93512419616286,4.02896118198537,22
474,"b00000000000000001000000001001000000000000001000010011010000100000000110000000000",0,3340.0417852841456,"b01001000001010100001000001000000001010010000010010000000000001111000011100000000",15,7,0,1,0.7578673438599755,197.6230199396918,237.42557817941687,1.0954674003189615,22
475,"b00000001110000010100000001000000000000001000111000111011101001101000000000000000",0,2022.607380732563,"b01001000001010100001000001000000001010010000010010000000000001111000011100000000",12,13,0,0,0.885908403024621,358.0549116605066,331.81349786901194,1.6071436656039941,22
476,"b00000000100010001000100000011010000000111001110000111100000011100000000110000000",0,1967.6942510945933,"b01001000001010100001000001000000001010010000010010000000000001111000011100000000",13,16,0,0,0.8242606652591296,64.85001615622234,437.7752074225988,4.109612440507599,22
477,"b00000000001000000000000000000000000000000011110000000000000000001011000000010000",0,4405.812791777042,"b01001000001010100001000001000000001010010000010010000000000001111000011100000000",14,4,1,-1,0.7465636860296717,144.20619582674848,398.0798525618749,3.236455086837577,22
478,"b00000000000001000000001101000001001110000000000000000000000000000000000000000000",0,2696.3566295551873,"b01001000001010100001000001000000001010010000010010000000000001111000011100000000",16,5,-1,-1,0.7643521976740754,76.85826273916716,443.2929233181614,4.2041751640008,22
479,"b10000000001110000000100000110000000011000000000000000000000000000000000000000000",0,2591.000410281146,"b01001000001010100001000001000000001010010000010010000000000001111000011100000000",16,6,-1,-1,0.7800433980119394,464.2795841254943,260.4165349410752,5.846523979872517,22
480,"b00100000001110111000111111100001111100010000110000000001001000000001100000000100",0,3201.540899307187,"b01001000001010100001000001000000001010010000010010000000000001111000011100000000",12,20,0,0,0.848656836949989,340.2491140204398,243.32748990577971,1.693994023450545,22
481,"b00000000111000010010000000000001011100000000010000000010000010000001000000010010",0,6674.6632994358115,"b01001000001010100001000001000000001010010000010010000000000001111000011100000000",6,2,0,0,0.8494430111427023,315.16357764898845,278.2257765383696,4.376155263744881,22
482,"b00000000001000000000001000000001100000000110000000001101000011100101001100000010",0,2503.3051515931265,"b01001000001010100001000001000000001010010000010010000000000001111000011100000000",13,11,1,-1,0.7778824155630567,179.68097651476867,329.211240573572,5.768602534196862,23
483,"b01110010000001100000000111000000010010000000000011000000001000000001000000000000",0,2222.5424619627393,"b01001000001010100001000001000000001010010000010010000000000001111000011100000000",14,10,-1,0,0.7812093523427922,450.0405080687392,260.88161538058546,3.1018028235807122,23
484,"b01001000000010100001001011101000001110000000000110000011011000011000000010100000",0,4640.53233393918,"b01001000001010100001000001000000001010010000010010000000000001111000011100000000",8,12,0,0,0.8385119874223242,303.7598592644064,435.09997115880907,3.255051944309428,23
485,"b00001011000000000000000000000000000110000100011101010010000110111000011101000010",0,3311.36655433367,"b01001000001010100001000001000000001010010000010010000000000001111000011100000000",10,13,0,0,0.9312996676617448,168.08441664951022,382.47237347352853,3.672999332359027,23
486,"b00000000000011000000000000000000000000000000000000000100001000111001100001000011",0,2144.969214500544,"b01001000001010100001000001000000001010010000010010000000000001111000011100000000",17,10,1,1,0.7521625387198556,20.61134658916751,26.533904068199714,3.869555671528327,23
487,"b00000011000000000000010000000011001000001100000000000000000000000000000000000000",0,2369.711749768308,"b01001000001010100001000001000000001010010000010010000000000001111000011100000000",16,5,-1,-1,0.7110247730782155,355.48360540927985,2.2322715751006412,2.4017088244567257,23
488,"b00000000001000011000000010011000001001000001000100000000011000000000000000000000",0,4541.931482183472,"b01001000001010100001000001000000001010010000010010000000000001111000011100000000",14,7,-1,0,0.7203609972330732,280.6647697696395,366.0178064589047,1.3974647282142991,23
489,"b01000000001000010000000001100100000010110000000000011010000001111000110101000000",0,2172.931516038095,"b01001000001010100001000001000000001010010000010010000000000001111000011100000000",8,9,0,0,1.0487608373231017,392.86426542099207,37.25824353361783,3.05437831198486,23
490,"b00000000100010010000001011100100001000000000000001011100000111111000001000000000",0,2315.4938961382895,"b01001000001010100001000001000000001010010000010010000000000001111000011100000000",11,12,0,0,0.8571752087304767,462.22249892643714,160.0984805374442,0.9880740963100181,23
491,"b11100000000010000000000000100000000101000000000011000000010000000001000000000000",0,2598.8103307545693,"b01001000001010100001000001000000001010010000010010000000000001111000011100000000",16,8,-1,0,0.7283018526511581,130.05235927464093,115.11850678524102,1.2306917138175235,23
492,"b00000000000000000010000000001000010000010001001010010001110001101000000011000000",0,4215.5084394840615,"b01001000001010100001000001000000001010010000010010000000000001111000011100000000",14,11,1,0,0.752057292888769,401.3748685857301,100.23258883158366,2.7580374611565484,23
493,"b00000000000001001110000100100000001100000000011010010001001011101000011000000000",0,2166.421458332842,"b01001000001010100001000001000000001010010000010010000000000001111000011100000000",11,12,0,0,0.7958530577865643,274.7526014193421,473.3238670058301,3.325944607556676,23
494,"b00000110100000011110000000000001100000000000110000000011000001000000010000000001",0,3905.475841390061,"b01001000001010100001000001000000001010010000010010000000000001111000011100000000",10,7,0,1,0.7630353292387375,335.30826532653487,240.1611324073489,1.680052153453294,23
495,"b10000000101000000010000000000000001110100000001110000000001000000000000000000000",0,4357.856777693315,"b01001000001010100001000001000000001010010000010010000000000001111000011100000000",15,8,-1,0,0.7526926916280321,56.7610788293488,154.1076999842667,2.8643190280609856,23
496,"b01100001010000000001000000000000001011101101110100000100000000000000000000000001",0,2174.1077128787274,"b01001000001010100001000001000000001010010000010010000000000001111000011100000000",14,12,0,0,1.0334516475498192,299.90365591038005,442.77714444288387,6.274392844406331,23
497,"b01000000001000000001000001000000000010010000011101010000100001111000001100000000",0,4898.536694801624,"b01001000001010100001000001000000001010010000010010000000000001111000011100000000",6,5,0,0,0.9057720759498661,206.1506659643637,478.89878199300364,5.875676841931043,23
498,"b00000000000000000000000011000000000000000000011000000011110000111000000000000000",0,2647.761785876344,"b01001000001010100001000001000000001010010000010010000000000001111000011100000000",14,6,1,0,0.7733673335638637,506.48570523047295,489.92864174396334,4.9925392712742145,23
499,"b10000000000000001000010000010011101001111110000000011001110000100000110000000001",0,1273.5976980048167,"b01001000001010100001000001000000001010010000010010000000000001111000011100000000",14,18,0,0,0.940820596893018,194.4196900496726,171.57156179643786,1.9906284530222975,23
500,"b00000000000000000000000000001000000000010000010000000011100000110000000010000000",0,3031.408511569568,"b01001000001010100001000001000000001010010000010010000000000001111000011100000000",15,5,1,1,0.7597528334158431,466.9985680325187,59.71848525314371,3.915923009211708,23
501,"b10000000000111110010000111000000000000010000000000001111000001111000000100000000",0,4755.737163441098,"b01001000001010100001000001000000001010010000010010000000000001111000011100000000",10,11,0,0,0.7917581124083657,426.00909556874785,256.52505332399346,4.248499413414826,23
502,"b00000000000000000000000011000000011111000000001111011101001001111000100000000000",0,1652.7185970415542,"b01001000001010100001000001000000001010010000010010000000000001111000011100000000",11,13,0,0,0.7469983942409351,486.68642641665105,342.5157039210842,0.6897591107996773,23
503,"b01000000000110000000001001001100001110000000111001000001000000000000000100000000",0,3049.131326691551,"b01001000001010100001000001000000001010010000010010000000000001111000011100000000",12,9,0,0,0.7881837083969677,308.162647315476,155.52731884517422,6.100046525884327,23
504,"b00000000000000000010000000000000000001011110011100011011010001101000000110000000",0,1378.4484158158537,"b01001000001010100001000001000000001010010000010010000000000001111000011100000000",13,13,1,0,0.8279413904159103,429.62477648027937,411.0315859200873,6.0395716779707165,23
505,"b00000000000001000010000111000000011000110001000010011100000001010000000001000000",0,1810.7818905051993,"b01001000001010100001000001000000001010010000010010000000000001111000011100000000",13,11,0,0,0.8165394854390705,495.0390300689403,143.23415167870886,3.0384594073665685,23
506,"b00000000000000000000000000000000000010000000000110000011001000110100000000000000",0,3842.315182365518,"b01001000001010100001000001000000001010010000010010000000000001111000011100000000",15,5,1,1,0.7147316744855415,206.23944354079285,184.3648682765697,5.291138253099822,23
507,"b11000000000001000000000000100000000011000000010001110001100001111000000000000010",0,2292.2728403151414,"b01001000001010100001000001000000001010010000010010000000000001111000011100000000",12,10,0,0,0.819850462330649,324.3990107448279,15.692943855895642,1.5336691622782717,23
508,"b00000000100000011110000000000000000000000000100000000011100010000111000000000110",0,4576.941403757151,"b01001000001010100001000001000000001010010000010010000000000001111000011100000000",9,5,0,0,0.7728806756259906,41.31346474463071,186.1395738510136,3.02821214816814,23
509,"b01000000000110000000010000110100000001110000110000000000000100000000010000000000",0,2635.6450943791424,"b01001000001010100001000001000000001010010000010010000000000001111000011100000000",14,9,-1,1,0.7526832425986316,66.29514914189576,183.9715872385161,1.9431931736767605,23
510,"b00000000001000000011110001000011001000001001000100000001010000000101100000000000",0,3955.4723760712895,"b01001000001010100001000001000000001010010000010010000000000001111000011100000000",11,9,0,0,0.7918356345566857,248.84655512458178,234.27257717208357,3.1334400610534394,23
511,"b00000000001000000000000011000001001100000100111000001100100001110000000100000000",0,1861.731237651863,"b01001000001010100001000001000000001010010000010010000000000001111000011100000000",11,9,1,-1,0.7389985124750631,429.952185878469,340.58020112146784,5.140759911491836,23
512,"b00000000100001000000100110000000001001000011010000000100000000000000000000000000",0,2656.1987782359006,"b01001000001010100001000001000000001010010000010010000000000001111000011100000000",15,7,-1,0,0.7274476455292344,184.11271423585788,46.305465921129134,2.425388465598208,23
513,"b00000000010000010011100001010001000000000111010100100111111000000000111100000000",0,3198.6691033863603,"b01001000001010100001000001000000001010010000010010000000000001111000011100000000",11,16,0,0,0.8826512814613107,309.68534021123395,293.4890141740182,1.0590800509905751,23
514,"b01101000000011100000000101000100001100000000111001000001000001111000001100000000",0,3491.833813327067,"b01001000001010100001000001000000001010010000010010000000000001111000011100000000",6,9,0,0,0.8366025598024116,463.74440452001426,281.31663505214334,3.809427485707972,23
515,"b00000000000000011100000101100001111110000000000000000000000000000000000000000000",0,5163.60351555496,"b01001000001010100001000001000000001010010000010010000000000001111000011100000000",14,7,-1,0,0.759347526597129,139.04266941389363,305.84535543568194,1.1841944711688677,23
516,"b00000000000000000000000001000000001111000001111100000101000000000000000000000000",0,3341.470559861562,"b01001000001010100001000001000000001010010000010010000000000001111000011100000000",15,8,0,0,0.6990740641049427,69.55286217226161,199.00746572538637,1.5872394885153307,23
517,"b10000000001000000000000000000000001100000011110000001110000000001000000000000000",0,3505.1517202088785,"b01001000001010100001000001000000001010010000010010000000000001111000011100000000",14,7,0,-1,0.755490256264617,384.09998889679605,101.6758086508893,1.4770373549823508,23
518,"b10010110011011011111000110000000010010000001001101000110010100001100000000011000",0,3011.8094571546553,"b01001000001010100001000001000000001010010000010010000000000001111000011100000000",9,19,0,0,1.0862580739075907,283.5092251268349,472.9762338820095,5.505801630143183,23
519,"b00001000001011011000010001100000101010100011001110000000000000000000000000000000",0,2989.371196452553,"b01001000001010100001000001000000001010010000010010000000000001111000011100000000",12,11,-1,0,0.7449575962649813,192.54689042561256,218.01809787472206,5.916118169954071,23
520,"b00000000000000001100000111000000001110000000000000000110000000000000000000000000",0,5293.160087721613,"b01001000001010100001000001000000001010010000010010000000000001111000011100000000",15,6,-1,0,0.7247141962380853,59.27351961141904,374.9147630997139,4.122629361007281,23
521,"b00100000000001000000000101000000000000100000001010000010011000000001000000000000",0,3703.617526637664,"b01001000001010100001000001000000001010010000010010000000000001111000011100000000",17,9,0,1,0.735464203455018,62.712502476339104,346.3430153006938,1.9857039237776766,23
522,"b00000000000000000000000000000000010000000011010000000011100000000000000000000000",0,2765.8706513143616,"b01001000001010100001000001000000001010010000010010000000000001111000011100000000",16,4,1,-1,0.6958993867933833,15.158798932207986,251.49852178072135,2.2853735748598343,23
523,"b00000000000010000000001001100000111100000101110000000000000000000000000000000000",0,2441.0887703252874,"b01001000001010100001000001000000001010010000010010000000000001111000011100000000",15,8,-1,-1,0.7361971427305426,424.95117115885415,142.104407039388,5.590109638102557,23
524,"b00000000100001011000111011001100001110000010111000000000000000000000000000000000",0,2910.060026501629,"b01001000001010100001000001000000001010010000010010000000000001111000011100000000",14,13,-1,0,0.7528939104745412,200.9721073619581,101.86235159790544,3.690229235054643,23
525,"b00011000000001100000001100001100110000010000000111000110000000000000101000000000",0,4403.356592281214,"b01001000001010100001000001000000001010010000010010000000000001111000011100000000",14,13,0,0,1.2250782143364565,28.525950078118253,154.95169560210772,3.321300384834638,23
526,"b00000000000000000000000001001100000111110000011110000001000000101100000000000000",0,1913.6134685479285,"b01001000001010100001000001000000001010010000010010000000000001111000011100000000",12,9,0,1,0.7399335128319343,277.3251930844749,506.07845150116435,0.34458215440051,23
527,"b00000010000000001011000001101000000000001000100000100101000000000001000000010101",0,1795.743434504158,"b01001000001010100001000001000000001010010000010010000000000001111000011100000000",14,11,0,0,1.093010665029749,18.008794315405574,400.29379227892605,2.6664424113333953,23
528,"b11000000000000011000001000111100010001110011000000000100000001011000000000100000",0,2988.3899204371673,"b01001000001010100001000001000000001010010000010010000000000001111000011100000000",14,15,0,0,0.9988260625798729,201.95023718607953,49.67266475340449,0.4338838168459168,23
529,"b00001000001011000000000010000000001110010000011100000000101000001100001100100000",0,2461.8164504362658,"b01001000001010100001000001000000001010010000010010000000000001111000011100000000",9,9,0,0,0.9137270526223104,504.9092911463951,312.6815614880141,1.1342424508477524,23
530,"b00000000000000000000000000001000000000111101011011000010000100101000000110000000",0,3615.660711553076,"b01001000001010100001000001000000001010010000010010000000000001111000011100000000",13,10,1,0,0.7903042005616063,355.57410064011975,378.8054483479889,2.964658419972438,23
531,"b00000000000001000000000000001000001011100011000000000000000001000000000000000000",0,4147.440670627536,"b01001000001010100001000001000000001010010000010010000000000001111000011100000000",16,6,0,0,0.7564441168878784,74.74550961635684,100.45169097380432,2.076434141851992,23
532,"b00000000000000000000000111000000000110010000001100000001000001111000001110100000",0,4292.473783031943,"b01001000001010100001000001000000001010010000010010000000000001111000011100000000",10,8,1,0,0.7714456804159752,76.19633564589891,5.826045677802669,1.7256093953233276,23
533,"b00001001000000110000000000000000001000000000010000100011010000000010110100001000",0,3875.5777087125307,"b01001000001010100001000001000000001010010000010010000000000001111000011100000000",13,9,0,0,0.9343722998542311,264.21791275610605,203.29127923878858,4.560760535263606,23
534,"b00000000000000000000000000000100010000000001111000011111000001000110000000000000",0,4718.417030198401,"b01001000001010100001000001000000001010010000010010000000000001111000011100000000",15,10,1,0,0.7599741537347389,408.19782222755174,425.00689042776025,2.5135183773317076,23
535,"b00001001000000111100000000000000000000000011100000000110000000001000110000110110",0,2393.0243467752616,"b01001000001010100001000001000000001010010000010010000000000001111000011100000000",11,10,0,0,0.8425291291187635,26.85604677292651,396.6901808299464,3.6794555886159257,23
536,"b00000000000100110000000110101000010110110000000010000010001101111000001100000000",0,4583.582754964618,"b01001000001010100001000001000000001010010000010010000000000001111000011100000000",9,12,0,0,0.7843087664927106,112.93112679700495,469.4973003119077,0.6881951210595201,23
537,"b00000000000001000001000011001100101000010010000000001100000001100000000000000000",0,2108.6060580750627,"b01001000001010100001000001000000001010010000010010000000000001111000011100000000",13,8,0,1,0.8167461411648024,451.0257228911487,169.8602498629116,2.3820407768295384,23
538,"b00000000000000000000000001100000000110000000000000000000000000000000000000000000",0,3929.714980765138,"b01001000001010100001000001000000001010010000010010000000000001111000011100000000",17,2,-1,-1,0.6936241209779416,478.98677371018397,188.85314575100168,4.636422069843297,23
539,"b01100000000001100000110001000000001110000000010101000011001100000001000000000000",0,3336.98273100378,"b01001000001010100001000001000000001010010000010010000000000001111000011100000000",13,12,-1,0,0.813382245633183,389.4654415461397,247.01402657759317,0.04309221378778691,23
540,"b00000000000000000000000000000011000111001000111000000001100000100100000000000010",0,1969.0008237320742,"b01001000001010100001000001000000001010010000010010000000000001111000011100000000",16,11,0,-1,0.7551174767677731,398.7265092321414,322.5642637281693,5.860913446738918,23
541,"b00000000000100000000110000000000000000001010000000101000000000010011100001000110",0,4562.796260087496,"b01001000001010100001000001000000001010010000010010000000000001111000011100000000",16,11,1,-1,0.7452671696457835,35.3338913495142,285.8293347162186,5.005895872204188,23
542,"b10000000000000100100000010011100000110000111000000001110000000001000000000100000",0,1915.6489556091908,"b01001000001010100001000001000000001010010000010010000000000001111000011100000000",16,14,0,0,0.9025699073233948,438.7441126556093,7.647196484560047,1.4445468936105086,23
543,"b01101100001000000000000001000100001110000000011000000000000001110000011101000000",0,4903.731045708639,"b01001000001010100001000001000000001010010000010010000000000001111000011100000000",6,6,0,0,0.952555464173057,260.0739113010772,174.7721753098649,6.287930502506766,23
544,"b00000000000000000000001101000001011100010000001011000000000001100000000000000000",0,4313.889654348013,"b01001000001010100001000001000000001010010000010010000000000001111000011100000000",13,7,0,1,0.7370398043706349,84.94276529636936,448.98485557583797,4.00364835794014,23
545,"b00000000000000000010000001011000010001000000000011000000000001100000001000000000",0,3316.189769193685,"b01001000001010100001000001000000001010010000010010000000000001111000011100000000",14,6,1,0,0.7881772778768353,179.5698707353605,67.58654052594706,5.083526511617943,23
546,"b10000001101000001100011000000000111000000000100010000010010000000001000000000000",0,4026.4966907283224,"b01001000001010100001000001000000001010010000010010000000000001111000011100000000",12,9,-1,0,0.7424063280067557,10.331537279705149,375.80580540094905,4.155933233838008,23
547,"b00000000001000110000000000110000010000000001000001000010001000001100100000010000",0,2648.19952976557,"b01001000001010100001000001000000001010010000010010000000000001111000011100000000",13,8,0,0,0.800288242429414,368.6134206922672,385.3410806651718,1.1238986370509152,23
548,"b00000000100001100110000111001100000000010000000000011100000011100000000000010000",0,1121.1825996158764,"b01001000001010100001000001000000001010010000010010000000000001111000011100000000",14,13,0,0,0.8418006759692119,449.09627345420796,463.8640322125824,1.0410542789134105,23
549,"b11000000001000000000000000001100101000000010000000000010000000001000010011000000",0,2041.702938812443,"b01001000001010100001000001000000001010010000010010000000000001111000011100000000",15,9,0,0,0.9985156632745651,149.71245636100983,36.33858753101633,2.3114681636350163,23
550,"b10000000001100110011000110011000000100110000000011001110000001010000001100000000",0,2720.2650243748767,"b01001000001010100001000001000000001010010000010010000000000001111000011100000000",10,14,0,0,0.7616684455503445,34.087756497819974,424.72002902680475,3.2342215708520534,23
551,"b00000000000000011000000011100000001100000000011100000000010000000000110000000000",0,4408.144977885413,"b01001000001010100001000001000000001010010000010010000000000001111000011100000000",14,8,0,1,0.7393175368929895,269.3227265815305,497.47510256764446,4.7335896389735,23
552,"b00000000000000000000000000000000000000000000110010000000001100000000000000000100",0,4675.691163374269,"b01001000001010100001000001000000001010010000010010000000000001111000011100000000",17,4,1,1,0.7209044894403467,205.95093243363974,115.18221446051113,4.8783429814144785,23
553,"b11000000001101100000010111000001000100000000000011100000011001000011000000000000",0,1943.6943650725498,"b01001000001010100001000001000000001010010000010010000000000001111000011100000000",13,14,0,0,0.7835151659974292,411.7379901026581,113.5719191221395,2.0860125177375695,23
554,"b00000001000000000010000000101000011011000000011100000000000011000000001100000000",0,1911.6933734285806,"b01001000001010100001000001000000001010010000010010000000000001111000011100000000",13,9,0,0,0.7940320556718736,261.71426936800697,411.7071248613701,0.5107647630710224,23
555,"b00000000000000000000000000001000000100100000001010000000000001111000001100000000",0,4612.902361591373,"b01001000001010100001000001000000001010010000010010000000000001111000011100000000",12,4,1,0,0.7680459276447026,319.29896557848036,445.60736238214065,1.7392248206023053,23
556,"b00001000000000011000000000100001111001101101000000000000000000000000000000000000",0,3809.8217279583405,"b01001000001010100001000001000000001010010000010010000000000001111000011100000000",13,7,-1,-1,0.7483074873820916,22.13626861107706,235.54413659952544,5.540061835056575,23
557,"b10000000001000000010001100000000000000000000010000000100000000000000000000000000",0,1722.6566544610769,"b01001000001010100001000001000000001010010000010010000000000001111000011100000000",16,4,0,-1,0.757978097231701,349.6200623300985,240.60033730275728,4.350115406293136,23
558,"b00000000010000000000010001100101000101101100011100000110000001110000000000000000",0,3578.933942063353,"b01001000001010100001000001000000001010010000010010000000000001111000011100000000",14,14,0,0,0.7594951702670913,330.267793574836,252.49938004620347,0.10606848304507349,23
559,"b00000000000000000000000000000000000110000010011100000000000000000000000000000000",0,1810.319706113385,"b01001000001010100001000001000000001010010000010010000000000001111000011100000000",17,4,0,-1,0.7029430961512719,127.47162548007438,231.16837644364722,3.9941591689231752,23
560,"b00000100111000011110000000000001100000001001010000000011000011000001100000000000",0,5748.684852700335,"b01001000001010100001000001000000001010010000010010000000000001111000011100000000",5,5,-1,0,0.8421895279811022,86.62703492052168,279.2686004108485,0.7402785682155184,23
561,"b00010000000011010000000001110000000000000000001110000000011100000000110000000000",0,3458.2498212858113,"b01001000001010100001000001000000001010010000010010000000000001111000011100000000",15,11,0,1,0.7310802551957023,186.68251830034768,215.87143744772416,0.41371357518571683,23
562,"b01001000001010000001001001000000000000010000010011000000000000101000010100000000",0,5346.529060541959,"b01001000001010100001000001000000001010010000010010000000000001111000011100000000",6,2,0,0,0.9197145022005119,28.179381108198818,501.1568549993403,2.1765450389403984,23
563,"b00000001000000000101000010000000001100000000011100001011000000001001110000000100",0,3068.724560988252,"b01001000001010100001000001000000001010010000010010000000000001111000011100000000",13,11,0,1,0.7378742348840112,77.01627110009483,102.50832264678573,0.03363593319184868,24
564,"b11000000001101100000011100000000111011000001000010000001100000000011000000000000",0,3765.6385108229083,"b01001000001010100001000001000000001010010000010010000000000001111000011100000000",13,14,-1,-1,0.766798677787619,91.55042398577582,269.8679783334481,3.5566713201559645,24
565,"b01001000000000000000000011000000000000010000000000000000000001111000011101100000",0,5634.8257897391095,"b01001000001010100001000001000000001010010000010010000000000001111000011100000000",8,3,0,0,1.26024112594982,439.2880411113808,244.01302194195594,3.0363210470016204,24
566,"b00000110000010111000000111000000010000000001000000000111110000110001111000001000",0,1581.7151020370388,"b01001000001010100001000001000000001010010000010010000000000001111000011100000000",12,16,0,0,1.0615245710003163,444.1381080771557,101.27823198708249,4.700559805109547,24
567,"b00000000000000000000000000000001100010000011000000000100100000000000000000000010",0,2302.001538062748,"b01001000001010100001000001000000001010010000010010000000000001111000011100000000",16,5,1,-1,0.759273427518182,417.9816804318312,307.0346867556688,4.319976036825709,24
568,"b00010010000000101000000000000000000100000000001111001000101011011000010101100001",0,2104.655952764053,"b01001000001010100001000001000000001010010000010010000000000001111000011100000000",12,14,0,0,0.872824795511165,478.2795324813295,267.4223339425337,6.113651723692037,24
569,"b01000000000000000000000000000000001000010000000000000000000000000000000000000000",0,6072.65928515658,"b01001000001010100001000001000000001010010000010010000000000001111000011100000000",16,0,-1,0,0.7404692165610878,483.39212371120936,170.4748627237913,6.2109858369921795,24
570,"b00100000000111000000010001000000000000000000000010000000001000000000100000000000",0,1681.0826729472928,"b01001000001010100001000001000000001010010000010010000000000001111000011100000000",16,6,0,0,0.7494532376861066,12.333227886970866,119.13580758231026,1.6587538541682916,24
571,"b00000000000000000000000011000000001110000001011000001100000000000000000000000000",0,5598.316203629155,"b01001000001010100001000001000000001010010000010010000000000001111000011100000000",15,6,-1,-1,0.73131342432066,410.6237683020279,421.54124279859695,1.0901809355717222,24
572,"b01000000000000000000000100111100000001110000000000000000000000000000000000010000",0,2872.9997612834695,"b01001000001010100001000001000000001010010000010010000000000001111000011100000000",17,8,0,1,0.8664833787234408,179.4070406690056,398.5055946406612,4.417348114324592,24
573,"b00000100110000001110110001000001000100000110011000010001100001100010000000001110",0,2644.1112472688383,"b01001000001010100001000001000000001010010000010010000000000001111000011100000000",11,16,0,0,0.9154575991333471,461.66764641277274,382.01669642395194,3.6523115503971737,24
574,"b01001000001010100000001101000100011110000000011110000011000001110000000011000000",0,3358.1077150788815,"b01001000001010100001000001000000001010010000010010000000000001111000011100000000",6,11,0,0,0.8125290170060392,239.33154478328615,106.1869409351547,2.514674644077699,24
575,"b00000000000000000000001011000000001010000000110000011000000001101000010000100000",0,5276.506558750876,"b01001000001010100001000001000000001010010000010010000000000001111000011100000000",11,6,1,0,0.8892666206728587,5.987142407913367,177.30944162031614,5.011061045952816,24
576,"b00000000000000000000000000000000000100000000010010000000001000000000000000000000",0,3250.594319051043,"b01001000001010100001000001000000001010010000010010000000000001111000011100000000",17,2,0,1,0.7385478536732777,476.96920075963754,75.43864802155453,2.559412208967615,24
577,"b00000000000000000000000001000000011000000001100001000100000000000000000001000010",0,6390.270420487078,"b01001000001010100001000001000000001010010000010010000000000001111000011100000000",16,6,1,0,0.7461558065050214,91.90948549845572,31.43231419011166,2.1965573591493333,24
578,"b00000000000000000000000000000000000100000011110000110000000000000000000000000000",0,3081.1115900327973,"b01001000001010100001000001000000001010010000010010000000000001111000011100000000",17,5,1,-1,0.7001605300370672,213.761519606621,382.56583948127883,1.1601203125601396,24
579,"b00001000000000110000000000011100001111000001101100000000000000000000000000000000",0,3052.764955171213,"b01001000001010100001000001000000001010010000010010000000000001111000011100000000",15,10,-1,1,0.7218072686980908,144.59894447519545,174.333033896661,3.6160455618678276,24
580,"b10000000001010000011011010001100100011100100001000011000000000100100000000010000",0,806.2914827959768,"b01001000001010100001000001000000001010010000010010000000000001111000011100000000",14,16,0,0,0.932772552963193,396.51161494451514,393.19481707512216,0.4652563930730512,24
581,"b01100000001011110001001001000001111111000000011010000000000000000000000000000000",0,3974.7529976914907,"b01001000001010100001000001000000001010010000010010000000000001111000011100000000",9,10,-1,0,0.7449523808929346,255.45346503742093,124.86616718217653,4.645861936220113,24
582,"b00000000000100000100000000000000001100000000000000000000110000000011000000000000",0,2323.855737618461,"b01001000001010100001000001000000001010010000010010000000000001111000011100000000",16,5,1,1,0.7581713870578839,157.99736240793607,261.5348274889331,3.6160522000992765,24
583,"b00010010000001101000000011001100000110100000000100000000001010010000001011000000",0,2704.3973549786033,"b01001000001010100001000001000000001010010000010010000000000001111000011100000000",14,14,0,0,0.7666321298302761,302.67068640382917,187.46725620467473,5.429596112139874,24
584,"b00000000010000001111110000000000011000000111111000010001000000000001100000001001",0,2505.5800854473764,"b01001000001010100001000001000000001010010000010010000000000001111000011100000000",11,13,0,0,0.990832402862432,486.72557772122894,421.6525001284224,1.0197647342481124,24
585,"b00000000001000000000000011010000001111000000111000000100000000110000000000000000",0,6136.067309061749,"b01001000001010100001000001000000001010010000010010000000000001111000011100000000",12,7,0,-1,0.7474823129148388,486.4992419968129,104.8036994047736,4.034975048582545,24
586,"b00000011100000000000000000000010001100011011000000010100001100111000001000010000",0,4440.916300563305,"b01001000001010100001000001000000001010010000010010000000000001111000011100000000",13,13,0,0,1.3282844177273454,59.42624919716697,383.82590898911633,3.8424749511271763,24
587,"b00000000001100110010001010000000001110010000001110111011000001111000010000000000",0,3225.340287236173,"b01001000001010100001000001000000001010010000010010000000000001111000011100000000",8,13,0,0,0.916731883011952,407.3122460972056,473.59196721621635,0.2652665076053365,24
588,"b00000000000000000011000000001100001000000011100000000110000000000000100000000000",0,3558.798389639725,"b01001000001010100001000001000000001010010000010010000000000001111000011100000000",15,7,0,1,0.762588205733887,455.96064832622915,283.92284963619164,3.766837664066759,24
589,"b01000000001010000000000000000000000100100000011100000110100101111000001110000000",0,4238.392292816283,"b01001000001010100001000001000000001010010000010010000000000001111000011100000000",9,9,0,0,0.8160889872099264,270.79815200515185,126.19983110502612,6.260682968488788,24
590,"b01001000001010000001000101000000001110000000111110000101010001010000111000000000",0,4790.777319224535,"b01001000001010100001000001000000001010010000010010000000000001111000011100000000",5,9,0,0,0.821580567851908,249.29646572176063,423.16306034238755,4.886212365253265,24
591,"b00000000000000000000010010000100110000010000000000000000001011111100010100000001",0,2891.235612628852,"b01001000001010100001000001000000001010010000010010000000000001111000011100000000",12,9,1,0,0.8739256500016054,340.8388422229019,319.91200065850916,1.157948294825253,24
592,"b00000010110000001000010001100001001000000000000100100100011001000010100000001100",0,1671.6239636567532,"b01001000001010100001000001000000001010010000010010000000000001111000011100000000",14,14,0,0,1.081471658442426,41.057815850931014,371.5228126122521,5.31427206610635,24
593,"b00001000000001100010000111100000000100010000110000011010000000000000000000000000",0,2866.40327658552,"b01001000001010100001000001000000001010010000010010000000000001111000011100000000",14,10,-1,1,0.8038793751791924,80.86350630555948,446.4387154127253,0.43787581046080937,24
594,"b01001000000010010000000001001000001100010000011100000000010001111000001100000000",0,5885.9873063738305,"b01001000001010100001000001000000001010010000010010000000000001111000011100000000",6,6,0,0,0.7992776394594368,329.93409962963943,419.7645796097213,6.311856107327394,24
595,"b10000000001000000000000000000000011000000000010000000001111000110011000010000000",0,1092.4303113340688,"b01001000001010100001000001000000001010010000010010000000000001111000011100000000",14,9,0,-1,0.8084551839210845,425.9710709688956,336.47324601558216,3.6879364582168472,24
596,"b00000000000000001000000100010010110110101100010000110000000001000000000000000000",0,5710.257255815664,"b01001000001010100001000001000000001010010000010010000000000001111000011100000000",16,12,0,-1,0.7325795427951266,416.2491581205688,9.662583323055609,-0.26450087906658226,24
597,"b10101000000010110000000011000000001000110000011111011110000011111000000000000000",0,2868.7956118993816,"b01001000001010100001000001000000001010010000010010000000000001111000011100000000",7,13,0,0,0.8368623639072571,371.9431601557672,465.086291711112,1.3923094715260633,24
598,"b01000000001001000000000000000000000001010000000110011110001101111000001100000000",0,4223.910779206619,"b01001000001010100001000001000000001010010000010010000000000001111000011100000000",9,9,0,0,0.8533484279346459,211.4962145417983,479.15537119519735,1.0724394211166794,24
599,"b00000000000000000000000000000000000110001000011000000000000000010000000000000000",0,2182.9415443595244,"b01001000001010100001000001000000001010010000010010000000000001111000011100000000",16,3,0,-1,0.7186449869135215,79.32845469029346,281.36415391880143,2.5620064350619396,24
600,"b00000000000000000000000000000000011000000001111000000011100000000100000000000010",0,5795.082863152843,"b01001000001010100001000001000000001010010000010010000000000001111000011100000000",13,5,1,0,0.7254902261401571,493.7105214471254,469.4153651682249,3.741352590828754,24
601,"b00001000000011100001001000100000001010010000000000000000000001011000011001000000",0,4388.700152790454,"b01001000001010100001000001000000001010010000010010000000000001111000011100000000",7,4,0,0,0.8642774855175929,273.2946856755541,61.21062436305348,0.09652000027111718,24
602,"b00000000001011100000000010000000001110010000000000001010000101111000010100000000",0,4109.367031115126,"b01001000001010100001000001000000001010010000010010000000000001111000011100000000",7,6,0,0,0.9942859121568426,386.0579524221052,304.05226803054,5.4556062665946365,24
603,"b01001000001010000001000001000000001000000000000010000000000001110000010101000000",0,6158.827902240857,"b01001000001010100001000001000000001010010000010010000000000001111000011100000000",6,1,0,0,0.9000367028872789,17.776640075409485,450.52242799621257,5.337181436452583,24
604,"b00000000000000001111000000011100000011110001111111000011110001111000000000000000",0,2995.5301167290345,"b01001000001010100001000001000000001010010000010010000000000001111000011100000000",10,17,0,1,0.7775008344680036,461.1719498635689,259.38342180578877,3.4825439312084177,25
605,"b01001000001100000000000001100100000010000000000011000000001011111000011110000000",0,4091.0770709518465,"b01001000001010100001000001000000001010010000010010000000000001111000011100000000",6,7,0,0,0.8977714864794729,367.6854446800939,504.308781861892,4.6825345981372095,25
606,"b00001100000000110000000010000100011000000000000000000001100000000000001010000000",0,2480.3890859129933,"b01001000001010100001000001000000001010010000010010000000000001111000011100000000",15,8,0,0,0.8785909759143425,282.67942480776907,125.75592899011866,4.234102021921473,25
607,"b00000000000000000000000010000000001111000000001100000000010001000000000000000000",0,2632.634005600132,"b01001000001010100001000001000000001010010000010010000000000001111000011100000000",16,6,0,1,0.7484363624052408,333.1166446702387,159.2827058440043,1.8226159824293036,25
608,"b00001000000000100000000000100000100000110000000001000000000000000100000100000100",0,4569.61788601945,"b01001000001010100001000001000000001010010000010010000000000001111000011100000000",15,6,0,1,0.8986579591741602,451.12772568974225,65.44553001906962,4.954278393990853,25
609,"b01000000001100000000010000000000100000001001010000000110000000000100100000000010",0,2237.007253602238,"b01001000001010100001000001000000001010010000010010000000000001111000011100000000",12,6,0,-1,0.7925783859072191,147.4230474016787,457.9645695385937,2.111935709829275,25
610,"b00000000000110000000001001000000001110000000000000000001010000000000000000000000",0,5929.969847032662,"b01001000001010100001000001000000001010010000010010000000000001111000011100000000",15,5,-1,-1,0.7302465702419214,188.4097676404564,446.4590928416787,2.9906650097863925,25
611,"b00100000010010010001000001100000000000110001000000011110000111010000001000000000",0,1401.2007554847105,"b01001000001010100001000001000000001010010000010010000000000001111000011100000000",12,12,0,0,0.8733920294149524,403.7996004598109,62.47152667924512,3.738689000998465,25
612,"b01001000001011100000000110000000001110010000011111000001101000000000001100000000",0,4497.123043758298,"b01001000001010100001000001000000001010010000010010000000000001111000011100000000",7,10,0,0,0.8643201518918393,125.5865020534777,443.57190535599915,4.017383514943917,25
613,"b00000000000000000000000010100010010000001001100000000011100000000011000000000000",0,3250.3896396521623,"b01001000001010100001000001000000001010010000010010000000000001111000011100000000",15,8,1,-1,0.7621944137340532,249.06340384663685,491.04961452974675,2.187804770868317,25
614,"b01001000000011000000000001000000001010010000001011000000000001110000011100000000",0,6480.080644360752,"b01001000001010100001000001000000001010010000010010000000000001111000011100000000",5,3,0,0,0.8653100652759103,310.26366993324285,370.7204171361602,4.082005151925271,25
615,"b00001000010000100001000011100100001000110010010000000000001000000000000000000000",0,2633.205823830875,"b01001000001010100001000001000000001010010000010010000000000001111000011100000000",12,7,-1,1,0.7476400442793522,215.30119545410517,90.06645352298882,6.056962364515835,26
616,"b00000000000000000000111000000001000000000011011000000110100000010011100000000011",0,2671.2842981512167,"b01001000001010100001000001000000001010010000010010000000000001111000011100000000",13,11,1,0,0.7860051149847201,422.20157686977615,459.8115224185144,2.7367306322541407,26
617,"b01001000000010000001000000000000000110010000011010000000000011111000011100000000",0,5516.032434950313,"b01001000001010100001000001000000001010010000010010000000000001111000011100000000",4,3,0,0,0.8763626383017628,401.014773817942,88.77462915075382,4.136073954795888,26
618,"b00000000000000001010000000110011000000000100010000001011000001001100000000000000",0,3643.4462379083175,"b01001000001010100001000001000000001010010000010010000000000001111000011100000000",13,8,0,0,0.7449916994482888,128.9381637332757,492.060843333191,5.367556708652282,27
619,"b00000000000000000000000000000100000000000000010000000000000000110000000010000000",0,3847.177480576667,"b01001000001010100001000001000000001010010000010010000000000001111000011100000000",16,2,1,1,0.7271795053058608,441.07827030678027,28.089257937685154,1.3570044637681897,27
620,"b00000001100100000100011100100001000000011111000011111100000111010000101000000010",0,1332.0325746501956,"b01001000001010100001000001000000001010010000010010000000000001111000011100000000",12,20,0,0,0.995276959452723,370.5209109609787,483.7142833929375,3.7420582396710858,27
621,"b00000000110000011110100000010000000000001000000000000000000000000101010000000000",0,5006.940776192567,"b01001000001010100001000001000000001010010000010010000000000001111000011100000000",9,2,0,0,0.8371652585041662,409.0909820568981,317.2304363937162,6.190739530377655,27
622,"b00100000000011110000000011100000000110100000011010010110000101111000011000000000",0,3051.0140478247895,"b01001000001010100001000001000000001010010000010010000000000001111000011100000000",7,12,0,0,0.8165536281920852,333.5851393007807,2.914887517294194,2.9566150311118173,27
623,"b00010000000001000000001100001011000000000000000111000010000000000010001000010000",0,1423.1682578008154,"b01001000001010100001000001000000001010010000010010000000000001111000011100000000",16,11,0,0,1.0357340246261013,106.80456790863903,152.3469978597262,2.7762245550161744,27
624,"b00000000000000000000000011011100000010000000111000001110000001100000000110000000",0,3147.283783556817,"b01001000001010100001000001000000001010010000010010000000000001111000011100000000",13,10,1,0,0.748406014031019,27.91043399748255,69.89545080216205,0.5867838086576398,27
625,"b00000000000100000000010000000001000110000111011111000110011100000001000000000110",0,1726.590060860927,"b01001000001010100001000001000000001010010000010010000000000001111000011100000000",13,15,1,0,0.893542215783748,453.1649691199519,398.2672168807734,5.58622659550263,27
626,"b00000000001000000001000001000000001010010000010100000000000000110000011101100000",0,5523.685813108688,"b01001000001010100001000001000000001010010000010010000000000001111000011100000000",7,3,1,0,0.9842791164338285,36.077229548837536,309.6378390410236,1.3759694504051012,27
627,"b11000000001000110001000111000000000110100000100001011110000111111000001000100000",0,2799.5306371752554,"b01001000001010100001000001000000001010010000010010000000000001111000011100000000",8,15,0,0,0.946176698614939,435.90964280155447,12.459017251757546,2.0621255808462866,27
628,"b00001000000110100000000110000000110000000011000011000100001000000000000000000000",0,3228.7842034526975,"b01001000001010100001000001000000001010010000010010000000000001111000011100000000",15,10,-1,0,0.8532772553149673,400.6485101093393,114.67111119064347,2.745887301283574,27
629,"b00000000000000111110000000000000101100001001100100000011011101000000000000000000",0,3600.9875844515896,"b01001000001010100001000001000000001010010000010010000000000001111000011100000000",11,10,0,0,0.832018004033579,309.2976954650879,13.806273599267007,1.387468449489258,27
630,"b00001000001011010001000001000000001110000000001010000000000001111000111000000000",0,5689.905372470506,"b01001000001010100001000001000000001010010000010010000000000001111000011100000000",5,5,0,0,0.8308302761197845,290.5891017204001,461.80406271395276,4.0044450120869115,27
631,"b00000000100000000100000000000100011100010000011100000001110001000100000000000000",0,1817.9233635872038,"b01001000001010100001000001000000001010010000010010000000000001111000011100000000",14,10,0,1,0.745003260837773,161.38777647767932,438.93928879321754,6.167874239432573,27
632,"b00001000001010000000000100000000001110010000000110000000000111110000011100000000",0,6681.2632775604625,"b01001000001010100001000001000000001010010000010010000000000001111000011100000000",6,5,0,0,0.8565849002312931,184.5167148702285,7.280588824696401,1.9353560193349892,27
633,"b00000000000010000000000000000001000000000000001000001110110000111001110000000000",0,3368.5456373710567,"b01001000001010100001000001000000001010010000010010000000000001111000011100000000",14,9,1,1,0.7716861477355837,244.2842860338538,168.88313235922888,2.4872837979096727,27
634,"b00000000000000000010000000000000000001000000000000001111000001100000000110000000",0,3273.8215939281863,"b01001000001010100001000001000000001010010000010010000000000001111000011100000000",16,7,1,0,0.7793594467017642,405.9247561057052,12.521818447540694,3.9468757010722557,27
635,"b10000000101000100010000011001000001100010000000000000000001111110000000101100000",0,2355.776439372941,"b01001000001010100001000001000000001010010000010010000000000001111000011100000000",10,11,0,0,0.9534850018543424,466.6470927765575,159.58621335258118,5.057428297849805,27
636,"b01001000000000100001000001000000001010000001010110000010000001101000011100000000",0,6448.970211817661,"b01001000001010100001000001000000001010010000010010000000000001111000011100000000",4,3,0,0,0.835199859975913,4.890164070643685,283.40664502911943,1.1810573948334129,27
637,"b00000000000110000000000000000011000000000000010000000001100000000011000000000110",0,2635.777922182794,"b01001000001010100001000001000000001010010000010010000000000001111000011100000000",15,7,1,0,0.7560448094815115,20.016489081375852,12.206213153851992,3.6510656540297157,28
638,"b00000001110001001111000111000001001000000011000000000110000000001100000000000000",0,3287.2103133848786,"b01001000001010100001000001000000001010010000010010000000000001111000011100000000",9,9,-1,0,0.7798724987728807,142.63927642213943,391.466825892046,4.25828236262801,28
639,"b01000000001100010000100001000000000100000000000000000010111000000011110000001000",0,1913.8509929189213,"b01001000001010100001000001000000001010010000010010000000000001111000011100000000",14,11,0,0,0.7757487820571639,413.4497498278065,254.42210990141322,3.6815095858762827,28
640,"b00000000000000110001011001000000100010010011010000001100000000010000000000000000",0,5117.286430453867,"b01001000001010100001000001000000001010010000010010000000000001111000011100000000",12,8,0,1,0.744941933779096,305.2760903657099,29.474940105402478,0.2989516939374291,28
641,"b01000000000000010000000010010000001111010000111101000000110000000000000000000000",0,3176.2869089840597,"b01001000001010100001000001000000001010010000010010000000000001111000011100000000",14,11,0,1,0.7136215480121526,212.44534211520403,122.6096619269221,3.386178401068019,28
642,"b00100000000000000000010001100000101101100000000111000000001000000011000001000000",0,1532.805622764392,"b01001000001010100001000001000000001010010000010010000000000001111000011100000000",16,13,0,1,0.8582301867181952,488.48194027405276,280.94333465787986,2.7791108020395803,28
643,"b00001000000000100000000010110000001111000001100000000010000000000000000000000000",0,3013.2365290713733,"b01001000001010100001000001000000001010010000010010000000000001111000011100000000",15,8,-1,0,0.7150633449029699,309.76605798170357,437.06936089515364,4.568364362651161,28
644,"b01001000001000000000000001000000000010010000010010000010000001101000010100100000",0,6716.125680727575,"b01001000001010100001000001000000001010010000010010000000000001111000011100000000",6,2,0,0,1.0864099926673263,242.3941736266944,481.00060064750807,5.688727537248607,28
645,"b01000000001010100000000011000000000110110000010110000000001011110000010100000000",0,5809.2760587879275,"b01001000001010100001000001000000001010010000010010000000000001111000011100000000",5,6,0,0,0.8425625632496667,281.4816279025417,58.389916092695664,4.588794903097154,29
646,"b00000000100000000010000000000100100000010011111100000110110000001000000000100000",0,2120.5698121307123,"b01001000001010100001000001000000001010010000010010000000000001111000011100000000",16,14,0,1,0.7234036195035377,27.5267056834941,141.88239740431862,1.0750942989970218,29
647,"b11000000001110000000001100000000001100000000010000000000100100000011010000000100",0,2873.3443670667334,"b01001000001010100001000001000000001010010000010010000000000001111000011100000000",14,11,0,0,0.8019439453623891,425.5378343551911,59.64914769276431,4.956493566350488,29
648,"b00000000000000000000000001110000001110000000000000000000000000000000000000000000",0,3662.368557410111,"b01001000001010100001000001000000001010010000010010000000000001111000011100000000",16,3,-1,0,0.7672026461057776,411.3151825375563,430.0427000911438,5.4803421970047,29
649,"b00010000000001000000000100000001100000000010000000000000011100110001101001000100",0,1857.5975815580803,"b01001000001010100001000001000000001010010000010010000000000001111000011100000000",16,13,0,0,0.9496148134162877,369.3654857274731,290.1674261912072,0.7379286366700573,29
650,"b00000000000000000100000000111011110011010100000101000000000000000000000000000000",0,2461.2652057388295,"b01001000001010100001000001000000001010010000010010000000000001111000011100000000",17,12,-1,0,0.7942599938322719,481.44058828612964,198.73798658067474,5.188409175189479,29
651,"b00000001000000000011010000011000000000001110110000000010000001011100000000110000",0,2937.5653166747297,"b01001000001010100001000001000000001010010000010010000000000001111000011100000000",13,12,0,0,0.8685903118825692,431.2997778763327,346.84908003812205,0.8972803918824628,29
652,"b00110000001011000000000011000000010000000000101100000100011001000001110001000000",0,1303.4866554456023,"b01001000001010100001000001000000001010010000010010000000000001111000011100000000",14,14,0,0,0.8367490051880896,410.74236375727844,130.99444807177494,0.7439541082189689,29
653,"b11001000001011100001000001100101111010011110100000010000000000000000000000000000",0,2422.005907505075,"b01001000001010100001000001000000001010010000010010000000000001111000011100000000",9,12,-1,0,0.7938399871796574,321.1575857383837,43.016586302498,5.219293376735584,29
654,"b00000000000000000000010000000011101000000100100000000011000110000000011000000000",0,2808.9713313765633,"b01001000001010100001000001000000001010010000010010000000000001111000011100000000",14,8,0,0,0.8387884106006077,181.75319781419708,33.531561228124104,0.5916825170203711,29
655,"b00100000000000000000001100000011110000000000000000000000110000000001100000000011",0,2124.7660225468294,"b01001000001010100001000001000000001010010000010010000000000001111000011100000000",16,10,0,0,1.067761709401151,296.952589528762,127.35598934703692,2.089099386190624,29
656,"b00000000001000000000010001100011001110001001100000000010000000000000000000000000",0,2287.3116252069917,"b01001000001010100001000001000000001010010000010010000000000001111000011100000000",13,7,-1,-1,0.7214618017216335,248.23478727986776,22.146127617912796,5.63078050344347,29
657,"b00000000000000000000000000000000100100000011110000000000000000000000000000000000",0,2936.4139414435786,"b01001000001010100001000001000000001010010000010010000000000001111000011100000000",17,4,0,-1,0.7165775330122045,289.56295477175246,4.586119672274834,2.9671007187182696,29
658,"b00000000000000000000000000000001001100001100011000110001100000000000000000000000",0,8105.028187062215,"b01001000001010100001000001000000001010010000010010000000000001111000011100000000",15,7,0,-1,0.7071922356556258,287.0171059571233,197.3340058863534,-0.18928012893310603,29
659,"b11000000000010000011001100000000011010010000110110000011001000110000111101000000",0,3785.5191718497254,"b01001000001010100001000001000000001010010000010010000000000001111000011100000000",6,12,0,0,0.8636009947566299,466.2100471503336,331.1676002158004,4.141617262522639,29
660,"b00000000011110111010000010000000110010010111100000110000000000100000000000000000",0,1673.519692441962,"b01001000001010100001000001000000001010010000010010000000000001111000011100000000",13,14,0,0,0.8161799083675092,406.83227756542294,372.3095557382247,4.214164914206617,29
661,"b00000000000000000000000001010000000111001111011000001001100001000011000000000000",0,2424.3184567804974,"b01001000001010100001000001000000001010010000010010000000000001111000011100000000",15,13,1,-1,0.7490548689860478,170.5019288484698,207.08133015318427,0.20469956040333545,29
662,"b00000000000000000000001100000000110010000001100000000110000000000000000000000001",0,5014.944008992128,"b01001000001010100001000001000000001010010000010010000000000001111000011100000000",17,8,1,0,0.728648947699456,390.12226776399103,124.90350636331131,5.891019436882963,29
663,"b00000000000000000000000000000011100000000111110000000000000000000000000000000000",0,5853.988670167175,"b01001000001010100001000001000000001010010000010010000000000001111000011100000000",16,5,0,-1,0.7082033873434037,54.240426689203325,430.0319223409256,0.6969365632126752,29
664,"b00000000100010000000000010101100011100000000110000010110000111010000000001000000",0,1062.496465810744,"b01001000001010100001000001000000001010010000010010000000000001111000011100000000",14,14,0,0,0.8855502788606155,430.2370768947411,15.540769382705161,2.7597487908167397,29
665,"b01001000001010010001000100000000000010000000011000000000000001111000011101000000",0,6313.273304974081,"b01001000001010100001000001000000001010010000010010000000000001111000011100000000",5,4,0,0,0.8416704717329543,78.2009341833289,189.72704320401897,4.710846044522016,29
666,"b00000000000011000000000110010000001101000000010001000000000000000000110000000000",0,1853.9038482823607,"b01001000001010100001000001000000001010010000010010000000000001111000011100000000",15,8,0,1,0.7560575525018879,369.7919981719532,480.5194887165171,5.50172760566266,29
667,"b00000000000100000000010000000001100110001110001000010000000001000000000000000000",0,1298.7787467404007,"b01001000001010100001000001000000001010010000010010000000000001111000011100000000",17,10,0,-1,0.7823037106318437,215.48434862193494,4.146251849844904,4.887149960802567,29
668,"b00000000000000000001000000000000000110001100111000000000000000000001100000000001",0,2010.0347858188377,"b01001000001010100001000001000000001010010000010010000000000001111000011100000000",16,8,0,0,0.7693955464896417,27.896815715020306,119.70065533552047,6.090587137604403,29
669,"b00000000000000010100000001111000000001000011000100001100010000001101110000110000",0,4271.379124428943,"b01001000001010100001000001000000001010010000010010000000000001111000011100000000",12,13,1,1,0.7348382653889467,62.38688853617734,290.06130416390283,4.573533859030413,29
670,"b00000001100000110100001011111000111100000111100000000100000000001100000000000000",0,3072.0098604586938,"b01001000001010100001000001000000001010010000010010000000000001111000011100000000",13,16,-1,0,0.7353148266519101,108.17331603729689,23.28005495475071,4.073929049907207,29
671,"b00000001000000000000000000001100110110000111111100111111001101000000010100000000",0,1154.7221511197702,"b01001000001010100001000001000000001010010000010010000000000001111000011100000000",15,21,0,0,0.8168392608738161,481.66120854453436,145.00531006828186,3.926776882259145,29
672,"b00000000000000000000000000000000000000000001110000000011100000000010000000000000",0,5057.103350903431,"b01001000001010100001000001000000001010010000010010000000000001111000011100000000",16,4,1,0,0.702531564569635,321.3043287656741,252.00386199496074,3.5053371116814693,29
673,"b11000000000010000000000011000000001110110000001010000000011001010000000100100000",0,4254.507919799909,"b01001000001010100001000001000000001010010000010010000000000001111000011100000000",9,8,0,0,0.7942348608118636,5.897062849280034,173.0080836077735,4.235512423008821,29
674,"b01001000000000111000000101010010011111000001010000001010000000000001100000000000",0,3550.4552902539226,"b01001000001010100001000001000000001010010000010010000000000001111000011100000000",12,13,0,0,0.7308863323702481,228.53990800524392,400.52323280466953,0.4550546165942889,29
675,"b00000000110000000110000001010000000110000011111000110101100011001100000000010000",0,5325.434694261252,"b01001000001010100001000001000000001010010000010010000000000001111000011100000000",10,14,0,0,0.770455095575256,167.22547470694164,279.0785373705432,2.7247582885184016,29
676,"b00000100000010011000010000000000000111000001111000000100000001100000000000000000",0,4239.993765015763,"b01001000001010100001000001000000001010010000010010000000000001111000011100000000",14,10,0,0,0.7982609627463859,385.03128172196784,70.44877356073009,4.145025888923942,29
677,"b00100000000010000000001000100000110010110011000011000010011100000000000000000000",0,2046.9038356241795,"b01001000001010100001000001000000001010010000010010000000000001111000011100000000",15,13,-1,1,0.7532780646978017,357.1966352245938,145.52763889527293,2.3930516127712917,29
678,"b11000000000000010000000011000000100011100011001111000100000000011000000000100000",0,2116.7471841867327,"b01001000001010100001000001000000001010010000010010000000000001111000011100000000",13,13,0,0,0.8554130305233862,498.16126728134583,163.30117164421543,4.942005426826604,29
679,"b10010000000000100000100001100000000110000000011000000000000000000000000000000000",0,3561.179237768045,"b01001000001010100001000001000000001010010000010010000000000001111000011100000000",15,6,-1,0,0.7438021106806068,211.38924014285843,211.34716611111898,2.391835439647317,29
680,"b00000000000000000000000001000100100110010000010010000000000000111000010001000000",0,3591.030040610951,"b01001000001010100001000001000000001010010000010010000000000001111000011100000000",10,4,1,1,0.7377112566596512,37.52352128416101,269.05066254392426,3.958957538098989,29
681,"b00000000000001000001000010000000001100010000011001000110010000100000000000000000",0,2368.0686612239133,"b01001000001010100001000001000000001010010000010010000000000001111000011100000000",14,8,0,1,0.7540898256474967,295.017448361808,118.22615985618289,2.050740222299363,29
683,"b00000000000000000000101000000100011000010000110010000000000101111000001100100000",0,4183.817279165423,"b01001000001010100001000001000000001010010000010010000000000001111000011100000000",9,7,1,0,0.8594426243462627,499.3738915783566,255.8214041342128,5.159912245052952,29
684,"b00000000000000000011000000000000001000100000101110000010000000010000000000000000",0,2695.2801963964575,"b01001000001010100001000001000000001010010000010010000000000001111000011100000000",15,6,0,1,0.7105719796623969,56.07467919564845,393.14067693938784,6.23956429209948,29
685,"b00000000000000000000010010000001101100100011010011000000000000000000010000000000",0,3565.1485817957077,"b01001000001010100001000001000000001010010000010010000000000001111000011100000000",15,9,0,1,0.7515788787448431,119.76908467565386,294.5972987622527,4.81066262281403,29
686,"b01001000000110100000101011000100101100000000111001000001011000010000100000000010",0,2394.2827469265035,"b01001000001010100001000001000000001010010000010010000000000001111000011100000000",11,15,0,0,0.882161109288087,312.12680033272983,27.64704392431715,5.2144184532245195,29
687,"b00000000000000111110000000000011000000001001010000000110000010000001000000000010",0,5391.597705614095,"b01001000001010100001000001000000001010010000010010000000000001111000011100000000",7,3,0,-1,0.7559312176298604,305.58563592142207,108.11791821124842,4.555542958136669,29
688,"b00000000000110000000011011100011111100000000010000000000100000110011000010000000",0,2783.3211425665977,"b01001000001010100001000001000000001010010000010010000000000001111000011100000000",15,16,0,-1,0.7600650939255578,442.61807933666086,19.872182304005563,1.1799087018924168,29
689,"b00000000000000000000001100000011111100000000100000000000000000000000000000000000",0,3932.5817366790648,"b01001000001010100001000001000000001010010000010010000000000001111000011100000000",17,7,-1,-1,0.7194588421403377,217.3255185678119,198.9840177953472,4.051246498619788,29
690,"b00000000000000000000000000000011000000100101000001000100000000011010000000001100",0,4571.276906316236,"b01001000001010100001000001000000001010010000010010000000000001111000011100000000",17,10,0,0,1.0327322840146635,94.76170459664642,341.30985297644963,1.478274337920473,29
691,"b00000001100000000100001100000010001101001011110100100111000010000000000000000000",0,2275.9659983766314,"b01001000001010100001000001000000001010010000010010000000000001111000011100000000",11,12,0,-1,0.827474735739728,485.1194158977335,350.16678332091817,6.122795816538254,29
692,"b00100000000010000000000001100000001110000001100000000000000000000000000000000000",0,9046.830094836769,"b01001000001010100001000001000000001010010000010010000000000001111000011100000000",15,5,-1,0,0.7139753466378549,139.03144786389439,28.497258601779684,5.585625118353644,29
693,"b00000000010000000001000101001100011101100100011000010000010000100000000010000000",0,1846.5587198181354,"b01001000001010100001000001000000001010010000010010000000000001111000011100000000",14,13,0,0,0.7593746590584665,61.690954858253164,489.949981291441,5.147592367858765,29
694,"b00001000100001100000000010000100011001100000000000000010000001110000000100000000",0,4300.172309167343,"b01001000001010100001000001000000001010010000010010000000000001111000011100000000",12,8,0,0,0.7964640283426709,110.01683020516239,503.8766729875484,0.773549004193433,29
695,"b00100000000110000001000000001100001000110000000001000000000000001000110000100000",0,3939.3731850362865,"b01001000001010100001000001000000001010010000010010000000000001111000011100000000",13,8,0,1,0.8000313271019606,470.12582913512443,450.651451797671,0.45867538543332964,29
696,"b00000000000010010100010011101000001100001100110000000100011100000000000000000000",0,1679.6440484749157,"b01001000001010100001000001000000001010010000010010000000000001111000011100000000",15,14,0,0,0.809197932462673,257.03478018714736,257.6412626126498,4.651153708365827,29
697,"b10000000001010000000111000000000110111000010001100000001000000001110000000000000",0,3902.154318829552,"b01001000001010100001000001000000001010010000010010000000000001111000011100000000",15,14,0,-1,0.7488230040418284,102.14797462250121,32.64534775479526,1.2872477074522357,29
698,"b00000000000000000100000001100000110110010000111100101000000000000000000000000000",0,2421.569059308142,"b01001000001010100001000001000000001010010000010010000000000001111000011100000000",15,10,0,0,0.7218302436166484,338.2505760286369,196.33815581658308,5.839768449919612,29
699,"b00000000000000000110000000000000100100000011110000000100000000001100000000000000",0,3305.612398940266,"b01001000001010100001000001000000001010010000010010000000000001111000011100000000",14,6,0,1,0.7155512589921872,161.9508357589595,164.68175736953017,4.127827237859258,29
700,"b00000000000000000100000001000000110111101000010000010000000001000000000000000000",0,1929.5511468515067,"b01001000001010100001000001000000001010010000010010000000000001111000011100000000",15,8,0,-1,0.7485221213982339,267.59000708986434,505.93919441233874,1.6160850864868093,29
701,"b00000000000000000100010000000000000000000000001001001100011100000001110000000000",0,2236.677398666414,"b01001000001010100001000001000000001010010000010010000000000001111000011100000000",16,9,1,1,0.7306050039569264,86.8823942487485,192.915705507938,3.110948324216795,29
702,"b00000000000000100010000110000001011100000111000000011000000000000000000000000000",0,3081.2925770621387,"b01001000001010100001000001000000001010010000010010000000000001111000011100000000",15,9,0,0,0.7491618258491138,291.16059978304014,373.87890329404775,2.81333953383481,29
704,"b00100000000000000000000010100100000101100000000001000110000111010000001100000000",0,2170.672379045017,"b01001000001010100001000001000000001010010000010010000000000001111000011100000000",17,14,0,0,0.9304651664352943,192.75771010336484,436.6575357035882,3.981445256030333,29
705,"b00000000000000000000000011000000011100000000001000000000000000000000000000000000",0,2544.1946459445376,"b01001000001010100001000001000000001010010000010010000000000001111000011100000000",17,4,-1,-1,0.7299149310134901,233.00156049289257,191.4861149394336,0.8364285915676339,29
706,"b01000000000110011000000011000000000100000010011000001011110000000010010000000100",0,2235.538483142366,"b01001000001010100001000001000000001010010000010010000000000001111000011100000000",14,14,0,1,0.8016812655377596,363.4271367527462,180.91621880249755,5.422002883503556,29
707,"b00000101000000001100000000100011000000101010011100001101110000110010000000001001",0,1376.266951950687,"b01001000001010100001000001000000001010010000010010000000000001111000011100000000",14,18,0,0,0.8486502931284734,15.941778024648338,49.88775665333451,3.5192869692221205,29
708,"b00100000000000000000010000000010001000001100000110110000000000000100010000000000",0,2075.3711552955274,"b01001000001010100001000001000000001010010000010010000000000001111000011100000000",15,8,0,0,0.7673333789870742,258.9316827263631,127.9699739912866,3.7442125458998246,29
709,"b00000000000000000000000000000000011110000010111110010000100010000000000110000000",0,3299.9780483956088,"b01001000001010100001000001000000001010010000010010000000000001111000011100000000",14,10,1,0,0.75804503876819,111.64037934194094,201.6338601786964,0.13182835396829776,29
710,"b01100000000110000000001000000000010000000000100000010111001101001101100000000111",0,1342.7700496418506,"b01001000001010100001000001000000001010010000010010000000000001111000011100000000",15,17,0,0,0.8309136268747547,215.40748106951062,383.10343141852314,1.7061635262949524,29
711,"b00100000000000000000111000100001110000000000100000000000001100000001110000000100",0,1649.516430653087,"b01001000001010100001000001000000001010010000010010000000000001111000011100000000",16,12,0,0,0.8260023768885011,239.73866993740828,134.8329041167786,5.612978183027792,29
712,"b00000000000100100000001000000011100100000100110000000000000000000001110000000010",0,1225.9054018884149,"b01001000001010100001000001000000001010010000010010000000000001111000011100000000",14,9,0,0,0.7915410489890087,84.49142826773567,479.0176748974562,1.9855311389030503,29
713,"b00000000100000100000000010001000011101100000010000000010001101110000001000000000",0,2192.070316626901,"b01001000001010100001000001000000001010010000010010000000000001111000011100000000",12,10,0,0,0.7989798845670697,329.12460359104017,152.24268882312074,5.920596643082661,29
714,"b00000000000000110000000010000000001000000000100010000010001000000000000000000000",0,4891.588454355778,"b01001000001010100001000001000000001010010000010010000000000001111000011100000000",16,5,-1,1,0.7074204400632824,55.20002965502411,270.74818502263986,5.53484024898225,29
715,"b00000000000000010000000010010000001101000001000000000000000000000000000000000000",0,1625.271058773338,"b01001000001010100001000001000000001010010000010010000000000001111000011100000000",16,4,-1,0,0.74742087978286,474.80525373483636,404.54913783383057,1.8061131124059933,29
716,"b01001000001010110001000001000000001010000000010010000000000001110000001110100000",0,5426.816761256721,"b01001000001010100001000001000000001010010000010010000000000001111000011100000000",3,3,0,0,0.8629853100958829,224.36701410797545,391.220105045922,4.873700806941356,29
717,"b00000000000000000000000000010000000010000001111000000111000001100000001110000000",0,2555.2596359061135,"b01001000001010100001000001000000001010010000010010000000000001111000011100000000",13,8,1,-1,0.7419821676442329,83.3546770790825,84.63064445558024,4.144364969502595,30
718,"b10001000001101001101100000101100000000000000000000000000110011011000000101000000",0,2659.0786798550625,"b01001000001010100001000001000000001010010000010010000000000001111000011100000000",12,13,0,0,1.094581554402162,164.63825148511427,127.31755999517382,0.4453787410076745,30
719,"b01010000001101000000100010000000001000000000100110000011001100011110100000001000",0,1427.1101860903796,"b01001000001010100001000001000000001010010000010010000000000001111000011100000000",13,15,0,0,0.9260250126469558,476.04623888592386,458.9945879204329,5.799770662280093,30
720,"b01000000001010000000000101000000000110010000001111000000000001111000110000000000",0,4879.069558793946,"b01001000001010100001000001000000001010010000010010000000000001111000011100000000",7,6,0,0,0.8046241959744951,348.0045505986381,200.5877170202867,1.6404589786491643,30
721,"b00000000000000000000000000100000001111000000011000000001100010000000010000000000",0,5321.067302745305,"b01001000001010100001000001000000001010010000010010000000000001111000011100000000",15,7,0,0,0.7324834228810044,59.59524342100996,464.76912002465787,4.639249765187828,30
722,"b00001000000001100000000110000000110000010001000001000011111000001000001001100000",0,2990.116589500979,"b01001000001010100001000001000000001010010000010010000000000001111000011100000000",14,14,0,0,0.8706834294996942,115.65661797641722,116.3985248124304,2.8817593327250046,30
723,"b00000100000100000000000000000000000110110000001011000000000100000000000000000000",0,3137.7406116238,"b01001000001010100001000001000000001010010000010010000000000001111000011100000000",16,7,-1,1,0.7179103468160224,152.85557327270507,287.9486153853567,4.916500602760747,30
724,"b00000000001100100000001010000000011100000011110010011011001001000000100000000000",0,2588.651063341187,"b01001000001010100001000001000000001010010000010010000000000001111000011100000000",13,14,0,0,0.7723927317399772,317.1910691184819,164.40394361125607,5.021924548024961,30
725,"b01001000001010100001000010001100001111110000000010011111100111111000001100100000",0,2765.66373284191,"b01001000001010100001000001000000001010010000010010000000000001111000011100000000",3,15,0,0,0.9212596689283853,422.6639530544886,17.544876705545416,5.698658734965639,30
726,"b00000000000000010000000101100001000001000000000100001000010011000001000000000011",0,1718.406955727225,"b01001000001010100001000001000000001010010000010010000000000001111000011100000000",14,9,0,0,0.7435499484110103,311.6314770487834,185.9552713247446,1.2982682813103361,30
727,"b00000000000010000100110000000000011000000000111100011110100001110000000000000000",0,2697.635654999004,"b01001000001010100001000001000000001010010000010010000000000001111000011100000000",13,12,0,-1,0.7632868968585504,416.7082376604171,62.29371887454066,1.505644935298977,30
728,"b10001100001100000000000000011101011100000011010001000100000000100000001110001100",0,2375.4705674001007,"b01001000001010100001000001000000001010010000010010000000000001111000011100000000",12,16,0,0,1.0857554210079614,261.6589717109029,282.0715780723386,3.8498868746245734,30
729,"b00000000000000000000000000001000000011100000010010000001100000001000001100000000",0,2905.467118854608,"b01001000001010100001000001000000001010010000010010000000000001111000011100000000",13,5,1,0,0.7615163894656353,223.20832748413085,245.61041416266025,3.751536980220874,30
730,"b00000000001000000000000000000000000000001000000000000110010001000110000000011000",0,2810.4951905506728,"b01001000001010100001000001000000001010010000010010000000000001111000011100000000",14,5,1,-1,0.7607846149516054,355.4333030517323,151.07829757153635,0.2468139096434122,30
731,"b00000000000000000000011110000001001010000000000011000000000001111100011110000000",0,4309.161993160964,"b01001000001010100001000001000000001010010000010010000000000001111000011100000000",9,8,1,0,0.849438348035052,343.6164273079984,280.10826602946656,1.2416351377940904,30
732,"b00000000000000000000000000000000000010001111011000010111000000000001100000010000",0,2493.1832799433723,"b01001000001010100001000001000000001010010000010010000000000001111000011100000000",13,8,1,0,0.7785433963145737,366.0158092725716,335.72225359951807,2.878818569346441,30
733,"b00110000001011000000000000000000011000000000101110000000010011000001100010000111",0,2024.6265262827524,"b01001000001010100001000001000000001010010000010010000000000001111000011100000000",14,15,0,0,0.9845747519072668,260.3702384466851,98.66225032800945,3.7336947337057054,30
734,"b01000000000000000000000010110000001111000000000000000000000000000000000000000000",0,4502.217117646523,"b01001000001010100001000001000000001010010000010010000000000001111000011100000000",16,5,-1,0,0.713416276582167,254.91610565568797,208.4401079772577,4.454816165197078,30
735,"b00000000100000000001110010000110100101001000011100000000100000000000001001000000",0,1258.262260300988,"b01001000001010100001000001000000001010010000010010000000000001111000011100000000",16,14,0,0,0.9700033490734945,262.3688420108349,375.0603363373948,2.9422957416203115,30
736,"b00000000000000000000011000000001100000000111101000000110110000110011100010000010",0,3109.888398044541,"b01001000001010100001000001000000001010010000010010000000000001111000011100000000",14,15,1,0,0.7566281201251085,456.93726528336146,38.763445025639335,2.968080525063145,30
737,"b00000000001100000000000001000000011111110000100000000010000000000000000000000000",0,3031.8863696735016,"b01001000001010100001000001000000001010010000010010000000000001111000011100000000",14,7,-1,0,0.7333012836937935,158.57716008337678,87.09303950542767,1.3678716612917685,30
738,"b00000000000000000010000000001000111000101011110000000001000000000000000000000000",0,1998.4548868709353,"b01001000001010100001000001000000001010010000010010000000000001111000011100000000",14,7,0,0,0.7442903201891143,157.7280007881364,435.77151293534865,2.7302548163946048,30
739,"b11000000000000000000000010000000111100000010001010000000000000110000000011000000",0,1951.647408371107,"b01001000001010100001000001000000001010010000010010000000000001111000011100000000",14,9,0,0,0.787224378395131,347.4220301581344,210.03877962677717,0.1995557646895963,30
740,"b00000000010000000011000000111000000000001100000000001001000001101110000000000000",0,2276.960872128985,"b01001000001010100001000001000000001010010000010010000000000001111000011100000000",15,11,0,0,0.7816281986604292,301.7472579256435,269.1268185943763,0.8809257777350044,30
741,"b00000000101000011100000000000000001000001100000000100010000000000000000000000000",0,7657.357466543338,"b01001000001010100001000001000000001010010000010010000000000001111000011100000000",11,2,0,-1,0.7259132072591602,8.328764761563114,140.36661363551684,4.750769481161717,30
742,"b10000000001100000000111000000000011100000001010000000000110000000011000000001000",0,2696.7499206075863,"b01001000001010100001000001000000001010010000010010000000000001111000011100000000",14,11,0,-1,0.7086019235916624,18.070203734553136,270.2014645953511,1.1147228852505289,30
743,"b00000001000000001100000000010001100000000110011011001011101100010000111000000010",0,1645.1893473352698,"b01001000001010100001000001000000001010010000010010000000000001111000011100000000",12,16,0,0,0.8256886642409683,373.33489419681314,360.97920565445907,4.056940201055191,30
744,"b00000000000000001100000000000000110100001011000010110000000010000000000000000000",0,3143.923351144206,"b01001000001010100001000001000000001010010000010010000000000001111000011100000000",14,7,0,-1,0.727601312508727,250.43954202964824,488.47151352009445,4.5812876317712545,30
745,"b11000000001110000000001000000000000000000000010000110001100011000111100100001100",0,2259.5812403243754,"b01001000001010100001000001000000001010010000010010000000000001111000011100000000",14,15,0,-1,0.7567016716662333,248.90141384122927,462.5406394121346,4.006247200273109,30
746,"b00000011000000000000001100000011000000001000000000000000000000000000000000000000",0,1860.7859267762237,"b01001000001010100001000001000000001010010000010010000000000001111000011100000000",17,5,-1,-1,0.6991540516717232,82.57064628601074,286.20799969666757,4.197090638723702,30
747,"b11000000100101111100000000010000000000110010100000010000000010000000000000000000",0,2003.3866764774239,"b01001000001010100001000001000000001010010000010010000000000001111000011100000000",14,11,-1,0,0.75234380729359,235.36406342049267,339.57018831942946,4.695498426525376,30
748,"b00000110000001110000000111000000010000000000000000001100000110110000011000001011",0,1553.0035621528605,"b01001000001010100001000001000000001010010000010010000000000001111000011100000000",15,16,0,0,0.9733054141657039,357.2040894454714,233.82188945959854,2.6592686267437005,30
749,"b01000000000111100000000110000000000110001110011101011001100100000000010000000000",0,1687.5055142167203,"b01001000001010100001000001000000001010010000010010000000000001111000011100000000",13,16,0,0,0.7688612137476429,474.80016611416073,295.78559112039864,1.02435664525566,30
750,"b00000000000000000000000000001100000011000001111010001100000000110000000000110000",0,2496.0134727435234,"b01001000001010100001000001000000001010010000010010000000000001111000011100000000",14,10,1,1,0.7443241153651905,134.2325419921875,92.47245159553079,4.408358114866758,30
751,"b00000000000000000100000000000000000111000010011000000000000000001100000011010110",0,4587.130359287812,"b01001000001010100001000001000000001010010000010010000000000001111000011100000000",14,9,1,1,0.7427217234094137,36.30457610293374,185.5575631334374,4.003583257641367,30
752,"b00000010111100011000000000000011001000000010000011000010011000001000100000000000",0,4170.671727914709,"b01001000001010100001000001000000001010010000010010000000000001111000011100000000",11,10,-1,0,0.8292374295729364,38.07197439746816,479.5322930634911,3.461124677949252,30
753,"b00100000101000000010000000000001100100010111010100111001010000000000000000000000",0,1300.1925570991693,"b01001000001010100001000001000000001010010000010010000000000001111000011100000000",13,12,-1,0,0.9128927483092516,34.65586056056359,361.34200680470235,6.398952504454748,30
754,"b00000000000000000001000000011100000011010000111110000110000001110000000000110000",0,2785.327677378921,"b01001000001010100001000001000000001010010000010010000000000001111000011100000000",11,11,1,1,0.8099486773076104,404.35084800094853,56.44738827533409,3.9586201787661564,30
755,"b00000000010000001011011000000011010000000000110000100011000000000101110000010010",0,5378.555343085794,"b01001000001010100001000001000000001010010000010010000000000001111000011100000000",8,9,0,0,0.8286054564903725,97.2371457227319,188.15387336453838,1.3030678340123516,30
756,"b00000000010001000100000000000000000111000011001000000100010100010000100000000010",0,3407.985897808345,"b01001000001010100001000001000000001010010000010010000000000001111000011100000000",15,11,0,1,0.7548233355012404,309.93448830201396,241.4160743993774,4.367284829610837,30
757,"b00000000000000000000000001100000001011100000010110010000000101101000000100000000",0,3627.3237938339194,"b01001000001010100001000001000000001010010000010010000000000001111000011100000000",10,6,0,0,0.7517816049320717,17.611457212482573,375.9670593911931,4.536762846259773,30
758,"b00000000000000000000000000000000010000000001100000000110000000001001000000000000",0,4794.969350429378,"b01001000001010100001000001000000001010010000010010000000000001111000011100000000",16,4,1,-1,0.7316503123316338,415.32002708510595,84.61263849239538,5.398009892652867,30
759,"b00000000000011100000000010000000000011000000001000000000000100000000010000000001",0,3852.786989581309,"b01001000001010100001000001000000001010010000010010000000000001111000011100000000",15,6,0,1,0.780929312487473,155.16289439288906,42.21027175588988,6.249189116052383,30
760,"b00000000000110000000000000000000001110000000011110011000000000010000100000000000",0,2335.7299832949243,"b01001000001010100001000001000000001010010000010010000000000001111000011100000000",13,7,0,0,0.7483235527859371,499.27878577052815,343.18494502620644,0.39819568549759454,30
761,"b00000010000000101000000000110000000100000000000000011000000111111000000100000001",0,2557.1615505479663,"b01001000001010100001000001000000001010010000010010000000000001111000011100000000",13,10,0,0,0.8170554027464547,246.71822027936966,291.3748926437087,0.012314073781776553,30
762,"b00000000000000000000000000001000000000110000010011010000000001000000000000000000",0,3487.570690355246,"b01001000001010100001000001000000001010010000010010000000000001111000011100000000",15,4,0,1,0.7339051448062862,246.3694820689679,371.607174205304,2.075782647547272,30
763,"b00100000001100000000001010000000001000000000010000000001001000000001100000000000",0,3056.4684063963728,"b01001000001010100001000001000000001010010000010010000000000001111000011100000000",15,7,0,0,0.7278463067564178,329.56780219323855,219.82610542300782,1.0567024425787857,30
764,"b00000001000100010000110100000011000000001100010000000000001000000000000000000000",0,2588.946415833456,"b01001000001010100001000001000000001010010000010010000000000001111000011100000000",15,8,-1,-1,0.7505532470644702,304.9452139952991,396.478641326771,5.712555769053962,30
765,"b00000000001010100001000011000000001110010000000010000000000001101000011100000000",0,4413.592844046877,"b01001000001010100001000001000000001010010000010010000000000001111000011100000000",4,2,1,0,0.9058157590645753,361.79588902032197,385.33895454976096,5.047791531151091,30
766,"b00000000000000100000000001000000000111000000011000000001000001000000000000000000",0,3034.4550610754077,"b01001000001010100001000001000000001010010000010010000000000001111000011100000000",14,4,0,0,0.7851203117971847,437.8809340021995,1.9541715821218457,5.68968658597657,31
767,"b00000000001100000000011000000000000000000000010000000000100000000011000000011000",0,2966.6837054247294,"b01001000001010100001000001000000001010010000010010000000000001111000011100000000",15,6,0,-1,0.7391889890379485,67.61220012258748,140.54026318932114,0.9977488109535868,31
768,"b00000000000000001000000000010001011111001111111000011010000000100000000000000000",0,3076.4015268390776,"b01001000001010100001000001000000001010010000010010000000000001111000011100000000",12,12,0,-1,0.73861454307265,355.0750593401394,33.37200466969868,1.6805835810301057,31
769,"b00000000000001101110000110100000111010001000000000110000000000100000000000000000",0,2473.966436951505,"b01001000001010100001000001000000001010010000010010000000000001111000011100000000",14,11,0,-1,0.7565691526106479,118.09144860960485,300.56450404097546,0.5181809383604897,31
770,"b00000000000000000000000100000000011000000000100000000000001000000001110000000010",0,4648.104768065583,"b01001000001010100001000001000000001010010000010010000000000001111000011100000000",15,5,1,1,0.7450756926250296,101.97885215772925,68.28587470284941,1.2919364184739535,31
771,"b00000000000001000000001000010000110001001100000100001000011000000000110100000000",0,1628.9093317019406,"b01001000001010100001000001000000001010010000010010000000000001111000011100000000",17,13,0,0,0.8769985632586397,149.4761030948251,446.9083546704763,2.7577862967614424,31
772,"b00000000000000000000000001000000010010110011000010000001000001111100000101000000",0,5948.149330103988,"b01001000001010100001000001000000001010010000010010000000000001111000011100000000",10,7,1,0,0.752895638992017,321.35928377532343,27.44792051194849,6.338666234386952,31
773,"b00000000000000000000000000000000001000110001110000011110000000100000000010000000",0,2145.2074903958514,"b01001000001010100001000001000000001010010000010010000000000001111000011100000000",15,8,1,0,0.7337922555833574,13.578506802653408,454.2988716503521,1.8815086505845362,31
774,"b00000000000000000100000000010000001000000001110000000000000000000000000000000000",0,7101.972859152825,"b01001000001010100001000001000000001010010000010010000000000001111000011100000000",15,2,0,0,0.7160814979409837,74.71561042204031,197.83113720812605,1.9282281183806647,31
775,"b00000000110010010011000011111100001101100001101100011110000011110000001000000000",0,1995.1880481976223,"b01001000001010100001000001000000001010010000010010000000000001111000011100000000",11,21,0,0,0.8475197334843033,467.98218310066824,39.66611466782816,3.29877072071559,31
776,"b00000000000010000000000000000000000100000000110010000101011000010101000000000000",0,3293.7418161674323,"b01001000001010100001000001000000001010010000010010000000000001111000011100000000",15,8,1,1,0.7399333474940113,27.29114955154993,415.01489557842643,6.013643707798753,31
777,"b00000000000000000000000000000000100000100000000110000000011101110000000001000000",0,2959.990079646899,"b01001000001010100001000001000000001010010000010010000000000001111000011100000000",15,7,1,0,0.8879765253197054,360.9190776234277,74.11327421638595,3.5112927953756756,31
778,"b00000101110000011010000001010011000000000100000000000010001100000000000000000000",0,1941.4673259553451,"b01001000001010100001000001000000001010010000010010000000000001111000011100000000",12,8,-1,0,0.7775023691653459,140.08361898372885,314.06315012537294,1.6089976792240668,31
779,"b00000000000000000000000000001101001110110110000010000100001000011000000000000000",0,1856.7708272821674,"b01001000001010100001000001000000001010010000010010000000000001111000011100000000",13,9,0,1,0.807147912669658,123.92590621712455,501.74548306159886,5.856959514273506,31
780,"b01100000001111010000000100000000001100000000100000000011000001110001110011000000",0,1479.5468263030975,"b01001000001010100001000001000000001010010000010010000000000001111000011100000000",13,15,0,0,0.7763696102674632,504.82520959833363,133.79006980156393,3.999959507695046,31
781,"b01101000001010110000000100000000001000000000110001000001111011000010001100000011",0,3321.823329128887,"b01001000001010100001000001000000001010010000010010000000000001111000011100000000",9,13,0,0,0.8164062239055098,82.72979561853795,404.20423354580305,4.491337101650009,31
782,"b01001000001010000000000111100100011110110000001000001010000101111000001101100000",0,3883.963746682915,"b01001000001010100001000001000000001010010000010010000000000001111000011100000000",5,13,0,0,0.9778726310355661,40.83956788146027,10.269195357266996,3.2089669116350574,31
783,"b00000001110000110110000000000000000000001001000000100000010110000001000000000000",0,2246.822720887634,"b01001000001010100001000001000000001010010000010010000000000001111000011100000000",10,5,0,0,0.885062535054368,175.24127599328833,173.84578545969984,1.8550631753991742,31
784,"b00000000000000000000000010000010001100000000010000000111000000010000000000000000",0,7205.94660804928,"b01001000001010100001000001000000001010010000010010000000000001111000011100000000",16,6,0,-1,0.7242453785353128,185.0790158935929,191.19785823911567,2.012169707710731,31
785,"b00000000111100011110000000000001001100001101110000000011001001000000100000001011",0,3505.748057474196,"b01001000001010100001000001000000001010010000010010000000000001111000011100000000",5,10,0,0,0.9301755404821839,378.2275207956746,53.36559349322388,3.1871550344705444,31
786,"b00000010000000011100000001110011011000001100000000000000000000000000000000000000",0,3000.555327547241,"b01001000001010100001000001000000001010010000010010000000000001111000011100000000",13,7,-1,-1,0.7590744553820317,25.338231550460744,74.3375652801369,2.0700199233404932,31
787,"b00000000000000000010000000001000001111000000011100001000000011000000000100000000",0,2214.372255996696,"b01001000001010100001000001000000001010010000010010000000000001111000011100000000",14,8,0,0,0.7359494901059325,143.52340507629512,446.1150161772489,3.3624406902594446,31
788,"b00000000000000000000000111110001111110000111000000000000000000000000000000000000",0,2609.127433778188,"b01001000001010100001000001000000001010010000010010000000000001111000011100000000",16,11,-1,-1,0.7330172250751741,496.2311458653256,210.13695743195254,3.4594497186343314,31
789,"b00000000001111000000000000000000011010000111111000000100000000000001110000000010",0,2915.7003512316305,"b01001000001010100001000001000000001010010000010010000000000001111000011100000000",13,12,0,0,0.7745337075860143,345.17033337797636,8.078842019530281,4.679933624852731,31
790,"b00001000000001100000011110000000110000000000000001000001010100000000101000000110",0,2699.26483107868,"b01001000001010100001000001000000001010010000010010000000000001111000011100000000",16,14,0,0,1.3703674737553508,42.443187595306235,285.1955403101848,0.47995389670534083,31
791,"b00000000000000000000010100000000011000001101000000101111100000100011000000000110",0,4593.027126720245,"b01001000001010100001000001000000001010010000010010000000000001111000011100000000",13,12,1,-1,0.8151686539234684,353.0696193216536,349.0487827826055,2.2893914837321683,31
792,"b01000000001010000001001000000000000010010000011011000000000000111000001100000000",0,4346.848322193001,"b01001000001010100001000001000000001010010000010010000000000001111000011100000000",6,3,0,0,0.9434822566574564,341.2444901712051,474.0531812928233,3.2906212444252683,31
793,"b00000000000100000000100000000000000000000000010000110010000001100000000000000100",0,2423.051479712807,"b01001000001010100001000001000000001010010000010010000000000001111000011100000000",16,6,1,-1,0.7903291104488425,103.83211023462486,47.76061214710619,2.10189440120041,31
794,"b00000000000000001000001000110000011110001111110000000010000010000000000000000000",0,4297.949319304812,"b01001000001010100001000001000000001010010000010010000000000001111000011100000000",12,9,0,-1,0.726289218734462,367.35442237331443,12.36401840081256,4.084121335712936,31
795,"b00000000000000000000000000001001010010000011000000001111000101111100000000010000",0,2177.8607043842103,"b01001000001010100001000001000000001010010000010010000000000001111000011100000000",14,12,1,0,0.7597239206985684,377.7330666426774,473.6380381741367,0.9140827851237628,31
796,"b00001000000000011000000000100000011111000000000000000000000000000000000000000000",0,2957.5542297580796,"b01001000001010100001000001000000001010010000010010000000000001111000011100000000",16,6,-1,0,0.6856193202748705,1.2849970785097196,309.30232921367775,0.8878895672717888,31
797,"b00000000000000000000000000001100000000000000010000000010000000111000000001000000",0,3659.665952286007,"b01001000001010100001000001000000001010010000010010000000000001111000011100000000",15,4,1,1,0.739617126578017,456.61705644899206,332.55156404770116,1.8765236033653525,31
798,"b00000000000000000110000000000000000000000000110000011100000000000000000000000000",0,2881.866734280919,"b01001000001010100001000001000000001010010000010010000000000001111000011100000000",16,4,0,0,0.7764609279806701,462.4083054375887,157.37104872541303,4.470996714383162,31
799,"b00000000000000010000000001000000011000000000000000000000000000000011001100000000",0,3197.8355857726556,"b01001000001010100001000001000000001010010000010010000000000001111000011100000000",16,5,0,0,0.7619822576269627,184.42412671750662,131.94298235798888,1.3192945845264785,31
800,"b00001000001111110000000100100100001100000000000010000000001001000000001100000000",0,2830.209278674586,"b01001000001010100001000001000000001010010000010010000000000001111000011100000000",10,8,0,0,1.0200956671049826,253.4047395701717,443.17529345636524,4.249936937007661,31
801,"b01100000000000000000000000011000000000000000111110000000000000000000000000000000",0,2453.797329871013,"b01001000001010100001000001000000001010010000010010000000000001111000011100000000",16,6,-1,1,0.7549043249151198,262.88426690840794,215.0783134468179,3.7822519670744112,31
802,"b00000000000000000011000001100000001110000011001000000000000000000001111100000010",0,2902.2158867067947,"b01001000001010100001000001000000001010010000010010000000000001111000011100000000",13,10,0,0,0.8109550505555352,87.95819576790645,291.370810602148,4.0489142645445835,31
803,"b00000000010000000100010000010001000000000000000100000001100000001100000000110000",0,3209.227257735819,"b01001000001010100001000001000000001010010000010010000000000001111000011100000000",14,7,0,1,0.8669425817015389,201.70449777011214,430.7945786364325,1.5940781516708187,31
804,"b00000000000000000000010000110000010011100001000011000000001000000000100000000000",0,3548.9352055337254,"b01001000001010100001000001000000001010010000010010000000000001111000011100000000",17,10,0,1,0.7378173710770878,203.10227501893243,198.3790539733502,1.53585771498001,31
805,"b00000000000000000000000000001000000000000000000011011000000001110000000100000000",0,3609.423947048343,"b01001000001010100001000001000000001010010000010010000000000001111000011100000000",14,4,1,0,0.758918416260665,493.89453473129015,86.27151822231956,1.386444466304149,31
806,"b00011000011111011110011001110000000110000000111000000011110000001111000000110000",0,1945.0929111988066,"b01001000001010100001000001000000001010010000010010000000000001111000011100000000",8,20,0,0,0.972254823286826,455.3277807155577,491.1604221210112,4.508654925122157,31
807,"b00000000000000000000000000011000000000110000110000000110110001111001000100000000",0,3693.4522380376347,"b01001000001010100001000001000000001010010000010010000000000001111000011100000000",12,9,1,0,0.7873650070062325,478.4944646103577,140.8906324515729,1.0598547048234175,31
808,"b00000000100000000011000100000000000001000011100000011111100000000000000000000000",0,3223.4281080719456,"b01001000001010100001000001000000001010010000010010000000000001111000011100000000",15,10,-1,1,0.773578560841141,263.2389568819715,447.4987557936122,1.412586598867935,31
809,"b00000000000000001000000010100011000000000100000000000000000000000000000000000000",0,2598.250643755823,"b01001000001010100001000001000000001010010000010010000000000001111000011100000000",17,4,-1,-1,0.7548839718155173,373.10632771809895,89.6859992254348,2.163514202369143,31
810,"b00000000000010000000001101000000010100000000010000000000000000000000000000000000",0,5077.947011019032,"b01001000001010100001000001000000001010010000010010000000000001111000011100000000",16,4,-1,-1,0.6981221054318604,144.95845799841453,118.16877456768313,4.820662871825046,31
811,"b00000000000000000011000000101000001100000000110000001100000000011000000000000000",0,3512.10626511425,"b01001000001010100001000001000000001010010000010010000000000001111000011100000000",14,7,0,0,0.7702316896712645,5.557329791321602,359.751307529583,0.08791733596041086,31
812,"b00000000000000000100000000100000000000000000000010000110100001101000000000000000",0,3605.588995095399,"b01001000001010100001000001000000001010010000010010000000000001111000011100000000",15,5,1,0,0.7309785642132922,68.67813323257835,170.48410553537357,2.7741037985341626,31
813,"b00000000000000000100000000010011010110000001100000000010000010000000000100000000",0,3142.8850250273845,"b01001000001010100001000001000000001010010000010010000000000001111000011100000000",14,7,0,-1,0.7384803390762431,301.87067208903517,216.07319257745695,5.997455449935513,31
814,"b00000000000000000000110010000011001111000010011100001101100000000000000000000000",0,3274.4355886714416,"b01001000001010100001000001000000001010010000010010000000000001111000011100000000",16,14,0,-1,0.7182086539702678,93.64602255991284,74.7977369882581,0.6604497564899755,31
815,"b00000000000000000000000000000000000100000000011000000001111001011000000100000010",0,1956.5037726279966,"b01001000001010100001000001000000001010010000010010000000000001111000011100000000",14,7,1,0,0.7370141191433841,506.43949863723367,477.71225725318715,4.599429819328352,31
816,"b01001000001000100000001000000100000000000000001001010100000100111000000000000010",0,1737.5862639701054,"b01001000001010100001000001000000001010010000010010000000000001111000011100000000",12,8,0,0,0.9109338804304247,302.6324842763933,403.78641177732,3.2980546280422747,31
817,"b00000000000000000000000000000000000110000011110000000000000000000000000000000000",0,4885.211409111282,"b01001000001010100001000001000000001010010000010010000000000001111000011100000000",17,4,0,-1,0.7041581669305266,46.51666693051461,82.54743807463831,2.1269813872298053,31
818,"b10000000001100000000000000000011000000000000011000000000101100000000000000000110",0,1480.4133989362579,"b01001000001010100001000001000000001010010000010010000000000001111000011100000000",15,8,0,0,0.7861867470102628,102.40140151642623,151.82863783731705,4.332414186055246,31
819,"b00000000001011000000000001100000000110000000000111011010000011100000000000000000",0,3638.5840723098977,"b01001000001010100001000001000000001010010000010010000000000001111000011100000000",12,9,0,0,0.831072432486736,393.5994958050557,399.23598095823723,0.7913517028528556,31
820,"b00000000000000100000000011100000001110000000000010000000000000000000000000000000",0,3437.8003363243424,"b01001000001010100001000001000000001010010000010010000000000001111000011100000000",14,3,-1,0,0.7394185698432545,92.8957311734095,325.98814332148356,5.160567375171571,31
821,"b00000000100000000001000101000100011110001110010100001100000000111000000000100000",0,2844.8980050982877,"b01001000001010100001000001000000001010010000010010000000000001111000011100000000",11,12,0,0,0.7446127045362002,31.02089633271162,306.71605976951844,3.7190842463653198,31
822,"b00000000000000000000000011110000011110000000000000100010000000111000001001101101",0,2624.7626131378875,"b01001000001010100001000001000000001010010000010010000000000001111000011100000000",12,12,1,0,0.8920448221787488,391.2900136329015,98.96569022398481,0.5218067447056915,31
823,"b01001000000110000001001010000000001110010000110001010010000011111000011101100000",0,6544.864468614791,"b01001000001010100001000001000000001010010000010010000000000001111000011100000000",4,11,0,0,1.2230820793378612,447.4816956190193,268.39950900407706,2.358312865486919,31
824,"b00000000000000000000000001100000000000000000110000100000000001111000000000000000",0,2246.3560244936516,"b01001000001010100001000001000000001010010000010010000000000001111000011100000000",13,3,1,-1,0.7339939867238383,348.8791296913058,444.39120425197416,4.651695897314349,31
825,"b00000000010000000001000000110000001101000001110000000001100001100000000000000000",0,2111.996330542647,"b01001000001010100001000001000000001010010000010010000000000001111000011100000000",14,9,0,1,0.7777737117183204,241.1570828987118,490.19286033078714,4.905292484200627,31
826,"b00100000000000000000000111100010111011001000100000000000010000000000110000000000",0,1751.314722483531,"b01001000001010100001000001000000001010010000010010000000000001111000011100000000",15,12,0,0,0.7849011557404739,200.69152759948102,428.96808976118984,5.571222826929969,31
827,"b00001000000001100000000100000000001100000000110000000000000000000000000000000000",0,4647.0970669321805,"b01001000001010100001000001000000001010010000010010000000000001111000011100000000",15,4,0,-1,0.7200592918263437,35.532269519594955,128.7529246598345,2.044916031939364,31
828,"b11000010000100010010011000100011100010000000010000000011000000001100110011011000",0,1956.3974953803486,"b01001000001010100001000001000000001010010000010010000000000001111000011100000000",11,16,0,0,1.1001120495033707,271.94528018671133,487.665387145312,3.3896432380050197,31
829,"b00000000000000000000001000100000100110001101010000100001000000000000000000000000",0,4604.2799804461365,"b01001000001010100001000001000000001010010000010010000000000001111000011100000000",16,8,0,-1,0.7083657541746999,0.34281379248093086,81.90356763664394,5.74538431819607,31
830,"b00000000000000001000000000000001110000000111100000000010000000000100000000000010",0,4589.28780624126,"b01001000001010100001000001000000001010010000010010000000000001111000011100000000",13,5,0,-1,0.8114026125512183,437.36430021699846,440.52467530459063,5.7745741399984,31
831,"b00000000000000000000000000000000111110001110010000000000000001000000000000000000",0,3981.4896677964534,"b01001000001010100001000001000000001010010000010010000000000001111000011100000000",16,7,0,-1,0.6994626204181236,237.04175343589176,419.7023968166775,0.9236206999893384,31
832,"b00000000001000000000000001100000000010000000000000000000000000000000100000000000",0,2734.410528356775,"b01001000001010100001000001000000001010010000010010000000000001111000011100000000",16,2,-1,-1,0.866875748591787,313.8330504650206,175.20634804372713,4.582490878980542,31
833,"b10000000000110000000011001110001101111100000011000000001100100000011000000000000",0,2104.9499964376355,"b01001000001010100001000001000000001010010000010010000000000001111000011100000000",15,18,0,0,0.7583289168395534,260.8316309608108,6.025018461332717,0.7873347572116992,31
834,"b00000000000000000001000000000000000100000000111000000011000000001000000001100000",0,2956.681972840058,"b01001000001010100001000001000000001010010000010010000000000001111000011100000000",16,7,1,1,0.7749801400742631,415.1436391066544,143.4909700715572,4.4408314052921565,31
835,"b00000000000000000100000010010000001011000000100000000010000000001000000000000000",0,4667.500596303093,"b01001000001010100001000001000000001010010000010010000000000001111000011100000000",16,6,0,1,0.7593168154539435,228.31171026627075,93.99474556877567,2.1893850057392994,31
836,"b00000000000000001000000000100000000100000000110000000000000000000101000100000000",0,4177.186290913827,"b01001000001010100001000001000000001010010000010010000000000001111000011100000000",15,4,1,0,0.7486954661353917,110.63067207676488,393.7926389777229,4.238652699728432,31
837,"b01000000001000000000000001000000000110010000011101001000000011110000011000000000",0,3869.367013322535,"b01001000001010100001000001000000001010010000010010000000000001111000011100000000",8,6,0,0,0.9701977892361202,475.139005264768,207.9308722721071,2.434079324630417,31
838,"b01100000000111000000000101000000011100000000000000000000010000000000000000000000",0,5517.194313064609,"b01001000001010100001000001000000001010010000010010000000000001111000011100000000",15,7,-1,-1,0.7315982062681741,117.88351464200234,24.03031253624533,2.607170227633766,31
839,"b00001000001010000001000001000000001010010000011111000000100000111000001000000000",0,5590.4924671594235,"b01001000001010100001000001000000001010010000010010000000000001111000011100000000",5,4,0,0,0.8458441593141935,363.11401671677106,345.66260698821316,0.8126688693391293,31
840,"b00000000000000000000000000000001100000001100000000110000100000000001000000000100",0,2354.858197437185,"b01001000001010100001000001000000001010010000010010000000000001111000011100000000",16,6,1,-1,0.7274617367825572,9.582416762748775,83.23292655109489,4.399688025641734,31
841,"b00000000000000000000000000000000000100000000010011000110011000100001000000000100",0,1915.7525662529188,"b01001000001010100001000001000000001010010000010010000000000001111000011100000000",16,8,1,1,0.7223202684390335,322.008052332588,234.96612308411866,3.4361254535938786,31
842,"b00000000000000000000000000000000000000000000011000001111000000000000000000000000",0,4543.106224049229,"b01001000001010100001000001000000001010010000010010000000000001111000011100000000",17,4,1,-1,0.7022785689520042,416.89612990040155,262.1876231231767,1.0031962926411309,31
843,"b00000000000010001000000011000000001110000000110000000001010000000101010000000011",0,2699.196636223704,"b01001000001010100001000001000000001010010000010010000000000001111000011100000000",12,9,0,1,0.7597925197384855,118.71087907472977,109.29456533808309,2.1611310499469267,31
844,"b00000000000000000000001000000000001000001101100001010010000000010000100000000010",0,1842.994566842616,"b01001000001010100001000001000000001010010000010010000000000001111000011100000000",14,7,1,0,0.7386323981306254,262.3040795964519,429.68603665809934,5.85356739031074,31
845,"b00100000000010110000101111000000010000000000110000000000000100000000000000000000",0,1495.6225260671426,"b01001000001010100001000001000000001010010000010010000000000001111000011100000000",15,9,-1,0,0.7271210456628998,199.09420959883323,264.5449835518211,2.0954668121779747,31
846,"b00000000010100001111000000000011001000001000110000010000010001000101010000011011",0,3403.972233439654,"b01001000001010100001000001000000001010010000010010000000000001111000011100000000",6,9,0,0,0.8542532412437682,469.60765876085605,408.75517982576565,1.9971143734164785,31
847,"b00000000000000000000000000000000000000000011000000000111000000000100000000010000",0,5057.124639752279,"b01001000001010100001000001000000001010010000010010000000000001111000011100000000",15,3,1,-1,0.725433011733968,136.33674503542343,383.6069235027961,4.902670517906435,31
848,"b00000000000010000000110000000000010000000000100011000011000100000110100000010100",0,1352.0018036956214,"b01001000001010100001000001000000001010010000010010000000000001111000011100000000",16,12,1,0,0.8162809046029843,396.2210611158265,487.038858128738,5.522027767223259,31
849,"b00000000000100011011010001001001011000000000110000000000000000000101010000000000",0,3791.2262242689167,"b01001000001010100001000001000000001010010000010010000000000001111000011100000000",10,7,0,1,0.8031978545075971,205.41634177827584,191.4184628996039,2.1712017504890575,31
850,"b00000000001000100011001111100000000100010000100001011110000011100000001000000000",0,2136.3518431760444,"b01001000001010100001000001000000001010010000010010000000000001111000011100000000",11,13,0,0,0.7969418395743424,428.21896324360983,361.8448068947394,4.243365546513863,31
851,"b01000000001000000001000000000100000010010000010010000000000001111000011000000000",0,7202.632380865325,"b01001000001010100001000001000000001010010000010010000000000001111000011100000000",6,1,0,0,0.9064926227383614,6.209326064025041,314.4859504866449,6.336483121308932,31
852,"b00000000000000000000000000000000000000010000010100000001111000000000100100000000",0,2447.5202562401773,"b01001000001010100001000001000000001010010000010010000000000001111000011100000000",16,6,1,1,0.723967193784519,242.63828674316406,205.95004536320613,2.7152409810468727,32
853,"b00000000000000000010000000001000001100000001110001000111100011110000001100000000",0,3549.4010162604545,"b01001000001010100001000001000000001010010000010010000000000001111000011100000000",12,11,1,0,0.7547708260474137,121.26746004510551,338.8694944242694,1.3977812687038638,32
854,"b00000000000000011000000001100000000010010000010000000000000000111000011110000000",0,5128.729562725308,"b01001000001010100001000001000000001010010000010010000000000001111000011100000000",9,4,1,0,0.8409153221592388,457.49555886383104,173.3522616902299,0.9267588529700602,32
855,"b00000000000000000000000000000000000011000000001110000001000000000000001100000000",0,2626.5993226836217,"b01001000001010100001000001000000001010010000010010000000000001111000011100000000",15,4,1,0,0.7713344147528043,437.14596713021785,336.11582912782586,0.8763935217308698,32
856,"b11100000000110001000110000000000000111000010010000010000000000000000000000000000",0,2992.673592229783,"b01001000001010100001000001000000001010010000010010000000000001111000011100000000",15,10,-1,-1,0.7552506090595238,98.2262509913564,451.69516033567766,-0.13978671264881662,32
857,"b00000000000000000000000000000000001101100000011110000000010000000000000000000000",0,3613.2087325084062,"b01001000001010100001000001000000001010010000010010000000000001111000011100000000",16,6,0,1,0.7173127959207337,304.02231719015924,337.2577165093096,0.6555730769653805,32
858,"b00000000000000000010000000000000011000000101011100110001000010000100000000000000",0,2607.6672222800935,"b01001000001010100001000001000000001010010000010010000000000001111000011100000000",13,7,0,0,0.7498592790799882,91.85363655204986,189.37731281704737,5.882678351626737,32
859,"b00000000000000000010001000000001111100000001011100000101100001000000000000000000",0,2213.2948600578297,"b01001000001010100001000001000000001010010000010010000000000001111000011100000000",14,10,0,0,0.744965971273685,464.51473870145736,206.68535964709716,4.111603140670254,32
860,"b00010010000001000011000100001000011000000000110000000000000010000010001100000000",0,1636.1083733140165,"b01001000001010100001000001000000001010010000010010000000000001111000011100000000",14,10,0,0,0.8589704130768839,12.898995316131067,47.32533679514013,3.5917269484600545,32
861,"b01100000001000000000000000000000000000000000011100000011010011010000001000000000",0,2386.0249587386056,"b01001000001010100001000001000000001010010000010010000000000001111000011100000000",13,7,0,-1,0.7857007728614606,0.4051993921522709,203.63947917176887,4.218110827340665,32
862,"b00000000000100000000010000000000001000001100110000000001110000000111010000000010",0,2197.290558082947,"b01001000001010100001000001000000001010010000010010000000000001111000011100000000",12,8,1,0,0.8634140985147759,483.89889637231244,253.78177706119646,2.549512913042248,32
863,"b00000000110000001110000000111011001110000001100000111000000000000000000000000000",0,4592.447941594589,"b01001000001010100001000001000000001010010000010010000000000001111000011100000000",11,10,-1,0,0.7670509803412761,416.63694353841146,104.02323676961262,3.9902266248805325,32
864,"b01000000001111010001000001100100001110000001100000000000000000111000010100000000",0,4591.996136790692,"b01001000001010100001000001000000001010010000010010000000000001111000011100000000",7,8,0,0,0.8586797604666457,401.2960562543627,119.12944730521222,4.306335886115345,32
865,"b00100000000111001000000110110000011100000000000011000000000000000000100000000000",0,3571.851391402257,"b01001000001010100001000001000000001010010000010010000000000001111000011100000000",16,12,-1,0,0.7440160104773244,230.44813562933004,169.9197242746413,0.5508631694134745,32
866,"b00000000000011000000000110000000001111000000100010000000000100000000110000000000",0,3533.9695916726423,"b01001000001010100001000001000000001010010000010010000000000001111000011100000000",14,8,0,1,0.7569418550168693,439.2946675447465,196.07269268125677,4.171053738249904,32
867,"b01100000000110000000000001000000110110000001101110000000010100000000000000000000",0,3188.9045252957685,"b01001000001010100001000001000000001010010000010010000000000001111000011100000000",14,11,-1,0,0.7751904586260009,262.88995871572536,11.706651958655705,2.675737696250744,32
868,"b00000000000000000000000000000000001110000000110011000000000001111000000011000000",0,2565.655845337629,"b01001000001010100001000001000000001010010000010010000000000001111000011100000000",11,5,1,1,0.7911366424265979,470.8981196211227,303.196472236486,3.7533058739643925,32
869,"b00000100000000011011000001110010000000000000000000100101000010000001100100000010",0,2069.727428826635,"b01001000001010100001000001000000001010010000010010000000000001111000011100000000",13,11,0,0,0.9081143126389771,100.80720886472352,401.53390340868043,1.5458483572650472,32
870,"b00000000000000000000000000000000000011000000011100000011100010001000000000000000",0,2880.902174503102,"b01001000001010100001000001000000001010010000010010000000000001111000011100000000",16,7,0,0,0.7374274706907228,46.10883963103022,101.78197739905585,4.084741079343226,32
871,"b00000000000000000000000000000000000000000011000000000111000000000100000000000000",0,7572.110031911159,"b01001000001010100001000001000000001010010000010010000000000001111000011100000000",16,3,1,-1,0.7142261138354788,431.84947584368444,146.98482553531582,1.1220372014438083,32
872,"b01001000000111100001101001000000000010010000001011000000000001111000011101000000",0,4819.632559617925,"b01001000001010100001000001000000001010010000010010000000000001111000011100000000",3,7,0,0,0.8009749057817999,325.7199577375402,194.51868067171486,0.040937185406894464,32
873,"b00100000001111000000000110000100000110000000001001100000000001000000000100000000",0,1913.4181081886948,"b01001000001010100001000001000000001010010000010010000000000001111000011100000000",14,10,0,0,0.8466411373614932,141.0888769033004,16.151463512498506,0.8899376667117705,32
874,"b00000000000000000000001101000000000010000000011110010000000001111000011101000000",0,3436.4536653635705,"b01001000001010100001000001000000001010010000010010000000000001111000011100000000",8,6,1,0,0.8181155090651753,75.25151246898768,321.59890267709784,1.6523173697804157,32
875,"b00000001101000001110100000000000011000001001010000100010000010000011000000010010",0,4979.545837448786,"b01001000001010100001000001000000001010010000010010000000000001111000011100000000",5,5,0,-1,0.8124015728530134,245.52912281920075,319.30192700367405,3.0094811993609465,32
876,"b01011000000011110001000011000000001000000000010000000000000001111000001100000000",0,5238.408448800958,"b01001000001010100001000001000000001010010000010010000000000001111000011100000000",5,4,0,0,0.8965956727039468,8.542720926356616,48.913243133101375,6.126514450714588,32
877,"b00000000000000000111000000001100001100110011111110000111100001110000000000000000",0,2553.567371206651,"b01001000001010100001000001000000001010010000010010000000000001111000011100000000",11,15,0,1,0.779083562463134,103.51005439821985,406.0184033427294,3.3970660552274285,32
878,"b00000010000000000000000000100001000011000000111000000001000010000000000000000000",0,3925.8071869057985,"b01001000001010100001000001000000001010010000010010000000000001111000011100000000",17,8,0,-1,0.7266763934644125,23.401028281475927,70.5167907941062,1.0559165584726262,32
879,"b00001000000011000000000011000100001101000000011100000001000001111000001100000000",0,5288.3532630430645,"b01001000001010100001000001000000001010010000010010000000000001111000011100000000",8,8,0,0,0.8228784566410187,170.6979274716419,322.47114701288916,0.9306392006423809,32
880,"b00000000000000000000000011000000000110100000000010001111000100101000000000100000",0,2612.41539664197,"b01001000001010100001000001000000001010010000010010000000000001111000011100000000",14,9,0,1,0.7717633719192376,340.8771981141773,347.21857779438784,2.765311858698579,32
881,"b10000100111000010110010010000011011000000001100001100010010110000100000000000000",0,3977.785296129593,"b01001000001010100001000001000000001010010000010010000000000001111000011100000000",7,11,-1,0,0.8532827814756271,23.643527233958533,281.0190167105904,5.233457449941138,32
882,"b00000000100000000100001001110000001110001110001000000000000000000000000000000000",0,3724.3339250181334,"b01001000001010100001000001000000001010010000010010000000000001111000011100000000",15,9,-1,0,0.7799359123536461,421.3021328817898,124.99367486540233,0.5991961885586217,32
883,"b10000000000001000000000000110000000011001100000110001000001100100000000111000000",0,1929.3847237435834,"b01001000001010100001000001000000001010010000010010000000000001111000011100000000",15,13,0,0,1.030596947610508,113.3659095227984,16.681844868887193,3.790823518086515,32
884,"b00100000100110000111110100010001111101000111111000000000000011000000100100000000",0,2380.9017796476537,"b01001000001010100001000001000000001010010000010010000000000001111000011100000000",13,21,0,0,0.945846375204406,427.1807782435325,497.8096617416132,1.3595931679193978,32
885,"b00110001000101000000000110000000001100000000100000000011100111000000101000000000",0,795.8560817968264,"b01001000001010100001000001000000001010010000010010000000000001111000011100000000",16,15,0,0,0.8700644205446971,254.43128657850488,456.4538600836786,0.5379417783159479,32
886,"b00000000000000001100000000100011000110001100011000000001000000000000000000000000",0,2700.2998415901357,"b01001000001010100001000001000000001010010000010010000000000001111000011100000000",14,7,0,-1,0.7338315939070645,219.68967033651464,20.410963112298695,3.4979762765555584,32
887,"b00000110000000011000000000011000011011000000010000100000000000000000000000000000",0,2767.474939910584,"b01001000001010100001000001000000001010010000010010000000000001111000011100000000",15,8,-1,0,0.7583372062962931,362.6491617174005,359.37578404488875,4.063875697991761,32
888,"b00000000000000000000000010111000001110000000000000000000000000000000000000000000",0,4557.145275837085,"b01001000001010100001000001000000001010010000010010000000000001111000011100000000",17,5,-1,0,0.7229325530154951,208.20148561778225,274.86480387752897,4.945172691391093,32
889,"b00000000101000010110110000000000001100000001101000000001010001000100000100001000",0,2424.637228085554,"b01001000001010100001000001000000001010010000010010000000000001111000011100000000",11,10,0,0,0.7882244908192927,129.36460592603558,365.04821297269575,5.097373262625485,32
890,"b00000000000000000000000000000010001100000000111000000001100000000000001100000000",0,1987.5957029948022,"b01001000001010100001000001000000001010010000010010000000000001111000011100000000",15,6,1,-1,0.7560003722055388,449.7149260627612,403.19144128489836,4.07775495737524,32
891,"b00000000000000000000000000000000011110000000000000000000000000000000000000000000",0,6692.879920440322,"b01001000001010100001000001000000001010010000010010000000000001111000011100000000",17,2,-1,0,0.7139004607238578,356.6903049160783,223.43068803794202,0.720187422233979,32
892,"b00000001100000001110000100100000111011000010000000100000000010110110000001001000",0,2183.665188385489,"b01001000001010100001000001000000001010010000010010000000000001111000011100000000",12,14,0,-1,0.8298339625380075,456.57152976872567,196.48002031374764,3.0984695690807924,32
893,"b10000000000000000000000100000000001100000001110000000100000000000000000000000000",0,7622.157235427973,"b01001000001010100001000001000000001010010000010010000000000001111000011100000000",16,5,-1,-1,0.7355243012424616,186.86542266699604,333.0842603652855,1.5161001747861027,32
894,"b01100000100110010001001110010001100000000001111110000001100000011000000011000000",0,1806.3632695271017,"b01001000001010100001000001000000001010010000010010000000000001111000011100000000",12,18,0,0,0.830567108809773,7.006342888881441,489.12797604160846,3.8059690965898856,32
895,"b00000100100000000000000100000000011000000000110000000011000000000000000000000000",0,6307.614545003907,"b01001000001010100001000001000000001010010000010010000000000001111000011100000000",15,5,-1,1,0.729881052720473,245.78290709601802,499.9029275774335,4.71157294744714,32
896,"b00000000000000010010000011000000001100000001100000000010000000000000000000000000",0,2811.485589505538,"b01001000001010100001000001000000001010010000010010000000000001111000011100000000",14,4,0,0,0.7525297601661248,171.43132799513796,428.92657852497507,1.7770778975008052,32
897,"b00000000000000100100000011011000001111100000010000000000000000000000000000000000",0,3529.9909383885897,"b01001000001010100001000001000000001010010000010010000000000001111000011100000000",14,7,-1,1,0.7237825829437323,298.2687000332582,501.37349661539537,5.475547106732499,32
898,"b00000000001000000000000000001000000000100000100000000011000001110000000101000000",0,3735.204341148028,"b01001000001010100001000001000000001010010000010010000000000001111000011100000000",14,6,1,0,0.7765568736401847,376.5080380746735,167.0171058802134,5.30922899231922,32
899,"b00000000000000001000010000100000000000100000000010000110000011001000001000000000",0,2672.1804628410664,"b01001000001010100001000001000000001010010000010010000000000001111000011100000000",16,8,1,-1,0.7626152178261478,340.0188896356627,186.87213594895002,1.7600365105873772,32
900,"b01000000000110100001000001000100001110010000010000000000000001111000111100000000",0,6214.393738048257,"b01001000001010100001000001000000001010010000010010000000000001111000011100000000",3,4,0,0,0.8307743128013618,164.5155919986893,83.90730694946025,4.426416356482578,32
901,"b11100000000110000000001100000100011000000000111001000001001000000000001110000010",0,2758.7364286849593,"b01001000001010100001000001000000001010010000010010000000000001111000011100000000",13,14,0,0,1.1289091645829594,47.356330571973174,228.4241587462714,3.6204097098516885,33
902,"b00000000000001110100000001000000000010010000110001000000000001101100000000000000",0,3736.4707608311955,"b01001000001010100001000001000000001010010000010010000000000001111000011100000000",11,6,0,1,0.7299837607990177,135.46544133617184,22.089354631084458,5.388033529001369,33
903,"b01100000001010000000000001100100001100000000011000000000000000111000001001000000",0,3397.307018801438,"b01001000001010100001000001000000001010010000010010000000000001111000011100000000",9,6,0,0,0.9920821181555879,80.11390343233461,99.75701605099556,2.330226462539583,33
904,"b00000000000000000000000001010000000110000000111000000010100000101000000010000000",0,2636.8430787775974,"b01001000001010100001000001000000001010010000010010000000000001111000011100000000",14,7,1,0,0.7319416875887268,28.545393000360747,261.4236021127274,1.8571342793829901,33
905,"b00000100001000011000000000000001100000001000000000000010110010000000100000010011",0,4741.8120882367675,"b01001000001010100001000001000000001010010000010010000000000001111000011100000000",10,6,0,0,0.8709921491854561,217.19093656029384,343.2049907654375,1.932769903644649,33
906,"b00000000000110000000011110000010100000000000000000000000000000000001100000000110",0,1548.9428815164347,"b01001000001010100001000001000000001010010000010010000000000001111000011100000000",17,10,1,0,0.7926531312457341,463.458775245863,304.713897380423,1.596149986664065,33
907,"b00000000000100000000001000000000100011111000001110001000000001000000000110000000",0,3547.9963451240687,"b01001000001010100001000001000000001010010000010010000000000001111000011100000000",14,10,0,0,0.8659385082450494,455.4011888920014,58.7604543229102,1.1785334119127118,33
908,"b01000000001010000000001010000000001111010000000010001011000001111000001111000000",0,4714.4172510289445,"b01001000001010100001000001000000001010010000010010000000000001111000011100000000",6,9,0,0,0.883665785913229,427.953056243721,111.76627404092808,2.8176669741733082,33
909,"b00000000000000000111101011001000111100000001000000000000111100000001100000000000",0,2482.916846854278,"b01001000001010100001000001000000001010010000010010000000000001111000011100000000",14,14,0,0,0.7739422601377391,318.7549137294946,147.02236091065922,1.7794526005078075,33
910,"b01001000000000000000000001000000000000010000010001000000000001111000011100000000",0,6039.887528220025,"b01001000001010100001000001000000001010010000010010000000000001111000011100000000",7,1,0,0,0.9244106432346882,397.40762411326864,439.28073863570955,1.8428984203965488,33
911,"b00000000000000000000000000000001000000000011000000000110000000000000000000000000",0,5409.310238283195,"b01001000001010100001000001000000001010010000010010000000000001111000011100000000",16,2,1,-1,0.6671136359340035,272.9345454480047,63.63142901378554,1.588752191818258,34
912,"b00000000011110000001001100100000010111000000001000000000000000000000100000001100",0,3534.5903860664375,"b01001000001010100001000001000000001010010000010010000000000001111000011100000000",15,12,0,0,0.8402726238246253,251.5232780950378,380.4871628780973,6.092114858773311,34
913,"b00000000001000000000100000000011000000000100000000000010000001000110000000001000",0,2631.9368664240933,"b01001000001010100001000001000000001010010000010010000000000001111000011100000000",15,6,1,-1,0.8691989749316703,415.08877811586956,35.73610132108859,5.27996891599158,34
914,"b00000000010000000000000001000000000100000001110000000100000000100000000000000000",0,2583.5009309367024,"b01001000001010100001000001000000001010010000010010000000000001111000011100000000",16,5,0,0,0.7670620669165523,140.94454250009252,193.70495049586214,6.278885163492362,34
915,"b00000000000010100011001101011000001001000000000011000010000001100000001000000000",0,3902.006634703405,"b01001000001010100001000001000000001010010000010010000000000001111000011100000000",10,8,0,0,0.73538249209993,226.313321341931,276.07682389028554,0.7612943228710922,34
916,"b10000110001000011111100110001000111000000001100100000110100000001000000000000000",0,3120.216822550712,"b01001000001010100001000001000000001010010000010010000000000001111000011100000000",11,15,-1,0,0.7653146666695648,50.130588050558096,361.6983552193946,5.325976664003737,34
917,"b00000000010000000000000000000000001110000001001000000001000000000100000000000000",0,2058.891267546346,"b01001000001010100001000001000000001010010000010010000000000001111000011100000000",15,4,-1,1,0.7549934735269799,418.5949395362367,400.51558983336105,1.7569806064413553,34
918,"b01001100001010000001001000000100000010010000011011000001000001111000011101100000",0,3354.4903225563617,"b01001000001010100001000001000000001010010000010010000000000001111000011100000000",3,8,0,0,0.9789217760999711,207.20112695451581,20.26194538235699,5.450239730918126,34
919,"b00000000000000000000100000000000000000000000111110001111000001100000001100000000",0,2647.6490728020435,"b01001000001010100001000001000000001010010000010010000000000001111000011100000000",13,8,1,-1,0.7404079634909444,277.80406393983816,113.84642225845269,0.5108598009602583,34
920,"b00000000001000000000001011000000001010010000010000000000000001101000001100000000",0,5747.654613303263,"b01001000001010100001000001000000001010010000010010000000000001111000011100000000",8,2,0,0,0.7834842036879137,167.1635541862388,463.9964132347178,0.7277822705058501,34
921,"b00001000000001100000000011000000000110000000010000000000000000000000000000000000",0,3963.493537584156,"b01001000001010100001000001000000001010010000010010000000000001111000011100000000",14,3,-1,1,0.7356831352603767,215.2915502043583,180.45344099549433,1.328561435251424,34
922,"b00000000100000000001000000000100001011110000011110010110101000000000000010000000",0,2360.4485245380915,"b01001000001010100001000001000000001010010000010010000000000001111000011100000000",13,12,0,1,0.7633863517364899,167.58418986185234,484.25142186711037,2.16626367612267,34
923,"b00000000000000001000000000000000001000000001110000111110000000000000000000100000",0,1418.0467013643502,"b01001000001010100001000001000000001010010000010010000000000001111000011100000000",14,6,1,-1,0.7404393851787534,305.91812130749463,200.81664546647394,4.719518542260905,34
924,"b00000100000000100000000011100000011110000000010000000110000000000000000000000000",0,2512.796987512248,"b01001000001010100001000001000000001010010000010010000000000001111000011100000000",14,7,-1,1,0.7059506121208011,80.92018310301894,47.10981701273437,2.163893167864,34
925,"b00000000001110000000011001000000111100000000110000000001000000010000000001000100",0,2579.5364494512323,"b01001000001010100001000001000000001010010000010010000000000001111000011100000000",13,10,0,-1,0.7266786854062282,71.00601128765801,139.10730811298438,3.5658795061206705,34
926,"b00100000000111000000000011000011001110000000010001000000001000000000000000000000",0,2377.138060288359,"b01001000001010100001000001000000001010010000010010000000000001111000011100000000",14,9,-1,0,0.7253937356223622,169.6167133943534,478.02805901358647,1.0461142025419223,34
927,"b00000000000001000000010101000000011001100010000110000000000000100001100000000010",0,2420.584012158979,"b01001000001010100001000001000000001010010000010010000000000001111000011100000000",15,11,0,1,0.7419526625050997,106.69957231654898,267.58026919816564,0.5661952518671833,34
928,"b00010000000110000000000010000000000000000000011100000000000000100000001100000000",0,6430.843255109349,"b01001000001010100001000001000000001010010000010010000000000001111000011100000000",14,5,0,0,0.754008750702494,50.519544157852124,334.95313443942945,1.9374836063585152,34
929,"b00001100000011000000001001100100001100000000010000010000001011111000001100000001",0,4454.81599875531,"b01001000001010100001000001000000001010010000010010000000000001111000011100000000",8,10,0,0,0.8455057757306801,125.54278367903974,5.005980822899569,2.576016307094166,34
930,"b00000000001100000010001000101000110111000000001100000000000000000001110000000000",0,4419.410345569494,"b01001000001010100001000001000000001010010000010010000000000001111000011100000000",15,12,0,0,0.7605120778792821,67.84791506475977,88.06024850734596,0.39212393568632953,34
931,"b00000000000000000001000000000000000000000001000110000000000000000000000000000000",0,3202.4061152401628,"b01001000001010100001000001000000001010010000010010000000000001111000011100000000",17,2,0,1,0.7123006903868127,284.13568394513374,214.0118628452701,5.83948562312149,34
932,"b00000000000000000000000000000000000000100000010110000010000001110000000110000000",0,3051.5133409484743,"b01001000001010100001000001000000001010010000010010000000000001111000011100000000",13,4,1,0,0.7717209422425635,312.37096577598936,201.46481041681199,1.991411688864174,34
933,"b11000000000000000000000000000000101001000010011110000000010000000000000000000000",0,2449.5788474258566,"b01001000001010100001000001000000001010010000010010000000000001111000011100000000",15,7,-1,0,0.7661162068512661,4.4548799807491655,251.7812327574192,2.261423613082375,34
934,"b00000000000000000000000000000000111100000011111000001100000000000000000000000000",0,3886.7761630099667,"b01001000001010100001000001000000001010010000010010000000000001111000011100000000",16,8,0,-1,0.7274677963174708,190.18739046073253,360.5123278959298,4.710094276326494,34
935,"b01000000000101000000000010000010001100000000010000000001100000001100010000000110",0,2294.9406619063266,"b01001000001010100001000001000000001010010000010010000000000001111000011100000000",14,10,0,0,0.8315267427776565,413.1399259441777,450.3009002334193,5.374852754363025,34
936,"b11000000000111001100000110110000001011000000000101000000010000000001000000000000",0,1522.3509326496187,"b01001000001010100001000001000000001010010000010010000000000001111000011100000000",15,14,-1,0,0.7716304295974976,335.2428069357812,466.58429659329926,2.94039661881488,34
937,"b01001000000000000001001111000000011010000000010010000000000001011000011101000000",0,5827.826910954258,"b01001000001010100001000001000000001010010000010010000000000001111000011100000000",5,5,0,0,0.7978838481955489,225.55901902252043,110.72649164964704,5.884858691866377,34
938,"b00000000000000001100000000000000001000001111000000000111110000000110000000000000",0,2261.7892401450426,"b01001000001010100001000001000000001010010000010010000000000001111000011100000000",12,7,1,-1,0.7342114603125455,68.2791551484576,200.23572067475655,3.6238377193055804,34
939,"b00000000000000000000000000010000000101010000011000000000010001100000000000000000",0,3760.8347160307803,"b01001000001010100001000001000000001010010000010010000000000001111000011100000000",15,5,0,1,0.7150989068581576,290.0575941869211,65.57500845752327,1.5357721605644588,34
940,"b00100000000010000000010000000000000000000001101110000000011100000000110000000000",0,3035.325342412323,"b01001000001010100001000001000000001010010000010010000000000001111000011100000000",16,10,0,1,0.7607855034203503,337.4817987118127,172.1936827905523,0.7409045313130576,34
941,"b00000000001000010011000001011000001000001011100000000110000000000000000001000000",0,4292.026812137964,"b01001000001010100001000001000000001010010000010010000000000001111000011100000000",12,8,0,0,0.7752051829469063,391.9558276473237,283.5072661283554,0.6006622600457172,34
942,"b00000100000000011000000011100000000000010010000000000010000000000000001000000000",0,2362.9718574910944,"b01001000001010100001000001000000001010010000010010000000000001111000011100000000",16,7,0,0,0.8212897324932302,39.976882761320816,503.41345779508777,0.7066273914825071,34
943,"b00000000010000000110001100100000111111101110100000011000000000000000000000010000",0,2970.2212429283845,"b01001000001010100001000001000000001010010000010010000000000001111000011100000000",13,14,0,0,0.7373785851499002,121.03850911318216,494.6453091633367,3.7693589564433823,34
944,"b00000000010000000010000001010000001110100000011110110000000000111100000000010000",0,1813.0494281261178,"b01001000001010100001000001000000001010010000010010000000000001111000011100000000",11,11,0,0,0.7771031326393567,505.24296594280815,247.2378276758493,4.335946322142544,34
945,"b01001000001011000001000101000100000110000000011110000000000001110000111001000000",0,4072.2948371441626,"b01001000001010100001000001000000001010010000010010000000000001111000011100000000",5,8,0,0,1.0623005009746658,483.7104564832329,443.20477958934424,1.3485085704178184,34
946,"b00000000000000001100000000010000001100000001110000101000000010000000000000000000",0,5327.701905048127,"b01001000001010100001000001000000001010010000010010000000000001111000011100000000",13,5,0,-1,0.7397815146892393,254.7489770686594,281.3207200697397,3.0950529515504526,34
947,"b00000000000000000000000000000000011000000001110100000000000000000001000000000000",0,3373.084440009298,"b01001000001010100001000001000000001010010000010010000000000001111000011100000000",15,3,1,0,0.736913040502136,58.37184045067745,173.88598445702885,5.166227572863717,34
948,"b00000000110000001111000001111001000000000000000000010010000000001000000000100000",0,3585.093815543123,"b01001000001010100001000001000000001010010000010010000000000001111000011100000000",12,8,0,0,0.7820457895067519,131.10883590010476,72.95076582966611,2.751215675013688,34
949,"b00000000010010001011000011101000001100000010110001000100000000011000000000100000",0,1859.9820687015404,"b01001000001010100001000001000000001010010000010010000000000001111000011100000000",12,12,0,1,0.7783181855040314,258.87969794129845,166.55800010655636,4.678360616047769,34
950,"b00000000000000000000000001000000000110000010010010000000000000000000100010000011",0,3117.937719099406,"b01001000001010100001000001000000001010010000010010000000000001111000011100000000",15,6,1,1,0.7489900680751378,267.2979988498765,0.34558398041556965,6.136587876294606,34
951,"b00000000000000000000000111000000001010001000011000000100000000000000000000000000",0,2547.565287981165,"b01001000001010100001000001000000001010010000010010000000000001111000011100000000",15,5,0,-1,0.705482114909142,199.0154608040068,377.5980952739957,5.786581400027805,34
952,"b01000000000011111100000101100000000011000000000110000000000100000000010000000000",0,2594.593927297491,"b01001000001010100001000001000000001010010000010010000000000001111000011100000000",12,9,-1,1,0.7863085920946317,415.18115964902915,351.1112284552888,2.593760281921395,34
953,"b00000000000000000000000011000000001100000000000000000000000000000000000000000000",0,12168.28876907155,"b01001000001010100001000001000000001010010000010010000000000001111000011100000000",17,2,-1,0,0.7345186206475915,353.97264611249125,36.281181701489444,0.5502115451062535,34
954,"b00001000001011000001000001000000001001010000010000000000000001110000001100000000",0,5331.9373150928295,"b01001000001010100001000001000000001010010000010010000000000001111000011100000000",6,2,0,0,0.767372699249566,103.07966194885148,340.2734063539622,3.615385397488647,34
955,"b00000000000000000000000000000000001100000000010000000001000000000000000000000000",0,4085.639663630178,"b01001000001010100001000001000000001010010000010010000000000001111000011100000000",17,2,0,1,0.7150313078017101,14.63792663129788,60.20610708958894,5.155887006857347,35
956,"b00000000000000000000000000000000000000100000010010000000000000111000000010000000",0,3081.5317967483024,"b01001000001010100001000001000000001010010000010010000000000001111000011100000000",14,2,1,1,0.7077719561606569,53.29138285319011,147.88624937449788,2.3883471728527503,35
957,"b00000000000000000000000001000100000000000000110000000110000000010000000000000000",0,3580.948459405848,"b01001000001010100001000001000000001010010000010010000000000001111000011100000000",16,4,1,1,0.7589819151802553,337.1908143066406,217.7049839436849,0.4134605066541368,35
958,"b00000000001000000000000010000000010000000000000000000100110010000001000010000010",0,2419.380993085935,"b01001000001010100001000001000000001010010000010010000000000001111000011100000000",15,6,1,-1,0.8250631900519277,441.63618293531016,411.4646690179494,5.035236789363772,35
959,"b00000000000010000000011000000001100000000100000000000001000000001100000000000110",0,2205.885478839005,"b01001000001010100001000001000000001010010000010010000000000001111000011100000000",16,8,1,-1,0.8185695895597419,453.1558419777147,66.05553184870922,0.6541113675625977,35
960,"b00100000000011000000011000000001000000100000001110001000110000001111001100000000",0,1685.9706124800714,"b01001000001010100001000001000000001010010000010010000000000001111000011100000000",14,14,0,0,0.8016840887271441,174.24006674731046,6.311087635827163,5.594867799803218,35
961,"b00000000110000110010001001101000000110000000000011011110000010000000000000100000",0,1279.3195270261008,"b01001000001010100001000001000000001010010000010010000000000001111000011100000000",13,13,0,0,0.9102131527935392,492.11245040291163,290.745637369205,1.8121493423995494,35
962,"b00000000000000000100000000010000000000100010000010000011100000111000001011000000",0,3368.7202731125803,"b01001000001010100001000001000000001010010000010010000000000001111000011100000000",14,9,1,0,0.7654251067842278,265.07212255334343,242.30086577172372,4.779869349724661,35
963,"b00000000000000000000000101100000111100011110101110001101110000110001000010000000",0,1071.9596965384014,"b01001000001010100001000001000000001010010000010010000000000001111000011100000000",13,18,0,0,0.7869046957390397,21.04219954400723,461.3344144602397,2.7901845102548526,35
964,"b01000000000110010000000011000010001100001100011100000000010100000000110000000010",0,2055.399748856392,"b01001000001010100001000001000000001010010000010010000000000001111000011100000000",13,13,0,0,0.904446546064616,468.7064765912717,81.41673239526814,4.57419599107056,35
965,"b00000000001110000000000000000000000110000000001000000000000000001000110000001100",0,2153.9185657841917,"b01001000001010100001000001000000001010010000010010000000000001111000011100000000",14,6,0,0,0.7701701047298632,68.172214999957,377.8916326332191,0.154322221246532,35
966,"b00000000000000001000000000010000001111000000000100000010000000000000000000000000",0,3062.951540200692,"b01001000001010100001000001000000001010010000010010000000000001111000011100000000",16,5,-1,1,0.7285055626065592,388.48523340353137,401.13914698957507,1.7529232849617853,35
967,"b00000000110000010010000000000011000000001001000000000011000000000000010000000000",0,4838.135752568796,"b01001000001010100001000001000000001010010000010010000000000001111000011100000000",10,2,-1,0,0.7981814174526587,286.6903324629328,329.24961502285043,2.1183328457315573,35
968,"b01001000001000001001000000000000000010010000011001000000100011010000011101000000",0,4366.341286116713,"b01001000001010100001000001000000001010010000010010000000000001111000011100000000",7,6,0,0,0.8648452393696916,162.92427051824401,427.7917028019084,6.1794199370802065,35
969,"b01000000001000010000000011000000011111000000100011000001001100000000000000011100",0,2648.957810711554,"b01001000001010100001000001000000001010010000010010000000000001111000011100000000",13,13,0,0,0.8277582944442214,108.97249315153927,178.11543386780494,3.1410788016282796,35
970,"b00000000000001000000000001101000000011010000000000000000000000000000000000000000",0,2608.377485731543,"b01001000001010100001000001000000001010010000010010000000000001111000011100000000",16,4,-1,1,0.7256183778178962,463.05330182432454,459.92423911314387,3.188754207434494,35
971,"b00010100000000010000000000110000000010000000001000000011000000000110011110000010",0,2060.229026655457,"b01001000001010100001000001000000001010010000010010000000000001111000011100000000",15,12,0,0,1.172829222181003,361.2446025629153,102.58026895851924,4.3064074662662115,35
972,"b00001000000000110000000010000000000000000000001100000100000000000001110000000000",0,3189.7620728622005,"b01001000001010100001000001000000001010010000010010000000000001111000011100000000",16,7,0,0,0.8089007321239249,462.3411551735618,203.11206427239753,1.5742593894650354,35
973,"b00000000001000000000000000000000000110000010011000111111100001111100000000000000",0,1688.20491979826,"b01001000001010100001000001000000001010010000010010000000000001111000011100000000",12,11,1,-1,0.7387815718285827,261.85932628763135,56.876796180462016,5.45027251315686,35
974,"b00000000110000001111000000100000000000000001100000000110000000000000000000000000",0,3806.447515188845,"b01001000001010100001000001000000001010010000010010000000000001111000011100000000",12,4,-1,1,0.7853155228638836,278.3257009231016,53.50718927707802,2.5606277745681574,35
975,"b00000000110000001110000000100000000011000110011100000000000000000000000000000000",0,2741.6811414298895,"b01001000001010100001000001000000001010010000010010000000000001111000011100000000",13,7,0,1,0.8618191082888644,42.288193810864975,15.904053935932527,1.1202059673796652,35
976,"b00000000000010000000000111100000100110110000010000000000000000000000010000000000",0,3370.8938427189228,"b01001000001010100001000001000000001010010000010010000000000001111000011100000000",13,6,0,1,0.7274859451231505,450.3955062419854,26.891198792669393,3.8614445189145767,35
977,"b00011000000001100001001111110100011011000000000000000110000000010000001101000000",0,1455.9342380833768,"b01001000001010100001000001000000001010010000010010000000000001111000011100000000",10,13,0,0,0.9193066172370093,440.71279019619817,477.0480649173141,5.766301144130516,35
978,"b01001000000010000001000011000100001000010000010001000001100101011000000101100000",0,4121.843809962478,"b01001000001010100001000001000000001010010000010010000000000001111000011100000000",7,8,0,0,1.286042351940076,468.18334970231336,387.16548820825113,2.960583541770019,35
979,"b11000000000110100001001110000000001110000000010001000110000101111000001101000000",0,3050.8826349235314,"b01001000001010100001000001000000001010010000010010000000000001111000011100000000",6,11,0,0,0.895416598189352,468.0363028578525,439.0116274259276,1.114385457296815,35
980,"b00000000100000000110000001110000001101001000000000110101001000010001110000100000",0,2177.3636383368967,"b01001000001010100001000001000000001010010000010010000000000001111000011100000000",12,13,0,0,0.8101063397431584,459.1614816629339,285.26884910979345,5.248702701400131,35
981,"b00000000000000000001000000001100000000000000000000000001000000110000000000000000",0,3204.738236400236,"b01001000001010100001000001000000001010010000010010000000000001111000011100000000",16,3,1,1,0.722272198685224,2.3397440771824045,331.08782157920916,6.185894571947514,35
982,"b01100000000011000000000000110000000001000000000001000000000000000000100000000011",0,2398.0594853160237,"b01001000001010100001000001000000001010010000010010000000000001111000011100000000",17,9,0,1,0.8384026413516489,43.88368514128839,246.94382479092602,0.7787532709048257,35
983,"b00001100000001111100000011001000011000000001000000000010000010000000000000000000",0,1952.8801487928022,"b01001000001010100001000001000000001010010000010010000000000001111000011100000000",12,8,-1,0,0.7425191505941913,351.9182350703648,339.5640534537179,5.248344059906728,35
984,"b00000000111000001100000000000001111000000011110000000010000010000111010000010110",0,5658.366919986537,"b01001000001010100001000001000000001010010000010010000000000001111000011100000000",3,6,0,0,0.7737398227378431,25.62492266448412,256.65800325283317,3.2164690500957325,35
985,"b00000000000000000000000011100000001110000000000000000000000000000000000000000000",0,8129.073855460945,"b01001000001010100001000001000000001010010000010010000000000001111000011100000000",16,3,-1,0,0.7121542107158504,180.82001205147054,283.48927588327285,3.6020537643526023,35
986,"b00000000111000011011000000010001000000000011010000000000000010000001010000000000",0,4941.447393473258,"b01001000001010100001000001000000001010010000010010000000000001111000011100000000",7,3,0,0,0.8247509137150758,222.82934192037663,336.63098545298107,2.9721159432784625,35
987,"b00000000000000000000000100000000011110000010011100000000100000000000000000000000",0,2385.586289539812,"b01001000001010100001000001000000001010010000010010000000000001111000011100000000",16,7,0,-1,0.7313466358993974,323.56289112171027,504.7841264542071,5.136837972291604,35
988,"b11011000000011000001000000000000001110010000000110000000000011101000111100000000",0,4853.3906122545395,"b01001000001010100001000001000000001010010000010010000000000001111000011100000000",5,7,0,0,0.8308413725180124,224.94891280990464,318.52315461579747,0.3943336966460118,35
989,"b00000011000000000010000010001111011000010000000000000100000001100000001100000000",0,2000.3351048797854,"b01001000001010100001000001000000001010010000010010000000000001111000011100000000",13,10,0,0,1.4491982976688946,291.3705196588868,451.3972615246292,6.114022757530757,35
990,"b00000010000001100110001110010000110000000011000000000000000010000000000000000000",0,4103.598536599829,"b01001000001010100001000001000000001010010000010010000000000001111000011100000000",15,10,0,-1,0.7703413528502719,89.10050094005204,200.0659572958586,4.336409281129971,35
991,"b00000100000000110000000011000000001100000000000000000010000010000111101000000000",0,3423.8402356717465,"b01001000001010100001000001000000001010010000010010000000000001111000011100000000",13,8,0,0,0.7622177501347166,358.06785307838095,450.9130888988001,1.0410357964505477,35
992,"b00001000000000110000001011000000000110000000000001000000000000000000000000000000",0,3566.226848801256,"b01001000001010100001000001000000001010010000010010000000000001111000011100000000",15,5,-1,1,0.7370267331407714,49.15444431246957,324.4136853992033,2.401906199389975,35
993,"b00000000000000000000000111100000011110000000000000000000000000000000000000000000",0,5688.669942262017,"b01001000001010100001000001000000001010010000010010000000000001111000011100000000",16,5,-1,-1,0.7094042790299026,383.5140743144074,120.94731351320739,4.271392998988394,35
994,"b00000001000000000000001100100000010011001111001100010010000000000000000000000001",0,1363.3886430637122,"b01001000001010100001000001000000001010010000010010000000000001111000011100000000",16,13,0,0,0.7791054331170583,222.37731486143068,298.8663656877917,3.203380077958187,35
995,"b00000000000000000000000000000000000000010000110000000011000000110000000110000000",0,4858.163657856942,"b01001000001010100001000001000000001010010000010010000000000001111000011100000000",14,4,1,0,0.7532831542952426,91.7069471031345,18.12537416191375,2.3776026228980136,35
996,"b00000000000100000000000000000000000001100000000010000000000000000000000000000000",0,5998.328678587651,"b01001000001010100001000001000000001010010000010010000000000001111000011100000000",18,3,0,1,0.6737337235758448,54.36400497795824,429.87092198924216,4.978547594611637,35
997,"b00000010000000000110000000010000011100000011000000000100000000010000000000000000",0,2483.802756606385,"b01001000001010100001000001000000001010010000010010000000000001111000011100000000",15,7,-1,0,0.7242109980075706,117.56691223220257,352.63817376830144,5.917435899918377,35
998,"b00000011000010001000000011010000001101110000011110000100100001000000000000000000",0,1911.0852483383987,"b01001000001010100001000001000000001010010000010010000000000001111000011100000000",12,12,0,1,0.7782903617321,380.11027688919216,479.0815973442374,5.6334592728363395,35
999,"b00000000001000000111000000010000011000000011000000000000000000000010100000000100",0,1630.4960054604508,"b01001000001010100001000001000000001010010000010010000000000001111000011100000000",14,7,0,0,0.7896923415555059,131.14900240690812,149.60492045084635,3.790631483341615,35
1000,"b00000000000000110000000001000100000111000000001100000000000000000000000000000000",0,3180.971726299277,"b01001000001010100001000001000000001010010000010010000000000001111000011100000000",16,6,-1,1,0.7192524708212565,272.4464256520174,318.4476573905166,4.231843155059067,35
1001,"b01000000000110110010010011011000000000000000000001000100000001100000000100100000",0,2233.6593987117167,"b01001000001010100001000001000000001010010000010010000000000001111000011100000000",12,10,0,0,0.8398909010345119,487.07893013100437,128.6149514277429,3.347238560036544,35
1002,"b00000000000000000000000000000000001001000000101110000000000000000000000000000000",0,3984.7277935644024,"b01001000001010100001000001000000001010010000010010000000000001111000011100000000",17,4,0,1,0.6670244332816309,330.92874352439424,102.68118279847506,3.2957875164249284,35
1003,"b00000000000000000001000000100000001101000000110100000011000000100100000000000000",0,1711.9579948882003,"b01001000001010100001000001000000001010010000010010000000000001111000011100000000",15,8,0,1,0.7560291036947007,318.65401398120133,407.61758018717563,1.558354328684112,35
1004,"b00010000001110000000011001101100111110011001101000011110011001110000110010000000",0,3225.975635435735,"b01001000001010100001000001000000001010010000010010000000000001111000011100000000",9,22,0,0,1.3921719110835895,277.4158759729464,468.5024494538691,5.147843861211804,35
1005,"b00000000000000000000000000000000011001000001101100000000011000001100110000110000",0,2039.070931007712,"b01001000001010100001000001000000001010010000010010000000000001111000011100000000",14,10,1,1,0.7689886067381264,432.2805181528219,154.57130648519882,5.386330693587226,35
1006,"b00000000001000000000000000000000001000000000111000110001000010010000000000000000",0,2240.277717131177,"b01001000001010100001000001000000001010010000010010000000000001111000011100000000",15,6,0,-1,0.7231734918665609,192.17485000084187,127.35201977433829,3.5917833340241305,35
1007,"b00000100100000010100000000000000001000010111100000110000000010000000000000000000",0,3990.418705969552,"b01001000001010100001000001000000001010010000010010000000000001111000011100000000",13,7,0,0,0.7354313812279146,54.185546939931015,211.34810198962805,2.28779237366383,35
1008,"b00000000000000000000000000000000011110000000000000000000000000000000000000000000",0,3384.7025538324615,"b01001000001010100001000001000000001010010000010010000000000001111000011100000000",17,2,-1,0,0.7253800164844673,315.99085815514815,321.99943636118786,1.3254989743077186,35
1009,"b01001000000000000000000000000000001111010000001000000010000001111000011100000000",0,5593.569989510934,"b01001000001010100001000001000000001010010000010010000000000001111000011100000000",7,4,0,0,1.4904459158346055,414.4811379320882,42.55648773225661,4.006454201862703,35
1010,"b01001000000000010001000001000000001010110000000110000000001011110000011100000000",0,7169.658891797701,"b01001000001010100001000001000000001010010000010010000000000001111000011100000000",5,5,0,0,0.918403611726367,291.91079590179567,232.83188820147612,5.111835978142255,35
1011,"b00000110000000010000000000010000010000000001111100110100000000000000001000000000",0,1569.613684942868,"b01001000001010100001000001000000001010010000010010000000000001111000011100000000",16,11,0,-1,0.7267579484126782,294.28118609887946,232.14022754016935,0.11276410274391294,35
1012,"b00000000000000000000000001000010000100001100110000000011100000000011000000000000",0,3006.0973393798563,"b01001000001010100001000001000000001010010000010010000000000001111000011100000000",15,8,0,-1,0.7256323550177557,145.5625027148847,489.21937285993175,2.289827901345706,35
1013,"b00000000100000000000000010101000011110000000110000001100000001100000000000000000",0,2585.0809060078122,"b01001000001010100001000001000000001010010000010010000000000001111000011100000000",14,9,0,0,0.7522151547596923,268.3616181504413,382.91250519254316,4.879069583107787,35
1014,"b00000000000000000000000000000100000000000000010011000100000000110000000000000000",0,2467.988688081021,"b01001000001010100001000001000000001010010000010010000000000001111000011100000000",15,3,1,1,0.7318062901002156,139.86230462794188,204.7845496386871,1.4432595422777532,35
1015,"b01100000000011010000000001000000001111000000011100000000000000111100011100000000",0,4281.579593369733,"b01001000001010100001000001000000001010010000010010000000000001111000011100000000",7,8,0,0,0.8696199823480656,377.1688526899612,45.137027285342434,4.397522736976999,35
1016,"b00000000000000000000000000000000010100001100011100011111100010000000000000000000",0,2053.9345377764203,"b01001000001010100001000001000000001010010000010010000000000001111000011100000000",15,10,1,-1,0.6922263026566222,8.565178273763872,320.1657787695863,1.376072361775973,35
1017,"b00000000001000000000100000000000001010000000101010000000000011111000001101100001",0,4429.315838103252,"b01001000001010100001000001000000001010010000010010000000000001111000011100000000",9,7,1,0,0.8319593882550009,364.9993753314219,280.42458138940304,5.991411646913093,35
1018,"b00000000000000000000111000000000011000000000000011001100001100111000011111000000",0,2598.789388092404,"b01001000001010100001000001000000001010010000010010000000000001111000011100000000",11,11,1,0,0.8073960070596694,505.1782796518952,105.74083364288644,1.0418931414022898,35
1019,"b00001000001010110000000010100100000100100000000001011110000010011000001000000000",0,1863.3670047177095,"b01001000001010100001000001000000001010010000010010000000000001111000011100000000",12,12,0,0,1.0873778053294745,9.708284095276234,487.16138861117383,1.8779945868456136,35
1020,"b00000000110000001110000011110000000000000000000000011000000000010000000000000000",0,3328.9626591389406,"b01001000001010100001000001000000001010010000010010000000000001111000011100000000",14,7,-1,1,0.821354219572053,173.44634364671978,215.83654594319444,4.566426944027209,35
1021,"b00110000000001100000000001100000000011000000000010000000000100000000000000000000",0,3865.9097584839537,"b01001000001010100001000001000000001010010000010010000000000001111000011100000000",15,6,-1,1,0.7674818887023983,346.8864795463886,70.71568097736845,5.677509692256951,35
1022,"b00000000000010000000000000000000011100000000011100000000000000000000000000000110",0,2334.832702420011,"b01001000001010100001000001000000001010010000010010000000000001111000011100000000",16,6,0,0,0.7291918953587494,212.07212236314115,153.1136009037523,0.6430403598102234,35
1023,"b00000000000000000000000000000000000000000000011010000000000000000000000000000000",0,6115.193573487416,"b01001000001010100001000001000000001010010000010010000000000001111000011100000000",17,1,0,1,0.7133002813269457,18.89922422469215,324.95639819426526,0.4525908846749753,35
1024,"b01000000001000100100000000100000000110000000100111000000111100000001000000000000",0,2124.732296362394,"b01001000001010100001000001000000001010010000010010000000000001111000011100000000",14,11,-1,0,0.7479710947779424,394.0815972513594,286.52135526805296,6.196227581432533,35
1025,"b00000000000000000000000000100000001011100000010000000001000010000000010000000000",0,2459.6244606793493,"b01001000001010100001000001000000001010010000010010000000000001111000011100000000",15,5,0,0,0.7588079979559226,196.89030252707855,243.9430831880335,1.7692768835592942,35
1026,"b00000000000011000000000100010000011001100001000010000000001000000000000000000001",0,2109.364244122813,"b01001000001010100001000001000000001010010000010010000000000001111000011100000000",16,9,0,1,0.7542105442773631,386.9194648967919,0.5100852191415781,5.48476602130823,35
1027,"b00000000000000000000000000000000001010000000001000000000100000100000000000000000",0,1983.0494364975802,"b01001000001010100001000001000000001010010000010010000000000001111000011100000000",16,2,1,0,0.7682811563467385,115.98113120052616,298.79370481041076,5.5289079973272965,35
1028,"b00000000000010000100001000000011001000001101001000101111000011000000000000000000",0,3514.6513558441093,"b01001000001010100001000001000000001010010000010010000000000001111000011100000000",12,10,0,-1,0.7525683336228982,166.20964881208,138.50986789713738,2.8705019397476828,35
1029,"b00000000000000000000000000000001011100001100010000000000000000000000000000000000",0,3658.7564070056123,"b01001000001010100001000001000000001010010000010010000000000001111000011100000000",15,3,0,-1,0.7397807666993682,10.025030514677214,201.34044574694036,1.3869647590024266,35
1030,"b00000000000000000000000010001000001000100001100011011010000011100000000100000000",0,2642.238952791008,"b01001000001010100001000001000000001010010000010010000000000001111000011100000000",14,10,1,0,0.7516109375328345,108.32822836923725,404.96556893645976,5.323960287968628,35
1031,"b00000000000000000000000000000000000000000001010100000101011000010000110000000000",0,2686.4751967197612,"b01001000001010100001000001000000001010010000010010000000000001111000011100000000",16,7,1,1,0.7271558683444926,473.71285600884016,303.66443229497867,1.4838553753087613,35
1032,"b00000010000000001000000000000011100111000011011000000100000000000001100000000010",0,3392.627402913564,"b01001000001010100001000001000000001010010000010010000000000001111000011100000000",13,10,0,0,0.7392297421716272,185.29075228523362,248.81800075552343,3.672165832690064,35
1033,"b00000000000000000000001000001001110001110111111000001001100001101000011100000000",0,2872.3931731707553,"b01001000001010100001000001000000001010010000010010000000000001111000011100000000",11,15,1,0,0.8021024732974927,78.75816346017375,442.81410162713047,0.5297546669426358,35
1034,"b00100000000111011000000111000000000000000000000000000000010000000000110000000000",0,1516.2908082331878,"b01001000001010100001000001000000001010010000010010000000000001111000011100000000",16,9,-1,0,0.7947753470381443,61.77232291481712,468.45372182672673,0.6770679598575173,35
1035,"b10000000000110000000000001100001111100010000100010000000001000000000100000000000",0,1333.1959220039412,"b01001000001010100001000001000000001010010000010010000000000001111000011100000000",14,10,-1,0,1.0144717833189414,305.12292028445063,473.3193919501708,3.7791468273196926,35
1036,"b00000000000000000001100011000010001110010000001111000000000000111000011101000000",0,4978.649770068894,"b01001000001010100001000001000000001010010000010010000000000001111000011100000000",7,8,1,0,0.8621821606133324,365.11789141011286,276.3203220112146,4.811798779613058,35
1037,"b00100000001110000000001100000000000000000000111111000000111000000001100000000000",0,1771.0936950345258,"b01001000001010100001000001000000001010010000010010000000000001111000011100000000",15,13,0,0,0.7774116139445119,456.88905828560286,149.238814605672,0.7175817716718592,35
1038,"b00000000001000001011000000001000001000000011111000000111000001110000000000000000",0,2729.227663431594,"b01001000001010100001000001000000001010010000010010000000000001111000011100000000",12,10,0,0,0.7700674034631386,386.3049193472352,391.70307009883885,0.2075333155889375,35
1039,"b10000000001110000000011000000000110111000000011101000001010000000000100000000010",0,1529.4666086663528,"b01001000001010100001000001000000001010010000010010000000000001111000011100000000",15,15,0,0,0.7728732473005342,56.85949697531046,481.0595665591887,5.669225397283217,35
1040,"b01111000000010000000000000000000000001000001011000000101110000110011100000000000",0,1779.380552629604,"b01001000001010100001000001000000001010010000010010000000000001111000011100000000",13,12,0,0,0.7919179472043445,427.02361643221326,437.64746701616247,1.3358925480067763,35
1041,"b11100000001111100000000011001000001111011110011110100000000000000000000000000000",0,3674.2430381470776,"b01001000001010100001000001000000001010010000010010000000000001111000011100000000",9,14,-1,0,0.8838622271852145,208.18132661471915,332.1249310776845,3.9696339275926276,35
1042,"b00000000000000000000000011000000000010000000011000000011000000101000000000100000",0,2821.3629224465376,"b01001000001010100001000001000000001010010000010010000000000001111000011100000000",14,5,1,0,0.7429693253809257,182.3602710527087,345.2128129989382,2.7044862579894273,35
1043,"b01000000000000000010000000110000011010000001000000000000000000000000000000000000",0,2298.669888973958,"b01001000001010100001000001000000001010010000010010000000000001111000011100000000",16,5,-1,0,0.7150951962149831,104.93737628737607,496.0884678361885,-0.034755506881454526,35
1044,"b01101100000011110000000001000100000010000000011010000000000001111000011101100000",0,4683.504899791413,"b01001000001010100001000001000000001010010000010010000000000001111000011100000000",4,8,0,0,0.9443522334324495,357.46659517001115,463.61839012977003,4.537769191717782,35
1045,"b11000000001000000000000001100000000111110000001111001000010000000000000000001000",0,1778.8800406244636,"b01001000001010100001000001000000001010010000010010000000000001111000011100000000",13,11,0,0,0.7984203095926032,374.32066870248445,230.6640174163855,2.1294958468322154,35
1046,"b00001000110000100110000000000000001000001011100110101110000000110000011010000100",0,3210.9943245503614,"b01001000001010100001000001000000001010010000010010000000000001111000011100000000",10,14,0,0,1.205747578006212,438.50641173335134,428.79032428106547,3.6454597334549037,35
1047,"b10001000000000000001000000000000000110010000010000011110000010010000000001000000",0,2839.516606628178,"b01001000001010100001000001000000001010010000010010000000000001111000011100000000",13,8,0,0,1.0564877538269537,145.71760024261025,498.66403574547815,2.86886006371679,35
1048,"b00000000000000000000000010110000011101100000100000000000000001111000000110000000",0,3854.640012474185,"b01001000001010100001000001000000001010010000010010000000000001111000011100000000",13,9,1,0,0.7626727113680992,497.00290734349574,117.56078686897833,0.0672479743979466,35
1049,"b01000000000010000001001000000000001010010000001010000000001001110000001011000000",0,4799.129473826308,"b01001000001010100001000001000000001010010000010010000000000001111000011100000000",8,5,0,0,1.0896638521122415,136.8172080100684,500.94317358391277,2.9223296982636633,35
1050,"b00000000001000000000000000100011111100000001000111000011110000010001000000000000",0,2388.817233746636,"b01001000001010100001000001000000001010010000010010000000000001111000011100000000",13,12,1,0,0.7955091675040821,367.1600013594459,325.1172082336873,0.699241438273545,35
1051,"b01001000001110110000000001000000000000000000000001000000000001111000011100100000",0,4555.229111313257,"b01001000001010100001000001000000001010010000010010000000000001111000011100000000",6,4,0,0,1.013087121368013,197.48916202753364,483.276683312475,5.431488325294325,35
1052,"b00000000000000000000000000000000000000000000011000110001000000000000000000000000",0,2735.241008398345,"b01001000001010100001000001000000001010010000010010000000000001111000011100000000",18,4,1,-1,0.7119539389750792,3.2389930682265353,192.86561935522707,2.162112587091599,35
1053,"b00000000000000000000000000001000000000110000000000000101100011110100000110000000",0,3265.5125614223616,"b01001000001010100001000001000000001010010000010010000000000001111000011100000000",14,8,1,0,0.7746540885321779,197.09114480018616,427.2327402830124,2.653075937997375,35
1054,"b00000000001100000000000000000001100000000001011000011101111001011001100000000000",0,2676.4310412998125,"b01001000001010100001000001000000001010010000010010000000000001111000011100000000",14,14,0,0,0.7595098082387853,249.99503331319227,37.8987211016579,6.075175153070807,35
1055,"b11000000000010000011001000000000001000010000011100000000000001001000011000000000",0,5221.777164481028,"b01001000001010100001000001000000001010010000010010000000000001111000011100000000",9,5,0,0,0.8440304320211889,174.35935756138392,341.1444384634013,1.3455170456863623,35
1056,"b00000000000000000000000000000100000000000000110000001000000001110000000010000000",0,3402.2600923708906,"b01001000001010100001000001000000001010010000010010000000000001111000011100000000",15,4,1,1,0.7138741467371533,277.64773252394315,193.8245124173968,0.6467404883063903,35
1057,"b00000000000111000000001000000000000100110000000011000000000100000000000000000000",0,3925.897612379669,"b01001000001010100001000001000000001010010000010010000000000001111000011100000000",16,7,-1,1,0.7585864367619887,367.76807012706035,239.54728474557422,3.305552938220775,35
1058,"b00000000000000000110000001010000001010000001110000011010000000000000010000000000",0,3170.2269834776043,"b01001000001010100001000001000000001010010000010010000000000001111000011100000000",12,6,0,0,0.7828705910874055,122.26856088508235,222.2130196129632,0.5843346901384521,35
1059,"b00000000000011000000000110000000001000110000110010000000001000000010110000000000",0,2159.681994746692,"b01001000001010100001000001000000001010010000010010000000000001111000011100000000",13,8,0,1,0.7745278522359258,414.1260239630138,372.1330970259173,2.3723225439566753,35
1060,"b00000000000011000000001110000100011101000000000000000000000000000000000000000010",0,2156.232282705317,"b01001000001010100001000001000000001010010000010010000000000001111000011100000000",17,9,0,1,0.7921420786386794,95.3900814947528,394.76020393747655,3.976574921715704,35
1061,"b10000000000000000000000100000000111000000000011000000001000000000000000000000000",0,5584.890845279331,"b01001000001010100001000001000000001010010000010010000000000001111000011100000000",17,6,0,-1,0.7684648935033991,152.76563934817614,17.9937759684884,2.1017717686123736,35
1062,"b00000100000000011100000000010000000110000111111000000000000011100000000000000000",0,4654.90371470932,"b01001000001010100001000001000000001010010000010010000000000001111000011100000000",13,10,0,-1,0.7424137004401156,355.76739080378815,114.00243766245002,4.279268783573087,35
1063,"b10000000001100000000010000000000000111100000001111000000000000000000000000000000",0,1773.5253519666066,"b01001000001010100001000001000000001010010000010010000000000001111000011100000000",16,9,-1,0,0.7623329672325643,238.31802606900726,135.1614291235633,4.488096826012451,35
1064,"b00100000000011000001100000101100000001100100000000000000000010000000000100000000",0,589.1224209329316,"b01001000001010100001000001000000001010010000010010000000000001111000011100000000",16,10,0,0,1.0172932130552106,321.48232427888314,446.3777734314867,2.1769436293121407,35
1065,"b00100000000000100000000000000000000110110010010010000000000001111000011111000000",0,5381.4624791036385,"b01001000001010100001000001000000001010010000010010000000000001111000011100000000",7,6,0,0,1.160787386189969,372.07191913369263,103.07187135296104,6.401997263056462,35
1066,"b00000000000000000000000000000100000000000000110000000110000000110000000000000000",0,4220.762693137516,"b01001000001010100001000001000000001010010000010010000000000001111000011100000000",16,4,1,1,0.7893765828349818,309.0532771614973,6.221815263249441,0.36895233925770066,35
1067,"b01001110000100011000010000101000000010100000001011000000000000000000000000000000",0,2616.293993070541,"b01001000001010100001000001000000001010010000010010000000000001111000011100000000",15,11,-1,0,0.7557168194817208,147.5385486915415,110.94966285767212,2.3251714450371033,35
1068,"b00000000011000001000000001000000011111100010001001100110000110000000010010000001",0,1781.6512103865994,"b01001000001010100001000001000000001010010000010010000000000001111000011100000000",12,14,0,0,1.1766120690911592,104.45731916335313,52.914203661759736,2.6491302473038427,35
1069,"b00000000110000000111000000001000001000000000100000100000000011000000000000000000",0,3642.136260901515,"b01001000001010100001000001000000001010010000010010000000000001111000011100000000",13,5,-1,0,0.7726031363777274,236.18252405057288,395.3021720546066,1.8196010242362457,35
1070,"b00100100000100110000000000000000001101000000111101000101001001111000001110000000",0,2521.8316868855004,"b01001000001010100001000001000000001010010000010010000000000001111000011100000000",10,14,0,0,0.9234888696649919,489.077836158643,112.58475102444254,0.42457174019258886,35
1071,"b00000000000000000000000000000000000101000000011100000000000001111000001110100000",0,4337.486270805037,"b01001000001010100001000001000000001010010000010010000000000001111000011100000000",12,6,1,0,0.7536651657355293,428.44732092343304,218.39657355141142,6.505325163306717,35
1072,"b00000000000000000010000000010000100000000011001110000010000100001000000000000000",0,2137.421530138083,"b01001000001010100001000001000000001010010000010010000000000001111000011100000000",16,8,0,1,0.7107464846316549,386.0075396583194,373.8990134017474,6.187536385392386,35
1073,"b00101000100010110001001000000000000000101001101000101000010001000000001100000010",0,765.1043200534765,"b01001000001010100001000001000000001010010000010010000000000001111000011100000000",14,15,0,0,1.187135663031858,443.2463734845707,413.0517718541483,6.14285810313545,35
1074,"b00000000001000000000100000000010110100110001000011010001000000000110000000110110",0,730.6357282259917,"b01001000001010100001000001000000001010010000010010000000000001111000011100000000",14,14,1,0,0.8134159308781057,124.6514302450616,462.36237863493653,2.2396143956044554,35
1075,"b00000100000000000000000000110011000010001100111000000001000000000000000000000000",0,4635.59548531413,"b01001000001010100001000001000000001010010000010010000000000001111000011100000000",16,9,-1,-1,0.7499182463494678,61.38185381785087,17.171982757515682,2.8051373131591166,35
1076,"b00000000000000100000000001010000000111000000000101000000000000000000010000000000",0,2308.993150976714,"b01001000001010100001000001000000001010010000010010000000000001111000011100000000",15,5,-1,1,0.6946872993647065,46.19741445197199,328.78224311197613,4.492858011688518,35
1077,"b00000000000000000000000001000000000110000000111100000000000000001011010000000000",0,3975.9788485929475,"b01001000001010100001000001000000001010010000010010000000000001111000011100000000",14,6,1,1,0.7603842256545512,348.41085887572046,25.369496812573722,1.2126322136470304,35
1078,"b00000000000000000100000000000000000000000000100001000011100001100100001100000000",0,2290.8304781628995,"b01001000001010100001000001000000001010010000010010000000000001111000011100000000",15,7,1,0,0.7332358722686111,143.91833113060622,128.3574818900374,2.275972595857584,35
1079,"b00000000000000000000000001000000011000000000000110000000111000001000000000110000",0,1568.141349848681,"b01001000001010100001000001000000001010010000010010000000000001111000011100000000",15,7,1,1,0.7463656495415295,442.9285625672411,346.457625032295,5.2496835970123925,35
1080,"b00000000000000000000100000000000011110001001111000000011010010001101000000010010",0,3632.874803576883,"b01001000001010100001000001000000001010010000010010000000000001111000011100000000",9,9,1,-1,0.8125774070666836,343.38451934442287,331.9854284811518,6.112114411959188,35
1081,"b00000000000011000000000000000000001100000000010010000000000000000000100000000000",0,2810.9267445333367,"b01001000001010100001000001000000001010010000010010000000000001111000011100000000",15,3,0,1,0.7409768652623206,139.71591349702263,79.00006479297627,1.8576432173920836,35
1082,"b00000011000000000111001010111000111100000000010000100000000000000000000000000000",0,2003.3448961920449,"b01001000001010100001000001000000001010010000010010000000000001111000011100000000",15,12,-1,0,0.7948018735536929,431.3275777102825,412.61837435239755,0.14906322175623932,35
1083,"b00000000000110000000000000000001000000000000010000000100000000000011100000000100",0,4298.242398310059,"b01001000001010100001000001000000001010010000010010000000000001111000011100000000",16,6,0,0,0.762986819725074,426.0206602685911,266.5124198275545,4.045257955961601,35
1084,"b01001000000110000000101100000000001110100000111100001000011000011000000000000000",0,2086.9579907204543,"b01001000001010100001000001000000001010010000010010000000000001111000011100000000",11,12,0,0,0.7910855808682741,375.48814345230875,138.90701319798538,2.0914733795957545,35
1085,"b00000000000000110000000000000000011000000000011100000000100000000001100000000000",0,4554.877689453086,"b01001000001010100001000001000000001010010000010010000000000001111000011100000000",15,6,0,0,0.7224202599173211,241.55131020011083,212.8846009648216,1.2168893974753114,35
1086,"b00000000000000000010000000010000001010000001100000011010000000001000000000000000",0,5051.37163745061,"b01001000001010100001000001000000001010010000010010000000000001111000011100000000",15,6,0,0,0.732042122350721,263.14990077097644,10.06710146527482,3.549316368852873,35
1087,"b00000000000001110010000011000000001000000000011010111000000011000000000000000000",0,3000.4296811809813,"b01001000001010100001000001000000001010010000010010000000000001111000011100000000",13,9,0,0,0.7677717548877726,443.8207334928147,35.12887059744196,0.5885455926267784,35
1088,"b10000000001000100000000010000000000100010000011111011110000100100000100011010000",0,1999.656101578727,"b01001000001010100001000001000000001010010000010010000000000001111000011100000000",13,15,0,0,1.0742137546372712,294.36769089928083,494.21121711768393,5.4182105127677005,35
1089,"b00000000000000011000000001100000011110000000000000000110000100011101001101110000",0,1582.6102308543566,"b01001000001010100001000001000000001010010000010010000000000001111000011100000000",12,13,1,0,0.8905333264981394,352.2157043619864,341.07057954577033,2.134159645246732,35
1090,"b00000000000010000000110011000010100000000000110001000011000000001110111000000110",0,2063.6578163845497,"b01001000001010100001000001000000001010010000010010000000000001111000011100000000",14,15,1,0,0.82894784509455,103.27933639424553,5.81667842151187,3.26688640887304,35
1091,"b00000000000000100000000010110000001110000000010000000000000000000000000000000000",0,4265.915923752364,"b01001000001010100001000001000000001010010000010010000000000001111000011100000000",15,4,-1,0,0.7118813043513926,109.60599491331313,159.5977625740899,5.451053492206146,35
1092,"b00000100000000011100000001110011011011000010000000000000000100000000000000000000",0,5615.409880041063,"b01001000001010100001000001000000001010010000010010000000000001111000011100000000",14,10,-1,0,0.7443438095518967,396.2262857874499,207.24789063937317,5.842890281276233,35
1093,"b00000000000000000010000001000001100100110000000000000001000101110000011111100000",0,2667.603632000116,"b01001000001010100001000001000000001010010000010010000000000001111000011100000000",11,10,1,0,0.856786505581936,495.7860257330696,164.58558171361952,0.6030596014601235,35
1094,"b10000000000000000000001000000000001100000000010100000000010100000111010000010000",0,4359.545534489971,"b01001000001010100001000001000000001010010000010010000000000001111000011100000000",13,7,0,0,0.8699427163138421,70.817234092761,352.3809596116376,0.41928337318081826,35
1095,"b00010100000000011010000000100000001100001101010000000010000001000000001000000111",0,3253.858776977455,"b01001000001010100001000001000000001010010000010010000000000001111000011100000000",10,9,0,0,1.0584835778667239,36.09187391783563,267.28108172470263,1.3384845432338732,35
1096,"b00000000000000000110000010110000000000001001000000001100000100011011100000010011",0,3379.606599953403,"b01001000001010100001000001000000001010010000010010000000000001111000011100000000",12,11,1,0,0.8064739136339242,264.1896900749952,235.2018014299743,3.5298161056506068,35
1097,"b00000000000000000001000001111000111111000000100000000000000000000000000000000000",0,4488.9426473626845,"b01001000001010100001000001000000001010010000010010000000000001111000011100000000",15,8,-1,1,0.7343790762263547,138.94254800106617,355.79175120211664,3.355558493419664,35
1098,"b00000000000000000000000000100000011110000011110000000000000000000000000000000000",0,3156.2956587569424,"b01001000001010100001000001000000001010010000010010000000000001111000011100000000",16,6,0,0,0.6881021873646763,37.4223120694572,291.81873726254855,3.0047896665755944,35
1099,"b00100000000000000000000010011000001001000001100000000010000000000000000000000000",0,2816.4582124607923,"b01001000001010100001000001000000001010010000010010000000000001111000011100000000",16,6,-1,0,0.6869192169280516,65.40008724540627,77.80869234220458,2.414839607962625,35
1100,"b00000000110000000110000000000001000000001000000000000000000010000100010000010010",0,5224.100483046144,"b01001000001010100001000001000000001010010000010010000000000001111000011100000000",8,0,0,0,0.9815654193557466,204.46884461578455,26.75366644457906,3.700255342928813,35
1101,"b00001000000001100000000010000000110000100011000001000000000000011000001000000000",0,2725.8121989938736,"b01001000001010100001000001000000001010010000010010000000000001111000011100000000",14,8,0,0,0.8362063379717274,169.42864977665357,447.4967293300974,5.779489042844165,36
1102,"b00000000110000000000000000100000001011000000011000000111100001110000000101010000",0,2358.977828782106,"b01001000001010100001000001000000001010010000010010000000000001111000011100000000",12,11,0,0,0.7337341259283172,87.94346045761657,431.37913332054086,1.2328928350729866,36
1103,"b01000000000100100000101001100100000110000000001001000000001011011000000101100000",0,2366.3850569023425,"b01001000001010100001000001000000001010010000010010000000000001111000011100000000",11,12,0,0,0.9828347865205043,125.58193526589719,343.4207640745358,5.39715097563446,36
1104,"b00000000100000000010000010101000001110000011000000010000000000000000000001000000",0,1906.388332453991,"b01001000001010100001000001000000001010010000010010000000000001111000011100000000",15,8,0,0,0.7902720980656959,268.6940594731925,440.1347371742011,4.246317919821044,36
1105,"b00000000000100000000000000000000000000000000010000001111100011110000000100000000",0,2831.3738607571568,"b01001000001010100001000001000000001010010000010010000000000001111000011100000000",14,7,1,-1,0.7042651692556171,324.71014546030483,228.46730861405916,1.7047418922536208,36
1106,"b00000000000000000111000000000000001100000001100000000100000000110000000000000000",0,3049.460145935913,"b01001000001010100001000001000000001010010000010010000000000001111000011100000000",15,6,0,0,0.7194530712861182,194.23581245355405,328.1198298464624,1.0738433163046464,36
1107,"b00000000010001000001000100101000000011001001101000000000100000100000000010100000",0,907.0392746847438,"b01001000001010100001000001000000001010010000010010000000000001111000011100000000",16,13,0,0,0.8434918608160826,242.75201751634125,4.266520425713852,5.613343899093866,36
1108,"b00000000000000000101000001100001110110000110111000001111000011000000000000000000",0,2043.316627592299,"b01001000001010100001000001000000001010010000010010000000000001111000011100000000",14,15,0,0,0.8299663595246275,441.4026848696511,460.0162502136514,0.31590300922110354,36
1109,"b00000000000010000000000000000000000001000000000110000010011000001101000000010000",0,1724.8967736926104,"b01001000001010100001000001000000001010010000010010000000000001111000011100000000",15,7,1,1,0.781013168914659,367.2227380055783,379.70396332124943,4.6011595179035405,36
1110,"b00000000000000001000000000000000000001100001100010100010000010000100000011000000",0,1692.9306915479276,"b01001000001010100001000001000000001010010000010010000000000001111000011100000000",14,7,1,-1,0.7588151146904824,462.0292663270259,109.84537756110568,1.5993034344417456,36
1111,"b00000000000000001000000000001100000000010000000000000010000000111000000000000100",0,2241.140157960227,"b01001000001010100001000001000000001010010000010010000000000001111000011100000000",15,5,1,1,0.7540251724666023,149.01380089540427,460.8754435336535,4.818961633804021,36
1112,"b00000100000001000000000000011000000000100000000011000001000101100000010100000000",0,1108.3111246154783,"b01001000001010100001000001000000001010010000010010000000000001111000011100000000",14,8,0,1,0.7551361283179033,257.4479929777837,77.56782915011038,5.585589794606029,36
1113,"b10000000001000000001100000001100000000110000011000011011110001110100000100000000",0,1851.8645358468316,"b01001000001010100001000001000000001010010000010010000000000001111000011100000000",11,13,0,0,0.8298197429441831,310.7628529537738,184.61235257323733,5.960285253930202,36
1114,"b00000000000000010011000011000000101110010000000000000000000000000000000000000000",0,2679.5543452804854,"b01001000001010100001000001000000001010010000010010000000000001111000011100000000",14,5,-1,1,0.7322659969954489,502.5217750624776,386.15472394634446,5.475617744344314,36
1115,"b00110000100000100000000010000000010111000000101111000000111001111001001001000000",0,3057.6548276419508,"b01001000001010100001000001000000001010010000010010000000000001111000011100000000",11,16,0,0,0.9155106713205138,109.69241467443622,385.78432969058616,6.288891871086003,36
1116,"b00000001001011100010011000000000001000000000110000001101001001100000000000000000",0,2281.326283212446,"b01001000001010100001000001000000001010010000010010000000000001111000011100000000",12,10,0,0,0.7815160220271793,25.703086440199115,19.030913569657088,-0.04329266438733253,36
1117,"b00000000000000000101000000000000000000000000110000011100000001110000000100000000",0,2455.226235139853,"b01001000001010100001000001000000001010010000010010000000000001111000011100000000",13,5,0,0,0.8818936652427841,467.22942205952893,175.95755113096024,6.340852263684463,36
1118,"b00000000000000100000000001000000011100001000111000100011000000000000000000000000",0,2599.3573770987477,"b01001000001010100001000001000000001010010000010010000000000001111000011100000000",15,8,0,-1,0.6994219639160851,73.77037933220114,144.62397248134587,1.9160868896121506,36
1119,"b00000000000000000010000001101000000111110000000000000000000011111100001011000000",0,3576.9239634643186,"b01001000001010100001000001000000001010010000010010000000000001111000011100000000",11,10,1,0,0.8510799945466031,303.61641627655257,454.31749044968586,3.3468283940577956,36
1120,"b00000000000000000000100000011000000000010001000000000101100011110001000000000000",0,2418.3909408279656,"b01001000001010100001000001000000001010010000010010000000000001111000011100000000",15,9,1,0,0.7518266876040228,145.8836198100543,190.25561229828148,5.354673482390355,36
1121,"b00000000000011000000000000111000000010000010011000000000000000000000000000000000",0,1993.1899594743245,"b01001000001010100001000001000000001010010000010010000000000001111000011100000000",16,6,-1,0,0.7021972480653986,404.4608651016782,228.63692491666714,4.689088367177794,36
1122,"b00000000000110000000011100010000001101000100011000111000000000111000110001000011",0,2192.1672654462436,"b01001000001010100001000001000000001010010000010010000000000001111000011100000000",12,16,1,0,0.9414836971537659,377.1810026545983,480.2753785559013,5.1454929499928745,36
1123,"b00000000000001000000000111000000001110000000000000000000000000000000000000000000",0,3548.1319244745973,"b01001000001010100001000001000000001010010000010010000000000001111000011100000000",16,4,-1,0,0.6974987982107557,165.18146630451812,474.3582464460441,2.3792057422929798,36
1124,"b00000000000010000000000001110000100011000000000010000000111000000000010000000000",0,3050.285170805325,"b01001000001010100001000001000000001010010000010010000000000001111000011100000000",14,7,0,1,0.7632643604046433,423.12068133686864,133.09591616608375,4.793258528755087,36
1125,"b00000000000000000000000000000000011100000001101000001000000000000000000000000000",0,2475.81036147127,"b01001000001010100001000001000000001010010000010010000000000001111000011100000000",17,5,-1,0,0.7466103912467371,173.37647092482624,457.73914595211255,4.357171291793655,36
1126,"b00000000000000000000000010000000000110110000000110000000001101111000000111000000",0,3452.39351239967,"b01001000001010100001000001000000001010010000010010000000000001111000011100000000",11,8,1,0,0.8178769510197178,370.58901310031524,365.90444668762746,5.080073427702002,36
1127,"b00000000100000000000000001001000000001000000000000001110000001010000000100000000",0,2658.749876407077,"b01001000001010100001000001000000001010010000010010000000000001111000011100000000",15,6,0,0,0.7512038836792493,130.40280834715838,213.90201485682553,5.667095277025874,36
1128,"b01000000000011000000000001000000001100000011100000000000000000000000000000000000",0,2612.2524229815126,"b01001000001010100001000001000000001010010000010010000000000001111000011100000000",15,5,-1,-1,0.7132240661748839,183.1102588206324,127.79732771248653,0.6138056287322167,36
1129,"b00001000001010001111000010000000001000010000000010000010000001111000001100000000",0,4687.381907643357,"b01001000001010100001000001000000001010010000010010000000000001111000011100000000",6,5,0,0,0.8546846362124372,122.64486318256277,100.03825871119074,4.339676259487261,36
1130,"b00000000000000001010000000001000000011000001011100000010000001110000000000000000",0,3139.0411966110278,"b01001000001010100001000001000000001010010000010010000000000001111000011100000000",14,8,0,0,0.7485675609561662,413.1989116351632,222.80924985538252,0.40081416774749845,36
1131,"b00000000000000000000110011000001100111000100000000000000000000000000000000000000",0,3173.4648484567338,"b01001000001010100001000001000000001010010000010010000000000001111000011100000000",17,8,-1,-1,0.7025702587397212,19.142247046881575,156.63569883796256,3.3917778742961815,36
1132,"b00000000000000101100000011000000000111100000001000000000000001110000000000000000",0,1822.7205308307844,"b01001000001010100001000001000000001010010000010010000000000001111000011100000000",13,7,0,1,0.7957993176506105,501.57635348243787,92.12292189505057,4.045830152643162,36
1133,"b10000000001000000000101000000000001000000000001010000000110000000000000000000000",0,2136.251822899555,"b01001000001010100001000001000000001010010000010010000000000001111000011100000000",16,6,0,-1,0.7700652482342413,191.4187937712925,9.242860217768625,0.18801001616000051,36
1134,"b00000000000000000000000000000010000000000000010000000011010000100111000000001100",0,2770.524360275339,"b01001000001010100001000001000000001010010000010010000000000001111000011100000000",15,7,1,-1,0.7093717073788043,506.5906851421031,406.121456915094,4.762517127554016,36
1135,"b01000000000100000000010010000011011110001000111111000010000000000000000000000000",0,2136.1164926075326,"b01001000001010100001000001000000001010010000010010000000000001111000011100000000",14,13,0,0,0.7749520586492581,216.19368203136253,367.32669289975775,3.918121856212552,36
1136,"b00000000000000000000011100000001110000000100110000000010000000000100000000010110",0,3072.565106930875,"b01001000001010100001000001000000001010010000010010000000000001111000011100000000",13,8,1,0,0.7894585014068338,405.70585772839655,207.35916916137643,2.5306054902461645,36
1137,"b00000000001110000011001010000000001100010000000011110000000101100000000000000000",0,2564.9998675351803,"b01001000001010100001000001000000001010010000010010000000000001111000011100000000",11,9,0,0,0.8422796558594468,214.73151524127857,396.0369528623425,1.3049991350721586,36
1138,"b01000000001010000001000001000000001110010000000010000000000000111000010000000000",0,5176.680858805094,"b01001000001010100001000001000000001010010000010010000000000001111000011100000000",6,1,0,0,0.8178713042821562,268.2195263064285,3.4192527829252217,4.430476341177383,36
1139,"b01001000001011000000000000000000001000010000010000000000000001111000011110000000",0,5433.041739117993,"b01001000001010100001000001000000001010010000010010000000000001111000011100000000",5,2,0,0,0.8986535545136115,329.3258960807006,195.98430919416302,4.036576268518615,37
1140,"b00000000000011000000000000000000001100000000010000000000000000000000000000000000",0,6309.682699566387,"b01001000001010100001000001000000001010010000010010000000000001111000011100000000",16,2,-1,0,0.6816034797457909,171.9164520411179,73.4423983581084,4.291119179963799,38
1141,"b00000000000010000000001000000000000000001001001100000010100000000100000000010000",0,2406.4527036296167,"b01001000001010100001000001000000001010010000010010000000000001111000011100000000",14,5,1,-1,0.7866084307415796,392.2378029687434,242.3246207890711,1.4070607723864064,38
1142,"b00000000000000000000000000011100011111001100000000000000000000011000000000000000",0,3542.6197378653355,"b01001000001010100001000001000000001010010000010010000000000001111000011100000000",15,8,1,0,0.771524784790307,41.75276364251817,438.6487154263337,3.810733395133531,38
1143,"b00100000000110000000100000000000001011100001101100001100010000001001110000000001",0,2698.1986853742037,"b01001000001010100001000001000000001010010000010010000000000001111000011100000000",14,15,0,0,0.7581468036645369,254.32669904389647,329.18341500678184,2.0585429591304627,38
1144,"b01000000001010100001001100000000000000010000000010000000000000110000001100000000",0,5386.944873692082,"b01001000001010100001000001000000001010010000010010000000000001111000011100000000",8,2,0,0,0.8667107481841135,49.48395009391224,66.52808556981573,2.4370663781716084,38
1145,"b00000000000000000000000010000000000111000000011100001111100001111000001100000000",0,2904.9106406756446,"b01001000001010100001000001000000001010010000010010000000000001111000011100000000",11,10,1,-1,0.7618730249271906,475.68058587856615,476.2680787606158,0.4856998096776137,38
1146,"b00100001000001100010000010101000000000000000000011000010000001111000001100100000",0,2479.8636481224275,"b01001000001010100001000001000000001010010000010010000000000001111000011100000000",11,10,0,0,0.9767791251265528,467.9508796277519,322.6264079231043,5.975899438486958,38
1147,"b00100000000000000000000000000001000000000011100001001100000100000000010000000000",0,2496.642525025099,"b01001000001010100001000001000000001010010000010010000000000001111000011100000000",16,7,0,1,0.7355986345745962,385.78475129158267,200.56926533360635,4.865375714713276,38
1148,"b00000000000001001100000111000000001110100000101010000000000000001100000000000000",0,2570.206965783553,"b01001000001010100001000001000000001010010000010010000000000001111000011100000000",14,10,0,1,0.720235918206801,303.9548648269225,458.3089244949621,4.396279115877778,38
1149,"b00000000000000000100000000001100000000100001110000001010000000100000000000000000",0,2233.624815973416,"b01001000001010100001000001000000001010010000010010000000000001111000011100000000",15,6,1,0,0.7809971870541483,291.0378292065546,241.39590822835416,4.881637250061711,38
1150,"b00000000000000000000000001000101000100000100000000000000000000000001000000000110",0,2767.3341908293964,"b01001000001010100001000001000000001010010000010010000000000001111000011100000000",16,5,1,0,0.7612728726404785,37.29445844606518,3.534697596185553,2.7058269391217373,38
1151,"b00000000110001010001000001000000000110000000011000100010000000011100000000010000",0,1871.2421773018284,"b01001000001010100001000001000000001010010000010010000000000001111000011100000000",13,10,0,0,0.7841619513413226,129.56098697060034,444.35578945226837,5.230268663947623,38
1152,"b00011000000000000001000001000000000100010000010000000000000011110000011001100000",0,5938.773067665408,"b01001000001010100001000001000000001010010000010010000000000001111000011100000000",9,5,0,0,0.938091328907748,281.62535552810283,326.76704892933435,3.54222154390456,38
1153,"b00000000100000001100001000100010100010001100000000100000000000100000000000000000",0,3146.81087965427,"b01001000001010100001000001000000001010010000010010000000000001111000011100000000",15,8,0,-1,0.7690559620986243,93.97626414108277,124.15093991851806,4.992947140298371,38
1154,"b00000001110000011110100001000000000000000100010001100001000100000000000000000000",0,3371.01089586531,"b01001000001010100001000001000000001010010000010010000000000001111000011100000000",12,8,-1,0,0.8928905847732624,62.77556294196546,450.671347442189,5.55311094828232,38
1155,"b01000000000000010000110011000000001110001100110000000001000100000000111100000010",0,1638.4970694410067,"b01001000001010100001000001000000001010010000010010000000000001111000011100000000",11,12,0,0,0.9546803127348082,366.60422411374134,66.18964248128457,0.3072359235845237,38
1156,"b01100000111000000011100110010000001110000000001000000001110000001010000000100000",0,1964.8131513448063,"b01001000001010100001000001000000001010010000010010000000000001111000011100000000",13,15,0,0,0.9682113974404621,62.32469381878328,143.85718975428995,-0.022612381107321573,38
1157,"b00000000000000000000000010000000011110110000110110001010000001011000000100000000",0,4719.668344886813,"b01001000001010100001000001000000001010010000010010000000000001111000011100000000",10,8,1,0,0.7635203744281917,183.01559073161417,356.78132052619384,1.7019812300470254,38
1158,"b10110000000011000000000100000000100000010010000111000011000000001110101000000000",0,1583.009935858219,"b01001000001010100001000001000000001010010000010010000000000001111000011100000000",14,14,0,0,1.236009828375027,495.5631494487801,292.19195113691796,0.3700771880100373,38
1159,"b00000000000000000000000000000000000100000011011000010110000000000000000000000000",0,3047.638228965021,"b01001000001010100001000001000000001010010000010010000000000001111000011100000000",16,5,1,-1,0.6933485861605226,138.45720281715708,345.41346227586683,1.8260634999157241,38
1160,"b00001000000001000000110100001001100000000000111010000001011000000000000000000001",0,914.3222386535637,"b01001000001010100001000001000000001010010000010010000000000001111000011100000000",16,13,0,0,0.8263131429146904,312.0771960585865,65.79549440981737,6.3252796513827825,38
1161,"b00000000000000000110001100000000001000000000000010000011100000000111000000001000",0,1663.0427482250643,"b01001000001010100001000001000000001010010000010010000000000001111000011100000000",13,7,1,0,0.7817007470283199,196.93193531585518,500.44651816887347,4.0846183867948795,38
1162,"b00000000000000000000000000001000001000100000000010010010000001110000000100000000",0,4163.223506739383,"b01001000001010100001000001000000001010010000010010000000000001111000011100000000",13,4,1,0,0.8450028183898725,330.82076769967057,178.7795044219601,3.659550177106336,38
1163,"b00000000000000001000000000100000001111100000111100000000000000000000000000000000",0,3168.4911885806723,"b01001000001010100001000001000000001010010000010010000000000001111000011100000000",16,8,0,0,0.7369094706648138,381.9852708757323,128.8335400498356,4.359025593551138,38
1164,"b00000101100000011100100000000010000000000001100000000110000000000001010000000000",0,4391.858746853786,"b01001000001010100001000001000000001010010000010010000000000001111000011100000000",11,6,-1,0,0.8509190377537706,88.08883375064347,315.6585198738039,5.36611810757962,38
1165,"b00000000000000000000000001000000100110000000110000000001000000001000110000100000",0,2052.323028922277,"b01001000001010100001000001000000001010010000010010000000000001111000011100000000",14,6,0,0,0.7409348581931023,274.0672224025173,434.5769535703454,5.1594474539814,38
1166,"b00000000000000000000000000100000001110000000010000000000000000000000000000000000",0,2238.415216250599,"b01001000001010100001000001000000001010010000010010000000000001111000011100000000",16,2,-1,0,0.7539485473238253,337.16222190682106,432.8231923691621,3.424411924118549,38
1167,"b01000000000000000000000001000000110111100011000110000000000000000000000000000000",0,2814.8093305618586,"b01001000001010100001000001000000001010010000010010000000000001111000011100000000",15,8,-1,0,0.7409040986943762,471.3813548561076,81.79273762502662,4.778084645713426,38
1168,"b00000000000000010000000001100000001010000000110000000000001000010000110010000001",0,3559.0956803078807,"b01001000001010100001000001000000001010010000010010000000000001111000011100000000",13,7,0,1,0.7773960067627959,247.36979017586543,170.86238558539029,1.5947697917249166,38
1169,"b11000000000100000000001001000001100000000000000000000001100100000011010000100100",0,2234.626698771124,"b01001000001010100001000001000000001010010000010010000000000001111000011100000000",16,12,0,0,0.8545838325239993,417.65124282585873,281.0407078566396,5.003060866391252,38
1170,"b00000000000000000010000000000000001000000001100000000000000000011000000001000000",0,6042.919110605735,"b01001000001010100001000001000000001010010000010010000000000001111000011100000000",16,4,0,0,0.7210571144456467,375.2660281130983,283.37145831330326,1.3425441882069389,38
1171,"b00000000000000000000100000000000000000001000100000000011000000000011000010000000",0,3182.753018062628,"b01001000001010100001000001000000001010010000010010000000000001111000011100000000",16,5,1,-1,0.780758798363504,300.3338075827006,146.63481720806962,4.7427445014805905,38
1172,"b00000000000000110000000001100000001110000001111000100001000000000000000000000000",0,4635.621295222396,"b01001000001010100001000001000000001010010000010010000000000001111000011100000000",14,8,0,-1,0.7143742980473675,86.35247604370117,130.72705212970112,3.7358129919844503,38
1173,"b00000000000000000010000000000000000000110000000000001110000001110000000000000000",0,3316.0499577072324,"b01001000001010100001000001000000001010010000010010000000000001111000011100000000",15,5,1,0,0.7653477487539675,184.30558950894707,175.4746578469517,3.944929413321089,38
1174,"b00000000000000000010000000010000000010000000110000001101100001110000000000000000",0,1593.6949128079189,"b01001000001010100001000001000000001010010000010010000000000001111000011100000000",14,7,0,0,0.8225327152345233,503.8543890321497,314.71578995681887,2.112338256997644,38
1175,"b00000000000110000000000000000000000000110000110110000000000000000000000000000000",0,5696.901119737568,"b01001000001010100001000001000000001010010000010010000000000001111000011100000000",15,4,0,1,0.7030485104500623,102.94386654892818,458.73621644938305,0.8337795695609316,38
1176,"b00000001000000001100000000000000000000000000010100000010000001100000000010000000",0,2970.9123895013918,"b01001000001010100001000001000000001010010000010010000000000001111000011100000000",15,5,0,1,0.7322954140359854,129.11912790418396,379.5439930387733,0.44491709872856033,38
1177,"b00010000000001110100010100011011000010010000001000001000000000000000000000000000",0,3072.7171414015575,"b01001000001010100001000001000000001010010000010010000000000001111000011100000000",16,12,-1,0,0.7722774797456063,87.48180974411072,76.30306459350774,2.2765947386977734,38
1178,"b00000000000000000000000000000000000000000000100000000010000000011000000000000000",0,5645.008410802313,"b01001000001010100001000001000000001010010000010010000000000001111000011100000000",17,2,1,0,0.725218614802757,405.75214526055237,80.79896894299752,0.794226708239403,38
1179,"b00001000000001101000000001100000001111000000000000000000000000000000000000000000",0,4083.0957748704063,"b01001000001010100001000001000000001010010000010010000000000001111000011100000000",14,5,-1,0,0.7189163187101201,103.85300209720667,378.010211657344,1.0546698542096165,38
1180,"b01001000001011110001100111000000001000010000000010000010001001001000001000000000",0,3389.0116113296854,"b01001000001010100001000001000000001010010000010010000000000001111000011100000000",6,7,0,0,0.8970067168163256,35.707784016437266,488.9090070915516,2.539379597921662,38
1181,"b00000000111000010110000000000001000000001001110000000000000000000100000000000000",0,5280.719298224951,"b01001000001010100001000001000000001010010000010010000000000001111000011100000000",8,1,-1,0,0.7875300165166532,22.14367395706391,460.3683907798167,4.542047159315343,38
1182,"b00000000000000110000000111000000001100000000010000000001000000000000010000100000",0,2336.843495915479,"b01001000001010100001000001000000001010010000010010000000000001111000011100000000",15,7,0,1,0.7707191987560524,38.34652978784655,492.74472476676584,5.203729579072414,38
1183,"b10100000000111100110011111010010000000001110000000000100000000010000000000000000",0,2283.2227461800753,"b01001000001010100001000001000000001010010000010010000000000001111000011100000000",15,16,-1,-1,0.8076818239311467,271.0512982026685,487.2944603518758,5.540409252262629,38
1184,"b00000000000000000000000000000000011000000010011100011101000000111100000001100000",0,3209.560134322714,"b01001000001010100001000001000000001010010000010010000000000001111000011100000000",14,11,1,0,0.7580642188884714,203.03641018642242,333.70202703723413,4.422300654516095,38
1185,"b00000000000000000010000000001000000011100000010010000000000001000100000000000000",0,4310.089353583384,"b01001000001010100001000001000000001010010000010010000000000001111000011100000000",15,5,0,0,0.7227425394357425,48.20126250837273,378.11345260855404,2.088321789257797,38
1186,"b00000000000000000000000010000000001111000000011100000000000010000000000000000000",0,3376.660480768812,"b01001000001010100001000001000000001010010000010010000000000001111000011100000000",16,6,0,-1,0.7375969922463956,224.75000198948325,407.11484662653726,2.4250261011028558,38
1187,"b00000000000000100000000010000000000000000000110000000011000000011100000001001110",0,2518.1895505030834,"b01001000001010100001000001000000001010010000010010000000000001111000011100000000",15,9,1,0,0.755538535379177,364.16709111943976,474.6959088849592,2.5225028744414955,38
1188,"b00010000001001000000011100001000100000010000000111001111000000011011101000000000",0,2243.9961613506107,"b01001000001010100001000001000000001010010000010010000000000001111000011100000000",13,16,0,0,1.0370452512878636,386.312027908964,334.3931913244797,5.087467533929598,38
1189,"b00000001100000001100000111000000111110001000000000100000000000000000000000000000",0,2873.87106777292,"b01001000001010100001000001000000001010010000010010000000000001111000011100000000",14,9,-1,-1,0.7604048688209997,436.4113976826678,129.61159313248592,2.9403706255161737,38
1190,"b00000000000000000000000000000011111100001110000000011000000000000000000000000000",0,2679.86437057032,"b01001000001010100001000001000000001010010000010010000000000001111000011100000000",16,8,-1,-1,0.701039778784956,43.878433299621854,439.65197172691313,3.739755261888665,38
1191,"b01000000000000000000100000000010000000000010000000000110000000001000010000000010",0,1589.296230618601,"b01001000001010100001000001000000001010010000010010000000000001111000011100000000",16,6,0,0,0.880911506731739,78.63867584314158,254.34154936573682,1.6501073081622892,38
1192,"b00000000000000000000000000000000001000000001100000000101100000000110000000000000",0,2839.657746942475,"b01001000001010100001000001000000001010010000010010000000000001111000011100000000",16,5,1,0,0.7262629589125235,89.0984043883073,288.15394812676504,2.61137096215439,38
1193,"b00000000111010110000000010000100001000000000000000000010000101100000001100000000",0,3593.9357586927727,"b01001000001010100001000001000000001010010000010010000000000001111000011100000000",11,7,0,0,0.9326686932313448,282.72055241978586,397.0484470348453,1.157825568537153,38
1194,"b01000000100000000100110000100000010110110011000111000110000000000000000000110000",0,2827.2946293290897,"b01001000001010100001000001000000001010010000010010000000000001111000011100000000",15,16,0,0,1.0167754242358586,312.3586120204555,386.9223996361368,3.5942133283999658,38
1195,"b00000000000000000001100000000010000000000000010000001001100000011110000000000000",0,2216.2083877179634,"b01001000001010100001000001000000001010010000010010000000000001111000011100000000",15,7,1,0,0.7889616825572765,305.7863741429066,97.76285090802104,6.03838142413163,38
1196,"b10000000000000000000001100100000110001110000000111110100000000010000000010000000",0,1492.0793502197175,"b01001000001010100001000001000000001010010000010010000000000001111000011100000000",16,14,0,0,1.0900196014467551,35.79459661674621,487.46323605325284,0.17854187694404391,38
1197,"b00000000000000000000000000000000001000001101110000000000000000000000000000000000",0,6526.7349482272075,"b01001000001010100001000001000000001010010000010010000000000001111000011100000000",15,2,0,-1,0.6991617051588733,214.68654063997494,270.0165115487544,3.3601096382974616,38
1198,"b00000000000000000000010000000111010000001000100000100011110000000101010000010010",0,2537.212413580903,"b01001000001010100001000001000000001010010000010010000000000001111000011100000000",11,9,1,0,0.7950338276373496,3.9959642503375097,348.4968277704148,4.4617667841154365,38
1199,"b00001000001000100000000111100000011110001100010000000000000000000000000000000000",0,4654.697236255484,"b01001000001010100001000001000000001010010000010010000000000001111000011100000000",12,7,-1,-1,0.7249380237762428,282.4260825651709,390.26267047642745,1.2139766229903284,38
1200,"b00000001100110000000000100000000011001000010110010000000001000000001100000000001",0,1483.6451447285888,"b01001000001010100001000001000000001010010000010010000000000001111000011100000000",15,12,0,1,0.7959466755738356,417.06569181754185,111.26851422153912,4.295148544849374,38
1201,"b00000000001000000000000011100000001110000000110000000000000000000000000000000000",0,2035.6719463539453,"b01001000001010100001000001000000001010010000010010000000000001111000011100000000",14,4,-1,-1,0.7152541544876198,12.195408512313378,249.33679559533627,6.162420316234084,38
1202,"b00000000000000000000010001000000001000000100011100000011110000000001000000000101",0,2048.5769069687785,"b01001000001010100001000001000000001010010000010010000000000001111000011100000000",15,10,0,0,0.7696695517325172,55.641168282938885,211.90085530378116,5.798340149071765,38
1203,"b00000000000000000000000010000000011000000000011000000001000000000000000000000000",0,5152.7517580181875,"b01001000001010100001000001000000001010010000010010000000000001111000011100000000",17,4,0,0,0.7550569114144267,139.37609356761683,11.895993841611421,1.2171307455428688,38
1204,"b00000000000100000000000000000000000000000001100000000111000000000100000000000000",0,4225.769506089194,"b01001000001010100001000001000000001010010000010010000000000001111000011100000000",16,4,1,-1,0.7387954157731718,63.97518998177825,162.2755700998935,1.754033462049381,38
1205,"b00110000000011110000101110000001100000000110100001011000000000000001110000000010",0,1603.0846946352563,"b01001000001010100001000001000000001010010000010010000000000001111000011100000000",14,17,0,0,0.9386574376373138,471.33696509813234,482.0553802870839,1.0309607830887195,38
1206,"b01000000000100000000001101100000010010000000000010000100001000000000110000000010",0,4710.269184064087,"b01001000001010100001000001000000001010010000010010000000000001111000011100000000",14,9,0,0,0.8306741032978037,172.59190011776968,331.2146297729591,2.1561084710519705,38
1207,"b00000000000000010000000000000000000000000000111000000011100000001100000000000000",0,2845.966393145325,"b01001000001010100001000001000000001010010000010010000000000001111000011100000000",15,5,0,1,0.738658906221588,92.3250533109586,6.435252317662775,5.87039444856809,38
1208,"b01000000000000000000000011000000001111000000000000000000000000000000000000000000",0,5570.5951259265985,"b01001000001010100001000001000000001010010000010010000000000001111000011100000000",15,3,-1,0,0.7140269185592898,43.65573176351826,59.19077713184142,0.5767917637284343,38
1209,"b01001000001010000000000001000000000010010000011011000000000001100000011100000000",0,5821.912659305201,"b01001000001010100001000001000000001010010000010010000000000001111000011100000000",5,2,0,0,0.8992334646536206,338.63776449150356,60.18243896734649,0.9708049263613076,38
1210,"b00000000000000000000000011000000001100000010100000000000011000001000010000000001",0,1360.537369182696,"b01001000001010100001000001000000001010010000010010000000000001111000011100000000",15,7,1,1,0.7446421886024043,127.63850541174733,268.93450336011136,1.003858385778098,39
1211,"b00000000010000000000000000000000000000001000000000110001010000010100000011000000",0,5055.8503525302,"b01001000001010100001000001000000001010010000010010000000000001111000011100000000",16,7,0,0,0.9492492004833638,331.35444190490364,333.7407087695578,2.3477559866263333,39
1212,"b00000000000000100000000011100100001010000000000010000000000001101000011110000000",0,4026.650424025487,"b01001000001010100001000001000000001010010000010010000000000001111000011100000000",8,4,1,0,0.9331688685472219,419.22174568604146,144.31448535409027,-0.0783048299449878,39
1213,"b00001100010000001101000001110000011100000011110000010000000011000000001100000000",0,2653.935982323802,"b01001000001010100001000001000000001010010000010010000000000001111000011100000000",11,13,0,0,0.8466492191716344,386.1840973549701,187.27236742755926,2.89932132128181,39
1214,"b00000000001000000000011000000000000011000000000000000000000000000000000000000000",0,2243.874403489681,"b01001000001010100001000001000000001010010000010010000000000001111000011100000000",17,3,-1,0,0.828932612593004,306.9487612997673,350.0155974458468,4.766077613816137,39
1215,"b00100000001111000010000000001100000011000001011100000111100000000000001110000000",0,1033.0091652554902,"b01001000001010100001000001000000001010010000010010000000000001111000011100000000",13,15,0,0,0.8912967808012687,0.6738715622574091,342.7376544643093,4.467467929323805,39
1216,"b00000000001000000000000000000000000000000001100000000110000000001110000000011000",0,6592.92074222031,"b01001000001010100001000001000000001010010000010010000000000001111000011100000000",14,5,1,-1,0.7445187689290559,158.6495646671528,242.28321195513035,5.903629310818164,39
1217,"b00000000000000000000001000000010101010010000011110000000000000111000011101100000",0,5617.228183319885,"b01001000001010100001000001000000001010010000010010000000000001111000011100000000",8,7,1,0,0.8072494012380341,274.5591650253467,212.58509104525106,0.32539472401247027,39
1218,"b00000000000000000011000000000000000100000001110000001100000000110000000000000000",0,3778.375481761409,"b01001000001010100001000001000000001010010000010010000000000001111000011100000000",15,6,0,1,0.7093576534943292,223.28900519587756,193.31656196369948,0.9900976896723106,39
1219,"b00010000000100000000000000100100000010010000000011001111001000111000000010010000",0,2017.8232928473908,"b01001000001010100001000001000000001010010000010010000000000001111000011100000000",13,12,0,1,0.8313112924142111,423.9778611328679,230.45748223679618,3.1230115346048306,39
1220,"b00000000000000000000000000000000000000000000010000000001000000000000000000000000",0,3786.5651397243605,"b01001000001010100001000001000000001010010000010010000000000001111000011100000000",18,1,1,-1,0.658303304100763,247.3142092846994,381.05663873064617,1.974625549478696,39
1221,"b00000000110001010110000111010001000101000100000000010000000000000000000000000000",0,3126.489424781277,"b01001000001010100001000001000000001010010000010010000000000001111000011100000000",13,9,-1,0,0.7423043016577393,413.8481084399647,46.72846047936883,2.58424987581916,39
1222,"b00000000000000100000010000000001001100000000010000000000000000000000000000000000",0,3230.522340483589,"b01001000001010100001000001000000001010010000010010000000000001111000011100000000",16,3,-1,0,0.7048245624598538,172.12149484648958,140.7177495446824,2.02488778303427,39
1223,"b00001000001000000001000011000100001010010000011001000000000010111000011101000000",0,6247.39433722053,"b01001000001010100001000001000000001010010000010010000000000001111000011100000000",5,6,0,0,1.31599243604829,439.6968534307827,226.8745505858596,2.9352471243782703,39
1224,"b00100000001110000000001100000000011000000110011100000001011000000000010000000000",0,1868.5936412315768,"b01001000001010100001000001000000001010010000010010000000000001111000011100000000",14,12,0,0,0.7604179043832373,70.6805494415856,400.26313507652793,2.1604262631771403,39
1225,"b00000000000000001100000000000000000110000000111000101011000010001000001000000000",0,3127.4957846018983,"b01001000001010100001000001000000001010010000010010000000000001111000011100000000",14,9,0,-1,0.7449129112290191,485.41523956791826,358.9534367877621,5.801607890603534,39
1226,"b00001000000001100000000110001111111100000111001100001000110000000010100100000001",0,1519.724298227653,"b01001000001010100001000001000000001010010000010010000000000001111000011100000000",16,22,0,0,1.3559886835659192,339.6992418958806,429.56535430876966,5.824913092894347,39
1227,"b00000000000000000000000000000010000000001000000000110011100000000000100000000000",0,2198.836538232341,"b01001000001010100001000001000000001010010000010010000000000001111000011100000000",17,6,1,-1,0.7512332218138605,357.91379601399416,265.79982115251744,5.3001159331327345,39
1228,"b00000000000000000000001000000000001100000000110000000001000010000000000000000000",0,2776.6791272003793,"b01001000001010100001000001000000001010010000010010000000000001111000011100000000",16,4,1,-1,0.6920398516906091,227.2777142503969,375.04838042761367,2.7162647212571986,39
1229,"b00000000000000000000001110000000011000000011100000001100000000000000000000000001",0,4098.239400303504,"b01001000001010100001000001000000001010010000010010000000000001111000011100000000",17,9,0,0,0.7530520770037336,89.60802172127906,111.09068634220604,5.07280232784918,39
1230,"b00000000000000000000000000000000111000000001011000000000000000000000000000000000",0,3533.863853105009,"b01001000001010100001000001000000001010010000010010000000000001111000011100000000",16,3,0,-1,0.7284375867801258,497.113949343155,47.614336795494204,1.0238092957336726,39
1231,"b10000000000011000000000000010000000001000011000101001011000000001110000000010000",0,1562.751158166752,"b01001000001010100001000001000000001010010000010010000000000001111000011100000000",15,12,0,0,0.8185085865460976,225.66178920395552,232.28421365662393,3.8861813807522347,39
1232,"b00000000000000000000001011000001001110000000000011010000100100000000000000000000",0,4022.0000004597787,"b01001000001010100001000001000000001010010000010010000000000001111000011100000000",15,8,1,1,0.7607608948470626,122.49147376243924,277.92837879533596,0.28939378749788397,39
1233,"b00000101110010111110000100000011011000000011100000000000000000000000000000000000",0,3054.021294116914,"b01001000001010100001000001000000001010010000010010000000000001111000011100000000",10,9,-1,0,0.8287992963823183,145.94845451873482,456.1453077357024,4.563430175326031,39
1234,"b10000000001001000000001111000000001100000000000000000000101000010110011001000000",0,2675.565896327568,"b01001000001010100001000001000000001010010000010010000000000001111000011100000000",13,11,0,0,1.0654552620700994,10.199723970900893,487.58610068620027,-0.0599261892563394,39
1235,"b01000000001010100000001001000100001010010000011101000000000001110000010001100000",0,4481.494577169309,"b01001000001010100001000001000000001010010000010010000000000001111000011100000000",6,7,0,0,1.1967843948530172,310.63762280736034,472.156685980197,2.118505868730203,39
1236,"b00000100000000000110000000001000000100000001110000001000000000100000001000000000",0,2484.325141776824,"b01001000001010100001000001000000001010010000010010000000000001111000011100000000",15,7,0,0,0.7416942770859065,479.88587823748196,325.79627290732003,0.47348868437320846,39
1237,"b00000000000000000000000101100000011110000100110010000001000000000000000000000000",0,4199.668785316835,"b01001000001010100001000001000000001010010000010010000000000001111000011100000000",14,7,0,0,0.7037093656976778,223.7629340885439,154.84740624382133,2.388447691528834,39
1238,"b00000000000100000000000000000000000110000000010111000001101000000111100000010110",0,1551.9732144457298,"b01001000001010100001000001000000001010010000010010000000000001111000011100000000",16,14,1,0,0.8107882497832122,344.9475659447606,279.7795686028458,5.7812603576013775,39
1239,"b00000000000000000000000000000000000000000001100010000110100000000001000000000100",0,4151.298737466675,"b01001000001010100001000001000000001010010000010010000000000001111000011100000000",16,5,1,0,0.7315891624826478,128.26850855874565,471.46677715830094,1.7715160418593037,39
1240,"b00000000000000010001000010000100001100010000110000000010000000100000000000000000",0,4281.789368228916,"b01001000001010100001000001000000001010010000010010000000000001111000011100000000",14,6,0,1,0.7626049409091027,500.7412917005467,43.08554305870663,5.686710947273481,39
1241,"b00000000010000000011000000111000000000001000000000011000000001111000000100000000",0,2684.070562429156,"b01001000001010100001000001000000001010010000010010000000000001111000011100000000",13,8,0,0,0.791289839108667,438.369504619835,265.79880107008205,6.017394808902283,39
1242,"b00000000000000000100000000000000000000000000110000111000000010000000000000000000",0,4838.822606177917,"b01001000001010100001000001000000001010010000010010000000000001111000011100000000",16,4,0,-1,0.775157864995171,349.1948896033463,489.51453214658045,3.1937062582002405,39
1243,"b00000000000011001000000000100000000010000011000000001100011000010001110000000000",0,1524.1597651072746,"b01001000001010100001000001000000001010010000010010000000000001111000011100000000",15,11,0,0,0.811101031425504,114.59435188712143,461.6895394674162,5.8492640736050046,39
1244,"b00001100001100011100000000010000000000000000000000000000001000000000010000000000",0,2011.1860867627934,"b01001000001010100001000001000000001010010000010010000000000001111000011100000000",16,7,-1,0,0.7573388408579017,223.4675375428613,377.84257514753034,4.469633733114285,39
1245,"b01000000001010100001000000000000001000010000010010000000000011101000001101000000",0,3547.7726393009725,"b01001000001010100001000001000000001010010000010010000000000001111000011100000000",5,2,0,0,0.8850100652733213,65.4026981089584,506.8579220758581,6.193362680681954,39
1246,"b00000000000000101100000101110001001100001000110000000001110010000000000000000000",0,1135.6506362560208,"b01001000001010100001000001000000001010010000010010000000000001111000011100000000",12,10,0,-1,0.8029826997551612,283.4642684971763,482.68530860765793,0.23567679806062752,40
1247,"b00000000000000000000001000000000000000000010111100011011010001000010000000000000",0,1494.5992607850217,"b01001000001010100001000001000000001010010000010010000000000001111000011100000000",17,11,1,0,0.7576023629967881,409.556788692499,79.40028397139417,2.3706879483199477,40
1248,"b00000000000000001000000011110000001010000000001110000000000000000000000000000000",0,3088.475370896437,"b01001000001010100001000001000000001010010000010010000000000001111000011100000000",15,6,-1,1,0.7107467600376581,74.8834215306524,154.4413075643511,6.189789800376422,40
1249,"b00000000000000000010111000001011111100100110110000111010000010000000000000000000",0,2598.3074985576764,"b01001000001010100001000001000000001010010000010010000000000001111000011100000000",13,15,0,-1,0.7814847803115309,485.8401931635235,46.208411412478064,5.917000479252549,40
1250,"b00000000000000100100000000000010001100001111100000110000000000000000000000000000",0,2241.056988601271,"b01001000001010100001000001000000001010010000010010000000000001111000011100000000",15,8,0,-1,0.7238347083542955,93.90642487906752,380.7725439741093,3.1885677549215314,40
1251,"b00010000001100000000011000001000001100000000000000000001000000111100000010001000",0,2362.6605749761893,"b01001000001010100001000001000000001010010000010010000000000001111000011100000000",14,10,0,-1,0.8847430487398905,341.8546950175096,167.1475941529015,1.4977906114161095,40
1252,"b00001000001000000000000001000000001000010000010001000000000011111000011101000000",0,5664.939392712338,"b01001000001010100001000001000000001010010000010010000000000001111000011100000000",6,3,0,0,0.8823492625808601,395.3418889231778,309.237278594145,4.481696666525665,40
1253,"b00000000000000000010000000001000000100000000110000000010000000001101000000000000",0,3592.3881091866433,"b01001000001010100001000001000000001010010000010010000000000001111000011100000000",14,4,1,1,0.7371104105196458,388.2197635174841,431.5220109467955,6.330557745629484,40
1254,"b00001000000011101000001111000001100001100000000011000000010000000000000000000000",0,1898.9276302110839,"b01001000001010100001000001000000001010010000010010000000000001111000011100000000",14,11,-1,0,0.7330012137720529,150.04084829768453,454.41716097429463,0.013095002097211294,40
1255,"b00000000001000000000000001000000001111010000011010011010000011101000001000000000",0,5885.445927460552,"b01001000001010100001000001000000001010010000010010000000000001111000011100000000",8,7,0,0,0.8109720118676818,381.41928306229994,313.6474168474141,5.584541098073054,40
1256,"b00000001100000001000000000011100010000000101100000001110011000001100000000000000",0,1957.5586673531893,"b01001000001010100001000001000000001010010000010010000000000001111000011100000000",14,12,0,1,0.8089863221506534,361.6068242741541,311.1381289447395,1.03409630432313,40
1257,"b00000000000000000010000011000000001100000010110000000111000000110000000000000000",0,2601.6396525883592,"b01001000001010100001000001000000001010010000010010000000000001111000011100000000",14,8,0,0,0.7489743586876603,178.29676440260573,422.6243563378988,0.36438206821792285,40
1258,"b01000000001000000000100000001100001010110000001010001010000101011000010101000000",0,4254.356735996249,"b01001000001010100001000001000000001010010000010010000000000001111000011100000000",8,9,0,0,0.9421281109552194,242.5766647665508,104.9229110017829,5.776672811710199,40
1259,"b00000000000000111100000000010000000001100000010000011000000000000000000000000000",0,2327.793104318551,"b01001000001010100001000001000000001010010000010010000000000001111000011100000000",15,6,-1,1,0.7187368257477872,88.81684002872954,504.87381073019344,0.8876953479147878,40
1260,"b10001000000100010000000000000000001011000010111000000000000000100000010001000000",0,1861.420479242338,"b01001000001010100001000001000000001010010000010010000000000001111000011100000000",13,8,0,0,0.7420007033143897,32.2408881018452,354.28770159940325,1.6219365376348471,40
1261,"b00000000000000000000000000000000110000000000000110001101000000001000000000000000",0,2490.843940864443,"b01001000001010100001000001000000001010010000010010000000000001111000011100000000",17,6,1,1,0.7433720656084223,91.72775210062663,218.75124004364014,0.2327697608096318,40
1262,"b00000000000000000000010000000000010000000000011000100011000000010000000010000000",0,4015.8336380132446,"b01001000001010100001000001000000001010010000010010000000000001111000011100000000",17,7,1,-1,0.741073353051455,372.84494492555405,77.3637081557209,0.5966187523358547,40
1263,"b00000000000000000000110000000000000000001000000000000011000000000111000000001110",0,3213.0683970734276,"b01001000001010100001000001000000001010010000010010000000000001111000011100000000",14,6,1,-1,0.760843690991808,360.56491652695235,358.77871395998807,1.7593268019132744,40
1264,"b00000000000001100000000000000000001000000000110000000000000000000000000000000000",0,2892.232201393799,"b01001000001010100001000001000000001010010000010010000000000001111000011100000000",16,2,0,0,0.7182504445693222,442.5868454642918,384.8600064927253,5.099607005814114,40
1265,"b00000000000000010111100001011000001000001001110000000001000010000001011000000000",0,3617.9905868399396,"b01001000001010100001000001000000001010010000010010000000000001111000011100000000",9,8,0,0,0.8091064117219785,374.2345671614573,109.61475856704537,5.929993274542076,40
1266,"b00000000000000000000000000011100010111001110000000000010000010000000000000000000",0,1736.3809673586534,"b01001000001010100001000001000000001010010000010010000000000001111000011100000000",18,11,0,0,0.763170688956522,196.83851013950368,271.3079397690356,3.420980701793659,40
1267,"b00000000000000000000000000000000110100000001110000000001000000000000000000000000",0,2804.9027664732694,"b01001000001010100001000001000000001010010000010010000000000001111000011100000000",17,5,0,-1,0.7746583173726743,350.4701471903238,326.71078297156726,0.12731839774411324,40
1268,"b00000000001000000000000000000000001000000000110000000001100000000000000000000000",0,2118.881990109168,"b01001000001010100001000001000000001010010000010010000000000001111000011100000000",16,3,0,0,0.7445187643720055,111.62857308300424,273.5410730159326,2.885112106024415,40
1269,"b00000000000010000000001011000000001000000100010000010000011000000000110000000010",0,2144.9875569102464,"b01001000001010100001000001000000001010010000010010000000000001111000011100000000",14,8,0,0,0.7538815822701784,242.06401549601352,132.8489872918926,5.274659656699968,40
1270,"b01100000000100110000100111100000000100000000010000000010110000000011100000000100",0,2994.4422056843746,"b01001000001010100001000001000000001010010000010010000000000001111000011100000000",15,15,0,0,0.7741532033787282,192.23521068020338,37.59995999690079,1.0425092959100664,40
1271,"b01000000100010000000001000000000101000000000000010000000000100000000010000000000",0,2480.994306335756,"b01001000001010100001000001000000001010010000010010000000000001111000011100000000",14,4,0,1,0.8636227542272259,391.173562554476,454.6787732244027,2.514249907109196,40
1272,"b00100000000010000000000000000000000100001000000000000000001000000000100000000000",0,2883.1121531799895,"b01001000001010100001000001000000001010010000010010000000000001111000011100000000",18,5,0,0,0.8096885302440775,452.8603907476277,446.8421523560128,5.851160262248559,40
1273,"b00000000000000000110000001000000101100000101010000110001100010000000000000000000",0,1572.1944274887258,"b01001000001010100001000001000000001010010000010010000000000001111000011100000000",13,8,0,-1,0.7693715182140133,435.8621211376005,459.42553789241964,3.7673202601281464,40
1274,"b00000000000000000000000000001000001110000000001111001110010000011110000000000000",0,1703.345225299911,"b01001000001010100001000001000000001010010000010010000000000001111000011100000000",14,11,1,1,0.7374423972361737,127.9680791018302,499.66093019184314,1.1091801436388158,40
1275,"b00000000000111000000000010000000001000000000100001000000000000000000110000000000",0,5824.111761656513,"b01001000001010100001000001000000001010010000010010000000000001111000011100000000",16,6,0,1,0.7596016214165965,370.0471575949028,163.4290951608742,2.511272564100711,40
1276,"b00000000000001010000000100000000001101100000111100000011010000000000000000000000",0,1943.4740711316244,"b01001000001010100001000001000000001010010000010010000000000001111000011100000000",15,10,0,1,0.7577865010170758,215.63839393640575,436.88110349077357,4.274100891833124,40
1277,"b00000000000110000000000000000000001111100000011010000000001000000000110000000000",0,3820.5564428686516,"b01001000001010100001000001000000001010010000010010000000000001111000011100000000",13,7,0,1,0.7703465772348145,415.7863746645971,76.08944270000015,1.3805882535522582,40
1278,"b00000000000000000000000000001000001100000001110000111010000001000000000000000001",0,1671.4210255868488,"b01001000001010100001000001000000001010010000010010000000000001111000011100000000",15,8,1,0,0.7731471311173278,12.636141468636431,407.6487948745044,3.2382967299655,40
1279,"b01000011101011000000000000011100110000000110000001011110000010000100010100001000",0,2160.994732973086,"b01001000001010100001000001000000001010010000010010000000000001111000011100000000",13,18,0,0,1.2525429206200867,106.6390807446899,323.5424581004898,0.938825711382119,40
1280,"b10000001001000000100000000000010111100001001110000100010110000000000100000010000",0,1888.1485303243762,"b01001000001010100001000001000000001010010000010010000000000001111000011100000000",11,11,0,-1,0.8139972719187424,476.82252651577085,407.35315751986263,1.63317814126273,40
1282,"b00000000000000000000000000000001100000100011000010000000000000000000000000000000",0,2567.5515430075393,"b01001000001010100001000001000000001010010000010010000000000001111000011100000000",18,5,1,1,0.7826617229180396,18.481641874954164,279.8627077487146,4.563661967998182,40
1283,"b01001000001110000000001101000100000110010000011001000001000001101000001111000000",0,4392.994520528724,"b01001000001010100001000001000000001010010000010010000000000001111000011100000000",6,10,0,0,0.9545355335752953,61.45027618388844,208.49560913922247,2.1737865963202028,40
1285,"b00000000000100000000100001000000000101100000111110000100110000010000000000000000",0,1143.252880339453,"b01001000001010100001000001000000001010010000010010000000000001111000011100000000",15,11,0,0,0.7448469505244748,264.584633621515,485.6662069527066,3.690904530799216,40
1286,"b01000000000000011000000000110000000110100100110000000000001100000000000000000000",0,1849.1722788980326,"b01001000001010100001000001000000001010010000010010000000000001111000011100000000",16,10,-1,0,0.7391921743848038,60.12213036180484,207.93582658295313,0.7533213336785061,40
1287,"b00001000000000110000000000000001101000000100000000000000000000000000000000000000",0,3204.0821721725424,"b01001000001010100001000001000000001010010000010010000000000001111000011100000000",16,4,-1,0,0.7359436371169628,361.25657491414285,255.78197590256718,6.074952679993581,40
1288,"b00000000000000000000000011011000000010000000110000001100000000110000000010000000",0,3547.191880486802,"b01001000001010100001000001000000001010010000010010000000000001111000011100000000",14,7,1,1,0.7773683073290781,45.740118163034595,318.89131293038537,3.59729501274075,40
1289,"b00000000000000000000000000000000001101100001011110000000000000000000000000000000",0,2766.0634711858156,"b01001000001010100001000001000000001010010000010010000000000001111000011100000000",16,6,0,1,0.7139748662802177,219.85867317031824,470.166204799164,3.8194858601415547,40
1290,"b00000000000000000010000000001000001110100000101000000010000001000000000100101000",0,2640.0511936050843,"b01001000001010100001000001000000001010010000010010000000000001111000011100000000",15,9,1,0,0.733157196101042,300.1089026817909,0.45460961632806046,5.906071615280393,40
1291,"b00000000000000100011000000000000001000010000110010000000000011011000010100000000",0,3883.1825752919976,"b01001000001010100001000001000000001010010000010010000000000001111000011100000000",8,3,0,0,0.7657672428732494,62.71840505054276,437.9337327283258,0.773873292465807,40
1292,"b01000000000000001100110000000001111100010011101001001100001000000010000101111000",0,1134.7198109070887,"b01001000001010100001000001000000001010010000010010000000000001111000011100000000",13,19,0,0,1.3569946255917154,505.8296690342563,34.3037141183655,0.737933953540924,40
1293,"b00000010100000001011000000000000110011000000000100111100000011000000000100000000",0,2731.927791840855,"b01001000001010100001000001000000001010010000010010000000000001111000011100000000",15,13,0,0,0.7531391116342269,478.7112277069894,255.0842363455495,1.1452960689490181,40
1294,"b00001000001011110000001001000000000100000000000011000000001001111000011101000000",0,3732.1986382150662,"b01001000001010100001000001000000001010010000010010000000000001111000011100000000",6,7,0,0,0.7949519967389248,330.08180926856033,334.3871950485259,5.981994508241136,40
1295,"b00000000000000000010000011001010011100000000100001000110000111111100001110000000",0,1834.7144106217622,"b01001000001010100001000001000000001010010000010010000000000001111000011100000000",11,14,1,0,0.9331437131996968,444.4965010565909,7.591610507579605,1.2268646382625197,40
1296,"b00000000000000000000000000000000001110000001110000001100000000000000000000000000",0,3995.52121081381,"b01001000001010100001000001000000001010010000010010000000000001111000011100000000",16,5,0,0,0.7210185113628144,349.6382282965739,48.946054071117295,3.5153422819913347,40
1297,"b00000000000011000000000000000000000111010000011110000010000000001000000000000000",0,2132.7047203115526,"b01001000001010100001000001000000001010010000010010000000000001111000011100000000",13,6,0,1,0.7934448020511494,307.1967522782146,6.138456912766253,3.3114534905859676,40
1298,"b00000001000000010100000001010001000000001000000000000000001000000000000000000000",0,1870.7066287826942,"b01001000001010100001000001000000001010010000010010000000000001111000011100000000",15,4,-1,0,0.7435000668623488,301.59035861834434,273.770945848648,5.945849569830807,40
1299,"b00000000001000000000000000000000000000000011000000001010100000011111000001010000",0,1917.0949566167503,"b01001000001010100001000001000000001010010000010010000000000001111000011100000000",13,7,1,0,0.7575265735499446,347.01176955495464,249.27889975717437,6.384661320262922,40
1300,"b00000000000000000100000001000000011110000110100000111000000000100000000000000000",0,1842.0697410083285,"b01001000001010100001000001000000001010010000010010000000000001111000011100000000",15,9,0,0,0.7409671537226483,205.7156332062512,147.3727522873297,5.0359698545304825,40
1301,"b00000000000000000000000000110000001010100000111000000000000000001000000000000000",0,3568.25322521576,"b01001000001010100001000001000000001010010000010010000000000001111000011100000000",15,5,0,1,0.7036812079385537,175.9661139408901,17.645794421146178,5.725554910096887,40
1303,"b00000000000000110000000001000000001110001100111010000100001000000001000000000100",0,3861.1040691291964,"b01001000001010100001000001000000001010010000010010000000000001111000011100000000",13,10,0,0,0.7437952657142685,15.85164916497206,420.8381375990683,1.067530489034267,40
1304,"b00001000000000010000001100001100000110100001111010000110001011100000000100000000",0,1480.885972138829,"b01001000001010100001000001000000001010010000010010000000000001111000011100000000",12,14,0,0,0.8333186096010605,429.30355215188837,413.3293448602349,5.359957390918584,40
1305,"b00000000000000000000000000000000001100001001111000110011100001000000000000000000",0,2905.897839098673,"b01001000001010100001000001000000001010010000010010000000000001111000011100000000",14,8,1,-1,0.7657693345536289,498.2006519856683,312.7922168147196,3.0405849069949538,40
1306,"b00000000000000000000010000000001000000000000011000000110000000111100000000000000",0,2213.704142513935,"b01001000001010100001000001000000001010010000010010000000000001111000011100000000",15,6,1,-1,0.7312939854121553,359.5322854072817,386.4350527609548,2.3489715217814506,40
1307,"b00000001000000000100000000010000010001001101000000100000000000000001000000000000",0,1426.6225559139757,"b01001000001010100001000001000000001010010000010010000000000001111000011100000000",15,6,0,-1,0.7525890646102875,394.2358211806096,311.2347527310193,5.0035201704229895,40
1308,"b00001000000000100001000001000100000100000000010000000110000000110000000010000000",0,4237.020046424577,"b01001000001010100001000001000000001010010000010010000000000001111000011100000000",12,5,0,1,0.8149221905158196,460.10896714341084,145.52551474744774,1.387411479451207,40
1309,"b00000000000000010000100000000000000000001001000000000010000010000101000000010010",0,3808.633394814913,"b01001000001010100001000001000000001010010000010010000000000001111000011100000000",10,1,1,-1,0.7886196192528658,319.5478610424285,307.47799812479224,0.49105001216370214,40
1310,"b00000000010000110111000110100111011010001111000001001000000000100000000000000000",0,1380.3266221514393,"b01001000001010100001000001000000001010010000010010000000000001111000011100000000",11,14,-1,0,0.8487292760003845,446.71779005816353,432.175732697727,0.5330414914492001,40
1311,"b00000000000000000000000001010000001110000000100000000010100000001000000000000000",0,3065.060984307149,"b01001000001010100001000001000000001010010000010010000000000001111000011100000000",15,5,0,1,0.77176844289919,109.30047009660835,83.78888017421956,5.5710690008516845,40
1312,"b01000000000100000000100000010000000110100000011010000001000000000001000000000000",0,1297.906838808985,"b01001000001010100001000001000000001010010000010010000000000001111000011100000000",15,8,0,-1,0.8204224176879384,290.0511989950547,242.29697035615666,2.326341304954222,40
1313,"b01100000000100000000000000000000010010000000001100000000011001001001100001000000",0,2685.255509977598,"b01001000001010100001000001000000001010010000010010000000000001111000011100000000",15,10,0,0,0.7852896338678412,443.40847257865494,14.502883385946584,0.5212794834934695,40
1314,"b00000000000010100000000111000000000010000000111000000000000000010000000000000000",0,3871.7714793882456,"b01001000001010100001000001000000001010010000010010000000000001111000011100000000",13,4,0,0,0.7042040126911111,113.00822877210346,296.2639423264449,4.886869665672098,40
1315,"b00010000001000100000001011100100001110100000000000000010000111011000001100000000",0,2662.908839251823,"b01001000001010100001000001000000001010010000010010000000000001111000011100000000",9,10,0,0,0.8945308322022862,252.62602490952017,276.65033313341746,1.9005261090450456,40
1316,"b00000000010000000011000000000000000010000111100000000000000000100000000000000000",0,4823.459739263395,"b01001000001010100001000001000000001010010000010010000000000001111000011100000000",16,6,0,0,0.7343022930751789,241.8671974124235,181.71100389662453,3.8848727384725352,40
1317,"b10000000001000000000100000000000011000000001100000000011110000000001001000000000",0,3121.5248677759564,"b01001000001010100001000001000000001010010000010010000000000001111000011100000000",14,8,0,-1,0.8737765761771872,414.3664640390648,213.37270008543,3.0459846136668802,40
1318,"b00000000001000000000000000000000001110010000010010001011000101111000011000100000",0,1604.5366868681904,"b01001000001010100001000001000000001010010000010010000000000001111000011100000000",7,6,0,0,0.8369211570667694,126.59779118190704,241.1572072270448,3.2722483294496514,40
1319,"b00000000000000001000000001100000000100000000011100000000000000100000000000000000",0,2280.104638538034,"b01001000001010100001000001000000001010010000010010000000000001111000011100000000",16,5,-1,0,0.7024371148612029,29.333572216523,499.0821951352633,4.049156965883973,40
1320,"b00000001000100000011010000000100000000000000000000100000000010000000000100000000",0,1012.4568875987584,"b01001000001010100001000001000000001010010000010010000000000001111000011100000000",17,7,0,0,1.0133315764605042,342.0376559941807,167.61455819166875,5.004845146627156,40
1321,"b00000000000000010000000001000000110010001111001000011000000100000000010000000000",0,3214.245024990085,"b01001000001010100001000001000000001010010000010010000000000001111000011100000000",16,11,0,0,0.7408289819792377,163.9094754622388,252.28481886792088,1.9945362487140816,40
1322,"b00100000000010001000000000110000001111000001100000000000000000000000000000000000",0,3194.6986053669457,"b01001000001010100001000001000000001010010000010010000000000001111000011100000000",16,8,-1,0,0.7155171885955275,259.2609836949711,44.7773108980297,2.2080533613025812,40
1323,"b00100000000000000000000001110000011110000010000000000000000000000000000000000000",0,3832.1957241534,"b01001000001010100001000001000000001010010000010010000000000001111000011100000000",16,6,-1,0,0.6869489085460762,119.52090099430886,207.8059538769121,5.204279759897247,40
1325,"b00000000000010010000001001100000100010000000000011000000000000000000000000000000",0,2855.253603115523,"b01001000001010100001000001000000001010010000010010000000000001111000011100000000",15,5,-1,0,0.7357277368570868,14.81324641325036,391.1769445551658,3.6716373312656847,40
1326,"b00000000001000000000001000000000000000000000000000000010000001101000010010000000",0,2991.283664960596,"b01001000001010100001000001000000001010010000010010000000000001111000011100000000",14,3,1,0,0.7906113963963908,14.65343660801015,299.6525568211332,4.5999953112697405,40
1327,"b10100000001001100000000010000000001100000000010000000000110000000000000000000000",0,3257.9101725917526,"b01001000001010100001000001000000001010010000010010000000000001111000011100000000",15,7,-1,-1,0.7294671621575621,215.82188282418758,27.418576502969078,4.855666529741277,40
1328,"b00000000000000000000000000000000001100000000110100000011010000000100000000010000",0,3743.1869943618804,"b01001000001010100001000001000000001010010000010010000000000001111000011100000000",14,5,1,1,0.7209212639299737,219.62656732640002,47.97046324224313,3.8631747979514266,40
1329,"b01011000000000110000000000000000000011000000011010000001000100000000000000000000",0,2187.497875047363,"b01001000001010100001000001000000001010010000010010000000000001111000011100000000",13,6,-1,0,0.7640242353966551,438.31054278683786,428.5505226350711,4.483545629446072,40
1330,"b00000000000000000000000000000000011010000111001000110001000010000010000000010000",0,1769.698914420011,"b01001000001010100001000001000000001010010000010010000000000001111000011100000000",15,9,1,-1,0.7624543508352194,222.77240137900077,79.58371329833777,5.786511048001707,40
1331,"b10000000000011000000001000000000011000000000000010000010000000110000001000000000",0,2030.8486392497366,"b01001000001010100001000001000000001010010000010010000000000001111000011100000000",13,5,0,-1,0.7693421651890983,68.89040025159153,225.70328745175163,4.26196379061208,40
1332,"b10000000001100000000001001000000110011000000001100000001100000000011010000000100",0,2473.878708689302,"b01001000001010100001000001000000001010010000010010000000000001111000011100000000",15,13,0,0,0.7640161718097956,205.21470520399274,237.18480233153608,4.456520161475258,40
1333,"b00000000000000000000001000001000100000010001110000110010100011000000000100000010",0,2377.274230855539,"b01001000001010100001000001000000001010010000010010000000000001111000011100000000",14,10,1,0,0.8058326961200565,350.74727471491923,341.0805421257374,2.6188489697302133,40
1334,"b00000000001000000000000000000000000011000000000000000000000000000000000000000000",0,6717.133017863506,"b01001000001010100001000001000000001010010000010010000000000001111000011100000000",17,1,0,0,0.690218947340836,347.82056060027367,37.64056561234044,3.787025698994242,40
1335,"b00000000000011000000000101000000011100000000000000000000000000000000110000000010",0,2123.4760544868527,"b01001000001010100001000001000000001010010000010010000000000001111000011100000000",15,6,0,1,0.766888603710749,32.410956497324264,271.9876164046463,3.5569844063042657,40
1336,"b00000001000000000001000000000000010001000000000100000010100001110000000000000000",0,2872.9995659328033,"b01001000001010100001000001000000001010010000010010000000000001111000011100000000",15,6,0,1,0.817993839327136,147.2028219829906,293.24489522413774,3.6963790869462994,40
1337,"b00110001000011001100001001010001100010000000000010100000100100000000010000000000",0,3183.79339278717,"b01001000001010100001000001000000001010010000010010000000000001111000011100000000",14,13,-1,0,0.842236051891379,290.79928420780385,316.0576875220041,0.39592458059934543,40
1338,"b00000000000000000100000000000000001001000011010000000000000000000000000000000000",0,2874.6001150201855,"b01001000001010100001000001000000001010010000010010000000000001111000011100000000",15,2,0,0,0.7202439113500677,355.0666374499981,397.1797650850736,0.21689417669346056,40
1339,"b00000000000010000000000111000000011100000000100000000000000000000000000000000000",0,3545.444152066335,"b01001000001010100001000001000000001010010000010010000000000001111000011100000000",16,5,-1,-1,0.7148099665073556,456.5242760907658,437.2093386897611,5.427307608620418,40
1340,"b01000000000000000000000000000000001111100011110000000000000000000000000000000000",0,2988.6670947598604,"b01001000001010100001000001000000001010010000010010000000000001111000011100000000",15,6,0,0,0.7331278925858152,13.08567962517555,302.19232151948506,0.44984501709868274,40
1341,"b00001000000000110110000011011001001000000001100000110111000001001000000000000101",0,1306.7206798083057,"b01001000001010100001000001000000001010010000010010000000000001111000011100000000",12,15,0,0,0.7877702867915214,193.06036589489662,271.33162956547545,5.018452497860506,40
1342,"b00000000000000000000010000000001000101000001011000000100000000000000000000000000",0,1724.1814792416321,"b01001000001010100001000001000000001010010000010010000000000001111000011100000000",16,5,0,-1,0.8617527842337459,465.92464436848957,325.76676177978516,-0.34841887337899835,40
1343,"b00000000000111000000000010000000000000000000000000000000010000000010000000000000",0,2867.5481226703055,"b01001000001010100001000001000000001010010000010010000000000001111000011100000000",18,5,-1,0,0.7043982555954846,204.59512954633396,248.77208023551125,0.07879820691685699,40
1344,"b00000000000000000000000010000000011001000001010100000000010000000000010000000000",0,3341.1436096593793,"b01001000001010100001000001000000001010010000010010000000000001111000011100000000",15,5,0,1,0.7281837614613672,343.1778123906833,34.54368606111897,5.492973476881085,40
1345,"b11000000000010000000001001100000000011000110000000000000000000000000000000000000",0,2376.8840262825547,"b01001000001010100001000001000000001010010000010010000000000001111000011100000000",15,6,-1,-1,0.724548447166157,12.836350720861684,500.90077811793276,1.8497285160648047,40
1346,"b00000000000000000000001000000010011100001000111000000001000000000000000000000000",0,3361.6065637045313,"b01001000001010100001000001000000001010010000010010000000000001111000011100000000",16,7,0,-1,0.6957222334495937,79.86460455009384,231.161282586796,4.344967741138881,40
1347,"b00000000000000000000000000000000000000000001110000000111000000000100000000000000",0,2028.152813444331,"b01001000001010100001000001000000001010010000010010000000000001111000011100000000",15,3,1,0,0.7336538147838243,216.32192413716376,152.91830722173674,3.3709460107360973,40
1348,"b00000000000000110000001100000000001100001000111000000011000000100100100000000000",0,2099.4174837326773,"b01001000001010100001000001000000001010010000010010000000000001111000011100000000",13,9,0,0,0.7475727550478818,306.7476249831993,208.9945849840196,2.678572480458994,40
1349,"b00000000000000000000000000000000111000000001111000000001000000000000000000000000",0,4400.671138880063,"b01001000001010100001000001000000001010010000010010000000000001111000011100000000",16,5,0,-1,0.7103559939439323,241.94702486132013,405.0096263225396,1.3261818500561786,40
1350,"b00000000000010000000010000000000000000000000011000000000111100000001110000000000",0,1813.0212411996772,"b01001000001010100001000001000000001010010000010010000000000001111000011100000000",16,8,0,1,0.8120322070675812,357.0830008450164,462.14945965306765,4.160648634803046,40
1351,"b00000001000000000000010010000001101000001101110011010000000000000000000000000001",0,2304.5504000595874,"b01001000001010100001000001000000001010010000010010000000000001111000011100000000",14,10,0,0,0.8148856983234675,292.99028090507755,408.0124797513408,4.967549736547111,40
1352,"b01000000001100000000100100000010110000000110001100000100110000010000110000000110",0,1358.7597082313755,"b01001000001010100001000001000000001010010000010010000000000001111000011100000000",16,17,0,0,0.8178314545331208,34.67848797790174,484.9222007500918,4.029619011778325,40
1353,"b00000010000000001000000000001100000111101101000000110110000000000100001000000000",0,2230.8349430637613,"b01001000001010100001000001000000001010010000010010000000000001111000011100000000",14,12,0,0,0.9693353671946108,295.2435378350671,119.40664786649882,5.9477963741692985,40
1354,"b10000000001000000001001100010100100000010001101100000000110011001000001001000000",0,630.9097777157759,"b01001000001010100001000001000000001010010000010010000000000001111000011100000000",13,14,0,0,1.4419733592704493,349.89711190638633,398.4141179611694,0.8277450772933205,40
1355,"b00000100000000111000000111100000011000000001000000000000000100000000000000000001",0,2107.735586244161,"b01001000001010100001000001000000001010010000010010000000000001111000011100000000",15,9,0,1,0.7238867651605756,385.7210840501836,304.1359376204946,4.6867953371773545,40
1356,"b10000000000000100000000001000000001110000001100000000010000000000000000000000000",0,2261.5343446765505,"b01001000001010100001000001000000001010010000010010000000000001111000011100000000",15,5,-1,-1,0.7674218267894596,422.3557644548087,17.530865042863418,5.246547412316989,40
