node,origami_data,decoded_stream,false_negatives,false_positives,success,decoding_time
0,00000000011100011101110000100111101010000111000010011001000011010000100001101000,01000100011100011101110000100111101010000111000010011001000011010000100001101000,2,0,1,0.007
0,00000100001100011101110000100111101010000111000010011001000011010000100001101000,01000100011100011101110000100111101010000111000010011001000011010000100001101000,2,0,1,0.007
0,00000100010100011101110000100111101010000111000010011001000011010000100001101000,01000100011100011101110000100111101010000111000010011001000011010000100001101000,2,0,1,0.006
0,00000100011000011101110000100111101010000111000010011001000011010000100001101000,01000100011100011101110000100111101010000111000010011001000011010000100001101000,2,0,1,0.007
0,00000100011100001101110000100111101010000111000010011001000011010000100001101000,01000100011100011101110000100111101010000111000010011001000011010000100001101000,2,0,1,0.007
0,00000100011100010101110000100111101010000111000010011001000011010000100001101000,01000100011100011101110000100111101010000111000010011001000011010000100001101000,2,0,1,0.007
0,00000100011100011001110000100111101010000111000010011001000011010000100001101000,01000100011100011101110000100111101010000111000010011001000011010000100001101000,2,0,1,0.007
0,00000100011100011100110000100111101010000111000010011001000011010000100001101000,01000100011100011101110000100111101010000111000010011001000011010000100001101000,2,0,1,0.006
0,00000100011100011101010000100111101010000111000010011001000011010000100001101000,01000100011100011101110000100111101010000111000010011001000011010000100001101000,2,0,1,0.007
0,00000100011100011101100000100111101010000111000010011001000011010000100001101000,01000100011100011101110000100111101010000111000010011001000011010000100001101000,2,0,1,0.007
0,00000100011100011101110000000111101010000111000010011001000011010000100001101000,01000100011100011101110000100111101010000111000010011001000011010000100001101000,2,0,1,0.007
0,00000100011100011101110000100011101010000111000010011001000011010000100001101000,01000100011100011101110000100111101010000111000010011001000011010000100001101000,2,0,1,0.006
0,00000100011100011101110000100101101010000111000010011001000011010000100001101000,01000100011100011101110000100111101010000111000010011001000011010000100001101000,2,0,1,0.006
0,00000100011100011101110000100110101010000111000010011001000011010000100001101000,01000100011100011101110000100111101010000111000010011001000011010000100001101000,2,0,1,0.006
0,00000100011100011101110000100111001010000111000010011001000011010000100001101000,01000100011100011101110000100111101010000111000010011001000011010000100001101000,2,0,1,0.006
0,00000100011100011101110000100111100010000111000010011001000011010000100001101000,01000100011100011101110000100111101010000111000010011001000011010000100001101000,2,0,1,0.006
0,00000100011100011101110000100111101000000111000010011001000011010000100001101000,01000100011100011101110000100111101010000111000010011001000011010000100001101000,2,0,1,0.007
0,00000100011100011101110000100111101010000011000010011001000011010000100001101000,01000100011100011101110000100111101010000111000010011001000011010000100001101000,2,0,1,0.006
0,00000100011100011101110000100111101010000101000010011001000011010000100001101000,01000100011100011101110000100111101010000111000010011001000011010000100001101000,2,0,1,0.006
0,00000100011100011101110000100111101010000110000010011001000011010000100001101000,01000100011100011101110000100111101010000111000010011001000011010000100001101000,2,0,1,0.006
0,00000100011100011101110000100111101010000111000000011001000011010000100001101000,01000100011100011101110000100111101010000111000010011001000011010000100001101000,2,0,1,0.006
0,00000100011100011101110000100111101010000111000010001001000011010000100001101000,01000100011100011101110000100111101010000111000010011001000011010000100001101000,2,0,1,0.007
0,00000100011100011101110000100111101010000111000010010001000011010000100001101000,01000100011100011101110000100111101010000111000010011001000011010000100001101000,2,0,1,0.006
0,00000100011100011101110000100111101010000111000010011000000011010000100001101000,01000100011100011101110000100111101010000111000010011001000011010000100001101000,2,0,1,0.006
0,00000100011100011101110000100111101010000111000010011001000001010000100001101000,01000100011100011101110000100111101010000111000010011001000011010000100001101000,2,0,1,0.006
0,00000100011100011101110000100111101010000111000010011001000010010000100001101000,01000100011100011101110000100111101010000111000010011001000011010000100001101000,2,0,1,0.006
0,00000100011100011101110000100111101010000111000010011001000011000000100001101000,01000100011100011101110000100111101010000111000010011001000011010000100001101000,2,0,1,0.006
0,00000100011100011101110000100111101010000111000010011001000011010000000001101000,01000100011100011101110000100111101010000111000010011001000011010000100001101000,2,0,1,0.006
0,00000100011100011101110000100111101010000111000010011001000011010000100000101000,01000100011100011101110000100111101010000111000010011001000011010000100001101000,2,0,1,0.006
0,00000100011100011101110000100111101010000111000010011001000011010000100001001000,01000100011100011101110000100111101010000111000010011001000011010000100001101000,2,0,1,0.006
0,00000100011100011101110000100111101010000111000010011001000011010000100001100000,01000100011100011101110000100111101010000111000010011001000011010000100001101000,2,0,1,0.006
0,01000000001100011101110000100111101010000111000010011001000011010000100001101000,01000100011100011101110000100111101010000111000010011001000011010000100001101000,2,0,1,0.006
0,01000000010100011101110000100111101010000111000010011001000011010000100001101000,01000100011100011101110000100111101010000111000010011001000011010000100001101000,2,0,1,0.006
0,01000000011000011101110000100111101010000111000010011001000011010000100001101000,01000100011100011101110000100111101010000111000010011001000011010000100001101000,2,0,1,0.006
0,01000000011100001101110000100111101010000111000010011001000011010000100001101000,01000100011100011101110000100111101010000111000010011001000011010000100001101000,2,0,1,0.006
0,01000000011100010101110000100111101010000111000010011001000011010000100001101000,01000100011100011101110000100111101010000111000010011001000011010000100001101000,2,0,1,0.006
0,01000000011100011001110000100111101010000111000010011001000011010000100001101000,01000100011100011101110000100111101010000111000010011001000011010000100001101000,2,0,1,0.006
0,01000000011100011100110000100111101010000111000010011001000011010000100001101000,01000100011100011101110000100111101010000111000010011001000011010000100001101000,2,0,1,0.006
0,01000000011100011101010000100111101010000111000010011001000011010000100001101000,01000100011100011101110000100111101010000111000010011001000011010000100001101000,2,0,1,0.006
0,01000000011100011101100000100111101010000111000010011001000011010000100001101000,01000100011100011101110000100111101010000111000010011001000011010000100001101000,2,0,1,0.007
0,01000000011100011101110000000111101010000111000010011001000011010000100001101000,01000100011100011101110000100111101010000111000010011001000011010000100001101000,2,0,1,0.006
0,01000000011100011101110000100011101010000111000010011001000011010000100001101000,01000100011100011101110000100111101010000111000010011001000011010000100001101000,2,0,1,0.006
0,01000000011100011101110000100101101010000111000010011001000011010000100001101000,01000100011100011101110000100111101010000111000010011001000011010000100001101000,2,0,1,0.006
0,01000000011100011101110000100110101010000111000010011001000011010000100001101000,01000100011100011101110000100111101010000111000010011001000011010000100001101000,2,0,1,0.006
0,01000000011100011101110000100111001010000111000010011001000011010000100001101000,01000100011100011101110000100111101010000111000010011001000011010000100001101000,2,0,1,0.006
0,01000000011100011101110000100111100010000111000010011001000011010000100001101000,01000100011100011101110000100111101010000111000010011001000011010000100001101000,2,0,1,0.006
0,01000000011100011101110000100111101000000111000010011001000011010000100001101000,01000100011100011101110000100111101010000111000010011001000011010000100001101000,2,0,1,0.006
0,01000000011100011101110000100111101010000011000010011001000011010000100001101000,01000100011100011101110000100111101010000111000010011001000011010000100001101000,2,0,1,0.006
0,01000000011100011101110000100111101010000101000010011001000011010000100001101000,01000100011100011101110000100111101010000111000010011001000011010000100001101000,2,0,1,0.006
0,01000000011100011101110000100111101010000110000010011001000011010000100001101000,01000100011100011101110000100111101010000111000010011001000011010000100001101000,2,0,1,0.006
0,01000000011100011101110000100111101010000111000000011001000011010000100001101000,01000100011100011101110000100111101010000111000010011001000011010000100001101000,2,0,1,0.006
0,01000000011100011101110000100111101010000111000010001001000011010000100001101000,01000100011100011101110000100111101010000111000010011001000011010000100001101000,2,0,1,0.006
0,01000000011100011101110000100111101010000111000010010001000011010000100001101000,01000100011100011101110000100111101010000111000010011001000011010000100001101000,2,0,1,0.006
0,01000000011100011101110000100111101010000111000010011000000011010000100001101000,01000100011100011101110000100111101010000111000010011001000011010000100001101000,2,0,1,0.006
0,01000000011100011101110000100111101010000111000010011001000001010000100001101000,01000100011100011101110000100111101010000111000010011001000011010000100001101000,2,0,1,0.006
0,01000000011100011101110000100111101010000111000010011001000010010000100001101000,01000100011100011101110000100111101010000111000010011001000011010000100001101000,2,0,1,0.007
0,01000000011100011101110000100111101010000111000010011001000011000000100001101000,01000100011100011101110000100111101010000111000010011001000011010000100001101000,2,0,1,0.006
0,01000000011100011101110000100111101010000111000010011001000011010000000001101000,01000100011100011101110000100111101010000111000010011001000011010000100001101000,2,0,1,0.007
0,01000000011100011101110000100111101010000111000010011001000011010000100000101000,01000100011100011101110000100111101010000111000010011001000011010000100001101000,2,0,1,0.006
0,01000000011100011101110000100111101010000111000010011001000011010000100001001000,01000100011100011101110000100111101010000111000010011001000011010000100001101000,2,0,1,0.007
0,01000000011100011101110000100111101010000111000010011001000011010000100001100000,01000100011100011101110000100111101010000111000010011001000011010000100001101000,2,0,1,0.007
0,01000100000100011101110000100111101010000111000010011001000011010000100001101000,01000100011100011101110000100111101010000111000010011001000011010000100001101000,2,0,1,0.006
0,01000100001000011101110000100111101010000111000010011001000011010000100001101000,01000100011100011101110000100111101010000111000010011001000011010000100001101000,2,0,1,0.006
0,01000100001100001101110000100111101010000111000010011001000011010000100001101000,01000100011100011101110000100111101010000111000010011001000011010000100001101000,2,0,1,0.006
0,01000100001100010101110000100111101010000111000010011001000011010000100001101000,01000100011100011101110000100111101010000111000010011001000011010000100001101000,2,0,1,0.006
0,01000100001100011001110000100111101010000111000010011001000011010000100001101000,01000100011100011101110000100111101010000111000010011001000011010000100001101000,2,0,1,0.006
0,01000100001100011100110000100111101010000111000010011001000011010000100001101000,01000100011100011101110000100111101010000111000010011001000011010000100001101000,2,0,1,0.006
0,01000100001100011101010000100111101010000111000010011001000011010000100001101000,01000100011100011101110000100111101010000111000010011001000011010000100001101000,2,0,1,0.006
0,01000100001100011101100000100111101010000111000010011001000011010000100001101000,01000100011100011101110000100111101010000111000010011001000011010000100001101000,2,0,1,0.006
0,01000100001100011101110000000111101010000111000010011001000011010000100001101000,01000100011100011101110000100111101010000111000010011001000011010000100001101000,2,0,1,0.006
0,01000100001100011101110000100011101010000111000010011001000011010000100001101000,01000100011100011101110000100111101010000111000010011001000011010000100001101000,2,0,1,0.006
0,01000100001100011101110000100101101010000111000010011001000011010000100001101000,01000100011100011101110000100111101010000111000010011001000011010000100001101000,2,0,1,0.006
0,01000100001100011101110000100110101010000111000010011001000011010000100001101000,01000100011100011101110000100111101010000111000010011001000011010000100001101000,2,0,1,0.006
0,01000100001100011101110000100111001010000111000010011001000011010000100001101000,01000100011100011101110000100111101010000111000010011001000011010000100001101000,2,0,1,0.006
0,01000100001100011101110000100111100010000111000010011001000011010000100001101000,01000100011100011101110000100111101010000111000010011001000011010000100001101000,2,0,1,0.006
0,01000100001100011101110000100111101000000111000010011001000011010000100001101000,01000100011100011101110000100111101010000111000010011001000011010000100001101000,2,0,1,0.006
0,01000100001100011101110000100111101010000011000010011001000011010000100001101000,01000100011100011101110000100111101010000111000010011001000011010000100001101000,2,0,1,0.006
0,01000100001100011101110000100111101010000101000010011001000011010000100001101000,01000100011100011101110000100111101010000111000010011001000011010000100001101000,2,0,1,0.006
0,01000100001100011101110000100111101010000110000010011001000011010000100001101000,01000100011100011101110000100111101010000111000010011001000011010000100001101000,2,0,1,0.006
0,01000100001100011101110000100111101010000111000000011001000011010000100001101000,01000100011100011101110000100111101010000111000010011001000011010000100001101000,2,0,1,0.006
0,01000100001100011101110000100111101010000111000010001001000011010000100001101000,01000100011100011101110000100111101010000111000010011001000011010000100001101000,2,0,1,0.006
0,01000100001100011101110000100111101010000111000010010001000011010000100001101000,01000100011100011101110000100111101010000111000010011001000011010000100001101000,2,0,1,0.007
0,01000100001100011101110000100111101010000111000010011000000011010000100001101000,01000100011100011101110000100111101010000111000010011001000011010000100001101000,2,0,1,0.006
0,01000100001100011101110000100111101010000111000010011001000001010000100001101000,01000100011100011101110000100111101010000111000010011001000011010000100001101000,2,0,1,0.006
0,01000100001100011101110000100111101010000111000010011001000010010000100001101000,01000100011100011101110000100111101010000111000010011001000011010000100001101000,2,0,1,0.006
0,01000100001100011101110000100111101010000111000010011001000011000000100001101000,01000100011100011101110000100111101010000111000010011001000011010000100001101000,2,0,1,0.006
0,01000100001100011101110000100111101010000111000010011001000011010000000001101000,01000100011100011101110000100111101010000111000010011001000011010000100001101000,2,0,1,0.006
0,01000100001100011101110000100111101010000111000010011001000011010000100000101000,01000100011100011101110000100111101010000111000010011001000011010000100001101000,2,0,1,0.006
0,01000100001100011101110000100111101010000111000010011001000011010000100001001000,01000100011100011101110000100111101010000111000010011001000011010000100001101000,2,0,1,0.006
0,01000100001100011101110000100111101010000111000010011001000011010000100001100000,01000100011100011101110000100111101010000111000010011001000011010000100001101000,2,0,1,0.006
0,01000100010000011101110000100111101010000111000010011001000011010000100001101000,01000100011100011101110000100111101010000111000010011001000011010000100001101000,2,0,1,0.006
0,01000100010100001101110000100111101010000111000010011001000011010000100001101000,01000100011100011101110000100111101010000111000010011001000011010000100001101000,2,0,1,0.006
0,01000100010100010101110000100111101010000111000010011001000011010000100001101000,01000100011100011101110000100111101010000111000010011001000011010000100001101000,2,0,1,0.006
0,01000100010100011001110000100111101010000111000010011001000011010000100001101000,01000100011100011101110000100111101010000111000010011001000011010000100001101000,2,0,1,0.006
0,01000100010100011100110000100111101010000111000010011001000011010000100001101000,01000100011100011101110000100111101010000111000010011001000011010000100001101000,2,0,1,0.006
0,01000100010100011101010000100111101010000111000010011001000011010000100001101000,01000100011100011101110000100111101010000111000010011001000011010000100001101000,2,0,1,0.006
0,01000100010100011101100000100111101010000111000010011001000011010000100001101000,01000100011100011101110000100111101010000111000010011001000011010000100001101000,2,0,1,0.006
0,01000100010100011101110000000111101010000111000010011001000011010000100001101000,01000100011100011101110000100111101010000111000010011001000011010000100001101000,2,0,1,0.006
0,01000100010100011101110000100011101010000111000010011001000011010000100001101000,01000100011100011101110000100111101010000111000010011001000011010000100001101000,2,0,1,0.008
0,01000100010100011101110000100101101010000111000010011001000011010000100001101000,01000100011100011101110000100111101010000111000010011001000011010000100001101000,2,0,1,0.006
0,01000100010100011101110000100110101010000111000010011001000011010000100001101000,01000100011100011101110000100111101010000111000010011001000011010000100001101000,2,0,1,0.006
0,01000100010100011101110000100111001010000111000010011001000011010000100001101000,01000100011100011101110000100111101010000111000010011001000011010000100001101000,2,0,1,0.006
0,01000100010100011101110000100111100010000111000010011001000011010000100001101000,01000100011100011101110000100111101010000111000010011001000011010000100001101000,2,0,1,0.006
0,01000100010100011101110000100111101000000111000010011001000011010000100001101000,01000100011100011101110000100111101010000111000010011001000011010000100001101000,2,0,1,0.006
0,01000100010100011101110000100111101010000011000010011001000011010000100001101000,01000100011100011101110000100111101010000111000010011001000011010000100001101000,2,0,1,0.006
0,01000100010100011101110000100111101010000101000010011001000011010000100001101000,01000100011100011101110000100111101010000111000010011001000011010000100001101000,2,0,1,0.006
0,01000100010100011101110000100111101010000110000010011001000011010000100001101000,01000100011100011101110000100111101010000111000010011001000011010000100001101000,2,0,1,0.006
0,01000100010100011101110000100111101010000111000000011001000011010000100001101000,01000100011100011101110000100111101010000111000010011001000011010000100001101000,2,0,1,0.006
0,01000100010100011101110000100111101010000111000010001001000011010000100001101000,01000100011100011101110000100111101010000111000010011001000011010000100001101000,2,0,1,0.006
0,01000100010100011101110000100111101010000111000010010001000011010000100001101000,01000100011100011101110000100111101010000111000010011001000011010000100001101000,2,0,1,0.006
0,01000100010100011101110000100111101010000111000010011000000011010000100001101000,01000100011100011101110000100111101010000111000010011001000011010000100001101000,2,0,1,0.006
0,01000100010100011101110000100111101010000111000010011001000001010000100001101000,01000100011100011101110000100111101010000111000010011001000011010000100001101000,2,0,1,0.006
0,01000100010100011101110000100111101010000111000010011001000010010000100001101000,01000100011100011101110000100111101010000111000010011001000011010000100001101000,2,0,1,0.006
0,01000100010100011101110000100111101010000111000010011001000011000000100001101000,01000100011100011101110000100111101010000111000010011001000011010000100001101000,2,0,1,0.006
0,01000100010100011101110000100111101010000111000010011001000011010000000001101000,01000100011100011101110000100111101010000111000010011001000011010000100001101000,2,0,1,0.006
0,01000100010100011101110000100111101010000111000010011001000011010000100000101000,01000100011100011101110000100111101010000111000010011001000011010000100001101000,2,0,1,0.006
0,01000100010100011101110000100111101010000111000010011001000011010000100001001000,01000100011100011101110000100111101010000111000010011001000011010000100001101000,2,0,1,0.006
0,01000100010100011101110000100111101010000111000010011001000011010000100001100000,01000100011100011101110000100111101010000111000010011001000011010000100001101000,2,0,1,0.006
0,01000100011000001101110000100111101010000111000010011001000011010000100001101000,01000100011100011101110000100111101010000111000010011001000011010000100001101000,2,0,1,0.006
0,01000100011000010101110000100111101010000111000010011001000011010000100001101000,01000100011100011101110000100111101010000111000010011001000011010000100001101000,2,0,1,0.006
0,01000100011000011001110000100111101010000111000010011001000011010000100001101000,01000100011100011101110000100111101010000111000010011001000011010000100001101000,2,0,1,0.006
0,01000100011000011100110000100111101010000111000010011001000011010000100001101000,01000100011100011101110000100111101010000111000010011001000011010000100001101000,2,0,1,0.006
0,01000100011000011101010000100111101010000111000010011001000011010000100001101000,01000100011100011101110000100111101010000111000010011001000011010000100001101000,2,0,1,0.006
0,01000100011000011101100000100111101010000111000010011001000011010000100001101000,01000100011100011101110000100111101010000111000010011001000011010000100001101000,2,0,1,0.006
0,01000100011000011101110000000111101010000111000010011001000011010000100001101000,01000100011100011101110000100111101010000111000010011001000011010000100001101000,2,0,1,0.006
0,01000100011000011101110000100011101010000111000010011001000011010000100001101000,01000100011100011101110000100111101010000111000010011001000011010000100001101000,2,0,1,0.006
0,01000100011000011101110000100101101010000111000010011001000011010000100001101000,01000100011100011101110000100111101010000111000010011001000011010000100001101000,2,0,1,0.006
0,01000100011000011101110000100110101010000111000010011001000011010000100001101000,01000100011100011101110000100111101010000111000010011001000011010000100001101000,2,0,1,0.006
0,01000100011000011101110000100111001010000111000010011001000011010000100001101000,01000100011100011101110000100111101010000111000010011001000011010000100001101000,2,0,1,0.006
0,01000100011000011101110000100111100010000111000010011001000011010000100001101000,01000100011100011101110000100111101010000111000010011001000011010000100001101000,2,0,1,0.006
0,01000100011000011101110000100111101000000111000010011001000011010000100001101000,01000100011100011101110000100111101010000111000010011001000011010000100001101000,2,0,1,0.006
0,01000100011000011101110000100111101010000011000010011001000011010000100001101000,01000100011100011101110000100111101010000111000010011001000011010000100001101000,2,0,1,0.006
0,01000100011000011101110000100111101010000101000010011001000011010000100001101000,01000100011100011101110000100111101010000111000010011001000011010000100001101000,2,0,1,0.007
0,01000100011000011101110000100111101010000110000010011001000011010000100001101000,01000100011100011101110000100111101010000111000010011001000011010000100001101000,2,0,1,0.006
0,01000100011000011101110000100111101010000111000000011001000011010000100001101000,01000100011100011101110000100111101010000111000010011001000011010000100001101000,2,0,1,0.006
0,01000100011000011101110000100111101010000111000010001001000011010000100001101000,01000100011100011101110000100111101010000111000010011001000011010000100001101000,2,0,1,0.006
0,01000100011000011101110000100111101010000111000010010001000011010000100001101000,01000100011100011101110000100111101010000111000010011001000011010000100001101000,2,0,1,0.006
0,01000100011000011101110000100111101010000111000010011000000011010000100001101000,01000100011100011101110000100111101010000111000010011001000011010000100001101000,2,0,1,0.007
0,01000100011000011101110000100111101010000111000010011001000001010000100001101000,01000100011100011101110000100111101010000111000010011001000011010000100001101000,2,0,1,0.006
0,01000100011000011101110000100111101010000111000010011001000010010000100001101000,01000100011100011101110000100111101010000111000010011001000011010000100001101000,2,0,1,0.006
0,01000100011000011101110000100111101010000111000010011001000011000000100001101000,01000100011100011101110000100111101010000111000010011001000011010000100001101000,2,0,1,0.006
0,01000100011000011101110000100111101010000111000010011001000011010000000001101000,01000100011100011101110000100111101010000111000010011001000011010000100001101000,2,0,1,0.006
0,01000100011000011101110000100111101010000111000010011001000011010000100000101000,01000100011100011101110000100111101010000111000010011001000011010000100001101000,2,0,1,0.007
0,01000100011000011101110000100111101010000111000010011001000011010000100001001000,01000100011100011101110000100111101010000111000010011001000011010000100001101000,2,0,1,0.006
0,01000100011000011101110000100111101010000111000010011001000011010000100001100000,01000100011100011101110000100111101010000111000010011001000011010000100001101000,2,0,1,0.006
0,01000100011100000101110000100111101010000111000010011001000011010000100001101000,01000100011100011101110000100111101010000111000010011001000011010000100001101000,2,0,1,0.006
0,01000100011100001001110000100111101010000111000010011001000011010000100001101000,01000100011100011101110000100111101010000111000010011001000011010000100001101000,2,0,1,0.006
0,01000100011100001100110000100111101010000111000010011001000011010000100001101000,01000100011100011101110000100111101010000111000010011001000011010000100001101000,2,0,1,0.006
0,01000100011100001101010000100111101010000111000010011001000011010000100001101000,01000100011100011101110000100111101010000111000010011001000011010000100001101000,2,0,1,0.006
0,01000100011100001101100000100111101010000111000010011001000011010000100001101000,01000100011100011101110000100111101010000111000010011001000011010000100001101000,2,0,1,0.006
0,01000100011100001101110000000111101010000111000010011001000011010000100001101000,01000100011100011101110000100111101010000111000010011001000011010000100001101000,2,0,1,0.006
0,01000100011100001101110000100011101010000111000010011001000011010000100001101000,01000100011100011101110000100111101010000111000010011001000011010000100001101000,2,0,1,0.006
0,01000100011100001101110000100101101010000111000010011001000011010000100001101000,01000100011100011101110000100111101010000111000010011001000011010000100001101000,2,0,1,0.006
0,01000100011100001101110000100110101010000111000010011001000011010000100001101000,01000100011100011101110000100111101010000111000010011001000011010000100001101000,2,0,1,0.006
0,01000100011100001101110000100111001010000111000010011001000011010000100001101000,01000100011100011101110000100111101010000111000010011001000011010000100001101000,2,0,1,0.006
0,01000100011100001101110000100111100010000111000010011001000011010000100001101000,01000100011100011101110000100111101010000111000010011001000011010000100001101000,2,0,1,0.006
0,01000100011100001101110000100111101000000111000010011001000011010000100001101000,01000100011100011101110000100111101010000111000010011001000011010000100001101000,2,0,1,0.006
0,01000100011100001101110000100111101010000011000010011001000011010000100001101000,01000100011100011101110000100111101010000111000010011001000011010000100001101000,2,0,1,0.006
0,01000100011100001101110000100111101010000101000010011001000011010000100001101000,01000100011100011101110000100111101010000111000010011001000011010000100001101000,2,0,1,0.006
0,01000100011100001101110000100111101010000110000010011001000011010000100001101000,01000100011100011101110000100111101010000111000010011001000011010000100001101000,2,0,1,0.006
0,01000100011100001101110000100111101010000111000000011001000011010000100001101000,01000100011100011101110000100111101010000111000010011001000011010000100001101000,2,0,1,0.007
0,01000100011100001101110000100111101010000111000010001001000011010000100001101000,01000100011100011101110000100111101010000111000010011001000011010000100001101000,2,0,1,0.006
0,01000100011100001101110000100111101010000111000010010001000011010000100001101000,01000100011100011101110000100111101010000111000010011001000011010000100001101000,2,0,1,0.006
0,01000100011100001101110000100111101010000111000010011000000011010000100001101000,01000100011100011101110000100111101010000111000010011001000011010000100001101000,2,0,1,0.007
0,01000100011100001101110000100111101010000111000010011001000001010000100001101000,01000100011100011101110000100111101010000111000010011001000011010000100001101000,2,0,1,0.006
0,01000100011100001101110000100111101010000111000010011001000010010000100001101000,01000100011100011101110000100111101010000111000010011001000011010000100001101000,2,0,1,0.006
0,01000100011100001101110000100111101010000111000010011001000011000000100001101000,01000100011100011101110000100111101010000111000010011001000011010000100001101000,2,0,1,0.006
0,01000100011100001101110000100111101010000111000010011001000011010000000001101000,01000100011100011101110000100111101010000111000010011001000011010000100001101000,2,0,1,0.006
0,01000100011100001101110000100111101010000111000010011001000011010000100000101000,01000100011100011101110000100111101010000111000010011001000011010000100001101000,2,0,1,0.006
0,01000100011100001101110000100111101010000111000010011001000011010000100001001000,01000100011100011101110000100111101010000111000010011001000011010000100001101000,2,0,1,0.006
0,01000100011100001101110000100111101010000111000010011001000011010000100001100000,01000100011100011101110000100111101010000111000010011001000011010000100001101000,2,0,1,0.006
0,01000100011100010001110000100111101010000111000010011001000011010000100001101000,01000100011100011101110000100111101010000111000010011001000011010000100001101000,2,0,1,0.006
0,01000100011100010100110000100111101010000111000010011001000011010000100001101000,01000100011100011101110000100111101010000111000010011001000011010000100001101000,2,0,1,0.006
0,01000100011100010101010000100111101010000111000010011001000011010000100001101000,01000100011100011101110000100111101010000111000010011001000011010000100001101000,2,0,1,0.006
0,01000100011100010101100000100111101010000111000010011001000011010000100001101000,01000100011100011101110000100111101010000111000010011001000011010000100001101000,2,0,1,0.006
0,01000100011100010101110000000111101010000111000010011001000011010000100001101000,01000100011100011101110000100111101010000111000010011001000011010000100001101000,2,0,1,0.006
0,01000100011100010101110000100011101010000111000010011001000011010000100001101000,01000100011100011101110000100111101010000111000010011001000011010000100001101000,2,0,1,0.006
0,01000100011100010101110000100101101010000111000010011001000011010000100001101000,01000100011100011101110000100111101010000111000010011001000011010000100001101000,2,0,1,0.007
0,01000100011100010101110000100110101010000111000010011001000011010000100001101000,01000100011100011101110000100111101010000111000010011001000011010000100001101000,2,0,1,0.006
0,01000100011100010101110000100111001010000111000010011001000011010000100001101000,01000100011100011101110000100111101010000111000010011001000011010000100001101000,2,0,1,0.006
0,01000100011100010101110000100111100010000111000010011001000011010000100001101000,01000100011100011101110000100111101010000111000010011001000011010000100001101000,2,0,1,0.006
0,01000100011100010101110000100111101000000111000010011001000011010000100001101000,01000100011100011101110000100111101010000111000010011001000011010000100001101000,2,0,1,0.006
0,01000100011100010101110000100111101010000011000010011001000011010000100001101000,01000100011100011101110000100111101010000111000010011001000011010000100001101000,2,0,1,0.006
0,01000100011100010101110000100111101010000101000010011001000011010000100001101000,01000100011100011101110000100111101010000111000010011001000011010000100001101000,2,0,1,0.006
0,01000100011100010101110000100111101010000110000010011001000011010000100001101000,01000100011100011101110000100111101010000111000010011001000011010000100001101000,2,0,1,0.006
0,01000100011100010101110000100111101010000111000000011001000011010000100001101000,01000100011100011101110000100111101010000111000010011001000011010000100001101000,2,0,1,0.007
0,01000100011100010101110000100111101010000111000010001001000011010000100001101000,01000100011100011101110000100111101010000111000010011001000011010000100001101000,2,0,1,0.007
0,01000100011100010101110000100111101010000111000010010001000011010000100001101000,01000100011100011101110000100111101010000111000010011001000011010000100001101000,2,0,1,0.006
0,01000100011100010101110000100111101010000111000010011000000011010000100001101000,01000100011100011101110000100111101010000111000010011001000011010000100001101000,2,0,1,0.007
0,01000100011100010101110000100111101010000111000010011001000001010000100001101000,01000100011100011101110000100111101010000111000010011001000011010000100001101000,2,0,1,0.006
0,01000100011100010101110000100111101010000111000010011001000010010000100001101000,01000100011100011101110000100111101010000111000010011001000011010000100001101000,2,0,1,0.006
0,01000100011100010101110000100111101010000111000010011001000011000000100001101000,01000100011100011101110000100111101010000111000010011001000011010000100001101000,2,0,1,0.007
0,01000100011100010101110000100111101010000111000010011001000011010000000001101000,01000100011100011101110000100111101010000111000010011001000011010000100001101000,2,0,1,0.006
0,01000100011100010101110000100111101010000111000010011001000011010000100000101000,01000100011100011101110000100111101010000111000010011001000011010000100001101000,2,0,1,0.006
0,01000100011100010101110000100111101010000111000010011001000011010000100001001000,01000100011100011101110000100111101010000111000010011001000011010000100001101000,2,0,1,0.007
0,01000100011100010101110000100111101010000111000010011001000011010000100001100000,01000100011100011101110000100111101010000111000010011001000011010000100001101000,2,0,1,0.006
0,01000100011100011000110000100111101010000111000010011001000011010000100001101000,01000100011100011101110000100111101010000111000010011001000011010000100001101000,2,0,1,0.006
0,01000100011100011001010000100111101010000111000010011001000011010000100001101000,01000100011100011101110000100111101010000111000010011001000011010000100001101000,2,0,1,0.006
0,01000100011100011001100000100111101010000111000010011001000011010000100001101000,01000100011100011101110000100111101010000111000010011001000011010000100001101000,2,0,1,0.006
0,01000100011100011001110000000111101010000111000010011001000011010000100001101000,01000100011100011101110000100111101010000111000010011001000011010000100001101000,2,0,1,0.006
0,01000100011100011001110000100011101010000111000010011001000011010000100001101000,01000100011100011101110000100111101010000111000010011001000011010000100001101000,2,0,1,0.006
0,01000100011100011001110000100101101010000111000010011001000011010000100001101000,01000100011100011101110000100111101010000111000010011001000011010000100001101000,2,0,1,0.006
0,01000100011100011001110000100110101010000111000010011001000011010000100001101000,01000100011100011101110000100111101010000111000010011001000011010000100001101000,2,0,1,0.006
0,01000100011100011001110000100111001010000111000010011001000011010000100001101000,01000100011100011101110000100111101010000111000010011001000011010000100001101000,2,0,1,0.006
0,01000100011100011001110000100111100010000111000010011001000011010000100001101000,01000100011100011101110000100111101010000111000010011001000011010000100001101000,2,0,1,0.006
0,01000100011100011001110000100111101000000111000010011001000011010000100001101000,01000100011100011101110000100111101010000111000010011001000011010000100001101000,2,0,1,0.006
0,01000100011100011001110000100111101010000011000010011001000011010000100001101000,01000100011100011101110000100111101010000111000010011001000011010000100001101000,2,0,1,0.007
0,01000100011100011001110000100111101010000101000010011001000011010000100001101000,01000100011100011101110000100111101010000111000010011001000011010000100001101000,2,0,1,0.006
0,01000100011100011001110000100111101010000110000010011001000011010000100001101000,01000100011100011101110000100111101010000111000010011001000011010000100001101000,2,0,1,0.006
0,01000100011100011001110000100111101010000111000000011001000011010000100001101000,01000100011100011101110000100111101010000111000010011001000011010000100001101000,2,0,1,0.006
0,01000100011100011001110000100111101010000111000010001001000011010000100001101000,01000100011100011101110000100111101010000111000010011001000011010000100001101000,2,0,1,0.006
0,01000100011100011001110000100111101010000111000010010001000011010000100001101000,01000100011100011101110000100111101010000111000010011001000011010000100001101000,2,0,1,0.006
0,01000100011100011001110000100111101010000111000010011000000011010000100001101000,01000100011100011101110000100111101010000111000010011001000011010000100001101000,2,0,1,0.006
0,01000100011100011001110000100111101010000111000010011001000001010000100001101000,01000100011100011101110000100111101010000111000010011001000011010000100001101000,2,0,1,0.006
0,01000100011100011001110000100111101010000111000010011001000010010000100001101000,01000100011100011101110000100111101010000111000010011001000011010000100001101000,2,0,1,0.006
0,01000100011100011001110000100111101010000111000010011001000011000000100001101000,01000100011100011101110000100111101010000111000010011001000011010000100001101000,2,0,1,0.006
0,01000100011100011001110000100111101010000111000010011001000011010000000001101000,01000100011100011101110000100111101010000111000010011001000011010000100001101000,2,0,1,0.006
0,01000100011100011001110000100111101010000111000010011001000011010000100000101000,01000100011100011101110000100111101010000111000010011001000011010000100001101000,2,0,1,0.006
0,01000100011100011001110000100111101010000111000010011001000011010000100001001000,01000100011100011101110000100111101010000111000010011001000011010000100001101000,2,0,1,0.006
0,01000100011100011001110000100111101010000111000010011001000011010000100001100000,01000100011100011101110000100111101010000111000010011001000011010000100001101000,2,0,1,0.006
0,01000100011100011100010000100111101010000111000010011001000011010000100001101000,01000100011100011101110000100111101010000111000010011001000011010000100001101000,2,0,1,0.006
0,01000100011100011100100000100111101010000111000010011001000011010000100001101000,01000100011100011101110000100111101010000111000010011001000011010000100001101000,2,0,1,0.006
0,01000100011100011100110000000111101010000111000010011001000011010000100001101000,01000100011100011101110000100111101010000111000010011001000011010000100001101000,2,0,1,0.006
0,01000100011100011100110000100011101010000111000010011001000011010000100001101000,01000100011100011101110000100111101010000111000010011001000011010000100001101000,2,0,1,0.006
0,01000100011100011100110000100101101010000111000010011001000011010000100001101000,01000100011100011101110000100111101010000111000010011001000011010000100001101000,2,0,1,0.006
0,01000100011100011100110000100110101010000111000010011001000011010000100001101000,01000100011100011101110000100111101010000111000010011001000011010000100001101000,2,0,1,0.006
0,01000100011100011100110000100111001010000111000010011001000011010000100001101000,01000100011100011101110000100111101010000111000010011001000011010000100001101000,2,0,1,0.006
0,01000100011100011100110000100111100010000111000010011001000011010000100001101000,01000100011100011101110000100111101010000111000010011001000011010000100001101000,2,0,1,0.006
0,01000100011100011100110000100111101000000111000010011001000011010000100001101000,01000100011100011101110000100111101010000111000010011001000011010000100001101000,2,0,1,0.006
0,01000100011100011100110000100111101010000011000010011001000011010000100001101000,01000100011100011101110000100111101010000111000010011001000011010000100001101000,2,0,1,0.006
0,01000100011100011100110000100111101010000101000010011001000011010000100001101000,01000100011100011101110000100111101010000111000010011001000011010000100001101000,2,0,1,0.006
0,01000100011100011100110000100111101010000110000010011001000011010000100001101000,01000100011100011101110000100111101010000111000010011001000011010000100001101000,2,0,1,0.006
0,01000100011100011100110000100111101010000111000000011001000011010000100001101000,01000100011100011101110000100111101010000111000010011001000011010000100001101000,2,0,1,0.006
0,01000100011100011100110000100111101010000111000010001001000011010000100001101000,01000100011100011101110000100111101010000111000010011001000011010000100001101000,2,0,1,0.006
0,01000100011100011100110000100111101010000111000010010001000011010000100001101000,01000100011100011101110000100111101010000111000010011001000011010000100001101000,2,0,1,0.006
0,01000100011100011100110000100111101010000111000010011000000011010000100001101000,01000100011100011101110000100111101010000111000010011001000011010000100001101000,2,0,1,0.006
0,01000100011100011100110000100111101010000111000010011001000001010000100001101000,01000100011100011101110000100111101010000111000010011001000011010000100001101000,2,0,1,0.006
0,01000100011100011100110000100111101010000111000010011001000010010000100001101000,01000100011100011101110000100111101010000111000010011001000011010000100001101000,2,0,1,0.006
0,01000100011100011100110000100111101010000111000010011001000011000000100001101000,01000100011100011101110000100111101010000111000010011001000011010000100001101000,2,0,1,0.006
0,01000100011100011100110000100111101010000111000010011001000011010000000001101000,01000100011100011101110000100111101010000111000010011001000011010000100001101000,2,0,1,0.006
0,01000100011100011100110000100111101010000111000010011001000011010000100000101000,01000100011100011101110000100111101010000111000010011001000011010000100001101000,2,0,1,0.006
0,01000100011100011100110000100111101010000111000010011001000011010000100001001000,01000100011100011101110000100111101010000111000010011001000011010000100001101000,2,0,1,0.006
0,01000100011100011100110000100111101010000111000010011001000011010000100001100000,01000100011100011101110000100111101010000111000010011001000011010000100001101000,2,0,1,0.006
0,01000100011100011101000000100111101010000111000010011001000011010000100001101000,01000100011100011101110000100111101010000111000010011001000011010000100001101000,2,0,1,0.007
0,01000100011100011101010000000111101010000111000010011001000011010000100001101000,01000100011100011101110000100111101010000111000010011001000011010000100001101000,2,0,1,0.007
0,01000100011100011101010000100011101010000111000010011001000011010000100001101000,01000100011100011101110000100111101010000111000010011001000011010000100001101000,2,0,1,0.006
0,01000100011100011101010000100101101010000111000010011001000011010000100001101000,01000100011100011101110000100111101010000111000010011001000011010000100001101000,2,0,1,0.006
0,01000100011100011101010000100110101010000111000010011001000011010000100001101000,01000100011100011101110000100111101010000111000010011001000011010000100001101000,2,0,1,0.006
0,01000100011100011101010000100111001010000111000010011001000011010000100001101000,01000100011100011101110000100111101010000111000010011001000011010000100001101000,2,0,1,0.007
0,01000100011100011101010000100111100010000111000010011001000011010000100001101000,01000100011100011101110000100111101010000111000010011001000011010000100001101000,2,0,1,0.007
0,01000100011100011101010000100111101000000111000010011001000011010000100001101000,01000100011100011101110000100111101010000111000010011001000011010000100001101000,2,0,1,0.006
0,01000100011100011101010000100111101010000011000010011001000011010000100001101000,01000100011100011101110000100111101010000111000010011001000011010000100001101000,2,0,1,0.006
0,01000100011100011101010000100111101010000101000010011001000011010000100001101000,01000100011100011101110000100111101010000111000010011001000011010000100001101000,2,0,1,0.006
0,01000100011100011101010000100111101010000110000010011001000011010000100001101000,01000100011100011101110000100111101010000111000010011001000011010000100001101000,2,0,1,0.006
0,01000100011100011101010000100111101010000111000000011001000011010000100001101000,01000100011100011101110000100111101010000111000010011001000011010000100001101000,2,0,1,0.006
0,01000100011100011101010000100111101010000111000010001001000011010000100001101000,01000100011100011101110000100111101010000111000010011001000011010000100001101000,2,0,1,0.006
0,01000100011100011101010000100111101010000111000010010001000011010000100001101000,01000100011100011101110000100111101010000111000010011001000011010000100001101000,2,0,1,0.006
0,01000100011100011101010000100111101010000111000010011000000011010000100001101000,01000100011100011101110000100111101010000111000010011001000011010000100001101000,2,0,1,0.006
0,01000100011100011101010000100111101010000111000010011001000001010000100001101000,01000100011100011101110000100111101010000111000010011001000011010000100001101000,2,0,1,0.006
0,01000100011100011101010000100111101010000111000010011001000010010000100001101000,01000100011100011101110000100111101010000111000010011001000011010000100001101000,2,0,1,0.006
0,01000100011100011101010000100111101010000111000010011001000011000000100001101000,01000100011100011101110000100111101010000111000010011001000011010000100001101000,2,0,1,0.006
0,01000100011100011101010000100111101010000111000010011001000011010000000001101000,01000100011100011101110000100111101010000111000010011001000011010000100001101000,2,0,1,0.006
0,01000100011100011101010000100111101010000111000010011001000011010000100000101000,01000100011100011101110000100111101010000111000010011001000011010000100001101000,2,0,1,0.006
0,01000100011100011101010000100111101010000111000010011001000011010000100001001000,01000100011100011101110000100111101010000111000010011001000011010000100001101000,2,0,1,0.007
0,01000100011100011101010000100111101010000111000010011001000011010000100001100000,01000100011100011101110000100111101010000111000010011001000011010000100001101000,2,0,1,0.006
0,01000100011100011101100000000111101010000111000010011001000011010000100001101000,01000100011100011101110000100111101010000111000010011001000011010000100001101000,2,0,1,0.006
0,01000100011100011101100000100011101010000111000010011001000011010000100001101000,01000100011100011101110000100111101010000111000010011001000011010000100001101000,2,0,1,0.006
0,01000100011100011101100000100101101010000111000010011001000011010000100001101000,01000100011100011101110000100111101010000111000010011001000011010000100001101000,2,0,1,0.006
0,01000100011100011101100000100110101010000111000010011001000011010000100001101000,01000100011100011101110000100111101010000111000010011001000011010000100001101000,2,0,1,0.007
0,01000100011100011101100000100111001010000111000010011001000011010000100001101000,01000100011100011101110000100111101010000111000010011001000011010000100001101000,2,0,1,0.006
0,01000100011100011101100000100111100010000111000010011001000011010000100001101000,01000100011100011101110000100111101010000111000010011001000011010000100001101000,2,0,1,0.006
0,01000100011100011101100000100111101000000111000010011001000011010000100001101000,01000100011100011101110000100111101010000111000010011001000011010000100001101000,2,0,1,0.006
0,01000100011100011101100000100111101010000011000010011001000011010000100001101000,01000100011100011101110000100111101010000111000010011001000011010000100001101000,2,0,1,0.006
0,01000100011100011101100000100111101010000101000010011001000011010000100001101000,01000100011100011101110000100111101010000111000010011001000011010000100001101000,2,0,1,0.007
0,01000100011100011101100000100111101010000110000010011001000011010000100001101000,01000100011100011101110000100111101010000111000010011001000011010000100001101000,2,0,1,0.006
0,01000100011100011101100000100111101010000111000000011001000011010000100001101000,01000100011100011101110000100111101010000111000010011001000011010000100001101000,2,0,1,0.006
0,01000100011100011101100000100111101010000111000010001001000011010000100001101000,01000100011100011101110000100111101010000111000010011001000011010000100001101000,2,0,1,0.006
0,01000100011100011101100000100111101010000111000010010001000011010000100001101000,01000100011100011101110000100111101010000111000010011001000011010000100001101000,2,0,1,0.006
0,01000100011100011101100000100111101010000111000010011000000011010000100001101000,01000100011100011101110000100111101010000111000010011001000011010000100001101000,2,0,1,0.006
0,01000100011100011101100000100111101010000111000010011001000001010000100001101000,01000100011100011101110000100111101010000111000010011001000011010000100001101000,2,0,1,0.006
0,01000100011100011101100000100111101010000111000010011001000010010000100001101000,01000100011100011101110000100111101010000111000010011001000011010000100001101000,2,0,1,0.006
0,01000100011100011101100000100111101010000111000010011001000011000000100001101000,01000100011100011101110000100111101010000111000010011001000011010000100001101000,2,0,1,0.006
0,01000100011100011101100000100111101010000111000010011001000011010000000001101000,01000100011100011101110000100111101010000111000010011001000011010000100001101000,2,0,1,0.006
0,01000100011100011101100000100111101010000111000010011001000011010000100000101000,01000100011100011101110000100111101010000111000010011001000011010000100001101000,2,0,1,0.007
0,01000100011100011101100000100111101010000111000010011001000011010000100001001000,01000100011100011101110000100111101010000111000010011001000011010000100001101000,2,0,1,0.006
0,01000100011100011101100000100111101010000111000010011001000011010000100001100000,01000100011100011101110000100111101010000111000010011001000011010000100001101000,2,0,1,0.007
0,01000100011100011101110000000011101010000111000010011001000011010000100001101000,01000100011100011101110000100111101010000111000010011001000011010000100001101000,2,0,1,0.006
0,01000100011100011101110000000101101010000111000010011001000011010000100001101000,01000100011100011101110000100111101010000111000010011001000011010000100001101000,2,0,1,0.006
0,01000100011100011101110000000110101010000111000010011001000011010000100001101000,01000100011100011101110000100111101010000111000010011001000011010000100001101000,2,0,1,0.006
0,01000100011100011101110000000111001010000111000010011001000011010000100001101000,01000100011100011101110000100111101010000111000010011001000011010000100001101000,2,0,1,0.007
0,01000100011100011101110000000111100010000111000010011001000011010000100001101000,01000100011100011101110000100111101010000111000010011001000011010000100001101000,2,0,1,0.006
0,01000100011100011101110000000111101000000111000010011001000011010000100001101000,01000100011100011101110000100111101010000111000010011001000011010000100001101000,2,0,1,0.006
0,01000100011100011101110000000111101010000011000010011001000011010000100001101000,01000100011100011101110000100111101010000111000010011001000011010000100001101000,2,0,1,0.006
0,01000100011100011101110000000111101010000101000010011001000011010000100001101000,01000100011100011101110000100111101010000111000010011001000011010000100001101000,2,0,1,0.007
0,01000100011100011101110000000111101010000110000010011001000011010000100001101000,01000100011100011101110000100111101010000111000010011001000011010000100001101000,2,0,1,0.006
0,01000100011100011101110000000111101010000111000000011001000011010000100001101000,01000100011100011101110000100111101010000111000010011001000011010000100001101000,2,0,1,0.006
0,01000100011100011101110000000111101010000111000010001001000011010000100001101000,01000100011100011101110000100111101010000111000010011001000011010000100001101000,2,0,1,0.006
0,01000100011100011101110000000111101010000111000010010001000011010000100001101000,01000100011100011101110000100111101010000111000010011001000011010000100001101000,2,0,1,0.006
0,01000100011100011101110000000111101010000111000010011000000011010000100001101000,01000100011100011101110000100111101010000111000010011001000011010000100001101000,2,0,1,0.007
0,01000100011100011101110000000111101010000111000010011001000001010000100001101000,01000100011100011101110000100111101010000111000010011001000011010000100001101000,2,0,1,0.006
0,01000100011100011101110000000111101010000111000010011001000010010000100001101000,01000100011100011101110000100111101010000111000010011001000011010000100001101000,2,0,1,0.006
0,01000100011100011101110000000111101010000111000010011001000011000000100001101000,01000100011100011101110000100111101010000111000010011001000011010000100001101000,2,0,1,0.006
0,01000100011100011101110000000111101010000111000010011001000011010000000001101000,01000100011100011101110000100111101010000111000010011001000011010000100001101000,2,0,1,0.006
0,01000100011100011101110000000111101010000111000010011001000011010000100000101000,01000100011100011101110000100111101010000111000010011001000011010000100001101000,2,0,1,0.007
0,01000100011100011101110000000111101010000111000010011001000011010000100001001000,01000100011100011101110000100111101010000111000010011001000011010000100001101000,2,0,1,0.007
0,01000100011100011101110000000111101010000111000010011001000011010000100001100000,01000100011100011101110000100111101010000111000010011001000011010000100001101000,2,0,1,0.006
0,01000100011100011101110000100001101010000111000010011001000011010000100001101000,01000100011100011101110000100111101010000111000010011001000011010000100001101000,2,0,1,0.006
0,01000100011100011101110000100010101010000111000010011001000011010000100001101000,01000100011100011101110000100111101010000111000010011001000011010000100001101000,2,0,1,0.006
0,01000100011100011101110000100011001010000111000010011001000011010000100001101000,01000100011100011101110000100111101010000111000010011001000011010000100001101000,2,0,1,0.006
0,01000100011100011101110000100011100010000111000010011001000011010000100001101000,01000100011100011101110000100111101010000111000010011001000011010000100001101000,2,0,1,0.006
0,01000100011100011101110000100011101000000111000010011001000011010000100001101000,01000100011100011101110000100111101010000111000010011001000011010000100001101000,2,0,1,0.006
0,01000100011100011101110000100011101010000011000010011001000011010000100001101000,01000100011100011101110000100111101010000111000010011001000011010000100001101000,2,0,1,0.006
0,01000100011100011101110000100011101010000101000010011001000011010000100001101000,01000100011100011101110000100111101010000111000010011001000011010000100001101000,2,0,1,0.006
0,01000100011100011101110000100011101010000110000010011001000011010000100001101000,01000100011100011101110000100111101010000111000010011001000011010000100001101000,2,0,1,0.007
0,01000100011100011101110000100011101010000111000000011001000011010000100001101000,01000100011100011101110000100111101010000111000010011001000011010000100001101000,2,0,1,0.006
0,01000100011100011101110000100011101010000111000010001001000011010000100001101000,01000100011100011101110000100111101010000111000010011001000011010000100001101000,2,0,1,0.006
0,01000100011100011101110000100011101010000111000010010001000011010000100001101000,01000100011100011101110000100111101010000111000010011001000011010000100001101000,2,0,1,0.006
0,01000100011100011101110000100011101010000111000010011000000011010000100001101000,01000100011100011101110000100111101010000111000010011001000011010000100001101000,2,0,1,0.006
0,01000100011100011101110000100011101010000111000010011001000001010000100001101000,01000100011100011101110000100111101010000111000010011001000011010000100001101000,2,0,1,0.006
0,01000100011100011101110000100011101010000111000010011001000010010000100001101000,01000100011100011101110000100111101010000111000010011001000011010000100001101000,2,0,1,0.006
0,01000100011100011101110000100011101010000111000010011001000011000000100001101000,01000100011100011101110000100111101010000111000010011001000011010000100001101000,2,0,1,0.006
0,01000100011100011101110000100011101010000111000010011001000011010000000001101000,01000100011100011101110000100111101010000111000010011001000011010000100001101000,2,0,1,0.006
0,01000100011100011101110000100011101010000111000010011001000011010000100000101000,01000100011100011101110000100111101010000111000010011001000011010000100001101000,2,0,1,0.006
0,01000100011100011101110000100011101010000111000010011001000011010000100001001000,01000100011100011101110000100111101010000111000010011001000011010000100001101000,2,0,1,0.007
0,01000100011100011101110000100011101010000111000010011001000011010000100001100000,01000100011100011101110000100111101010000111000010011001000011010000100001101000,2,0,1,0.006
0,01000100011100011101110000100100101010000111000010011001000011010000100001101000,01000100011100011101110000100111101010000111000010011001000011010000100001101000,2,0,1,0.006
0,01000100011100011101110000100101001010000111000010011001000011010000100001101000,01000100011100011101110000100111101010000111000010011001000011010000100001101000,2,0,1,0.006
0,01000100011100011101110000100101100010000111000010011001000011010000100001101000,01000100011100011101110000100111101010000111000010011001000011010000100001101000,2,0,1,0.006
0,01000100011100011101110000100101101000000111000010011001000011010000100001101000,01000100011100011101110000100111101010000111000010011001000011010000100001101000,2,0,1,0.006
0,01000100011100011101110000100101101010000011000010011001000011010000100001101000,01000100011100011101110000100111101010000111000010011001000011010000100001101000,2,0,1,0.006
0,01000100011100011101110000100101101010000101000010011001000011010000100001101000,01000100011100011101110000100111101010000111000010011001000011010000100001101000,2,0,1,0.007
0,01000100011100011101110000100101101010000110000010011001000011010000100001101000,01000100011100011101110000100111101010000111000010011001000011010000100001101000,2,0,1,0.006
0,01000100011100011101110000100101101010000111000000011001000011010000100001101000,01000100011100011101110000100111101010000111000010011001000011010000100001101000,2,0,1,0.006
0,01000100011100011101110000100101101010000111000010001001000011010000100001101000,01000100011100011101110000100111101010000111000010011001000011010000100001101000,2,0,1,0.007
0,01000100011100011101110000100101101010000111000010010001000011010000100001101000,01000100011100011101110000100111101010000111000010011001000011010000100001101000,2,0,1,0.006
0,01000100011100011101110000100101101010000111000010011000000011010000100001101000,01000100011100011101110000100111101010000111000010011001000011010000100001101000,2,0,1,0.006
0,01000100011100011101110000100101101010000111000010011001000001010000100001101000,01000100011100011101110000100111101010000111000010011001000011010000100001101000,2,0,1,0.006
0,01000100011100011101110000100101101010000111000010011001000010010000100001101000,01000100011100011101110000100111101010000111000010011001000011010000100001101000,2,0,1,0.006
0,01000100011100011101110000100101101010000111000010011001000011000000100001101000,01000100011100011101110000100111101010000111000010011001000011010000100001101000,2,0,1,0.007
0,01000100011100011101110000100101101010000111000010011001000011010000000001101000,01000100011100011101110000100111101010000111000010011001000011010000100001101000,2,0,1,0.006
0,01000100011100011101110000100101101010000111000010011001000011010000100000101000,01000100011100011101110000100111101010000111000010011001000011010000100001101000,2,0,1,0.006
0,01000100011100011101110000100101101010000111000010011001000011010000100001001000,01000100011100011101110000100111101010000111000010011001000011010000100001101000,2,0,1,0.006
0,01000100011100011101110000100101101010000111000010011001000011010000100001100000,01000100011100011101110000100111101010000111000010011001000011010000100001101000,2,0,1,0.006
0,01000100011100011101110000100110001010000111000010011001000011010000100001101000,01000100011100011101110000100111101010000111000010011001000011010000100001101000,2,0,1,0.006
0,01000100011100011101110000100110100010000111000010011001000011010000100001101000,01000100011100011101110000100111101010000111000010011001000011010000100001101000,2,0,1,0.006
0,01000100011100011101110000100110101000000111000010011001000011010000100001101000,01000100011100011101110000100111101010000111000010011001000011010000100001101000,2,0,1,0.006
0,01000100011100011101110000100110101010000011000010011001000011010000100001101000,01000100011100011101110000100111101010000111000010011001000011010000100001101000,2,0,1,0.006
0,01000100011100011101110000100110101010000101000010011001000011010000100001101000,01000100011100011101110000100111101010000111000010011001000011010000100001101000,2,0,1,0.006
0,01000100011100011101110000100110101010000110000010011001000011010000100001101000,01000100011100011101110000100111101010000111000010011001000011010000100001101000,2,0,1,0.007
0,01000100011100011101110000100110101010000111000000011001000011010000100001101000,01000100011100011101110000100111101010000111000010011001000011010000100001101000,2,0,1,0.006
0,01000100011100011101110000100110101010000111000010001001000011010000100001101000,01000100011100011101110000100111101010000111000010011001000011010000100001101000,2,0,1,0.006
0,01000100011100011101110000100110101010000111000010010001000011010000100001101000,01000100011100011101110000100111101010000111000010011001000011010000100001101000,2,0,1,0.006
0,01000100011100011101110000100110101010000111000010011000000011010000100001101000,01000100011100011101110000100111101010000111000010011001000011010000100001101000,2,0,1,0.006
0,01000100011100011101110000100110101010000111000010011001000001010000100001101000,01000100011100011101110000100111101010000111000010011001000011010000100001101000,2,0,1,0.006
0,01000100011100011101110000100110101010000111000010011001000010010000100001101000,01000100011100011101110000100111101010000111000010011001000011010000100001101000,2,0,1,0.006
0,01000100011100011101110000100110101010000111000010011001000011000000100001101000,01000100011100011101110000100111101010000111000010011001000011010000100001101000,2,0,1,0.006
0,01000100011100011101110000100110101010000111000010011001000011010000000001101000,01000100011100011101110000100111101010000111000010011001000011010000100001101000,2,0,1,0.006
0,01000100011100011101110000100110101010000111000010011001000011010000100000101000,01000100011100011101110000100111101010000111000010011001000011010000100001101000,2,0,1,0.006
0,01000100011100011101110000100110101010000111000010011001000011010000100001001000,01000100011100011101110000100111101010000111000010011001000011010000100001101000,2,0,1,0.007
0,01000100011100011101110000100110101010000111000010011001000011010000100001100000,01000100011100011101110000100111101010000111000010011001000011010000100001101000,2,0,1,0.006
0,01000100011100011101110000100111000010000111000010011001000011010000100001101000,01000100011100011101110000100111101010000111000010011001000011010000100001101000,2,0,1,0.006
0,01000100011100011101110000100111001000000111000010011001000011010000100001101000,01000100011100011101110000100111101010000111000010011001000011010000100001101000,2,0,1,0.006
0,01000100011100011101110000100111001010000011000010011001000011010000100001101000,01000100011100011101110000100111101010000111000010011001000011010000100001101000,2,0,1,0.006
0,01000100011100011101110000100111001010000101000010011001000011010000100001101000,01000100011100011101110000100111101010000111000010011001000011010000100001101000,2,0,1,0.007
0,01000100011100011101110000100111001010000110000010011001000011010000100001101000,01000100011100011101110000100111101010000111000010011001000011010000100001101000,2,0,1,0.006
0,01000100011100011101110000100111001010000111000000011001000011010000100001101000,01000100011100011101110000100111101010000111000010011001000011010000100001101000,2,0,1,0.006
0,01000100011100011101110000100111001010000111000010001001000011010000100001101000,01000100011100011101110000100111101010000111000010011001000011010000100001101000,2,0,1,0.006
0,01000100011100011101110000100111001010000111000010010001000011010000100001101000,01000100011100011101110000100111101010000111000010011001000011010000100001101000,2,0,1,0.007
0,01000100011100011101110000100111001010000111000010011000000011010000100001101000,01000100011100011101110000100111101010000111000010011001000011010000100001101000,2,0,1,0.006
0,01000100011100011101110000100111001010000111000010011001000001010000100001101000,01000100011100011101110000100111101010000111000010011001000011010000100001101000,2,0,1,0.006
0,01000100011100011101110000100111001010000111000010011001000010010000100001101000,01000100011100011101110000100111101010000111000010011001000011010000100001101000,2,0,1,0.006
0,01000100011100011101110000100111001010000111000010011001000011000000100001101000,01000100011100011101110000100111101010000111000010011001000011010000100001101000,2,0,1,0.006
0,01000100011100011101110000100111001010000111000010011001000011010000000001101000,01000100011100011101110000100111101010000111000010011001000011010000100001101000,2,0,1,0.006
0,01000100011100011101110000100111001010000111000010011001000011010000100000101000,01000100011100011101110000100111101010000111000010011001000011010000100001101000,2,0,1,0.007
0,01000100011100011101110000100111001010000111000010011001000011010000100001001000,01000100011100011101110000100111101010000111000010011001000011010000100001101000,2,0,1,0.006
0,01000100011100011101110000100111001010000111000010011001000011010000100001100000,01000100011100011101110000100111101010000111000010011001000011010000100001101000,2,0,1,0.006
0,01000100011100011101110000100111100000000111000010011001000011010000100001101000,01000100011100011101110000100111101010000111000010011001000011010000100001101000,2,0,1,0.006
0,01000100011100011101110000100111100010000011000010011001000011010000100001101000,01000100011100011101110000100111101010000111000010011001000011010000100001101000,2,0,1,0.006
0,01000100011100011101110000100111100010000101000010011001000011010000100001101000,01000100011100011101110000100111101010000111000010011001000011010000100001101000,2,0,1,0.007
0,01000100011100011101110000100111100010000110000010011001000011010000100001101000,01000100011100011101110000100111101010000111000010011001000011010000100001101000,2,0,1,0.006
0,01000100011100011101110000100111100010000111000000011001000011010000100001101000,01000100011100011101110000100111101010000111000010011001000011010000100001101000,2,0,1,0.006
0,01000100011100011101110000100111100010000111000010001001000011010000100001101000,01000100011100011101110000100111101010000111000010011001000011010000100001101000,2,0,1,0.006
0,01000100011100011101110000100111100010000111000010010001000011010000100001101000,01000100011100011101110000100111101010000111000010011001000011010000100001101000,2,0,1,0.006
0,01000100011100011101110000100111100010000111000010011000000011010000100001101000,01000100011100011101110000100111101010000111000010011001000011010000100001101000,2,0,1,0.006
0,01000100011100011101110000100111100010000111000010011001000001010000100001101000,01000100011100011101110000100111101010000111000010011001000011010000100001101000,2,0,1,0.006
0,01000100011100011101110000100111100010000111000010011001000010010000100001101000,01000100011100011101110000100111101010000111000010011001000011010000100001101000,2,0,1,0.006
0,01000100011100011101110000100111100010000111000010011001000011000000100001101000,01000100011100011101110000100111101010000111000010011001000011010000100001101000,2,0,1,0.006
0,01000100011100011101110000100111100010000111000010011001000011010000000001101000,01000100011100011101110000100111101010000111000010011001000011010000100001101000,2,0,1,0.006
0,01000100011100011101110000100111100010000111000010011001000011010000100000101000,01000100011100011101110000100111101010000111000010011001000011010000100001101000,2,0,1,0.007
0,01000100011100011101110000100111100010000111000010011001000011010000100001001000,01000100011100011101110000100111101010000111000010011001000011010000100001101000,2,0,1,0.006
0,01000100011100011101110000100111100010000111000010011001000011010000100001100000,01000100011100011101110000100111101010000111000010011001000011010000100001101000,2,0,1,0.006
0,01000100011100011101110000100111101000000011000010011001000011010000100001101000,01000100011100011101110000100111101010000111000010011001000011010000100001101000,2,0,1,0.006
0,01000100011100011101110000100111101000000101000010011001000011010000100001101000,01000100011100011101110000100111101010000111000010011001000011010000100001101000,2,0,1,0.006
0,01000100011100011101110000100111101000000110000010011001000011010000100001101000,01000100011100011101110000100111101010000111000010011001000011010000100001101000,2,0,1,0.006
0,01000100011100011101110000100111101000000111000000011001000011010000100001101000,01000100011100011101110000100111101010000111000010011001000011010000100001101000,2,0,1,0.006
0,01000100011100011101110000100111101000000111000010001001000011010000100001101000,01000100011100011101110000100111101010000111000010011001000011010000100001101000,2,0,1,0.006
0,01000100011100011101110000100111101000000111000010010001000011010000100001101000,01000100011100011101110000100111101010000111000010011001000011010000100001101000,2,0,1,0.006
0,01000100011100011101110000100111101000000111000010011000000011010000100001101000,01000100011100011101110000100111101010000111000010011001000011010000100001101000,2,0,1,0.006
0,01000100011100011101110000100111101000000111000010011001000001010000100001101000,01000100011100011101110000100111101010000111000010011001000011010000100001101000,2,0,1,0.006
0,01000100011100011101110000100111101000000111000010011001000010010000100001101000,01000100011100011101110000100111101010000111000010011001000011010000100001101000,2,0,1,0.006
0,01000100011100011101110000100111101000000111000010011001000011000000100001101000,01000100011100011101110000100111101010000111000010011001000011010000100001101000,2,0,1,0.006
0,01000100011100011101110000100111101000000111000010011001000011010000000001101000,01000100011100011101110000100111101010000111000010011001000011010000100001101000,2,0,1,0.006
0,01000100011100011101110000100111101000000111000010011001000011010000100000101000,01000100011100011101110000100111101010000111000010011001000011010000100001101000,2,0,1,0.006
0,01000100011100011101110000100111101000000111000010011001000011010000100001001000,01000100011100011101110000100111101010000111000010011001000011010000100001101000,2,0,1,0.007
0,01000100011100011101110000100111101000000111000010011001000011010000100001100000,01000100011100011101110000100111101010000111000010011001000011010000100001101000,2,0,1,0.006
0,01000100011100011101110000100111101010000001000010011001000011010000100001101000,01000100011100011101110000100111101010000111000010011001000011010000100001101000,2,0,1,0.006
0,01000100011100011101110000100111101010000010000010011001000011010000100001101000,01000100011100011101110000100111101010000111000010011001000011010000100001101000,2,0,1,0.006
0,01000100011100011101110000100111101010000011000000011001000011010000100001101000,01000100011100011101110000100111101010000111000010011001000011010000100001101000,2,0,1,0.006
0,01000100011100011101110000100111101010000011000010001001000011010000100001101000,01000100011100011101110000100111101010000111000010011001000011010000100001101000,2,0,1,0.006
0,01000100011100011101110000100111101010000011000010010001000011010000100001101000,01000100011100011101110000100111101010000111000010011001000011010000100001101000,2,0,1,0.006
0,01000100011100011101110000100111101010000011000010011000000011010000100001101000,01000100011100011101110000100111101010000111000010011001000011010000100001101000,2,0,1,0.006
0,01000100011100011101110000100111101010000011000010011001000001010000100001101000,01000100011100011101110000100111101010000111000010011001000011010000100001101000,2,0,1,0.006
0,01000100011100011101110000100111101010000011000010011001000010010000100001101000,01000100011100011101110000100111101010000111000010011001000011010000100001101000,2,0,1,0.006
0,01000100011100011101110000100111101010000011000010011001000011000000100001101000,01000100011100011101110000100111101010000111000010011001000011010000100001101000,2,0,1,0.006
0,01000100011100011101110000100111101010000011000010011001000011010000000001101000,01000100011100011101110000100111101010000111000010011001000011010000100001101000,2,0,1,0.006
0,01000100011100011101110000100111101010000011000010011001000011010000100000101000,01000100011100011101110000100111101010000111000010011001000011010000100001101000,2,0,1,0.006
0,01000100011100011101110000100111101010000011000010011001000011010000100001001000,01000100011100011101110000100111101010000111000010011001000011010000100001101000,2,0,1,0.006
0,01000100011100011101110000100111101010000011000010011001000011010000100001100000,01000100011100011101110000100111101010000111000010011001000011010000100001101000,2,0,1,0.006
0,01000100011100011101110000100111101010000100000010011001000011010000100001101000,01000100011100011101110000100111101010000111000010011001000011010000100001101000,2,0,1,0.006
0,01000100011100011101110000100111101010000101000000011001000011010000100001101000,01000100011100011101110000100111101010000111000010011001000011010000100001101000,2,0,1,0.006
0,01000100011100011101110000100111101010000101000010001001000011010000100001101000,01000100011100011101110000100111101010000111000010011001000011010000100001101000,2,0,1,0.006
0,01000100011100011101110000100111101010000101000010010001000011010000100001101000,01000100011100011101110000100111101010000111000010011001000011010000100001101000,2,0,1,0.006
0,01000100011100011101110000100111101010000101000010011000000011010000100001101000,01000100011100011101110000100111101010000111000010011001000011010000100001101000,2,0,1,0.006
0,01000100011100011101110000100111101010000101000010011001000001010000100001101000,01000100011100011101110000100111101010000111000010011001000011010000100001101000,2,0,1,0.006
0,01000100011100011101110000100111101010000101000010011001000010010000100001101000,01000100011100011101110000100111101010000111000010011001000011010000100001101000,2,0,1,0.006
0,01000100011100011101110000100111101010000101000010011001000011000000100001101000,01000100011100011101110000100111101010000111000010011001000011010000100001101000,2,0,1,0.006
0,01000100011100011101110000100111101010000101000010011001000011010000000001101000,01000100011100011101110000100111101010000111000010011001000011010000100001101000,2,0,1,0.006
0,01000100011100011101110000100111101010000101000010011001000011010000100000101000,01000100011100011101110000100111101010000111000010011001000011010000100001101000,2,0,1,0.006
0,01000100011100011101110000100111101010000101000010011001000011010000100001001000,01000100011100011101110000100111101010000111000010011001000011010000100001101000,2,0,1,0.007
0,01000100011100011101110000100111101010000101000010011001000011010000100001100000,01000100011100011101110000100111101010000111000010011001000011010000100001101000,2,0,1,0.006
0,01000100011100011101110000100111101010000110000000011001000011010000100001101000,01000100011100011101110000100111101010000111000010011001000011010000100001101000,2,0,1,0.006
0,01000100011100011101110000100111101010000110000010001001000011010000100001101000,01000100011100011101110000100111101010000111000010011001000011010000100001101000,2,0,1,0.006
0,01000100011100011101110000100111101010000110000010010001000011010000100001101000,01000100011100011101110000100111101010000111000010011001000011010000100001101000,2,0,1,0.006
0,01000100011100011101110000100111101010000110000010011000000011010000100001101000,01000100011100011101110000100111101010000111000010011001000011010000100001101000,2,0,1,0.007
0,01000100011100011101110000100111101010000110000010011001000001010000100001101000,01000100011100011101110000100111101010000111000010011001000011010000100001101000,2,0,1,0.006
0,01000100011100011101110000100111101010000110000010011001000010010000100001101000,01000100011100011101110000100111101010000111000010011001000011010000100001101000,2,0,1,0.006
0,01000100011100011101110000100111101010000110000010011001000011000000100001101000,01000100011100011101110000100111101010000111000010011001000011010000100001101000,2,0,1,0.006
0,01000100011100011101110000100111101010000110000010011001000011010000000001101000,01000100011100011101110000100111101010000111000010011001000011010000100001101000,2,0,1,0.006
0,01000100011100011101110000100111101010000110000010011001000011010000100000101000,01000100011100011101110000100111101010000111000010011001000011010000100001101000,2,0,1,0.006
0,01000100011100011101110000100111101010000110000010011001000011010000100001001000,01000100011100011101110000100111101010000111000010011001000011010000100001101000,2,0,1,0.006
0,01000100011100011101110000100111101010000110000010011001000011010000100001100000,01000100011100011101110000100111101010000111000010011001000011010000100001101000,2,0,1,0.006
0,01000100011100011101110000100111101010000111000000001001000011010000100001101000,01000100011100011101110000100111101010000111000010011001000011010000100001101000,2,0,1,0.006
0,01000100011100011101110000100111101010000111000000010001000011010000100001101000,01000100011100011101110000100111101010000111000010011001000011010000100001101000,2,0,1,0.006
0,01000100011100011101110000100111101010000111000000011000000011010000100001101000,01000100011100011101110000100111101010000111000010011001000011010000100001101000,2,0,1,0.007
0,01000100011100011101110000100111101010000111000000011001000001010000100001101000,01000100011100011101110000100111101010000111000010011001000011010000100001101000,2,0,1,0.006
0,01000100011100011101110000100111101010000111000000011001000010010000100001101000,01000100011100011101110000100111101010000111000010011001000011010000100001101000,2,0,1,0.006
0,01000100011100011101110000100111101010000111000000011001000011000000100001101000,01000100011100011101110000100111101010000111000010011001000011010000100001101000,2,0,1,0.006
0,01000100011100011101110000100111101010000111000000011001000011010000000001101000,01000100011100011101110000100111101010000111000010011001000011010000100001101000,2,0,1,0.006
0,01000100011100011101110000100111101010000111000000011001000011010000100000101000,01000100011100011101110000100111101010000111000010011001000011010000100001101000,2,0,1,0.007
0,01000100011100011101110000100111101010000111000000011001000011010000100001001000,01000100011100011101110000100111101010000111000010011001000011010000100001101000,2,0,1,0.006
0,01000100011100011101110000100111101010000111000000011001000011010000100001100000,01000100011100011101110000100111101010000111000010011001000011010000100001101000,2,0,1,0.006
0,01000100011100011101110000100111101010000111000010000001000011010000100001101000,01000100011100011101110000100111101010000111000010011001000011010000100001101000,2,0,1,0.006
0,01000100011100011101110000100111101010000111000010001000000011010000100001101000,01000100011100011101110000100111101010000111000010011001000011010000100001101000,2,0,1,0.006
0,01000100011100011101110000100111101010000111000010001001000001010000100001101000,01000100011100011101110000100111101010000111000010011001000011010000100001101000,2,0,1,0.006
0,01000100011100011101110000100111101010000111000010001001000010010000100001101000,01000100011100011101110000100111101010000111000010011001000011010000100001101000,2,0,1,0.006
0,01000100011100011101110000100111101010000111000010001001000011000000100001101000,01000100011100011101110000100111101010000111000010011001000011010000100001101000,2,0,1,0.006
0,01000100011100011101110000100111101010000111000010001001000011010000000001101000,01000100011100011101110000100111101010000111000010011001000011010000100001101000,2,0,1,0.007
0,01000100011100011101110000100111101010000111000010001001000011010000100000101000,01000100011100011101110000100111101010000111000010011001000011010000100001101000,2,0,1,0.007
0,01000100011100011101110000100111101010000111000010001001000011010000100001001000,01000100011100011101110000100111101010000111000010011001000011010000100001101000,2,0,1,0.007
0,01000100011100011101110000100111101010000111000010001001000011010000100001100000,01000100011100011101110000100111101010000111000010011001000011010000100001101000,2,0,1,0.006
0,01000100011100011101110000100111101010000111000010010000000011010000100001101000,01000100011100011101110000100111101010000111000010011001000011010000100001101000,2,0,1,0.006
0,01000100011100011101110000100111101010000111000010010001000001010000100001101000,01000100011100011101110000100111101010000111000010011001000011010000100001101000,2,0,1,0.006
0,01000100011100011101110000100111101010000111000010010001000010010000100001101000,01000100011100011101110000100111101010000111000010011001000011010000100001101000,2,0,1,0.006
0,01000100011100011101110000100111101010000111000010010001000011000000100001101000,01000100011100011101110000100111101010000111000010011001000011010000100001101000,2,0,1,0.007
0,01000100011100011101110000100111101010000111000010010001000011010000000001101000,01000100011100011101110000100111101010000111000010011001000011010000100001101000,2,0,1,0.006
0,01000100011100011101110000100111101010000111000010010001000011010000100000101000,01000100011100011101110000100111101010000111000010011001000011010000100001101000,2,0,1,0.007
0,01000100011100011101110000100111101010000111000010010001000011010000100001001000,01000100011100011101110000100111101010000111000010011001000011010000100001101000,2,0,1,0.006
0,01000100011100011101110000100111101010000111000010010001000011010000100001100000,01000100011100011101110000100111101010000111000010011001000011010000100001101000,2,0,1,0.006
0,01000100011100011101110000100111101010000111000010011000000001010000100001101000,01000100011100011101110000100111101010000111000010011001000011010000100001101000,2,0,1,0.006
0,01000100011100011101110000100111101010000111000010011000000010010000100001101000,01000100011100011101110000100111101010000111000010011001000011010000100001101000,2,0,1,0.006
0,01000100011100011101110000100111101010000111000010011000000011000000100001101000,01000100011100011101110000100111101010000111000010011001000011010000100001101000,2,0,1,0.006
0,01000100011100011101110000100111101010000111000010011000000011010000000001101000,01000100011100011101110000100111101010000111000010011001000011010000100001101000,2,0,1,0.006
0,01000100011100011101110000100111101010000111000010011000000011010000100000101000,01000100011100011101110000100111101010000111000010011001000011010000100001101000,2,0,1,0.006
0,01000100011100011101110000100111101010000111000010011000000011010000100001001000,01000100011100011101110000100111101010000111000010011001000011010000100001101000,2,0,1,0.007
0,01000100011100011101110000100111101010000111000010011000000011010000100001100000,01000100011100011101110000100111101010000111000010011001000011010000100001101000,2,0,1,0.006
0,01000100011100011101110000100111101010000111000010011001000000010000100001101000,01000100011100011101110000100111101010000111000010011001000011010000100001101000,2,0,1,0.006
0,01000100011100011101110000100111101010000111000010011001000001000000100001101000,01000100011100011101110000100111101010000111000010011001000011010000100001101000,2,0,1,0.006
0,01000100011100011101110000100111101010000111000010011001000001010000000001101000,01000100011100011101110000100111101010000111000010011001000011010000100001101000,2,0,1,0.006
0,01000100011100011101110000100111101010000111000010011001000001010000100000101000,01000100011100011101110000100111101010000111000010011001000011010000100001101000,2,0,1,0.006
0,01000100011100011101110000100111101010000111000010011001000001010000100001001000,01000100011100011101110000100111101010000111000010011001000011010000100001101000,2,0,1,0.006
0,01000100011100011101110000100111101010000111000010011001000001010000100001100000,01000100011100011101110000100111101010000111000010011001000011010000100001101000,2,0,1,0.006
0,01000100011100011101110000100111101010000111000010011001000010000000100001101000,01000100011100011101110000100111101010000111000010011001000011010000100001101000,2,0,1,0.007
0,01000100011100011101110000100111101010000111000010011001000010010000000001101000,01000100011100011101110000100111101010000111000010011001000011010000100001101000,2,0,1,0.007
0,01000100011100011101110000100111101010000111000010011001000010010000100000101000,01000100011100011101110000100111101010000111000010011001000011010000100001101000,2,0,1,0.007
0,01000100011100011101110000100111101010000111000010011001000010010000100001001000,01000100011100011101110000100111101010000111000010011001000011010000100001101000,2,0,1,0.007
0,01000100011100011101110000100111101010000111000010011001000010010000100001100000,01000100011100011101110000100111101010000111000010011001000011010000100001101000,2,0,1,0.007
0,01000100011100011101110000100111101010000111000010011001000011000000000001101000,01000100011100011101110000100111101010000111000010011001000011010000100001101000,2,0,1,0.006
0,01000100011100011101110000100111101010000111000010011001000011000000100000101000,01000100011100011101110000100111101010000111000010011001000011010000100001101000,2,0,1,0.006
0,01000100011100011101110000100111101010000111000010011001000011000000100001001000,01000100011100011101110000100111101010000111000010011001000011010000100001101000,2,0,1,0.006
0,01000100011100011101110000100111101010000111000010011001000011000000100001100000,01000100011100011101110000100111101010000111000010011001000011010000100001101000,2,0,1,0.006
0,01000100011100011101110000100111101010000111000010011001000011010000000000101000,01000100011100011101110000100111101010000111000010011001000011010000100001101000,2,0,1,0.006
0,01000100011100011101110000100111101010000111000010011001000011010000000001001000,01000100011100011101110000100111101010000111000010011001000011010000100001101000,2,0,1,0.006
0,01000100011100011101110000100111101010000111000010011001000011010000000001100000,01000100011100011101110000100111101010000111000010011001000011010000100001101000,2,0,1,0.007
0,01000100011100011101110000100111101010000111000010011001000011010000100000001000,01000100011100011101110000100111101010000111000010011001000011010000100001101000,2,0,1,0.007
0,01000100011100011101110000100111101010000111000010011001000011010000100000100000,01000100011100011101110000100111101010000111000010011001000011010000100001101000,2,0,1,0.007
0,01000100011100011101110000100111101010000111000010011001000011010000100001000000,01000100011100011101110000100111101010000111000010011001000011010000100001101000,2,0,1,0.007
1,00001100111111110001000100000000111101000010101110111100010011000011000000011001,01011100111111110001000100000000111101000010101110111100010011000011000000011001,2,0,1,0.006
1,00010100111111110001000100000000111101000010101110111100010011000011000000011001,01011100111111110001000100000000111101000010101110111100010011000011000000011001,2,0,1,0.006
1,00011000111111110001000100000000111101000010101110111100010011000011000000011001,01011100111111110001000100000000111101000010101110111100010011000011000000011001,2,0,1,0.006
1,00011100011111110001000100000000111101000010101110111100010011000011000000011001,01011100111111110001000100000000111101000010101110111100010011000011000000011001,2,0,1,0.007
1,00011100101111110001000100000000111101000010101110111100010011000011000000011001,01011100111111110001000100000000111101000010101110111100010011000011000000011001,2,0,1,0.006
1,00011100110111110001000100000000111101000010101110111100010011000011000000011001,01011100111111110001000100000000111101000010101110111100010011000011000000011001,2,0,1,0.006
1,00011100111011110001000100000000111101000010101110111100010011000011000000011001,01011100111111110001000100000000111101000010101110111100010011000011000000011001,2,0,1,0.006
1,00011100111101110001000100000000111101000010101110111100010011000011000000011001,01011100111111110001000100000000111101000010101110111100010011000011000000011001,2,0,1,0.006
1,00011100111110110001000100000000111101000010101110111100010011000011000000011001,01011100111111110001000100000000111101000010101110111100010011000011000000011001,2,0,1,0.007
1,00011100111111010001000100000000111101000010101110111100010011000011000000011001,01011100111111110001000100000000111101000010101110111100010011000011000000011001,2,0,1,0.007
1,00011100111111100001000100000000111101000010101110111100010011000011000000011001,01011100111111110001000100000000111101000010101110111100010011000011000000011001,2,0,1,0.007
1,00011100111111110000000100000000111101000010101110111100010011000011000000011001,01011100111111110001000100000000111101000010101110111100010011000011000000011001,2,0,1,0.006
1,00011100111111110001000000000000111101000010101110111100010011000011000000011001,01011100111111110001000100000000111101000010101110111100010011000011000000011001,2,0,1,0.007
1,00011100111111110001000100000000011101000010101110111100010011000011000000011001,01011100111111110001000100000000111101000010101110111100010011000011000000011001,2,0,1,0.006
1,00011100111111110001000100000000101101000010101110111100010011000011000000011001,01011100111111110001000100000000111101000010101110111100010011000011000000011001,2,0,1,0.006
1,00011100111111110001000100000000110101000010101110111100010011000011000000011001,01011100111111110001000100000000111101000010101110111100010011000011000000011001,2,0,1,0.006
1,00011100111111110001000100000000111001000010101110111100010011000011000000011001,01011100111111110001000100000000111101000010101110111100010011000011000000011001,2,0,1,0.006
1,00011100111111110001000100000000111100000010101110111100010011000011000000011001,01011100111111110001000100000000111101000010101110111100010011000011000000011001,2,0,1,0.007
1,00011100111111110001000100000000111101000000101110111100010011000011000000011001,01011100111111110001000100000000111101000010101110111100010011000011000000011001,2,0,1,0.006
1,00011100111111110001000100000000111101000010001110111100010011000011000000011001,01011100111111110001000100000000111101000010101110111100010011000011000000011001,2,0,1,0.006
1,00011100111111110001000100000000111101000010100110111100010011000011000000011001,01011100111111110001000100000000111101000010101110111100010011000011000000011001,2,0,1,0.006
1,00011100111111110001000100000000111101000010101010111100010011000011000000011001,01011100111111110001000100000000111101000010101110111100010011000011000000011001,2,0,1,0.007
1,00011100111111110001000100000000111101000010101100111100010011000011000000011001,01011100111111110001000100000000111101000010101110111100010011000011000000011001,2,0,1,0.006
1,00011100111111110001000100000000111101000010101110011100010011000011000000011001,01011100111111110001000100000000111101000010101110111100010011000011000000011001,2,0,1,0.006
1,00011100111111110001000100000000111101000010101110101100010011000011000000011001,01011100111111110001000100000000111101000010101110111100010011000011000000011001,2,0,1,0.006
1,00011100111111110001000100000000111101000010101110110100010011000011000000011001,01011100111111110001000100000000111101000010101110111100010011000011000000011001,2,0,1,0.006
1,00011100111111110001000100000000111101000010101110111000010011000011000000011001,01011100111111110001000100000000111101000010101110111100010011000011000000011001,2,0,1,0.006
1,00011100111111110001000100000000111101000010101110111100000011000011000000011001,01011100111111110001000100000000111101000010101110111100010011000011000000011001,2,0,1,0.007
1,00011100111111110001000100000000111101000010101110111100010001000011000000011001,01011100111111110001000100000000111101000010101110111100010011000011000000011001,2,0,1,0.006
1,00011100111111110001000100000000111101000010101110111100010010000011000000011001,01011100111111110001000100000000111101000010101110111100010011000011000000011001,2,0,1,0.007
1,00011100111111110001000100000000111101000010101110111100010011000001000000011001,01011100111111110001000100000000111101000010101110111100010011000011000000011001,2,0,1,0.007
1,00011100111111110001000100000000111101000010101110111100010011000010000000011001,01011100111111110001000100000000111101000010101110111100010011000011000000011001,2,0,1,0.007
1,00011100111111110001000100000000111101000010101110111100010011000011000000001001,01011100111111110001000100000000111101000010101110111100010011000011000000011001,2,0,1,0.007
1,00011100111111110001000100000000111101000010101110111100010011000011000000010001,01011100111111110001000100000000111101000010101110111100010011000011000000011001,2,0,1,0.006
1,00011100111111110001000100000000111101000010101110111100010011000011000000011000,01011100111111110001000100000000111101000010101110111100010011000011000000011001,2,0,1,0.007
1,01000100111111110001000100000000111101000010101110111100010011000011000000011001,01011100111111110001000100000000111101000010101110111100010011000011000000011001,2,0,1,0.006
1,01001000111111110001000100000000111101000010101110111100010011000011000000011001,01011100111111110001000100000000111101000010101110111100010011000011000000011001,2,0,1,0.007
1,01001100011111110001000100000000111101000010101110111100010011000011000000011001,01011100111111110001000100000000111101000010101110111100010011000011000000011001,2,0,1,0.007
1,01001100101111110001000100000000111101000010101110111100010011000011000000011001,01011100111111110001000100000000111101000010101110111100010011000011000000011001,2,0,1,0.007
1,01001100110111110001000100000000111101000010101110111100010011000011000000011001,01011100111111110001000100000000111101000010101110111100010011000011000000011001,2,0,1,0.006
1,01001100111011110001000100000000111101000010101110111100010011000011000000011001,01011100111111110001000100000000111101000010101110111100010011000011000000011001,2,0,1,0.006
1,01001100111101110001000100000000111101000010101110111100010011000011000000011001,01011100111111110001000100000000111101000010101110111100010011000011000000011001,2,0,1,0.006
1,01001100111110110001000100000000111101000010101110111100010011000011000000011001,01011100111111110001000100000000111101000010101110111100010011000011000000011001,2,0,1,0.006
1,01001100111111010001000100000000111101000010101110111100010011000011000000011001,01011100111111110001000100000000111101000010101110111100010011000011000000011001,2,0,1,0.006
1,01001100111111100001000100000000111101000010101110111100010011000011000000011001,01011100111111110001000100000000111101000010101110111100010011000011000000011001,2,0,1,0.006
1,01001100111111110000000100000000111101000010101110111100010011000011000000011001,01011100111111110001000100000000111101000010101110111100010011000011000000011001,2,0,1,0.006
1,01001100111111110001000000000000111101000010101110111100010011000011000000011001,01011100111111110001000100000000111101000010101110111100010011000011000000011001,2,0,1,0.006
1,01001100111111110001000100000000011101000010101110111100010011000011000000011001,01011100111111110001000100000000111101000010101110111100010011000011000000011001,2,0,1,0.006
1,01001100111111110001000100000000101101000010101110111100010011000011000000011001,01011100111111110001000100000000111101000010101110111100010011000011000000011001,2,0,1,0.006
1,01001100111111110001000100000000110101000010101110111100010011000011000000011001,01011100111111110001000100000000111101000010101110111100010011000011000000011001,2,0,1,0.006
1,01001100111111110001000100000000111001000010101110111100010011000011000000011001,01011100111111110001000100000000111101000010101110111100010011000011000000011001,2,0,1,0.007
1,01001100111111110001000100000000111100000010101110111100010011000011000000011001,01011100111111110001000100000000111101000010101110111100010011000011000000011001,2,0,1,0.006
1,01001100111111110001000100000000111101000000101110111100010011000011000000011001,01011100111111110001000100000000111101000010101110111100010011000011000000011001,2,0,1,0.006
1,01001100111111110001000100000000111101000010001110111100010011000011000000011001,01011100111111110001000100000000111101000010101110111100010011000011000000011001,2,0,1,0.006
1,01001100111111110001000100000000111101000010100110111100010011000011000000011001,01011100111111110001000100000000111101000010101110111100010011000011000000011001,2,0,1,0.006
1,01001100111111110001000100000000111101000010101010111100010011000011000000011001,01011100111111110001000100000000111101000010101110111100010011000011000000011001,2,0,1,0.006
1,01001100111111110001000100000000111101000010101100111100010011000011000000011001,01011100111111110001000100000000111101000010101110111100010011000011000000011001,2,0,1,0.007
1,01001100111111110001000100000000111101000010101110011100010011000011000000011001,01011100111111110001000100000000111101000010101110111100010011000011000000011001,2,0,1,0.006
1,01001100111111110001000100000000111101000010101110101100010011000011000000011001,01011100111111110001000100000000111101000010101110111100010011000011000000011001,2,0,1,0.006
1,01001100111111110001000100000000111101000010101110110100010011000011000000011001,01011100111111110001000100000000111101000010101110111100010011000011000000011001,2,0,1,0.006
1,01001100111111110001000100000000111101000010101110111000010011000011000000011001,01011100111111110001000100000000111101000010101110111100010011000011000000011001,2,0,1,0.006
1,01001100111111110001000100000000111101000010101110111100000011000011000000011001,01011100111111110001000100000000111101000010101110111100010011000011000000011001,2,0,1,0.007
1,01001100111111110001000100000000111101000010101110111100010001000011000000011001,01011100111111110001000100000000111101000010101110111100010011000011000000011001,2,0,1,0.006
1,01001100111111110001000100000000111101000010101110111100010010000011000000011001,01011100111111110001000100000000111101000010101110111100010011000011000000011001,2,0,1,0.006
1,01001100111111110001000100000000111101000010101110111100010011000001000000011001,01011100111111110001000100000000111101000010101110111100010011000011000000011001,2,0,1,0.006
1,01001100111111110001000100000000111101000010101110111100010011000010000000011001,01011100111111110001000100000000111101000010101110111100010011000011000000011001,2,0,1,0.006
1,01001100111111110001000100000000111101000010101110111100010011000011000000001001,01011100111111110001000100000000111101000010101110111100010011000011000000011001,2,0,1,0.007
1,01001100111111110001000100000000111101000010101110111100010011000011000000010001,01011100111111110001000100000000111101000010101110111100010011000011000000011001,2,0,1,0.006
1,01001100111111110001000100000000111101000010101110111100010011000011000000011000,01011100111111110001000100000000111101000010101110111100010011000011000000011001,2,0,1,0.006
1,01010000111111110001000100000000111101000010101110111100010011000011000000011001,01011100111111110001000100000000111101000010101110111100010011000011000000011001,2,0,1,0.007
1,01010100011111110001000100000000111101000010101110111100010011000011000000011001,01011100111111110001000100000000111101000010101110111100010011000011000000011001,2,0,1,0.006
1,01010100101111110001000100000000111101000010101110111100010011000011000000011001,01011100111111110001000100000000111101000010101110111100010011000011000000011001,2,0,1,0.007
1,01010100110111110001000100000000111101000010101110111100010011000011000000011001,01011100111111110001000100000000111101000010101110111100010011000011000000011001,2,0,1,0.006
1,01010100111011110001000100000000111101000010101110111100010011000011000000011001,01011100111111110001000100000000111101000010101110111100010011000011000000011001,2,0,1,0.006
1,01010100111101110001000100000000111101000010101110111100010011000011000000011001,01011100111111110001000100000000111101000010101110111100010011000011000000011001,2,0,1,0.006
1,01010100111110110001000100000000111101000010101110111100010011000011000000011001,01011100111111110001000100000000111101000010101110111100010011000011000000011001,2,0,1,0.006
1,01010100111111010001000100000000111101000010101110111100010011000011000000011001,01011100111111110001000100000000111101000010101110111100010011000011000000011001,2,0,1,0.006
1,01010100111111100001000100000000111101000010101110111100010011000011000000011001,01011100111111110001000100000000111101000010101110111100010011000011000000011001,2,0,1,0.006
1,01010100111111110000000100000000111101000010101110111100010011000011000000011001,01011100111111110001000100000000111101000010101110111100010011000011000000011001,2,0,1,0.006
1,01010100111111110001000000000000111101000010101110111100010011000011000000011001,01011100111111110001000100000000111101000010101110111100010011000011000000011001,2,0,1,0.006
1,01010100111111110001000100000000011101000010101110111100010011000011000000011001,01011100111111110001000100000000111101000010101110111100010011000011000000011001,2,0,1,0.006
1,01010100111111110001000100000000101101000010101110111100010011000011000000011001,01011100111111110001000100000000111101000010101110111100010011000011000000011001,2,0,1,0.007
1,01010100111111110001000100000000110101000010101110111100010011000011000000011001,01011100111111110001000100000000111101000010101110111100010011000011000000011001,2,0,1,0.007
1,01010100111111110001000100000000111001000010101110111100010011000011000000011001,01011100111111110001000100000000111101000010101110111100010011000011000000011001,2,0,1,0.006
1,01010100111111110001000100000000111100000010101110111100010011000011000000011001,01011100111111110001000100000000111101000010101110111100010011000011000000011001,2,0,1,0.006
1,01010100111111110001000100000000111101000000101110111100010011000011000000011001,01011100111111110001000100000000111101000010101110111100010011000011000000011001,2,0,1,0.006
1,01010100111111110001000100000000111101000010001110111100010011000011000000011001,01011100111111110001000100000000111101000010101110111100010011000011000000011001,2,0,1,0.007
1,01010100111111110001000100000000111101000010100110111100010011000011000000011001,01011100111111110001000100000000111101000010101110111100010011000011000000011001,2,0,1,0.006
1,01010100111111110001000100000000111101000010101010111100010011000011000000011001,01011100111111110001000100000000111101000010101110111100010011000011000000011001,2,0,1,0.006
1,01010100111111110001000100000000111101000010101100111100010011000011000000011001,01011100111111110001000100000000111101000010101110111100010011000011000000011001,2,0,1,0.006
1,01010100111111110001000100000000111101000010101110011100010011000011000000011001,01011100111111110001000100000000111101000010101110111100010011000011000000011001,2,0,1,0.006
1,01010100111111110001000100000000111101000010101110101100010011000011000000011001,01011100111111110001000100000000111101000010101110111100010011000011000000011001,2,0,1,0.007
1,01010100111111110001000100000000111101000010101110110100010011000011000000011001,01011100111111110001000100000000111101000010101110111100010011000011000000011001,2,0,1,0.006
1,01010100111111110001000100000000111101000010101110111000010011000011000000011001,01011100111111110001000100000000111101000010101110111100010011000011000000011001,2,0,1,0.006
1,01010100111111110001000100000000111101000010101110111100000011000011000000011001,01011100111111110001000100000000111101000010101110111100010011000011000000011001,2,0,1,0.006
1,01010100111111110001000100000000111101000010101110111100010001000011000000011001,01011100111111110001000100000000111101000010101110111100010011000011000000011001,2,0,1,0.006
1,01010100111111110001000100000000111101000010101110111100010010000011000000011001,01011100111111110001000100000000111101000010101110111100010011000011000000011001,2,0,1,0.007
1,01010100111111110001000100000000111101000010101110111100010011000001000000011001,01011100111111110001000100000000111101000010101110111100010011000011000000011001,2,0,1,0.006
1,01010100111111110001000100000000111101000010101110111100010011000010000000011001,01011100111111110001000100000000111101000010101110111100010011000011000000011001,2,0,1,0.006
1,01010100111111110001000100000000111101000010101110111100010011000011000000001001,01011100111111110001000100000000111101000010101110111100010011000011000000011001,2,0,1,0.007
1,01010100111111110001000100000000111101000010101110111100010011000011000000010001,01011100111111110001000100000000111101000010101110111100010011000011000000011001,2,0,1,0.006
1,01010100111111110001000100000000111101000010101110111100010011000011000000011000,01011100111111110001000100000000111101000010101110111100010011000011000000011001,2,0,1,0.007
1,01011000011111110001000100000000111101000010101110111100010011000011000000011001,01011100111111110001000100000000111101000010101110111100010011000011000000011001,2,0,1,0.006
1,01011000101111110001000100000000111101000010101110111100010011000011000000011001,01011100111111110001000100000000111101000010101110111100010011000011000000011001,2,0,1,0.006
1,01011000110111110001000100000000111101000010101110111100010011000011000000011001,01011100111111110001000100000000111101000010101110111100010011000011000000011001,2,0,1,0.006
1,01011000111011110001000100000000111101000010101110111100010011000011000000011001,01011100111111110001000100000000111101000010101110111100010011000011000000011001,2,0,1,0.006
1,01011000111101110001000100000000111101000010101110111100010011000011000000011001,01011100111111110001000100000000111101000010101110111100010011000011000000011001,2,0,1,0.007
1,01011000111110110001000100000000111101000010101110111100010011000011000000011001,01011100111111110001000100000000111101000010101110111100010011000011000000011001,2,0,1,0.006
1,01011000111111010001000100000000111101000010101110111100010011000011000000011001,01011100111111110001000100000000111101000010101110111100010011000011000000011001,2,0,1,0.006
1,01011000111111100001000100000000111101000010101110111100010011000011000000011001,01011100111111110001000100000000111101000010101110111100010011000011000000011001,2,0,1,0.006
1,01011000111111110000000100000000111101000010101110111100010011000011000000011001,01011100111111110001000100000000111101000010101110111100010011000011000000011001,2,0,1,0.006
1,01011000111111110001000000000000111101000010101110111100010011000011000000011001,01011100111111110001000100000000111101000010101110111100010011000011000000011001,2,0,1,0.007
1,01011000111111110001000100000000011101000010101110111100010011000011000000011001,01011100111111110001000100000000111101000010101110111100010011000011000000011001,2,0,1,0.007
1,01011000111111110001000100000000101101000010101110111100010011000011000000011001,01011100111111110001000100000000111101000010101110111100010011000011000000011001,2,0,1,0.006
1,01011000111111110001000100000000110101000010101110111100010011000011000000011001,01011100111111110001000100000000111101000010101110111100010011000011000000011001,2,0,1,0.006
1,01011000111111110001000100000000111001000010101110111100010011000011000000011001,01011100111111110001000100000000111101000010101110111100010011000011000000011001,2,0,1,0.006
1,01011000111111110001000100000000111100000010101110111100010011000011000000011001,01011100111111110001000100000000111101000010101110111100010011000011000000011001,2,0,1,0.006
1,01011000111111110001000100000000111101000000101110111100010011000011000000011001,01011100111111110001000100000000111101000010101110111100010011000011000000011001,2,0,1,0.006
1,01011000111111110001000100000000111101000010001110111100010011000011000000011001,01011100111111110001000100000000111101000010101110111100010011000011000000011001,2,0,1,0.006
1,01011000111111110001000100000000111101000010100110111100010011000011000000011001,01011100111111110001000100000000111101000010101110111100010011000011000000011001,2,0,1,0.006
1,01011000111111110001000100000000111101000010101010111100010011000011000000011001,01011100111111110001000100000000111101000010101110111100010011000011000000011001,2,0,1,0.007
1,01011000111111110001000100000000111101000010101100111100010011000011000000011001,01011100111111110001000100000000111101000010101110111100010011000011000000011001,2,0,1,0.006
1,01011000111111110001000100000000111101000010101110011100010011000011000000011001,01011100111111110001000100000000111101000010101110111100010011000011000000011001,2,0,1,0.006
1,01011000111111110001000100000000111101000010101110101100010011000011000000011001,01011100111111110001000100000000111101000010101110111100010011000011000000011001,2,0,1,0.006
1,01011000111111110001000100000000111101000010101110110100010011000011000000011001,01011100111111110001000100000000111101000010101110111100010011000011000000011001,2,0,1,0.006
1,01011000111111110001000100000000111101000010101110111000010011000011000000011001,01011100111111110001000100000000111101000010101110111100010011000011000000011001,2,0,1,0.006
1,01011000111111110001000100000000111101000010101110111100000011000011000000011001,01011100111111110001000100000000111101000010101110111100010011000011000000011001,2,0,1,0.006
1,01011000111111110001000100000000111101000010101110111100010001000011000000011001,01011100111111110001000100000000111101000010101110111100010011000011000000011001,2,0,1,0.006
1,01011000111111110001000100000000111101000010101110111100010010000011000000011001,01011100111111110001000100000000111101000010101110111100010011000011000000011001,2,0,1,0.006
1,01011000111111110001000100000000111101000010101110111100010011000001000000011001,01011100111111110001000100000000111101000010101110111100010011000011000000011001,2,0,1,0.006
1,01011000111111110001000100000000111101000010101110111100010011000010000000011001,01011100111111110001000100000000111101000010101110111100010011000011000000011001,2,0,1,0.006
1,01011000111111110001000100000000111101000010101110111100010011000011000000001001,01011100111111110001000100000000111101000010101110111100010011000011000000011001,2,0,1,0.006
1,01011000111111110001000100000000111101000010101110111100010011000011000000010001,01011100111111110001000100000000111101000010101110111100010011000011000000011001,2,0,1,0.006
1,01011000111111110001000100000000111101000010101110111100010011000011000000011000,01011100111111110001000100000000111101000010101110111100010011000011000000011001,2,0,1,0.006
1,01011100001111110001000100000000111101000010101110111100010011000011000000011001,01011100111111110001000100000000111101000010101110111100010011000011000000011001,2,0,1,0.006
1,01011100010111110001000100000000111101000010101110111100010011000011000000011001,01011100111111110001000100000000111101000010101110111100010011000011000000011001,2,0,1,0.006
1,01011100011011110001000100000000111101000010101110111100010011000011000000011001,01011100111111110001000100000000111101000010101110111100010011000011000000011001,2,0,1,0.006
1,01011100011101110001000100000000111101000010101110111100010011000011000000011001,01011100111111110001000100000000111101000010101110111100010011000011000000011001,2,0,1,0.006
1,01011100011110110001000100000000111101000010101110111100010011000011000000011001,01011100111111110001000100000000111101000010101110111100010011000011000000011001,2,0,1,0.006
1,01011100011111010001000100000000111101000010101110111100010011000011000000011001,01011100111111110001000100000000111101000010101110111100010011000011000000011001,2,0,1,0.006
1,01011100011111100001000100000000111101000010101110111100010011000011000000011001,01011100111111110001000100000000111101000010101110111100010011000011000000011001,2,0,1,0.006
1,01011100011111110000000100000000111101000010101110111100010011000011000000011001,01011100111111110001000100000000111101000010101110111100010011000011000000011001,2,0,1,0.006
1,01011100011111110001000000000000111101000010101110111100010011000011000000011001,01011100111111110001000100000000111101000010101110111100010011000011000000011001,2,0,1,0.006
1,01011100011111110001000100000000011101000010101110111100010011000011000000011001,01011100111111110001000100000000111101000010101110111100010011000011000000011001,2,0,1,0.006
1,01011100011111110001000100000000101101000010101110111100010011000011000000011001,01011100111111110001000100000000111101000010101110111100010011000011000000011001,2,0,1,0.006
1,01011100011111110001000100000000110101000010101110111100010011000011000000011001,01011100111111110001000100000000111101000010101110111100010011000011000000011001,2,0,1,0.007
1,01011100011111110001000100000000111001000010101110111100010011000011000000011001,01011100111111110001000100000000111101000010101110111100010011000011000000011001,2,0,1,0.006
1,01011100011111110001000100000000111100000010101110111100010011000011000000011001,01011100111111110001000100000000111101000010101110111100010011000011000000011001,2,0,1,0.006
1,01011100011111110001000100000000111101000000101110111100010011000011000000011001,01011100111111110001000100000000111101000010101110111100010011000011000000011001,2,0,1,0.007
1,01011100011111110001000100000000111101000010001110111100010011000011000000011001,01011100111111110001000100000000111101000010101110111100010011000011000000011001,2,0,1,0.006
1,01011100011111110001000100000000111101000010100110111100010011000011000000011001,01011100111111110001000100000000111101000010101110111100010011000011000000011001,2,0,1,0.006
1,01011100011111110001000100000000111101000010101010111100010011000011000000011001,01011100111111110001000100000000111101000010101110111100010011000011000000011001,2,0,1,0.006
1,01011100011111110001000100000000111101000010101100111100010011000011000000011001,01011100111111110001000100000000111101000010101110111100010011000011000000011001,2,0,1,0.006
1,01011100011111110001000100000000111101000010101110011100010011000011000000011001,01011100111111110001000100000000111101000010101110111100010011000011000000011001,2,0,1,0.006
1,01011100011111110001000100000000111101000010101110101100010011000011000000011001,01011100111111110001000100000000111101000010101110111100010011000011000000011001,2,0,1,0.006
1,01011100011111110001000100000000111101000010101110110100010011000011000000011001,01011100111111110001000100000000111101000010101110111100010011000011000000011001,2,0,1,0.007
1,01011100011111110001000100000000111101000010101110111000010011000011000000011001,01011100111111110001000100000000111101000010101110111100010011000011000000011001,2,0,1,0.006
1,01011100011111110001000100000000111101000010101110111100000011000011000000011001,01011100111111110001000100000000111101000010101110111100010011000011000000011001,2,0,1,0.006
1,01011100011111110001000100000000111101000010101110111100010001000011000000011001,01011100111111110001000100000000111101000010101110111100010011000011000000011001,2,0,1,0.006
1,01011100011111110001000100000000111101000010101110111100010010000011000000011001,01011100111111110001000100000000111101000010101110111100010011000011000000011001,2,0,1,0.006
1,01011100011111110001000100000000111101000010101110111100010011000001000000011001,01011100111111110001000100000000111101000010101110111100010011000011000000011001,2,0,1,0.006
1,01011100011111110001000100000000111101000010101110111100010011000010000000011001,01011100111111110001000100000000111101000010101110111100010011000011000000011001,2,0,1,0.006
1,01011100011111110001000100000000111101000010101110111100010011000011000000001001,01011100111111110001000100000000111101000010101110111100010011000011000000011001,2,0,1,0.006
1,01011100011111110001000100000000111101000010101110111100010011000011000000010001,01011100111111110001000100000000111101000010101110111100010011000011000000011001,2,0,1,0.006
1,01011100011111110001000100000000111101000010101110111100010011000011000000011000,01011100111111110001000100000000111101000010101110111100010011000011000000011001,2,0,1,0.006
1,01011100100111110001000100000000111101000010101110111100010011000011000000011001,01011100111111110001000100000000111101000010101110111100010011000011000000011001,2,0,1,0.006
1,01011100101011110001000100000000111101000010101110111100010011000011000000011001,01011100111111110001000100000000111101000010101110111100010011000011000000011001,2,0,1,0.006
1,01011100101101110001000100000000111101000010101110111100010011000011000000011001,01011100111111110001000100000000111101000010101110111100010011000011000000011001,2,0,1,0.006
1,01011100101110110001000100000000111101000010101110111100010011000011000000011001,01011100111111110001000100000000111101000010101110111100010011000011000000011001,2,0,1,0.006
1,01011100101111010001000100000000111101000010101110111100010011000011000000011001,01011100111111110001000100000000111101000010101110111100010011000011000000011001,2,0,1,0.006
1,01011100101111100001000100000000111101000010101110111100010011000011000000011001,01011100111111110001000100000000111101000010101110111100010011000011000000011001,2,0,1,0.006
1,01011100101111110000000100000000111101000010101110111100010011000011000000011001,01011100111111110001000100000000111101000010101110111100010011000011000000011001,2,0,1,0.006
1,01011100101111110001000000000000111101000010101110111100010011000011000000011001,01011100111111110001000100000000111101000010101110111100010011000011000000011001,2,0,1,0.006
1,01011100101111110001000100000000011101000010101110111100010011000011000000011001,01011100111111110001000100000000111101000010101110111100010011000011000000011001,2,0,1,0.006
1,01011100101111110001000100000000101101000010101110111100010011000011000000011001,01011100111111110001000100000000111101000010101110111100010011000011000000011001,2,0,1,0.006
1,01011100101111110001000100000000110101000010101110111100010011000011000000011001,01011100111111110001000100000000111101000010101110111100010011000011000000011001,2,0,1,0.006
1,01011100101111110001000100000000111001000010101110111100010011000011000000011001,01011100111111110001000100000000111101000010101110111100010011000011000000011001,2,0,1,0.006
1,01011100101111110001000100000000111100000010101110111100010011000011000000011001,01011100111111110001000100000000111101000010101110111100010011000011000000011001,2,0,1,0.006
1,01011100101111110001000100000000111101000000101110111100010011000011000000011001,01011100111111110001000100000000111101000010101110111100010011000011000000011001,2,0,1,0.006
1,01011100101111110001000100000000111101000010001110111100010011000011000000011001,01011100111111110001000100000000111101000010101110111100010011000011000000011001,2,0,1,0.006
1,01011100101111110001000100000000111101000010100110111100010011000011000000011001,01011100111111110001000100000000111101000010101110111100010011000011000000011001,2,0,1,0.006
1,01011100101111110001000100000000111101000010101010111100010011000011000000011001,01011100111111110001000100000000111101000010101110111100010011000011000000011001,2,0,1,0.006
1,01011100101111110001000100000000111101000010101100111100010011000011000000011001,01011100111111110001000100000000111101000010101110111100010011000011000000011001,2,0,1,0.006
1,01011100101111110001000100000000111101000010101110011100010011000011000000011001,01011100111111110001000100000000111101000010101110111100010011000011000000011001,2,0,1,0.006
1,01011100101111110001000100000000111101000010101110101100010011000011000000011001,01011100111111110001000100000000111101000010101110111100010011000011000000011001,2,0,1,0.006
1,01011100101111110001000100000000111101000010101110110100010011000011000000011001,01011100111111110001000100000000111101000010101110111100010011000011000000011001,2,0,1,0.007
1,01011100101111110001000100000000111101000010101110111000010011000011000000011001,01011100111111110001000100000000111101000010101110111100010011000011000000011001,2,0,1,0.006
1,01011100101111110001000100000000111101000010101110111100000011000011000000011001,01011100111111110001000100000000111101000010101110111100010011000011000000011001,2,0,1,0.006
1,01011100101111110001000100000000111101000010101110111100010001000011000000011001,01011100111111110001000100000000111101000010101110111100010011000011000000011001,2,0,1,0.006
1,01011100101111110001000100000000111101000010101110111100010010000011000000011001,01011100111111110001000100000000111101000010101110111100010011000011000000011001,2,0,1,0.006
1,01011100101111110001000100000000111101000010101110111100010011000001000000011001,01011100111111110001000100000000111101000010101110111100010011000011000000011001,2,0,1,0.006
1,01011100101111110001000100000000111101000010101110111100010011000010000000011001,01011100111111110001000100000000111101000010101110111100010011000011000000011001,2,0,1,0.006
1,01011100101111110001000100000000111101000010101110111100010011000011000000001001,01011100111111110001000100000000111101000010101110111100010011000011000000011001,2,0,1,0.006
1,01011100101111110001000100000000111101000010101110111100010011000011000000010001,01011100111111110001000100000000111101000010101110111100010011000011000000011001,2,0,1,0.006
1,01011100101111110001000100000000111101000010101110111100010011000011000000011000,01011100111111110001000100000000111101000010101110111100010011000011000000011001,2,0,1,0.006
1,01011100110011110001000100000000111101000010101110111100010011000011000000011001,01011100111111110001000100000000111101000010101110111100010011000011000000011001,2,0,1,0.006
1,01011100110101110001000100000000111101000010101110111100010011000011000000011001,01011100111111110001000100000000111101000010101110111100010011000011000000011001,2,0,1,0.006
1,01011100110110110001000100000000111101000010101110111100010011000011000000011001,01011100111111110001000100000000111101000010101110111100010011000011000000011001,2,0,1,0.006
1,01011100110111010001000100000000111101000010101110111100010011000011000000011001,01011100111111110001000100000000111101000010101110111100010011000011000000011001,2,0,1,0.006
1,01011100110111100001000100000000111101000010101110111100010011000011000000011001,01011100111111110001000100000000111101000010101110111100010011000011000000011001,2,0,1,0.006
1,01011100110111110000000100000000111101000010101110111100010011000011000000011001,01011100111111110001000100000000111101000010101110111100010011000011000000011001,2,0,1,0.006
1,01011100110111110001000000000000111101000010101110111100010011000011000000011001,01011100111111110001000100000000111101000010101110111100010011000011000000011001,2,0,1,0.006
1,01011100110111110001000100000000011101000010101110111100010011000011000000011001,01011100111111110001000100000000111101000010101110111100010011000011000000011001,2,0,1,0.006
1,01011100110111110001000100000000101101000010101110111100010011000011000000011001,01011100111111110001000100000000111101000010101110111100010011000011000000011001,2,0,1,0.006
1,01011100110111110001000100000000110101000010101110111100010011000011000000011001,01011100111111110001000100000000111101000010101110111100010011000011000000011001,2,0,1,0.006
1,01011100110111110001000100000000111001000010101110111100010011000011000000011001,01011100111111110001000100000000111101000010101110111100010011000011000000011001,2,0,1,0.006
1,01011100110111110001000100000000111100000010101110111100010011000011000000011001,01011100111111110001000100000000111101000010101110111100010011000011000000011001,2,0,1,0.006
1,01011100110111110001000100000000111101000000101110111100010011000011000000011001,01011100111111110001000100000000111101000010101110111100010011000011000000011001,2,0,1,0.006
1,01011100110111110001000100000000111101000010001110111100010011000011000000011001,01011100111111110001000100000000111101000010101110111100010011000011000000011001,2,0,1,0.006
1,01011100110111110001000100000000111101000010100110111100010011000011000000011001,01011100111111110001000100000000111101000010101110111100010011000011000000011001,2,0,1,0.006
1,01011100110111110001000100000000111101000010101010111100010011000011000000011001,01011100111111110001000100000000111101000010101110111100010011000011000000011001,2,0,1,0.006
1,01011100110111110001000100000000111101000010101100111100010011000011000000011001,01011100111111110001000100000000111101000010101110111100010011000011000000011001,2,0,1,0.006
1,01011100110111110001000100000000111101000010101110011100010011000011000000011001,01011100111111110001000100000000111101000010101110111100010011000011000000011001,2,0,1,0.006
1,01011100110111110001000100000000111101000010101110101100010011000011000000011001,01011100111111110001000100000000111101000010101110111100010011000011000000011001,2,0,1,0.006
1,01011100110111110001000100000000111101000010101110110100010011000011000000011001,01011100111111110001000100000000111101000010101110111100010011000011000000011001,2,0,1,0.006
1,01011100110111110001000100000000111101000010101110111000010011000011000000011001,01011100111111110001000100000000111101000010101110111100010011000011000000011001,2,0,1,0.006
1,01011100110111110001000100000000111101000010101110111100000011000011000000011001,01011100111111110001000100000000111101000010101110111100010011000011000000011001,2,0,1,0.006
1,01011100110111110001000100000000111101000010101110111100010001000011000000011001,01011100111111110001000100000000111101000010101110111100010011000011000000011001,2,0,1,0.006
1,01011100110111110001000100000000111101000010101110111100010010000011000000011001,01011100111111110001000100000000111101000010101110111100010011000011000000011001,2,0,1,0.006
1,01011100110111110001000100000000111101000010101110111100010011000001000000011001,01011100111111110001000100000000111101000010101110111100010011000011000000011001,2,0,1,0.006
1,01011100110111110001000100000000111101000010101110111100010011000010000000011001,01011100111111110001000100000000111101000010101110111100010011000011000000011001,2,0,1,0.006
1,01011100110111110001000100000000111101000010101110111100010011000011000000001001,01011100111111110001000100000000111101000010101110111100010011000011000000011001,2,0,1,0.006
1,01011100110111110001000100000000111101000010101110111100010011000011000000010001,01011100111111110001000100000000111101000010101110111100010011000011000000011001,2,0,1,0.006
1,01011100110111110001000100000000111101000010101110111100010011000011000000011000,01011100111111110001000100000000111101000010101110111100010011000011000000011001,2,0,1,0.006
1,01011100111001110001000100000000111101000010101110111100010011000011000000011001,01011100111111110001000100000000111101000010101110111100010011000011000000011001,2,0,1,0.006
1,01011100111010110001000100000000111101000010101110111100010011000011000000011001,01011100111111110001000100000000111101000010101110111100010011000011000000011001,2,0,1,0.006
1,01011100111011010001000100000000111101000010101110111100010011000011000000011001,01011100111111110001000100000000111101000010101110111100010011000011000000011001,2,0,1,0.006
1,01011100111011100001000100000000111101000010101110111100010011000011000000011001,01011100111111110001000100000000111101000010101110111100010011000011000000011001,2,0,1,0.006
1,01011100111011110000000100000000111101000010101110111100010011000011000000011001,01011100111111110001000100000000111101000010101110111100010011000011000000011001,2,0,1,0.006
1,01011100111011110001000000000000111101000010101110111100010011000011000000011001,01011100111111110001000100000000111101000010101110111100010011000011000000011001,2,0,1,0.006
1,01011100111011110001000100000000011101000010101110111100010011000011000000011001,01011100111111110001000100000000111101000010101110111100010011000011000000011001,2,0,1,0.006
1,01011100111011110001000100000000101101000010101110111100010011000011000000011001,01011100111111110001000100000000111101000010101110111100010011000011000000011001,2,0,1,0.006
1,01011100111011110001000100000000110101000010101110111100010011000011000000011001,01011100111111110001000100000000111101000010101110111100010011000011000000011001,2,0,1,0.006
1,01011100111011110001000100000000111001000010101110111100010011000011000000011001,01011100111111110001000100000000111101000010101110111100010011000011000000011001,2,0,1,0.006
1,01011100111011110001000100000000111100000010101110111100010011000011000000011001,01011100111111110001000100000000111101000010101110111100010011000011000000011001,2,0,1,0.006
1,01011100111011110001000100000000111101000000101110111100010011000011000000011001,01011100111111110001000100000000111101000010101110111100010011000011000000011001,2,0,1,0.006
1,01011100111011110001000100000000111101000010001110111100010011000011000000011001,01011100111111110001000100000000111101000010101110111100010011000011000000011001,2,0,1,0.006
1,01011100111011110001000100000000111101000010100110111100010011000011000000011001,01011100111111110001000100000000111101000010101110111100010011000011000000011001,2,0,1,0.006
1,01011100111011110001000100000000111101000010101010111100010011000011000000011001,01011100111111110001000100000000111101000010101110111100010011000011000000011001,2,0,1,0.006
1,01011100111011110001000100000000111101000010101100111100010011000011000000011001,01011100111111110001000100000000111101000010101110111100010011000011000000011001,2,0,1,0.006
1,01011100111011110001000100000000111101000010101110011100010011000011000000011001,01011100111111110001000100000000111101000010101110111100010011000011000000011001,2,0,1,0.006
1,01011100111011110001000100000000111101000010101110101100010011000011000000011001,01011100111111110001000100000000111101000010101110111100010011000011000000011001,2,0,1,0.006
1,01011100111011110001000100000000111101000010101110110100010011000011000000011001,01011100111111110001000100000000111101000010101110111100010011000011000000011001,2,0,1,0.006
1,01011100111011110001000100000000111101000010101110111000010011000011000000011001,01011100111111110001000100000000111101000010101110111100010011000011000000011001,2,0,1,0.006
1,01011100111011110001000100000000111101000010101110111100000011000011000000011001,01011100111111110001000100000000111101000010101110111100010011000011000000011001,2,0,1,0.006
1,01011100111011110001000100000000111101000010101110111100010001000011000000011001,01011100111111110001000100000000111101000010101110111100010011000011000000011001,2,0,1,0.006
1,01011100111011110001000100000000111101000010101110111100010010000011000000011001,01011100111111110001000100000000111101000010101110111100010011000011000000011001,2,0,1,0.006
1,01011100111011110001000100000000111101000010101110111100010011000001000000011001,01011100111111110001000100000000111101000010101110111100010011000011000000011001,2,0,1,0.006
1,01011100111011110001000100000000111101000010101110111100010011000010000000011001,01011100111111110001000100000000111101000010101110111100010011000011000000011001,2,0,1,0.006
1,01011100111011110001000100000000111101000010101110111100010011000011000000001001,01011100111111110001000100000000111101000010101110111100010011000011000000011001,2,0,1,0.006
1,01011100111011110001000100000000111101000010101110111100010011000011000000010001,01011100111111110001000100000000111101000010101110111100010011000011000000011001,2,0,1,0.006
1,01011100111011110001000100000000111101000010101110111100010011000011000000011000,01011100111111110001000100000000111101000010101110111100010011000011000000011001,2,0,1,0.006
1,01011100111100110001000100000000111101000010101110111100010011000011000000011001,01011100111111110001000100000000111101000010101110111100010011000011000000011001,2,0,1,0.006
1,01011100111101010001000100000000111101000010101110111100010011000011000000011001,01011100111111110001000100000000111101000010101110111100010011000011000000011001,2,0,1,0.006
1,01011100111101100001000100000000111101000010101110111100010011000011000000011001,01011100111111110001000100000000111101000010101110111100010011000011000000011001,2,0,1,0.006
1,01011100111101110000000100000000111101000010101110111100010011000011000000011001,01011100111111110001000100000000111101000010101110111100010011000011000000011001,2,0,1,0.006
1,01011100111101110001000000000000111101000010101110111100010011000011000000011001,01011100111111110001000100000000111101000010101110111100010011000011000000011001,2,0,1,0.006
1,01011100111101110001000100000000011101000010101110111100010011000011000000011001,01011100111111110001000100000000111101000010101110111100010011000011000000011001,2,0,1,0.006
1,01011100111101110001000100000000101101000010101110111100010011000011000000011001,01011100111111110001000100000000111101000010101110111100010011000011000000011001,2,0,1,0.006
1,01011100111101110001000100000000110101000010101110111100010011000011000000011001,01011100111111110001000100000000111101000010101110111100010011000011000000011001,2,0,1,0.006
1,01011100111101110001000100000000111001000010101110111100010011000011000000011001,01011100111111110001000100000000111101000010101110111100010011000011000000011001,2,0,1,0.006
1,01011100111101110001000100000000111100000010101110111100010011000011000000011001,01011100111111110001000100000000111101000010101110111100010011000011000000011001,2,0,1,0.006
1,01011100111101110001000100000000111101000000101110111100010011000011000000011001,01011100111111110001000100000000111101000010101110111100010011000011000000011001,2,0,1,0.006
1,01011100111101110001000100000000111101000010001110111100010011000011000000011001,01011100111111110001000100000000111101000010101110111100010011000011000000011001,2,0,1,0.006
1,01011100111101110001000100000000111101000010100110111100010011000011000000011001,01011100111111110001000100000000111101000010101110111100010011000011000000011001,2,0,1,0.007
1,01011100111101110001000100000000111101000010101010111100010011000011000000011001,01011100111111110001000100000000111101000010101110111100010011000011000000011001,2,0,1,0.006
1,01011100111101110001000100000000111101000010101100111100010011000011000000011001,01011100111111110001000100000000111101000010101110111100010011000011000000011001,2,0,1,0.006
1,01011100111101110001000100000000111101000010101110011100010011000011000000011001,01011100111111110001000100000000111101000010101110111100010011000011000000011001,2,0,1,0.006
1,01011100111101110001000100000000111101000010101110101100010011000011000000011001,01011100111111110001000100000000111101000010101110111100010011000011000000011001,2,0,1,0.006
1,01011100111101110001000100000000111101000010101110110100010011000011000000011001,01011100111111110001000100000000111101000010101110111100010011000011000000011001,2,0,1,0.006
1,01011100111101110001000100000000111101000010101110111000010011000011000000011001,01011100111111110001000100000000111101000010101110111100010011000011000000011001,2,0,1,0.006
1,01011100111101110001000100000000111101000010101110111100000011000011000000011001,01011100111111110001000100000000111101000010101110111100010011000011000000011001,2,0,1,0.006
1,01011100111101110001000100000000111101000010101110111100010001000011000000011001,01011100111111110001000100000000111101000010101110111100010011000011000000011001,2,0,1,0.006
1,01011100111101110001000100000000111101000010101110111100010010000011000000011001,01011100111111110001000100000000111101000010101110111100010011000011000000011001,2,0,1,0.006
1,01011100111101110001000100000000111101000010101110111100010011000001000000011001,01011100111111110001000100000000111101000010101110111100010011000011000000011001,2,0,1,0.006
1,01011100111101110001000100000000111101000010101110111100010011000010000000011001,01011100111111110001000100000000111101000010101110111100010011000011000000011001,2,0,1,0.006
1,01011100111101110001000100000000111101000010101110111100010011000011000000001001,01011100111111110001000100000000111101000010101110111100010011000011000000011001,2,0,1,0.006
1,01011100111101110001000100000000111101000010101110111100010011000011000000010001,01011100111111110001000100000000111101000010101110111100010011000011000000011001,2,0,1,0.006
1,01011100111101110001000100000000111101000010101110111100010011000011000000011000,01011100111111110001000100000000111101000010101110111100010011000011000000011001,2,0,1,0.006
1,01011100111110010001000100000000111101000010101110111100010011000011000000011001,01011100111111110001000100000000111101000010101110111100010011000011000000011001,2,0,1,0.006
1,01011100111110100001000100000000111101000010101110111100010011000011000000011001,01011100111111110001000100000000111101000010101110111100010011000011000000011001,2,0,1,0.006
1,01011100111110110000000100000000111101000010101110111100010011000011000000011001,01011100111111110001000100000000111101000010101110111100010011000011000000011001,2,0,1,0.006
1,01011100111110110001000000000000111101000010101110111100010011000011000000011001,01011100111111110001000100000000111101000010101110111100010011000011000000011001,2,0,1,0.006
1,01011100111110110001000100000000011101000010101110111100010011000011000000011001,01011100111111110001000100000000111101000010101110111100010011000011000000011001,2,0,1,0.006
1,01011100111110110001000100000000101101000010101110111100010011000011000000011001,01011100111111110001000100000000111101000010101110111100010011000011000000011001,2,0,1,0.006
1,01011100111110110001000100000000110101000010101110111100010011000011000000011001,01011100111111110001000100000000111101000010101110111100010011000011000000011001,2,0,1,0.006
1,01011100111110110001000100000000111001000010101110111100010011000011000000011001,01011100111111110001000100000000111101000010101110111100010011000011000000011001,2,0,1,0.006
1,01011100111110110001000100000000111100000010101110111100010011000011000000011001,01011100111111110001000100000000111101000010101110111100010011000011000000011001,2,0,1,0.006
1,01011100111110110001000100000000111101000000101110111100010011000011000000011001,01011100111111110001000100000000111101000010101110111100010011000011000000011001,2,0,1,0.006
1,01011100111110110001000100000000111101000010001110111100010011000011000000011001,01011100111111110001000100000000111101000010101110111100010011000011000000011001,2,0,1,0.006
1,01011100111110110001000100000000111101000010100110111100010011000011000000011001,01011100111111110001000100000000111101000010101110111100010011000011000000011001,2,0,1,0.006
1,01011100111110110001000100000000111101000010101010111100010011000011000000011001,01011100111111110001000100000000111101000010101110111100010011000011000000011001,2,0,1,0.006
1,01011100111110110001000100000000111101000010101100111100010011000011000000011001,01011100111111110001000100000000111101000010101110111100010011000011000000011001,2,0,1,0.006
1,01011100111110110001000100000000111101000010101110011100010011000011000000011001,01011100111111110001000100000000111101000010101110111100010011000011000000011001,2,0,1,0.006
1,01011100111110110001000100000000111101000010101110101100010011000011000000011001,01011100111111110001000100000000111101000010101110111100010011000011000000011001,2,0,1,0.006
1,01011100111110110001000100000000111101000010101110110100010011000011000000011001,01011100111111110001000100000000111101000010101110111100010011000011000000011001,2,0,1,0.006
1,01011100111110110001000100000000111101000010101110111000010011000011000000011001,01011100111111110001000100000000111101000010101110111100010011000011000000011001,2,0,1,0.006
1,01011100111110110001000100000000111101000010101110111100000011000011000000011001,01011100111111110001000100000000111101000010101110111100010011000011000000011001,2,0,1,0.006
1,01011100111110110001000100000000111101000010101110111100010001000011000000011001,01011100111111110001000100000000111101000010101110111100010011000011000000011001,2,0,1,0.006
1,01011100111110110001000100000000111101000010101110111100010010000011000000011001,01011100111111110001000100000000111101000010101110111100010011000011000000011001,2,0,1,0.006
1,01011100111110110001000100000000111101000010101110111100010011000001000000011001,01011100111111110001000100000000111101000010101110111100010011000011000000011001,2,0,1,0.006
1,01011100111110110001000100000000111101000010101110111100010011000010000000011001,01011100111111110001000100000000111101000010101110111100010011000011000000011001,2,0,1,0.006
1,01011100111110110001000100000000111101000010101110111100010011000011000000001001,01011100111111110001000100000000111101000010101110111100010011000011000000011001,2,0,1,0.006
1,01011100111110110001000100000000111101000010101110111100010011000011000000010001,01011100111111110001000100000000111101000010101110111100010011000011000000011001,2,0,1,0.006
1,01011100111110110001000100000000111101000010101110111100010011000011000000011000,01011100111111110001000100000000111101000010101110111100010011000011000000011001,2,0,1,0.006
1,01011100111111000001000100000000111101000010101110111100010011000011000000011001,01011100111111110001000100000000111101000010101110111100010011000011000000011001,2,0,1,0.006
1,01011100111111010000000100000000111101000010101110111100010011000011000000011001,01011100111111110001000100000000111101000010101110111100010011000011000000011001,2,0,1,0.006
1,01011100111111010001000000000000111101000010101110111100010011000011000000011001,01011100111111110001000100000000111101000010101110111100010011000011000000011001,2,0,1,0.006
1,01011100111111010001000100000000011101000010101110111100010011000011000000011001,01011100111111110001000100000000111101000010101110111100010011000011000000011001,2,0,1,0.006
1,01011100111111010001000100000000101101000010101110111100010011000011000000011001,01011100111111110001000100000000111101000010101110111100010011000011000000011001,2,0,1,0.006
1,01011100111111010001000100000000110101000010101110111100010011000011000000011001,01011100111111110001000100000000111101000010101110111100010011000011000000011001,2,0,1,0.006
1,01011100111111010001000100000000111001000010101110111100010011000011000000011001,01011100111111110001000100000000111101000010101110111100010011000011000000011001,2,0,1,0.006
1,01011100111111010001000100000000111100000010101110111100010011000011000000011001,01011100111111110001000100000000111101000010101110111100010011000011000000011001,2,0,1,0.006
1,01011100111111010001000100000000111101000000101110111100010011000011000000011001,01011100111111110001000100000000111101000010101110111100010011000011000000011001,2,0,1,0.006
1,01011100111111010001000100000000111101000010001110111100010011000011000000011001,01011100111111110001000100000000111101000010101110111100010011000011000000011001,2,0,1,0.006
1,01011100111111010001000100000000111101000010100110111100010011000011000000011001,01011100111111110001000100000000111101000010101110111100010011000011000000011001,2,0,1,0.006
1,01011100111111010001000100000000111101000010101010111100010011000011000000011001,01011100111111110001000100000000111101000010101110111100010011000011000000011001,2,0,1,0.006
1,01011100111111010001000100000000111101000010101100111100010011000011000000011001,01011100111111110001000100000000111101000010101110111100010011000011000000011001,2,0,1,0.006
1,01011100111111010001000100000000111101000010101110011100010011000011000000011001,01011100111111110001000100000000111101000010101110111100010011000011000000011001,2,0,1,0.006
1,01011100111111010001000100000000111101000010101110101100010011000011000000011001,01011100111111110001000100000000111101000010101110111100010011000011000000011001,2,0,1,0.006
1,01011100111111010001000100000000111101000010101110110100010011000011000000011001,01011100111111110001000100000000111101000010101110111100010011000011000000011001,2,0,1,0.006
1,01011100111111010001000100000000111101000010101110111000010011000011000000011001,01011100111111110001000100000000111101000010101110111100010011000011000000011001,2,0,1,0.006
1,01011100111111010001000100000000111101000010101110111100000011000011000000011001,01011100111111110001000100000000111101000010101110111100010011000011000000011001,2,0,1,0.006
1,01011100111111010001000100000000111101000010101110111100010001000011000000011001,01011100111111110001000100000000111101000010101110111100010011000011000000011001,2,0,1,0.006
1,01011100111111010001000100000000111101000010101110111100010010000011000000011001,01011100111111110001000100000000111101000010101110111100010011000011000000011001,2,0,1,0.006
1,01011100111111010001000100000000111101000010101110111100010011000001000000011001,01011100111111110001000100000000111101000010101110111100010011000011000000011001,2,0,1,0.006
1,01011100111111010001000100000000111101000010101110111100010011000010000000011001,01011100111111110001000100000000111101000010101110111100010011000011000000011001,2,0,1,0.006
1,01011100111111010001000100000000111101000010101110111100010011000011000000001001,01011100111111110001000100000000111101000010101110111100010011000011000000011001,2,0,1,0.006
1,01011100111111010001000100000000111101000010101110111100010011000011000000010001,01011100111111110001000100000000111101000010101110111100010011000011000000011001,2,0,1,0.006
1,01011100111111010001000100000000111101000010101110111100010011000011000000011000,01011100111111110001000100000000111101000010101110111100010011000011000000011001,2,0,1,0.006
1,01011100111111100000000100000000111101000010101110111100010011000011000000011001,01011100111111110001000100000000111101000010101110111100010011000011000000011001,2,0,1,0.006
1,01011100111111100001000000000000111101000010101110111100010011000011000000011001,01011100111111110001000100000000111101000010101110111100010011000011000000011001,2,0,1,0.006
1,01011100111111100001000100000000011101000010101110111100010011000011000000011001,01011100111111110001000100000000111101000010101110111100010011000011000000011001,2,0,1,0.006
1,01011100111111100001000100000000101101000010101110111100010011000011000000011001,01011100111111110001000100000000111101000010101110111100010011000011000000011001,2,0,1,0.006
1,01011100111111100001000100000000110101000010101110111100010011000011000000011001,01011100111111110001000100000000111101000010101110111100010011000011000000011001,2,0,1,0.006
1,01011100111111100001000100000000111001000010101110111100010011000011000000011001,01011100111111110001000100000000111101000010101110111100010011000011000000011001,2,0,1,0.006
1,01011100111111100001000100000000111100000010101110111100010011000011000000011001,01011100111111110001000100000000111101000010101110111100010011000011000000011001,2,0,1,0.006
1,01011100111111100001000100000000111101000000101110111100010011000011000000011001,01011100111111110001000100000000111101000010101110111100010011000011000000011001,2,0,1,0.006
1,01011100111111100001000100000000111101000010001110111100010011000011000000011001,01011100111111110001000100000000111101000010101110111100010011000011000000011001,2,0,1,0.006
1,01011100111111100001000100000000111101000010100110111100010011000011000000011001,01011100111111110001000100000000111101000010101110111100010011000011000000011001,2,0,1,0.006
1,01011100111111100001000100000000111101000010101010111100010011000011000000011001,01011100111111110001000100000000111101000010101110111100010011000011000000011001,2,0,1,0.006
1,01011100111111100001000100000000111101000010101100111100010011000011000000011001,01011100111111110001000100000000111101000010101110111100010011000011000000011001,2,0,1,0.006
1,01011100111111100001000100000000111101000010101110011100010011000011000000011001,01011100111111110001000100000000111101000010101110111100010011000011000000011001,2,0,1,0.006
1,01011100111111100001000100000000111101000010101110101100010011000011000000011001,01011100111111110001000100000000111101000010101110111100010011000011000000011001,2,0,1,0.006
1,01011100111111100001000100000000111101000010101110110100010011000011000000011001,01011100111111110001000100000000111101000010101110111100010011000011000000011001,2,0,1,0.006
1,01011100111111100001000100000000111101000010101110111000010011000011000000011001,01011100111111110001000100000000111101000010101110111100010011000011000000011001,2,0,1,0.006
1,01011100111111100001000100000000111101000010101110111100000011000011000000011001,01011100111111110001000100000000111101000010101110111100010011000011000000011001,2,0,1,0.006
1,01011100111111100001000100000000111101000010101110111100010001000011000000011001,01011100111111110001000100000000111101000010101110111100010011000011000000011001,2,0,1,0.006
1,01011100111111100001000100000000111101000010101110111100010010000011000000011001,01011100111111110001000100000000111101000010101110111100010011000011000000011001,2,0,1,0.006
1,01011100111111100001000100000000111101000010101110111100010011000001000000011001,01011100111111110001000100000000111101000010101110111100010011000011000000011001,2,0,1,0.006
1,01011100111111100001000100000000111101000010101110111100010011000010000000011001,01011100111111110001000100000000111101000010101110111100010011000011000000011001,2,0,1,0.006
1,01011100111111100001000100000000111101000010101110111100010011000011000000001001,01011100111111110001000100000000111101000010101110111100010011000011000000011001,2,0,1,0.006
1,01011100111111100001000100000000111101000010101110111100010011000011000000010001,01011100111111110001000100000000111101000010101110111100010011000011000000011001,2,0,1,0.006
1,01011100111111100001000100000000111101000010101110111100010011000011000000011000,01011100111111110001000100000000111101000010101110111100010011000011000000011001,2,0,1,0.006
1,01011100111111110000000000000000111101000010101110111100010011000011000000011001,01011100111111110001000100000000111101000010101110111100010011000011000000011001,2,0,1,0.006
1,01011100111111110000000100000000011101000010101110111100010011000011000000011001,01011100111111110001000100000000111101000010101110111100010011000011000000011001,2,0,1,0.006
1,01011100111111110000000100000000101101000010101110111100010011000011000000011001,01011100111111110001000100000000111101000010101110111100010011000011000000011001,2,0,1,0.006
1,01011100111111110000000100000000110101000010101110111100010011000011000000011001,01011100111111110001000100000000111101000010101110111100010011000011000000011001,2,0,1,0.006
1,01011100111111110000000100000000111001000010101110111100010011000011000000011001,01011100111111110001000100000000111101000010101110111100010011000011000000011001,2,0,1,0.006
1,01011100111111110000000100000000111100000010101110111100010011000011000000011001,01011100111111110001000100000000111101000010101110111100010011000011000000011001,2,0,1,0.006
1,01011100111111110000000100000000111101000000101110111100010011000011000000011001,01011100111111110001000100000000111101000010101110111100010011000011000000011001,2,0,1,0.006
1,01011100111111110000000100000000111101000010001110111100010011000011000000011001,01011100111111110001000100000000111101000010101110111100010011000011000000011001,2,0,1,0.006
1,01011100111111110000000100000000111101000010100110111100010011000011000000011001,01011100111111110001000100000000111101000010101110111100010011000011000000011001,2,0,1,0.006
1,01011100111111110000000100000000111101000010101010111100010011000011000000011001,01011100111111110001000100000000111101000010101110111100010011000011000000011001,2,0,1,0.006
1,01011100111111110000000100000000111101000010101100111100010011000011000000011001,01011100111111110001000100000000111101000010101110111100010011000011000000011001,2,0,1,0.006
1,01011100111111110000000100000000111101000010101110011100010011000011000000011001,01011100111111110001000100000000111101000010101110111100010011000011000000011001,2,0,1,0.006
1,01011100111111110000000100000000111101000010101110101100010011000011000000011001,01011100111111110001000100000000111101000010101110111100010011000011000000011001,2,0,1,0.006
1,01011100111111110000000100000000111101000010101110110100010011000011000000011001,01011100111111110001000100000000111101000010101110111100010011000011000000011001,2,0,1,0.006
1,01011100111111110000000100000000111101000010101110111000010011000011000000011001,01011100111111110001000100000000111101000010101110111100010011000011000000011001,2,0,1,0.006
1,01011100111111110000000100000000111101000010101110111100000011000011000000011001,01011100111111110001000100000000111101000010101110111100010011000011000000011001,2,0,1,0.006
1,01011100111111110000000100000000111101000010101110111100010001000011000000011001,01011100111111110001000100000000111101000010101110111100010011000011000000011001,2,0,1,0.006
1,01011100111111110000000100000000111101000010101110111100010010000011000000011001,01011100111111110001000100000000111101000010101110111100010011000011000000011001,2,0,1,0.006
1,01011100111111110000000100000000111101000010101110111100010011000001000000011001,01011100111111110001000100000000111101000010101110111100010011000011000000011001,2,0,1,0.006
1,01011100111111110000000100000000111101000010101110111100010011000010000000011001,01011100111111110001000100000000111101000010101110111100010011000011000000011001,2,0,1,0.006
1,01011100111111110000000100000000111101000010101110111100010011000011000000001001,01011100111111110001000100000000111101000010101110111100010011000011000000011001,2,0,1,0.006
1,01011100111111110000000100000000111101000010101110111100010011000011000000010001,01011100111111110001000100000000111101000010101110111100010011000011000000011001,2,0,1,0.006
1,01011100111111110000000100000000111101000010101110111100010011000011000000011000,01011100111111110001000100000000111101000010101110111100010011000011000000011001,2,0,1,0.006
1,01011100111111110001000000000000011101000010101110111100010011000011000000011001,01011100111111110001000100000000111101000010101110111100010011000011000000011001,2,0,1,0.006
1,01011100111111110001000000000000101101000010101110111100010011000011000000011001,01011100111111110001000100000000111101000010101110111100010011000011000000011001,2,0,1,0.006
1,01011100111111110001000000000000110101000010101110111100010011000011000000011001,01011100111111110001000100000000111101000010101110111100010011000011000000011001,2,0,1,0.006
1,01011100111111110001000000000000111001000010101110111100010011000011000000011001,01011100111111110001000100000000111101000010101110111100010011000011000000011001,2,0,1,0.007
1,01011100111111110001000000000000111100000010101110111100010011000011000000011001,01011100111111110001000100000000111101000010101110111100010011000011000000011001,2,0,1,0.006
1,01011100111111110001000000000000111101000000101110111100010011000011000000011001,01011100111111110001000100000000111101000010101110111100010011000011000000011001,2,0,1,0.006
1,01011100111111110001000000000000111101000010001110111100010011000011000000011001,01011100111111110001000100000000111101000010101110111100010011000011000000011001,2,0,1,0.006
1,01011100111111110001000000000000111101000010100110111100010011000011000000011001,01011100111111110001000100000000111101000010101110111100010011000011000000011001,2,0,1,0.006
1,01011100111111110001000000000000111101000010101010111100010011000011000000011001,01011100111111110001000100000000111101000010101110111100010011000011000000011001,2,0,1,0.006
1,01011100111111110001000000000000111101000010101100111100010011000011000000011001,01011100111111110001000100000000111101000010101110111100010011000011000000011001,2,0,1,0.006
1,01011100111111110001000000000000111101000010101110011100010011000011000000011001,01011100111111110001000100000000111101000010101110111100010011000011000000011001,2,0,1,0.006
1,01011100111111110001000000000000111101000010101110101100010011000011000000011001,01011100111111110001000100000000111101000010101110111100010011000011000000011001,2,0,1,0.007
1,01011100111111110001000000000000111101000010101110110100010011000011000000011001,01011100111111110001000100000000111101000010101110111100010011000011000000011001,2,0,1,0.006
1,01011100111111110001000000000000111101000010101110111000010011000011000000011001,01011100111111110001000100000000111101000010101110111100010011000011000000011001,2,0,1,0.007
1,01011100111111110001000000000000111101000010101110111100000011000011000000011001,01011100111111110001000100000000111101000010101110111100010011000011000000011001,2,0,1,0.006
1,01011100111111110001000000000000111101000010101110111100010001000011000000011001,01011100111111110001000100000000111101000010101110111100010011000011000000011001,2,0,1,0.006
1,01011100111111110001000000000000111101000010101110111100010010000011000000011001,01011100111111110001000100000000111101000010101110111100010011000011000000011001,2,0,1,0.006
1,01011100111111110001000000000000111101000010101110111100010011000001000000011001,01011100111111110001000100000000111101000010101110111100010011000011000000011001,2,0,1,0.006
1,01011100111111110001000000000000111101000010101110111100010011000010000000011001,01011100111111110001000100000000111101000010101110111100010011000011000000011001,2,0,1,0.006
1,01011100111111110001000000000000111101000010101110111100010011000011000000001001,01011100111111110001000100000000111101000010101110111100010011000011000000011001,2,0,1,0.007
1,01011100111111110001000000000000111101000010101110111100010011000011000000010001,01011100111111110001000100000000111101000010101110111100010011000011000000011001,2,0,1,0.006
1,01011100111111110001000000000000111101000010101110111100010011000011000000011000,01011100111111110001000100000000111101000010101110111100010011000011000000011001,2,0,1,0.006
1,01011100111111110001000100000000001101000010101110111100010011000011000000011001,01011100111111110001000100000000111101000010101110111100010011000011000000011001,2,0,1,0.006
1,01011100111111110001000100000000010101000010101110111100010011000011000000011001,01011100111111110001000100000000111101000010101110111100010011000011000000011001,2,0,1,0.006
1,01011100111111110001000100000000011001000010101110111100010011000011000000011001,01011100111111110001000100000000111101000010101110111100010011000011000000011001,2,0,1,0.006
1,01011100111111110001000100000000011100000010101110111100010011000011000000011001,01011100111111110001000100000000111101000010101110111100010011000011000000011001,2,0,1,0.007
1,01011100111111110001000100000000011101000000101110111100010011000011000000011001,01011100111111110001000100000000111101000010101110111100010011000011000000011001,2,0,1,0.006
1,01011100111111110001000100000000011101000010001110111100010011000011000000011001,01011100111111110001000100000000111101000010101110111100010011000011000000011001,2,0,1,0.006
1,01011100111111110001000100000000011101000010100110111100010011000011000000011001,01011100111111110001000100000000111101000010101110111100010011000011000000011001,2,0,1,0.007
1,01011100111111110001000100000000011101000010101010111100010011000011000000011001,01011100111111110001000100000000111101000010101110111100010011000011000000011001,2,0,1,0.006
1,01011100111111110001000100000000011101000010101100111100010011000011000000011001,01011100111111110001000100000000111101000010101110111100010011000011000000011001,2,0,1,0.006
1,01011100111111110001000100000000011101000010101110011100010011000011000000011001,01011100111111110001000100000000111101000010101110111100010011000011000000011001,2,0,1,0.007
1,01011100111111110001000100000000011101000010101110101100010011000011000000011001,01011100111111110001000100000000111101000010101110111100010011000011000000011001,2,0,1,0.006
1,01011100111111110001000100000000011101000010101110110100010011000011000000011001,01011100111111110001000100000000111101000010101110111100010011000011000000011001,2,0,1,0.006
1,01011100111111110001000100000000011101000010101110111000010011000011000000011001,01011100111111110001000100000000111101000010101110111100010011000011000000011001,2,0,1,0.006
1,01011100111111110001000100000000011101000010101110111100000011000011000000011001,01011100111111110001000100000000111101000010101110111100010011000011000000011001,2,0,1,0.007
1,01011100111111110001000100000000011101000010101110111100010001000011000000011001,01011100111111110001000100000000111101000010101110111100010011000011000000011001,2,0,1,0.006
1,01011100111111110001000100000000011101000010101110111100010010000011000000011001,01011100111111110001000100000000111101000010101110111100010011000011000000011001,2,0,1,0.006
1,01011100111111110001000100000000011101000010101110111100010011000001000000011001,01011100111111110001000100000000111101000010101110111100010011000011000000011001,2,0,1,0.006
1,01011100111111110001000100000000011101000010101110111100010011000010000000011001,01011100111111110001000100000000111101000010101110111100010011000011000000011001,2,0,1,0.006
1,01011100111111110001000100000000011101000010101110111100010011000011000000001001,01011100111111110001000100000000111101000010101110111100010011000011000000011001,2,0,1,0.006
1,01011100111111110001000100000000011101000010101110111100010011000011000000010001,01011100111111110001000100000000111101000010101110111100010011000011000000011001,2,0,1,0.006
1,01011100111111110001000100000000011101000010101110111100010011000011000000011000,01011100111111110001000100000000111101000010101110111100010011000011000000011001,2,0,1,0.007
1,01011100111111110001000100000000100101000010101110111100010011000011000000011001,01011100111111110001000100000000111101000010101110111100010011000011000000011001,2,0,1,0.006
1,01011100111111110001000100000000101001000010101110111100010011000011000000011001,01011100111111110001000100000000111101000010101110111100010011000011000000011001,2,0,1,0.006
1,01011100111111110001000100000000101100000010101110111100010011000011000000011001,01011100111111110001000100000000111101000010101110111100010011000011000000011001,2,0,1,0.006
1,01011100111111110001000100000000101101000000101110111100010011000011000000011001,01011100111111110001000100000000111101000010101110111100010011000011000000011001,2,0,1,0.006
1,01011100111111110001000100000000101101000010001110111100010011000011000000011001,01011100111111110001000100000000111101000010101110111100010011000011000000011001,2,0,1,0.006
1,01011100111111110001000100000000101101000010100110111100010011000011000000011001,01011100111111110001000100000000111101000010101110111100010011000011000000011001,2,0,1,0.006
1,01011100111111110001000100000000101101000010101010111100010011000011000000011001,01011100111111110001000100000000111101000010101110111100010011000011000000011001,2,0,1,0.006
1,01011100111111110001000100000000101101000010101100111100010011000011000000011001,01011100111111110001000100000000111101000010101110111100010011000011000000011001,2,0,1,0.006
1,01011100111111110001000100000000101101000010101110011100010011000011000000011001,01011100111111110001000100000000111101000010101110111100010011000011000000011001,2,0,1,0.006
1,01011100111111110001000100000000101101000010101110101100010011000011000000011001,01011100111111110001000100000000111101000010101110111100010011000011000000011001,2,0,1,0.006
1,01011100111111110001000100000000101101000010101110110100010011000011000000011001,01011100111111110001000100000000111101000010101110111100010011000011000000011001,2,0,1,0.006
1,01011100111111110001000100000000101101000010101110111000010011000011000000011001,01011100111111110001000100000000111101000010101110111100010011000011000000011001,2,0,1,0.006
1,01011100111111110001000100000000101101000010101110111100000011000011000000011001,01011100111111110001000100000000111101000010101110111100010011000011000000011001,2,0,1,0.006
1,01011100111111110001000100000000101101000010101110111100010001000011000000011001,01011100111111110001000100000000111101000010101110111100010011000011000000011001,2,0,1,0.006
1,01011100111111110001000100000000101101000010101110111100010010000011000000011001,01011100111111110001000100000000111101000010101110111100010011000011000000011001,2,0,1,0.006
1,01011100111111110001000100000000101101000010101110111100010011000001000000011001,01011100111111110001000100000000111101000010101110111100010011000011000000011001,2,0,1,0.006
1,01011100111111110001000100000000101101000010101110111100010011000010000000011001,01011100111111110001000100000000111101000010101110111100010011000011000000011001,2,0,1,0.006
1,01011100111111110001000100000000101101000010101110111100010011000011000000001001,01011100111111110001000100000000111101000010101110111100010011000011000000011001,2,0,1,0.007
1,01011100111111110001000100000000101101000010101110111100010011000011000000010001,01011100111111110001000100000000111101000010101110111100010011000011000000011001,2,0,1,0.006
1,01011100111111110001000100000000101101000010101110111100010011000011000000011000,01011100111111110001000100000000111101000010101110111100010011000011000000011001,2,0,1,0.006
1,01011100111111110001000100000000110001000010101110111100010011000011000000011001,01011100111111110001000100000000111101000010101110111100010011000011000000011001,2,0,1,0.006
1,01011100111111110001000100000000110100000010101110111100010011000011000000011001,01011100111111110001000100000000111101000010101110111100010011000011000000011001,2,0,1,0.006
1,01011100111111110001000100000000110101000000101110111100010011000011000000011001,01011100111111110001000100000000111101000010101110111100010011000011000000011001,2,0,1,0.006
1,01011100111111110001000100000000110101000010001110111100010011000011000000011001,01011100111111110001000100000000111101000010101110111100010011000011000000011001,2,0,1,0.006
1,01011100111111110001000100000000110101000010100110111100010011000011000000011001,01011100111111110001000100000000111101000010101110111100010011000011000000011001,2,0,1,0.007
1,01011100111111110001000100000000110101000010101010111100010011000011000000011001,01011100111111110001000100000000111101000010101110111100010011000011000000011001,2,0,1,0.006
1,01011100111111110001000100000000110101000010101100111100010011000011000000011001,01011100111111110001000100000000111101000010101110111100010011000011000000011001,2,0,1,0.006
1,01011100111111110001000100000000110101000010101110011100010011000011000000011001,01011100111111110001000100000000111101000010101110111100010011000011000000011001,2,0,1,0.006
1,01011100111111110001000100000000110101000010101110101100010011000011000000011001,01011100111111110001000100000000111101000010101110111100010011000011000000011001,2,0,1,0.006
1,01011100111111110001000100000000110101000010101110110100010011000011000000011001,01011100111111110001000100000000111101000010101110111100010011000011000000011001,2,0,1,0.006
1,01011100111111110001000100000000110101000010101110111000010011000011000000011001,01011100111111110001000100000000111101000010101110111100010011000011000000011001,2,0,1,0.006
1,01011100111111110001000100000000110101000010101110111100000011000011000000011001,01011100111111110001000100000000111101000010101110111100010011000011000000011001,2,0,1,0.006
1,01011100111111110001000100000000110101000010101110111100010001000011000000011001,01011100111111110001000100000000111101000010101110111100010011000011000000011001,2,0,1,0.006
1,01011100111111110001000100000000110101000010101110111100010010000011000000011001,01011100111111110001000100000000111101000010101110111100010011000011000000011001,2,0,1,0.006
1,01011100111111110001000100000000110101000010101110111100010011000001000000011001,01011100111111110001000100000000111101000010101110111100010011000011000000011001,2,0,1,0.006
1,01011100111111110001000100000000110101000010101110111100010011000010000000011001,01011100111111110001000100000000111101000010101110111100010011000011000000011001,2,0,1,0.006
1,01011100111111110001000100000000110101000010101110111100010011000011000000001001,01011100111111110001000100000000111101000010101110111100010011000011000000011001,2,0,1,0.006
1,01011100111111110001000100000000110101000010101110111100010011000011000000010001,01011100111111110001000100000000111101000010101110111100010011000011000000011001,2,0,1,0.006
1,01011100111111110001000100000000110101000010101110111100010011000011000000011000,01011100111111110001000100000000111101000010101110111100010011000011000000011001,2,0,1,0.006
1,01011100111111110001000100000000111000000010101110111100010011000011000000011001,01011100111111110001000100000000111101000010101110111100010011000011000000011001,2,0,1,0.006
1,01011100111111110001000100000000111001000000101110111100010011000011000000011001,01011100111111110001000100000000111101000010101110111100010011000011000000011001,2,0,1,0.007
1,01011100111111110001000100000000111001000010001110111100010011000011000000011001,01011100111111110001000100000000111101000010101110111100010011000011000000011001,2,0,1,0.006
1,01011100111111110001000100000000111001000010100110111100010011000011000000011001,01011100111111110001000100000000111101000010101110111100010011000011000000011001,2,0,1,0.006
1,01011100111111110001000100000000111001000010101010111100010011000011000000011001,01011100111111110001000100000000111101000010101110111100010011000011000000011001,2,0,1,0.006
1,01011100111111110001000100000000111001000010101100111100010011000011000000011001,01011100111111110001000100000000111101000010101110111100010011000011000000011001,2,0,1,0.006
1,01011100111111110001000100000000111001000010101110011100010011000011000000011001,01011100111111110001000100000000111101000010101110111100010011000011000000011001,2,0,1,0.006
1,01011100111111110001000100000000111001000010101110101100010011000011000000011001,01011100111111110001000100000000111101000010101110111100010011000011000000011001,2,0,1,0.006
1,01011100111111110001000100000000111001000010101110110100010011000011000000011001,01011100111111110001000100000000111101000010101110111100010011000011000000011001,2,0,1,0.006
1,01011100111111110001000100000000111001000010101110111000010011000011000000011001,01011100111111110001000100000000111101000010101110111100010011000011000000011001,2,0,1,0.007
1,01011100111111110001000100000000111001000010101110111100000011000011000000011001,01011100111111110001000100000000111101000010101110111100010011000011000000011001,2,0,1,0.006
1,01011100111111110001000100000000111001000010101110111100010001000011000000011001,01011100111111110001000100000000111101000010101110111100010011000011000000011001,2,0,1,0.006
1,01011100111111110001000100000000111001000010101110111100010010000011000000011001,01011100111111110001000100000000111101000010101110111100010011000011000000011001,2,0,1,0.006
1,01011100111111110001000100000000111001000010101110111100010011000001000000011001,01011100111111110001000100000000111101000010101110111100010011000011000000011001,2,0,1,0.006
1,01011100111111110001000100000000111001000010101110111100010011000010000000011001,01011100111111110001000100000000111101000010101110111100010011000011000000011001,2,0,1,0.006
1,01011100111111110001000100000000111001000010101110111100010011000011000000001001,01011100111111110001000100000000111101000010101110111100010011000011000000011001,2,0,1,0.006
1,01011100111111110001000100000000111001000010101110111100010011000011000000010001,01011100111111110001000100000000111101000010101110111100010011000011000000011001,2,0,1,0.006
1,01011100111111110001000100000000111001000010101110111100010011000011000000011000,01011100111111110001000100000000111101000010101110111100010011000011000000011001,2,0,1,0.007
1,01011100111111110001000100000000111100000000101110111100010011000011000000011001,01011100111111110001000100000000111101000010101110111100010011000011000000011001,2,0,1,0.007
1,01011100111111110001000100000000111100000010001110111100010011000011000000011001,01011100111111110001000100000000111101000010101110111100010011000011000000011001,2,0,1,0.006
1,01011100111111110001000100000000111100000010100110111100010011000011000000011001,01011100111111110001000100000000111101000010101110111100010011000011000000011001,2,0,1,0.006
1,01011100111111110001000100000000111100000010101010111100010011000011000000011001,01011100111111110001000100000000111101000010101110111100010011000011000000011001,2,0,1,0.007
1,01011100111111110001000100000000111100000010101100111100010011000011000000011001,01011100111111110001000100000000111101000010101110111100010011000011000000011001,2,0,1,0.006
1,01011100111111110001000100000000111100000010101110011100010011000011000000011001,01011100111111110001000100000000111101000010101110111100010011000011000000011001,2,0,1,0.006
1,01011100111111110001000100000000111100000010101110101100010011000011000000011001,01011100111111110001000100000000111101000010101110111100010011000011000000011001,2,0,1,0.006
1,01011100111111110001000100000000111100000010101110110100010011000011000000011001,01011100111111110001000100000000111101000010101110111100010011000011000000011001,2,0,1,0.007
1,01011100111111110001000100000000111100000010101110111000010011000011000000011001,01011100111111110001000100000000111101000010101110111100010011000011000000011001,2,0,1,0.006
1,01011100111111110001000100000000111100000010101110111100000011000011000000011001,01011100111111110001000100000000111101000010101110111100010011000011000000011001,2,0,1,0.006
1,01011100111111110001000100000000111100000010101110111100010001000011000000011001,01011100111111110001000100000000111101000010101110111100010011000011000000011001,2,0,1,0.006
1,01011100111111110001000100000000111100000010101110111100010010000011000000011001,01011100111111110001000100000000111101000010101110111100010011000011000000011001,2,0,1,0.006
1,01011100111111110001000100000000111100000010101110111100010011000001000000011001,01011100111111110001000100000000111101000010101110111100010011000011000000011001,2,0,1,0.006
1,01011100111111110001000100000000111100000010101110111100010011000010000000011001,01011100111111110001000100000000111101000010101110111100010011000011000000011001,2,0,1,0.006
1,01011100111111110001000100000000111100000010101110111100010011000011000000001001,01011100111111110001000100000000111101000010101110111100010011000011000000011001,2,0,1,0.006
1,01011100111111110001000100000000111100000010101110111100010011000011000000010001,01011100111111110001000100000000111101000010101110111100010011000011000000011001,2,0,1,0.007
1,01011100111111110001000100000000111100000010101110111100010011000011000000011000,01011100111111110001000100000000111101000010101110111100010011000011000000011001,2,0,1,0.006
1,01011100111111110001000100000000111101000000001110111100010011000011000000011001,01011100111111110001000100000000111101000010101110111100010011000011000000011001,2,0,1,0.006
1,01011100111111110001000100000000111101000000100110111100010011000011000000011001,01011100111111110001000100000000111101000010101110111100010011000011000000011001,2,0,1,0.006
1,01011100111111110001000100000000111101000000101010111100010011000011000000011001,01011100111111110001000100000000111101000010101110111100010011000011000000011001,2,0,1,0.007
1,01011100111111110001000100000000111101000000101100111100010011000011000000011001,01011100111111110001000100000000111101000010101110111100010011000011000000011001,2,0,1,0.006
1,01011100111111110001000100000000111101000000101110011100010011000011000000011001,01011100111111110001000100000000111101000010101110111100010011000011000000011001,2,0,1,0.006
1,01011100111111110001000100000000111101000000101110101100010011000011000000011001,01011100111111110001000100000000111101000010101110111100010011000011000000011001,2,0,1,0.006
1,01011100111111110001000100000000111101000000101110110100010011000011000000011001,01011100111111110001000100000000111101000010101110111100010011000011000000011001,2,0,1,0.006
1,01011100111111110001000100000000111101000000101110111000010011000011000000011001,01011100111111110001000100000000111101000010101110111100010011000011000000011001,2,0,1,0.006
1,01011100111111110001000100000000111101000000101110111100000011000011000000011001,01011100111111110001000100000000111101000010101110111100010011000011000000011001,2,0,1,0.006
1,01011100111111110001000100000000111101000000101110111100010001000011000000011001,01011100111111110001000100000000111101000010101110111100010011000011000000011001,2,0,1,0.006
1,01011100111111110001000100000000111101000000101110111100010010000011000000011001,01011100111111110001000100000000111101000010101110111100010011000011000000011001,2,0,1,0.006
1,01011100111111110001000100000000111101000000101110111100010011000001000000011001,01011100111111110001000100000000111101000010101110111100010011000011000000011001,2,0,1,0.006
1,01011100111111110001000100000000111101000000101110111100010011000010000000011001,01011100111111110001000100000000111101000010101110111100010011000011000000011001,2,0,1,0.006
1,01011100111111110001000100000000111101000000101110111100010011000011000000001001,01011100111111110001000100000000111101000010101110111100010011000011000000011001,2,0,1,0.006
1,01011100111111110001000100000000111101000000101110111100010011000011000000010001,01011100111111110001000100000000111101000010101110111100010011000011000000011001,2,0,1,0.007
1,01011100111111110001000100000000111101000000101110111100010011000011000000011000,01011100111111110001000100000000111101000010101110111100010011000011000000011001,2,0,1,0.006
1,01011100111111110001000100000000111101000010000110111100010011000011000000011001,01011100111111110001000100000000111101000010101110111100010011000011000000011001,2,0,1,0.006
1,01011100111111110001000100000000111101000010001010111100010011000011000000011001,01011100111111110001000100000000111101000010101110111100010011000011000000011001,2,0,1,0.006
1,01011100111111110001000100000000111101000010001100111100010011000011000000011001,01011100111111110001000100000000111101000010101110111100010011000011000000011001,2,0,1,0.006
1,01011100111111110001000100000000111101000010001110011100010011000011000000011001,01011100111111110001000100000000111101000010101110111100010011000011000000011001,2,0,1,0.006
1,01011100111111110001000100000000111101000010001110101100010011000011000000011001,01011100111111110001000100000000111101000010101110111100010011000011000000011001,2,0,1,0.006
1,01011100111111110001000100000000111101000010001110110100010011000011000000011001,01011100111111110001000100000000111101000010101110111100010011000011000000011001,2,0,1,0.006
1,01011100111111110001000100000000111101000010001110111000010011000011000000011001,01011100111111110001000100000000111101000010101110111100010011000011000000011001,2,0,1,0.006
1,01011100111111110001000100000000111101000010001110111100000011000011000000011001,01011100111111110001000100000000111101000010101110111100010011000011000000011001,2,0,1,0.006
1,01011100111111110001000100000000111101000010001110111100010001000011000000011001,01011100111111110001000100000000111101000010101110111100010011000011000000011001,2,0,1,0.006
1,01011100111111110001000100000000111101000010001110111100010010000011000000011001,01011100111111110001000100000000111101000010101110111100010011000011000000011001,2,0,1,0.006
1,01011100111111110001000100000000111101000010001110111100010011000001000000011001,01011100111111110001000100000000111101000010101110111100010011000011000000011001,2,0,1,0.006
1,01011100111111110001000100000000111101000010001110111100010011000010000000011001,01011100111111110001000100000000111101000010101110111100010011000011000000011001,2,0,1,0.006
1,01011100111111110001000100000000111101000010001110111100010011000011000000001001,01011100111111110001000100000000111101000010101110111100010011000011000000011001,2,0,1,0.006
1,01011100111111110001000100000000111101000010001110111100010011000011000000010001,01011100111111110001000100000000111101000010101110111100010011000011000000011001,2,0,1,0.006
1,01011100111111110001000100000000111101000010001110111100010011000011000000011000,01011100111111110001000100000000111101000010101110111100010011000011000000011001,2,0,1,0.006
1,01011100111111110001000100000000111101000010100010111100010011000011000000011001,01011100111111110001000100000000111101000010101110111100010011000011000000011001,2,0,1,0.006
1,01011100111111110001000100000000111101000010100100111100010011000011000000011001,01011100111111110001000100000000111101000010101110111100010011000011000000011001,2,0,1,0.006
1,01011100111111110001000100000000111101000010100110011100010011000011000000011001,01011100111111110001000100000000111101000010101110111100010011000011000000011001,2,0,1,0.006
1,01011100111111110001000100000000111101000010100110101100010011000011000000011001,01011100111111110001000100000000111101000010101110111100010011000011000000011001,2,0,1,0.006
1,01011100111111110001000100000000111101000010100110110100010011000011000000011001,01011100111111110001000100000000111101000010101110111100010011000011000000011001,2,0,1,0.006
1,01011100111111110001000100000000111101000010100110111000010011000011000000011001,01011100111111110001000100000000111101000010101110111100010011000011000000011001,2,0,1,0.006
1,01011100111111110001000100000000111101000010100110111100000011000011000000011001,01011100111111110001000100000000111101000010101110111100010011000011000000011001,2,0,1,0.006
1,01011100111111110001000100000000111101000010100110111100010001000011000000011001,01011100111111110001000100000000111101000010101110111100010011000011000000011001,2,0,1,0.006
1,01011100111111110001000100000000111101000010100110111100010010000011000000011001,01011100111111110001000100000000111101000010101110111100010011000011000000011001,2,0,1,0.006
1,01011100111111110001000100000000111101000010100110111100010011000001000000011001,01011100111111110001000100000000111101000010101110111100010011000011000000011001,2,0,1,0.006
1,01011100111111110001000100000000111101000010100110111100010011000010000000011001,01011100111111110001000100000000111101000010101110111100010011000011000000011001,2,0,1,0.006
1,01011100111111110001000100000000111101000010100110111100010011000011000000001001,01011100111111110001000100000000111101000010101110111100010011000011000000011001,2,0,1,0.006
1,01011100111111110001000100000000111101000010100110111100010011000011000000010001,01011100111111110001000100000000111101000010101110111100010011000011000000011001,2,0,1,0.006
1,01011100111111110001000100000000111101000010100110111100010011000011000000011000,01011100111111110001000100000000111101000010101110111100010011000011000000011001,2,0,1,0.006
1,01011100111111110001000100000000111101000010101000111100010011000011000000011001,01011100111111110001000100000000111101000010101110111100010011000011000000011001,2,0,1,0.006
1,01011100111111110001000100000000111101000010101010011100010011000011000000011001,01011100111111110001000100000000111101000010101110111100010011000011000000011001,2,0,1,0.006
1,01011100111111110001000100000000111101000010101010101100010011000011000000011001,01011100111111110001000100000000111101000010101110111100010011000011000000011001,2,0,1,0.006
1,01011100111111110001000100000000111101000010101010110100010011000011000000011001,01011100111111110001000100000000111101000010101110111100010011000011000000011001,2,0,1,0.006
1,01011100111111110001000100000000111101000010101010111000010011000011000000011001,01011100111111110001000100000000111101000010101110111100010011000011000000011001,2,0,1,0.006
1,01011100111111110001000100000000111101000010101010111100000011000011000000011001,01011100111111110001000100000000111101000010101110111100010011000011000000011001,2,0,1,0.006
1,01011100111111110001000100000000111101000010101010111100010001000011000000011001,01011100111111110001000100000000111101000010101110111100010011000011000000011001,2,0,1,0.006
1,01011100111111110001000100000000111101000010101010111100010010000011000000011001,01011100111111110001000100000000111101000010101110111100010011000011000000011001,2,0,1,0.006
1,01011100111111110001000100000000111101000010101010111100010011000001000000011001,01011100111111110001000100000000111101000010101110111100010011000011000000011001,2,0,1,0.006
1,01011100111111110001000100000000111101000010101010111100010011000010000000011001,01011100111111110001000100000000111101000010101110111100010011000011000000011001,2,0,1,0.006
1,01011100111111110001000100000000111101000010101010111100010011000011000000001001,01011100111111110001000100000000111101000010101110111100010011000011000000011001,2,0,1,0.006
1,01011100111111110001000100000000111101000010101010111100010011000011000000010001,01011100111111110001000100000000111101000010101110111100010011000011000000011001,2,0,1,0.006
1,01011100111111110001000100000000111101000010101010111100010011000011000000011000,01011100111111110001000100000000111101000010101110111100010011000011000000011001,2,0,1,0.006
1,01011100111111110001000100000000111101000010101100011100010011000011000000011001,01011100111111110001000100000000111101000010101110111100010011000011000000011001,2,0,1,0.006
1,01011100111111110001000100000000111101000010101100101100010011000011000000011001,01011100111111110001000100000000111101000010101110111100010011000011000000011001,2,0,1,0.006
1,01011100111111110001000100000000111101000010101100110100010011000011000000011001,01011100111111110001000100000000111101000010101110111100010011000011000000011001,2,0,1,0.006
1,01011100111111110001000100000000111101000010101100111000010011000011000000011001,01011100111111110001000100000000111101000010101110111100010011000011000000011001,2,0,1,0.006
1,01011100111111110001000100000000111101000010101100111100000011000011000000011001,01011100111111110001000100000000111101000010101110111100010011000011000000011001,2,0,1,0.007
1,01011100111111110001000100000000111101000010101100111100010001000011000000011001,01011100111111110001000100000000111101000010101110111100010011000011000000011001,2,0,1,0.006
1,01011100111111110001000100000000111101000010101100111100010010000011000000011001,01011100111111110001000100000000111101000010101110111100010011000011000000011001,2,0,1,0.006
1,01011100111111110001000100000000111101000010101100111100010011000001000000011001,01011100111111110001000100000000111101000010101110111100010011000011000000011001,2,0,1,0.006
1,01011100111111110001000100000000111101000010101100111100010011000010000000011001,01011100111111110001000100000000111101000010101110111100010011000011000000011001,2,0,1,0.006
1,01011100111111110001000100000000111101000010101100111100010011000011000000001001,01011100111111110001000100000000111101000010101110111100010011000011000000011001,2,0,1,0.006
1,01011100111111110001000100000000111101000010101100111100010011000011000000010001,01011100111111110001000100000000111101000010101110111100010011000011000000011001,2,0,1,0.006
1,01011100111111110001000100000000111101000010101100111100010011000011000000011000,01011100111111110001000100000000111101000010101110111100010011000011000000011001,2,0,1,0.006
1,01011100111111110001000100000000111101000010101110001100010011000011000000011001,01011100111111110001000100000000111101000010101110111100010011000011000000011001,2,0,1,0.007
1,01011100111111110001000100000000111101000010101110010100010011000011000000011001,01011100111111110001000100000000111101000010101110111100010011000011000000011001,2,0,1,0.006
1,01011100111111110001000100000000111101000010101110011000010011000011000000011001,01011100111111110001000100000000111101000010101110111100010011000011000000011001,2,0,1,0.006
1,01011100111111110001000100000000111101000010101110011100000011000011000000011001,01011100111111110001000100000000111101000010101110111100010011000011000000011001,2,0,1,0.007
1,01011100111111110001000100000000111101000010101110011100010001000011000000011001,01011100111111110001000100000000111101000010101110111100010011000011000000011001,2,0,1,0.006
1,01011100111111110001000100000000111101000010101110011100010010000011000000011001,01011100111111110001000100000000111101000010101110111100010011000011000000011001,2,0,1,0.006
1,01011100111111110001000100000000111101000010101110011100010011000001000000011001,01011100111111110001000100000000111101000010101110111100010011000011000000011001,2,0,1,0.006
1,01011100111111110001000100000000111101000010101110011100010011000010000000011001,01011100111111110001000100000000111101000010101110111100010011000011000000011001,2,0,1,0.006
1,01011100111111110001000100000000111101000010101110011100010011000011000000001001,01011100111111110001000100000000111101000010101110111100010011000011000000011001,2,0,1,0.006
1,01011100111111110001000100000000111101000010101110011100010011000011000000010001,01011100111111110001000100000000111101000010101110111100010011000011000000011001,2,0,1,0.006
1,01011100111111110001000100000000111101000010101110011100010011000011000000011000,01011100111111110001000100000000111101000010101110111100010011000011000000011001,2,0,1,0.006
1,01011100111111110001000100000000111101000010101110100100010011000011000000011001,01011100111111110001000100000000111101000010101110111100010011000011000000011001,2,0,1,0.006
1,01011100111111110001000100000000111101000010101110101000010011000011000000011001,01011100111111110001000100000000111101000010101110111100010011000011000000011001,2,0,1,0.006
1,01011100111111110001000100000000111101000010101110101100000011000011000000011001,01011100111111110001000100000000111101000010101110111100010011000011000000011001,2,0,1,0.006
1,01011100111111110001000100000000111101000010101110101100010001000011000000011001,01011100111111110001000100000000111101000010101110111100010011000011000000011001,2,0,1,0.006
1,01011100111111110001000100000000111101000010101110101100010010000011000000011001,01011100111111110001000100000000111101000010101110111100010011000011000000011001,2,0,1,0.006
1,01011100111111110001000100000000111101000010101110101100010011000001000000011001,01011100111111110001000100000000111101000010101110111100010011000011000000011001,2,0,1,0.006
1,01011100111111110001000100000000111101000010101110101100010011000010000000011001,01011100111111110001000100000000111101000010101110111100010011000011000000011001,2,0,1,0.006
1,01011100111111110001000100000000111101000010101110101100010011000011000000001001,01011100111111110001000100000000111101000010101110111100010011000011000000011001,2,0,1,0.006
1,01011100111111110001000100000000111101000010101110101100010011000011000000010001,01011100111111110001000100000000111101000010101110111100010011000011000000011001,2,0,1,0.006
1,01011100111111110001000100000000111101000010101110101100010011000011000000011000,01011100111111110001000100000000111101000010101110111100010011000011000000011001,2,0,1,0.006
1,01011100111111110001000100000000111101000010101110110000010011000011000000011001,01011100111111110001000100000000111101000010101110111100010011000011000000011001,2,0,1,0.006
1,01011100111111110001000100000000111101000010101110110100000011000011000000011001,01011100111111110001000100000000111101000010101110111100010011000011000000011001,2,0,1,0.006
1,01011100111111110001000100000000111101000010101110110100010001000011000000011001,01011100111111110001000100000000111101000010101110111100010011000011000000011001,2,0,1,0.006
1,01011100111111110001000100000000111101000010101110110100010010000011000000011001,01011100111111110001000100000000111101000010101110111100010011000011000000011001,2,0,1,0.007
1,01011100111111110001000100000000111101000010101110110100010011000001000000011001,01011100111111110001000100000000111101000010101110111100010011000011000000011001,2,0,1,0.006
1,01011100111111110001000100000000111101000010101110110100010011000010000000011001,01011100111111110001000100000000111101000010101110111100010011000011000000011001,2,0,1,0.006
1,01011100111111110001000100000000111101000010101110110100010011000011000000001001,01011100111111110001000100000000111101000010101110111100010011000011000000011001,2,0,1,0.006
1,01011100111111110001000100000000111101000010101110110100010011000011000000010001,01011100111111110001000100000000111101000010101110111100010011000011000000011001,2,0,1,0.007
1,01011100111111110001000100000000111101000010101110110100010011000011000000011000,01011100111111110001000100000000111101000010101110111100010011000011000000011001,2,0,1,0.006
1,01011100111111110001000100000000111101000010101110111000000011000011000000011001,01011100111111110001000100000000111101000010101110111100010011000011000000011001,2,0,1,0.006
1,01011100111111110001000100000000111101000010101110111000010001000011000000011001,01011100111111110001000100000000111101000010101110111100010011000011000000011001,2,0,1,0.006
1,01011100111111110001000100000000111101000010101110111000010010000011000000011001,01011100111111110001000100000000111101000010101110111100010011000011000000011001,2,0,1,0.006
1,01011100111111110001000100000000111101000010101110111000010011000001000000011001,01011100111111110001000100000000111101000010101110111100010011000011000000011001,2,0,1,0.006
1,01011100111111110001000100000000111101000010101110111000010011000010000000011001,01011100111111110001000100000000111101000010101110111100010011000011000000011001,2,0,1,0.006
1,01011100111111110001000100000000111101000010101110111000010011000011000000001001,01011100111111110001000100000000111101000010101110111100010011000011000000011001,2,0,1,0.006
1,01011100111111110001000100000000111101000010101110111000010011000011000000010001,01011100111111110001000100000000111101000010101110111100010011000011000000011001,2,0,1,0.006
1,01011100111111110001000100000000111101000010101110111000010011000011000000011000,01011100111111110001000100000000111101000010101110111100010011000011000000011001,2,0,1,0.006
1,01011100111111110001000100000000111101000010101110111100000001000011000000011001,01011100111111110001000100000000111101000010101110111100010011000011000000011001,2,0,1,0.006
1,01011100111111110001000100000000111101000010101110111100000010000011000000011001,01011100111111110001000100000000111101000010101110111100010011000011000000011001,2,0,1,0.006
1,01011100111111110001000100000000111101000010101110111100000011000001000000011001,01011100111111110001000100000000111101000010101110111100010011000011000000011001,2,0,1,0.007
1,01011100111111110001000100000000111101000010101110111100000011000010000000011001,01011100111111110001000100000000111101000010101110111100010011000011000000011001,2,0,1,0.006
1,01011100111111110001000100000000111101000010101110111100000011000011000000001001,01011100111111110001000100000000111101000010101110111100010011000011000000011001,2,0,1,0.006
1,01011100111111110001000100000000111101000010101110111100000011000011000000010001,01011100111111110001000100000000111101000010101110111100010011000011000000011001,2,0,1,0.006
1,01011100111111110001000100000000111101000010101110111100000011000011000000011000,01011100111111110001000100000000111101000010101110111100010011000011000000011001,2,0,1,0.007
1,01011100111111110001000100000000111101000010101110111100010000000011000000011001,01011100111111110001000100000000111101000010101110111100010011000011000000011001,2,0,1,0.006
1,01011100111111110001000100000000111101000010101110111100010001000001000000011001,01011100111111110001000100000000111101000010101110111100010011000011000000011001,2,0,1,0.006
1,01011100111111110001000100000000111101000010101110111100010001000010000000011001,01011100111111110001000100000000111101000010101110111100010011000011000000011001,2,0,1,0.006
1,01011100111111110001000100000000111101000010101110111100010001000011000000001001,01011100111111110001000100000000111101000010101110111100010011000011000000011001,2,0,1,0.006
1,01011100111111110001000100000000111101000010101110111100010001000011000000010001,01011100111111110001000100000000111101000010101110111100010011000011000000011001,2,0,1,0.006
1,01011100111111110001000100000000111101000010101110111100010001000011000000011000,01011100111111110001000100000000111101000010101110111100010011000011000000011001,2,0,1,0.006
1,01011100111111110001000100000000111101000010101110111100010010000001000000011001,01011100111111110001000100000000111101000010101110111100010011000011000000011001,2,0,1,0.006
1,01011100111111110001000100000000111101000010101110111100010010000010000000011001,01011100111111110001000100000000111101000010101110111100010011000011000000011001,2,0,1,0.006
1,01011100111111110001000100000000111101000010101110111100010010000011000000001001,01011100111111110001000100000000111101000010101110111100010011000011000000011001,2,0,1,0.006
1,01011100111111110001000100000000111101000010101110111100010010000011000000010001,01011100111111110001000100000000111101000010101110111100010011000011000000011001,2,0,1,0.006
1,01011100111111110001000100000000111101000010101110111100010010000011000000011000,01011100111111110001000100000000111101000010101110111100010011000011000000011001,2,0,1,0.006
1,01011100111111110001000100000000111101000010101110111100010011000000000000011001,01011100111111110001000100000000111101000010101110111100010011000011000000011001,2,0,1,0.006
1,01011100111111110001000100000000111101000010101110111100010011000001000000001001,01011100111111110001000100000000111101000010101110111100010011000011000000011001,2,0,1,0.006
1,01011100111111110001000100000000111101000010101110111100010011000001000000010001,01011100111111110001000100000000111101000010101110111100010011000011000000011001,2,0,1,0.006
1,01011100111111110001000100000000111101000010101110111100010011000001000000011000,01011100111111110001000100000000111101000010101110111100010011000011000000011001,2,0,1,0.006
1,01011100111111110001000100000000111101000010101110111100010011000010000000001001,01011100111111110001000100000000111101000010101110111100010011000011000000011001,2,0,1,0.006
1,01011100111111110001000100000000111101000010101110111100010011000010000000010001,01011100111111110001000100000000111101000010101110111100010011000011000000011001,2,0,1,0.006
1,01011100111111110001000100000000111101000010101110111100010011000010000000011000,01011100111111110001000100000000111101000010101110111100010011000011000000011001,2,0,1,0.006
1,01011100111111110001000100000000111101000010101110111100010011000011000000000001,01011100111111110001000100000000111101000010101110111100010011000011000000011001,2,0,1,0.006
1,01011100111111110001000100000000111101000010101110111100010011000011000000001000,01011100111111110001000100000000111101000010101110111100010011000011000000011001,2,0,1,0.007
1,01011100111111110001000100000000111101000010101110111100010011000011000000010000,01011100111111110001000100000000111101000010101110111100010011000011000000011001,2,0,1,0.006
2,00110111011010101011001011100010000001000000100011010010001110111101000011100110,11110111011010101011001011100010000001000000100011010010001110111101000011100110,2,0,1,0.006
2,01010111011010101011001011100010000001000000100011010010001110111101000011100110,11110111011010101011001011100010000001000000100011010010001110111101000011100110,2,0,1,0.006
2,01100111011010101011001011100010000001000000100011010010001110111101000011100110,11110111011010101011001011100010000001000000100011010010001110111101000011100110,2,0,1,0.007
2,01110011011010101011001011100010000001000000100011010010001110111101000011100110,11110111011010101011001011100010000001000000100011010010001110111101000011100110,2,0,1,0.006
2,01110101011010101011001011100010000001000000100011010010001110111101000011100110,11110111011010101011001011100010000001000000100011010010001110111101000011100110,2,0,1,0.006
2,01110110011010101011001011100010000001000000100011010010001110111101000011100110,11110111011010101011001011100010000001000000100011010010001110111101000011100110,2,0,1,0.006
2,01110111001010101011001011100010000001000000100011010010001110111101000011100110,11110111011010101011001011100010000001000000100011010010001110111101000011100110,2,0,1,0.006
2,01110111010010101011001011100010000001000000100011010010001110111101000011100110,11110111011010101011001011100010000001000000100011010010001110111101000011100110,2,0,1,0.006
2,01110111011000101011001011100010000001000000100011010010001110111101000011100110,11110111011010101011001011100010000001000000100011010010001110111101000011100110,2,0,1,0.006
2,01110111011010001011001011100010000001000000100011010010001110111101000011100110,11110111011010101011001011100010000001000000100011010010001110111101000011100110,2,0,1,0.006
2,01110111011010100011001011100010000001000000100011010010001110111101000011100110,11110111011010101011001011100010000001000000100011010010001110111101000011100110,2,0,1,0.006
2,01110111011010101001001011100010000001000000100011010010001110111101000011100110,11110111011010101011001011100010000001000000100011010010001110111101000011100110,2,0,1,0.006
2,01110111011010101010001011100010000001000000100011010010001110111101000011100110,11110111011010101011001011100010000001000000100011010010001110111101000011100110,2,0,1,0.006
2,01110111011010101011000011100010000001000000100011010010001110111101000011100110,11110111011010101011001011100010000001000000100011010010001110111101000011100110,2,0,1,0.006
2,01110111011010101011001001100010000001000000100011010010001110111101000011100110,11110111011010101011001011100010000001000000100011010010001110111101000011100110,2,0,1,0.007
2,01110111011010101011001010100010000001000000100011010010001110111101000011100110,11110111011010101011001011100010000001000000100011010010001110111101000011100110,2,0,1,0.006
2,01110111011010101011001011000010000001000000100011010010001110111101000011100110,11110111011010101011001011100010000001000000100011010010001110111101000011100110,2,0,1,0.006
2,01110111011010101011001011100000000001000000100011010010001110111101000011100110,11110111011010101011001011100010000001000000100011010010001110111101000011100110,2,0,1,0.006
2,01110111011010101011001011100010000000000000100011010010001110111101000011100110,11110111011010101011001011100010000001000000100011010010001110111101000011100110,2,0,1,0.006
2,01110111011010101011001011100010000001000000000011010010001110111101000011100110,11110111011010101011001011100010000001000000100011010010001110111101000011100110,2,0,1,0.006
2,01110111011010101011001011100010000001000000100001010010001110111101000011100110,11110111011010101011001011100010000001000000100011010010001110111101000011100110,2,0,1,0.006
2,01110111011010101011001011100010000001000000100010010010001110111101000011100110,11110111011010101011001011100010000001000000100011010010001110111101000011100110,2,0,1,0.006
2,01110111011010101011001011100010000001000000100011000010001110111101000011100110,11110111011010101011001011100010000001000000100011010010001110111101000011100110,2,0,1,0.006
2,01110111011010101011001011100010000001000000100011010000001110111101000011100110,11110111011010101011001011100010000001000000100011010010001110111101000011100110,2,0,1,0.006
2,01110111011010101011001011100010000001000000100011010010000110111101000011100110,11110111011010101011001011100010000001000000100011010010001110111101000011100110,2,0,1,0.006
2,01110111011010101011001011100010000001000000100011010010001010111101000011100110,11110111011010101011001011100010000001000000100011010010001110111101000011100110,2,0,1,0.006
2,01110111011010101011001011100010000001000000100011010010001100111101000011100110,11110111011010101011001011100010000001000000100011010010001110111101000011100110,2,0,1,0.006
2,01110111011010101011001011100010000001000000100011010010001110011101000011100110,11110111011010101011001011100010000001000000100011010010001110111101000011100110,2,0,1,0.006
2,01110111011010101011001011100010000001000000100011010010001110101101000011100110,11110111011010101011001011100010000001000000100011010010001110111101000011100110,2,0,1,0.006
2,01110111011010101011001011100010000001000000100011010010001110110101000011100110,11110111011010101011001011100010000001000000100011010010001110111101000011100110,2,0,1,0.006
2,01110111011010101011001011100010000001000000100011010010001110111001000011100110,11110111011010101011001011100010000001000000100011010010001110111101000011100110,2,0,1,0.007
2,01110111011010101011001011100010000001000000100011010010001110111100000011100110,11110111011010101011001011100010000001000000100011010010001110111101000011100110,2,0,1,0.006
2,01110111011010101011001011100010000001000000100011010010001110111101000001100110,11110111011010101011001011100010000001000000100011010010001110111101000011100110,2,0,1,0.006
2,01110111011010101011001011100010000001000000100011010010001110111101000010100110,11110111011010101011001011100010000001000000100011010010001110111101000011100110,2,0,1,0.007
2,01110111011010101011001011100010000001000000100011010010001110111101000011000110,11110111011010101011001011100010000001000000100011010010001110111101000011100110,2,0,1,0.007
2,01110111011010101011001011100010000001000000100011010010001110111101000011100010,11110111011010101011001011100010000001000000100011010010001110111101000011100110,2,0,1,0.007
2,01110111011010101011001011100010000001000000100011010010001110111101000011100100,11110111011010101011001011100010000001000000100011010010001110111101000011100110,2,0,1,0.006
2,10010111011010101011001011100010000001000000100011010010001110111101000011100110,11110111011010101011001011100010000001000000100011010010001110111101000011100110,2,0,1,0.006
2,10100111011010101011001011100010000001000000100011010010001110111101000011100110,11110111011010101011001011100010000001000000100011010010001110111101000011100110,2,0,1,0.006
2,10110011011010101011001011100010000001000000100011010010001110111101000011100110,11110111011010101011001011100010000001000000100011010010001110111101000011100110,2,0,1,0.006
2,10110101011010101011001011100010000001000000100011010010001110111101000011100110,11110111011010101011001011100010000001000000100011010010001110111101000011100110,2,0,1,0.006
2,10110110011010101011001011100010000001000000100011010010001110111101000011100110,11110111011010101011001011100010000001000000100011010010001110111101000011100110,2,0,1,0.006
2,10110111001010101011001011100010000001000000100011010010001110111101000011100110,11110111011010101011001011100010000001000000100011010010001110111101000011100110,2,0,1,0.006
2,10110111010010101011001011100010000001000000100011010010001110111101000011100110,11110111011010101011001011100010000001000000100011010010001110111101000011100110,2,0,1,0.006
2,10110111011000101011001011100010000001000000100011010010001110111101000011100110,11110111011010101011001011100010000001000000100011010010001110111101000011100110,2,0,1,0.006
2,10110111011010001011001011100010000001000000100011010010001110111101000011100110,11110111011010101011001011100010000001000000100011010010001110111101000011100110,2,0,1,0.006
2,10110111011010100011001011100010000001000000100011010010001110111101000011100110,11110111011010101011001011100010000001000000100011010010001110111101000011100110,2,0,1,0.006
2,10110111011010101001001011100010000001000000100011010010001110111101000011100110,11110111011010101011001011100010000001000000100011010010001110111101000011100110,2,0,1,0.006
2,10110111011010101010001011100010000001000000100011010010001110111101000011100110,11110111011010101011001011100010000001000000100011010010001110111101000011100110,2,0,1,0.006
2,10110111011010101011000011100010000001000000100011010010001110111101000011100110,11110111011010101011001011100010000001000000100011010010001110111101000011100110,2,0,1,0.006
2,10110111011010101011001001100010000001000000100011010010001110111101000011100110,11110111011010101011001011100010000001000000100011010010001110111101000011100110,2,0,1,0.007
2,10110111011010101011001010100010000001000000100011010010001110111101000011100110,11110111011010101011001011100010000001000000100011010010001110111101000011100110,2,0,1,0.006
2,10110111011010101011001011000010000001000000100011010010001110111101000011100110,11110111011010101011001011100010000001000000100011010010001110111101000011100110,2,0,1,0.006
2,10110111011010101011001011100000000001000000100011010010001110111101000011100110,11110111011010101011001011100010000001000000100011010010001110111101000011100110,2,0,1,0.006
2,10110111011010101011001011100010000000000000100011010010001110111101000011100110,11110111011010101011001011100010000001000000100011010010001110111101000011100110,2,0,1,0.007
2,10110111011010101011001011100010000001000000000011010010001110111101000011100110,11110111011010101011001011100010000001000000100011010010001110111101000011100110,2,0,1,0.006
2,10110111011010101011001011100010000001000000100001010010001110111101000011100110,11110111011010101011001011100010000001000000100011010010001110111101000011100110,2,0,1,0.006
2,10110111011010101011001011100010000001000000100010010010001110111101000011100110,11110111011010101011001011100010000001000000100011010010001110111101000011100110,2,0,1,0.006
2,10110111011010101011001011100010000001000000100011000010001110111101000011100110,11110111011010101011001011100010000001000000100011010010001110111101000011100110,2,0,1,0.007
2,10110111011010101011001011100010000001000000100011010000001110111101000011100110,11110111011010101011001011100010000001000000100011010010001110111101000011100110,2,0,1,0.006
2,10110111011010101011001011100010000001000000100011010010000110111101000011100110,11110111011010101011001011100010000001000000100011010010001110111101000011100110,2,0,1,0.006
2,10110111011010101011001011100010000001000000100011010010001010111101000011100110,11110111011010101011001011100010000001000000100011010010001110111101000011100110,2,0,1,0.006
2,10110111011010101011001011100010000001000000100011010010001100111101000011100110,11110111011010101011001011100010000001000000100011010010001110111101000011100110,2,0,1,0.006
2,10110111011010101011001011100010000001000000100011010010001110011101000011100110,11110111011010101011001011100010000001000000100011010010001110111101000011100110,2,0,1,0.006
2,10110111011010101011001011100010000001000000100011010010001110101101000011100110,11110111011010101011001011100010000001000000100011010010001110111101000011100110,2,0,1,0.006
2,10110111011010101011001011100010000001000000100011010010001110110101000011100110,11110111011010101011001011100010000001000000100011010010001110111101000011100110,2,0,1,0.006
2,10110111011010101011001011100010000001000000100011010010001110111001000011100110,11110111011010101011001011100010000001000000100011010010001110111101000011100110,2,0,1,0.007
2,10110111011010101011001011100010000001000000100011010010001110111100000011100110,11110111011010101011001011100010000001000000100011010010001110111101000011100110,2,0,1,0.006
2,10110111011010101011001011100010000001000000100011010010001110111101000001100110,11110111011010101011001011100010000001000000100011010010001110111101000011100110,2,0,1,0.006
2,10110111011010101011001011100010000001000000100011010010001110111101000010100110,11110111011010101011001011100010000001000000100011010010001110111101000011100110,2,0,1,0.006
2,10110111011010101011001011100010000001000000100011010010001110111101000011000110,11110111011010101011001011100010000001000000100011010010001110111101000011100110,2,0,1,0.007
2,10110111011010101011001011100010000001000000100011010010001110111101000011100010,11110111011010101011001011100010000001000000100011010010001110111101000011100110,2,0,1,0.006
2,10110111011010101011001011100010000001000000100011010010001110111101000011100100,11110111011010101011001011100010000001000000100011010010001110111101000011100110,2,0,1,0.006
2,11000111011010101011001011100010000001000000100011010010001110111101000011100110,11110111011010101011001011100010000001000000100011010010001110111101000011100110,2,0,1,0.006
2,11010011011010101011001011100010000001000000100011010010001110111101000011100110,11110111011010101011001011100010000001000000100011010010001110111101000011100110,2,0,1,0.006
2,11010101011010101011001011100010000001000000100011010010001110111101000011100110,11110111011010101011001011100010000001000000100011010010001110111101000011100110,2,0,1,0.006
2,11010110011010101011001011100010000001000000100011010010001110111101000011100110,11010110011010101011101011100110000001000000100011010010001110111101000011100110,2,0,0,0.006
2,11010111001010101011001011100010000001000000100011010010001110111101000011100110,11110111011010101011001011100010000001000000100011010010001110111101000011100110,2,0,1,0.006
2,11010111010010101011001011100010000001000000100011010010001110111101000011100110,11110111011010101011001011100010000001000000100011010010001110111101000011100110,2,0,1,0.006
2,11010111011000101011001011100010000001000000100011010010001110111101000011100110,11110111011010101011001011100010000001000000100011010010001110111101000011100110,2,0,1,0.007
2,11010111011010001011001011100010000001000000100011010010001110111101000011100110,11110111011010101011001011100010000001000000100011010010001110111101000011100110,2,0,1,0.007
2,11010111011010100011001011100010000001000000100011010010001110111101000011100110,11110111011010101011001011100010000001000000100011010010001110111101000011100110,2,0,1,0.007
2,11010111011010101001001011100010000001000000100011010010001110111101000011100110,11110111011010101011001011100010000001000000100011010010001110111101000011100110,2,0,1,0.007
2,11010111011010101010001011100010000001000000100011010010001110111101000011100110,11110111011010101011001011100010000001000000100011010010001110111101000011100110,2,0,1,0.006
2,11010111011010101011000011100010000001000000100011010010001110111101000011100110,11110111011010101011001011100010000001000000100011010010001110111101000011100110,2,0,1,0.006
2,11010111011010101011001001100010000001000000100011010010001110111101000011100110,11110111011010101011001011100010000001000000100011010010001110111101000011100110,2,0,1,0.006
2,11010111011010101011001010100010000001000000100011010010001110111101000011100110,11110111011010101011001011100010000001000000100011010010001110111101000011100110,2,0,1,0.006
2,11010111011010101011001011000010000001000000100011010010001110111101000011100110,11110111011010101011001011100010000001000000100011010010001110111101000011100110,2,0,1,0.007
2,11010111011010101011001011100000000001000000100011010010001110111101000011100110,11110111011010101011001011100010000001000000100011010010001110111101000011100110,2,0,1,0.006
2,11010111011010101011001011100010000000000000100011010010001110111101000011100110,11110111011010101011001011100010000001000000100011010010001110111101000011100110,2,0,1,0.007
2,11010111011010101011001011100010000001000000000011010010001110111101000011100110,11110111011010101011001011100010000001000000100011010010001110111101000011100110,2,0,1,0.007
2,11010111011010101011001011100010000001000000100001010010001110111101000011100110,11110111011010101011001011100010000001000000100011010010001110111101000011100110,2,0,1,0.007
2,11010111011010101011001011100010000001000000100010010010001110111101000011100110,11110111011010101011001011100010000001000000100011010010001110111101000011100110,2,0,1,0.007
2,11010111011010101011001011100010000001000000100011000010001110111101000011100110,11110111011010101011001011100010000001000000100011010010001110111101000011100110,2,0,1,0.006
2,11010111011010101011001011100010000001000000100011010000001110111101000011100110,11110111011010101011001011100010000001000000100011010010001110111101000011100110,2,0,1,0.006
2,11010111011010101011001011100010000001000000100011010010000110111101000011100110,11110111011010101011001011100010000001000000100011010010001110111101000011100110,2,0,1,0.006
2,11010111011010101011001011100010000001000000100011010010001010111101000011100110,11110111011010101011001011100010000001000000100011010010001110111101000011100110,2,0,1,0.007
2,11010111011010101011001011100010000001000000100011010010001100111101000011100110,11110111011010101011001011100010000001000000100011010010001110111101000011100110,2,0,1,0.006
2,11010111011010101011001011100010000001000000100011010010001110011101000011100110,11110111011010101011001011100010000001000000100011010010001110111101000011100110,2,0,1,0.006
2,11010111011010101011001011100010000001000000100011010010001110101101000011100110,11110111011010101011001011100010000001000000100011010010001110111101000011100110,2,0,1,0.006
2,11010111011010101011001011100010000001000000100011010010001110110101000011100110,11110111011010101011001011100010000001000000100011010010001110111101000011100110,2,0,1,0.007
2,11010111011010101011001011100010000001000000100011010010001110111001000011100110,11110111011010101011001011100010000001000000100011010010001110111101000011100110,2,0,1,0.006
2,11010111011010101011001011100010000001000000100011010010001110111100000011100110,11110111011010101011001011100010000001000000100011010010001110111101000011100110,2,0,1,0.006
2,11010111011010101011001011100010000001000000100011010010001110111101000001100110,11110111011010101011001011100010000001000000100011010010001110111101000011100110,2,0,1,0.007
2,11010111011010101011001011100010000001000000100011010010001110111101000010100110,11110111011010101011001011100010000001000000100011010010001110111101000011100110,2,0,1,0.007
2,11010111011010101011001011100010000001000000100011010010001110111101000011000110,11110111011010101011001011100010000001000000100011010010001110111101000011100110,2,0,1,0.006
2,11010111011010101011001011100010000001000000100011010010001110111101000011100010,11110111011010101011001011100010000001000000100011010010001110111101000011100110,2,0,1,0.007
2,11010111011010101011001011100010000001000000100011010010001110111101000011100100,11110111011010101011001011100010000001000000100011010010001110111101000011100110,2,0,1,0.006
2,11100011011010101011001011100010000001000000100011010010001110111101000011100110,11110111011010101011001011100010000001000000100011010010001110111101000011100110,2,0,1,0.006
2,11100101011010101011001011100010000001000000100011010010001110111101000011100110,11110111011010101011001011100010000001000000100011010010001110111101000011100110,2,0,1,0.006
2,11100110011010101011001011100010000001000000100011010010001110111101000011100110,11110111011010101011001011100010000001000000100011010010001110111101000011100110,2,0,1,0.006
2,11100111001010101011001011100010000001000000100011010010001110111101000011100110,11110111011010101011001011100010000001000000100011010010001110111101000011100110,2,0,1,0.006
2,11100111010010101011001011100010000001000000100011010010001110111101000011100110,11110111011010101011001011100010000001000000100011010010001110111101000011100110,2,0,1,0.006
2,11100111011000101011001011100010000001000000100011010010001110111101000011100110,11110111011010101011001011100010000001000000100011010010001110111101000011100110,2,0,1,0.006
2,11100111011010001011001011100010000001000000100011010010001110111101000011100110,11110111011010101011001011100010000001000000100011010010001110111101000011100110,2,0,1,0.006
2,11100111011010100011001011100010000001000000100011010010001110111101000011100110,11110111011010101011001011100010000001000000100011010010001110111101000011100110,2,0,1,0.006
2,11100111011010101001001011100010000001000000100011010010001110111101000011100110,11110111011010101011001011100010000001000000100011010010001110111101000011100110,2,0,1,0.006
2,11100111011010101010001011100010000001000000100011010010001110111101000011100110,11110111011010101011001011100010000001000000100011010010001110111101000011100110,2,0,1,0.006
2,11100111011010101011000011100010000001000000100011010010001110111101000011100110,11110111011010101011001011100010000001000000100011010010001110111101000011100110,2,0,1,0.006
2,11100111011010101011001001100010000001000000100011010010001110111101000011100110,11110111011010101011001011100010000001000000100011010010001110111101000011100110,2,0,1,0.006
2,11100111011010101011001010100010000001000000100011010010001110111101000011100110,11110111011010101011001011100010000001000000100011010010001110111101000011100110,2,0,1,0.007
2,11100111011010101011001011000010000001000000100011010010001110111101000011100110,11110111011010101011001011100010000001000000100011010010001110111101000011100110,2,0,1,0.006
2,11100111011010101011001011100000000001000000100011010010001110111101000011100110,11110111011010101011001011100010000001000000100011010010001110111101000011100110,2,0,1,0.006
2,11100111011010101011001011100010000000000000100011010010001110111101000011100110,11110111011010101011001011100010000001000000100011010010001110111101000011100110,2,0,1,0.006
2,11100111011010101011001011100010000001000000000011010010001110111101000011100110,11110111011010101011001011100010000001000000100011010010001110111101000011100110,2,0,1,0.006
2,11100111011010101011001011100010000001000000100001010010001110111101000011100110,11110111011010101011001011100010000001000000100011010010001110111101000011100110,2,0,1,0.006
2,11100111011010101011001011100010000001000000100010010010001110111101000011100110,11110111011010101011001011100010000001000000100011010010001110111101000011100110,2,0,1,0.006
2,11100111011010101011001011100010000001000000100011000010001110111101000011100110,11110111011010101011001011100010000001000000100011010010001110111101000011100110,2,0,1,0.006
2,11100111011010101011001011100010000001000000100011010000001110111101000011100110,11110111011010101011001011100010000001000000100011010010001110111101000011100110,2,0,1,0.007
2,11100111011010101011001011100010000001000000100011010010000110111101000011100110,11110111011010101011001011100010000001000000100011010010001110111101000011100110,2,0,1,0.006
2,11100111011010101011001011100010000001000000100011010010001010111101000011100110,11110111011010101011001011100010000001000000100011010010001110111101000011100110,2,0,1,0.006
2,11100111011010101011001011100010000001000000100011010010001100111101000011100110,11110111011010101011001011100010000001000000100011010010001110111101000011100110,2,0,1,0.006
2,11100111011010101011001011100010000001000000100011010010001110011101000011100110,11110111011010101011001011100010000001000000100011010010001110111101000011100110,2,0,1,0.006
2,11100111011010101011001011100010000001000000100011010010001110101101000011100110,11110111011010101011001011100010000001000000100011010010001110111101000011100110,2,0,1,0.006
2,11100111011010101011001011100010000001000000100011010010001110110101000011100110,11110111011010101011001011100010000001000000100011010010001110111101000011100110,2,0,1,0.006
2,11100111011010101011001011100010000001000000100011010010001110111001000011100110,11110111011010101011001011100010000001000000100011010010001110111101000011100110,2,0,1,0.006
2,11100111011010101011001011100010000001000000100011010010001110111100000011100110,11110111011010101011001011100010000001000000100011010010001110111101000011100110,2,0,1,0.006
2,11100111011010101011001011100010000001000000100011010010001110111101000001100110,11110111011010101011001011100010000001000000100011010010001110111101000011100110,2,0,1,0.006
2,11100111011010101011001011100010000001000000100011010010001110111101000010100110,11110111011010101011001011100010000001000000100011010010001110111101000011100110,2,0,1,0.006
2,11100111011010101011001011100010000001000000100011010010001110111101000011000110,11110111011010101011001011100010000001000000100011010010001110111101000011100110,2,0,1,0.006
2,11100111011010101011001011100010000001000000100011010010001110111101000011100010,11110111011010101011001011100010000001000000100011010010001110111101000011100110,2,0,1,0.007
2,11100111011010101011001011100010000001000000100011010010001110111101000011100100,11110111011010101011001011100010000001000000100011010010001110111101000011100110,2,0,1,0.006
2,11110001011010101011001011100010000001000000100011010010001110111101000011100110,11110111011010101011001011100010000001000000100011010010001110111101000011100110,2,0,1,0.006
2,11110010011010101011001011100010000001000000100011010010001110111101000011100110,11110111011010101011001011100010000001000000100011010010001110111101000011100110,2,0,1,0.006
2,11110011001010101011001011100010000001000000100011010010001110111101000011100110,11110111011010101011001011100010000001000000100011010010001110111101000011100110,2,0,1,0.007
2,11110011010010101011001011100010000001000000100011010010001110111101000011100110,11110111011010101011001011100010000001000000100011010010001110111101000011100110,2,0,1,0.006
2,11110011011000101011001011100010000001000000100011010010001110111101000011100110,11110111011010101011001011100010000001000000100011010010001110111101000011100110,2,0,1,0.006
2,11110011011010001011001011100010000001000000100011010010001110111101000011100110,11110111011010101011001011100010000001000000100011010010001110111101000011100110,2,0,1,0.006
2,11110011011010100011001011100010000001000000100011010010001110111101000011100110,11110111011010101011001011100010000001000000100011010010001110111101000011100110,2,0,1,0.006
2,11110011011010101001001011100010000001000000100011010010001110111101000011100110,11110111011010101011001011100010000001000000100011010010001110111101000011100110,2,0,1,0.006
2,11110011011010101010001011100010000001000000100011010010001110111101000011100110,11110111011010101011001011100010000001000000100011010010001110111101000011100110,2,0,1,0.006
2,11110011011010101011000011100010000001000000100011010010001110111101000011100110,11110111011010101011001011100010000001000000100011010010001110111101000011100110,2,0,1,0.006
2,11110011011010101011001001100010000001000000100011010010001110111101000011100110,11110111011010101011001011100010000001000000100011010010001110111101000011100110,2,0,1,0.006
2,11110011011010101011001010100010000001000000100011010010001110111101000011100110,11110111011010101011001011100010000001000000100011010010001110111101000011100110,2,0,1,0.006
2,11110011011010101011001011000010000001000000100011010010001110111101000011100110,11110111011010101011001011100010000001000000100011010010001110111101000011100110,2,0,1,0.006
2,11110011011010101011001011100000000001000000100011010010001110111101000011100110,11110111011010101011001011100010000001000000100011010010001110111101000011100110,2,0,1,0.006
2,11110011011010101011001011100010000000000000100011010010001110111101000011100110,11110111011010101011001011100010000001000000100011010010001110111101000011100110,2,0,1,0.006
2,11110011011010101011001011100010000001000000000011010010001110111101000011100110,11110111011010101011001011100010000001000000100011010010001110111101000011100110,2,0,1,0.006
2,11110011011010101011001011100010000001000000100001010010001110111101000011100110,11110111011010101011001011100010000001000000100011010010001110111101000011100110,2,0,1,0.006
2,11110011011010101011001011100010000001000000100010010010001110111101000011100110,11110111011010101011001011100010000001000000100011010010001110111101000011100110,2,0,1,0.006
2,11110011011010101011001011100010000001000000100011000010001110111101000011100110,11110111011010101011001011100010000001000000100011010010001110111101000011100110,2,0,1,0.006
2,11110011011010101011001011100010000001000000100011010000001110111101000011100110,11110111011010101011001011100010000001000000100011010010001110111101000011100110,2,0,1,0.006
2,11110011011010101011001011100010000001000000100011010010000110111101000011100110,11110111011010101011001011100010000001000000100011010010001110111101000011100110,2,0,1,0.006
2,11110011011010101011001011100010000001000000100011010010001010111101000011100110,11110111011010101011001011100010000001000000100011010010001110111101000011100110,2,0,1,0.006
2,11110011011010101011001011100010000001000000100011010010001100111101000011100110,11110111011010101011001011100010000001000000100011010010001110111101000011100110,2,0,1,0.006
2,11110011011010101011001011100010000001000000100011010010001110011101000011100110,11110111011010101011001011100010000001000000100011010010001110111101000011100110,2,0,1,0.006
2,11110011011010101011001011100010000001000000100011010010001110101101000011100110,11110111011010101011001011100010000001000000100011010010001110111101000011100110,2,0,1,0.006
2,11110011011010101011001011100010000001000000100011010010001110110101000011100110,11110111011010101011001011100010000001000000100011010010001110111101000011100110,2,0,1,0.006
2,11110011011010101011001011100010000001000000100011010010001110111001000011100110,11110111011010101011001011100010000001000000100011010010001110111101000011100110,2,0,1,0.006
2,11110011011010101011001011100010000001000000100011010010001110111100000011100110,11110111011010101011001011100010000001000000100011010010001110111101000011100110,2,0,1,0.006
2,11110011011010101011001011100010000001000000100011010010001110111101000001100110,11110111011010101011001011100010000001000000100011010010001110111101000011100110,2,0,1,0.006
2,11110011011010101011001011100010000001000000100011010010001110111101000010100110,11110111011010101011001011100010000001000000100011010010001110111101000011100110,2,0,1,0.006
2,11110011011010101011001011100010000001000000100011010010001110111101000011000110,11110111011010101011001011100010000001000000100011010010001110111101000011100110,2,0,1,0.007
2,11110011011010101011001011100010000001000000100011010010001110111101000011100010,11110111011010101011001011100010000001000000100011010010001110111101000011100110,2,0,1,0.006
2,11110011011010101011001011100010000001000000100011010010001110111101000011100100,11110111011010101011001011100010000001000000100011010010001110111101000011100110,2,0,1,0.006
2,11110100011010101011001011100010000001000000100011010010001110111101000011100110,11110111011010101011001011100010000001000000100011010010001110111101000011100110,2,0,1,0.006
2,11110101001010101011001011100010000001000000100011010010001110111101000011100110,11110111011010101011001011100010000001000000100011010010001110111101000011100110,2,0,1,0.007
2,11110101010010101011001011100010000001000000100011010010001110111101000011100110,11110111011010101011001011100010000001000000100011010010001110111101000011100110,2,0,1,0.006
2,11110101011000101011001011100010000001000000100011010010001110111101000011100110,11110111011010101011001011100010000001000000100011010010001110111101000011100110,2,0,1,0.006
2,11110101011010001011001011100010000001000000100011010010001110111101000011100110,11110111011010101011001011100010000001000000100011010010001110111101000011100110,2,0,1,0.006
2,11110101011010100011001011100010000001000000100011010010001110111101000011100110,11110111011010101011001011100010000001000000100011010010001110111101000011100110,2,0,1,0.006
2,11110101011010101001001011100010000001000000100011010010001110111101000011100110,11110111011010101011001011100010000001000000100011010010001110111101000011100110,2,0,1,0.006
2,11110101011010101010001011100010000001000000100011010010001110111101000011100110,11110111011010101011001011100010000001000000100011010010001110111101000011100110,2,0,1,0.006
2,11110101011010101011000011100010000001000000100011010010001110111101000011100110,11110111011010101011001011100010000001000000100011010010001110111101000011100110,2,0,1,0.006
2,11110101011010101011001001100010000001000000100011010010001110111101000011100110,11110111011010101011001011100010000001000000100011010010001110111101000011100110,2,0,1,0.006
2,11110101011010101011001010100010000001000000100011010010001110111101000011100110,11110111011010101011001011100010000001000000100011010010001110111101000011100110,2,0,1,0.006
2,11110101011010101011001011000010000001000000100011010010001110111101000011100110,11110111011010101011001011100010000001000000100011010010001110111101000011100110,2,0,1,0.006
2,11110101011010101011001011100000000001000000100011010010001110111101000011100110,11110111011010101011001011100010000001000000100011010010001110111101000011100110,2,0,1,0.006
2,11110101011010101011001011100010000000000000100011010010001110111101000011100110,11110111011010101011001011100010000001000000100011010010001110111101000011100110,2,0,1,0.007
2,11110101011010101011001011100010000001000000000011010010001110111101000011100110,11110111011010101011001011100010000001000000100011010010001110111101000011100110,2,0,1,0.006
2,11110101011010101011001011100010000001000000100001010010001110111101000011100110,11110111011010101011001011100010000001000000100011010010001110111101000011100110,2,0,1,0.006
2,11110101011010101011001011100010000001000000100010010010001110111101000011100110,11110111011010101011001011100010000001000000100011010010001110111101000011100110,2,0,1,0.006
2,11110101011010101011001011100010000001000000100011000010001110111101000011100110,11110111011010101011001011100010000001000000100011010010001110111101000011100110,2,0,1,0.007
2,11110101011010101011001011100010000001000000100011010000001110111101000011100110,11110111011010101011001011100010000001000000100011010010001110111101000011100110,2,0,1,0.006
2,11110101011010101011001011100010000001000000100011010010000110111101000011100110,11110111011010101011001011100010000001000000100011010010001110111101000011100110,2,0,1,0.006
2,11110101011010101011001011100010000001000000100011010010001010111101000011100110,11110111011010101011001011100010000001000000100011010010001110111101000011100110,2,0,1,0.006
2,11110101011010101011001011100010000001000000100011010010001100111101000011100110,11110111011010101011001011100010000001000000100011010010001110111101000011100110,2,0,1,0.006
2,11110101011010101011001011100010000001000000100011010010001110011101000011100110,11110111011010101011001011100010000001000000100011010010001110111101000011100110,2,0,1,0.006
2,11110101011010101011001011100010000001000000100011010010001110101101000011100110,11110111011010101011001011100010000001000000100011010010001110111101000011100110,2,0,1,0.006
2,11110101011010101011001011100010000001000000100011010010001110110101000011100110,11110111011010101011001011100010000001000000100011010010001110111101000011100110,2,0,1,0.006
2,11110101011010101011001011100010000001000000100011010010001110111001000011100110,11110111011010101011001011100010000001000000100011010010001110111101000011100110,2,0,1,0.007
2,11110101011010101011001011100010000001000000100011010010001110111100000011100110,11110111011010101011001011100010000001000000100011010010001110111101000011100110,2,0,1,0.006
2,11110101011010101011001011100010000001000000100011010010001110111101000001100110,11110111011010101011001011100010000001000000100011010010001110111101000011100110,2,0,1,0.006
2,11110101011010101011001011100010000001000000100011010010001110111101000010100110,11110111011010101011001011100010000001000000100011010010001110111101000011100110,2,0,1,0.006
2,11110101011010101011001011100010000001000000100011010010001110111101000011000110,11110111011010101011001011100010000001000000100011010010001110111101000011100110,2,0,1,0.007
2,11110101011010101011001011100010000001000000100011010010001110111101000011100010,11110111011010101011001011100010000001000000100011010010001110111101000011100110,2,0,1,0.006
2,11110101011010101011001011100010000001000000100011010010001110111101000011100100,11110111011010101011001011100010000001000000100011010010001110111101000011100110,2,0,1,0.007
2,11110110001010101011001011100010000001000000100011010010001110111101000011100110,11110111011010101011001011100010000001000000100011010010001110111101000011100110,2,0,1,0.006
2,11110110010010101011001011100010000001000000100011010010001110111101000011100110,11110111011010101011001011100010000001000000100011010010001110111101000011100110,2,0,1,0.006
2,11110110011000101011001011100010000001000000100011010010001110111101000011100110,11110111011010101011001011100010000001000000100011010010001110111101000011100110,2,0,1,0.006
2,11110110011010001011001011100010000001000000100011010010001110111101000011100110,11110111011010101011001011100010000001000000100011010010001110111101000011100110,2,0,1,0.006
2,11110110011010100011001011100010000001000000100011010010001110111101000011100110,11110111011010101011001011100010000001000000100011010010001110111101000011100110,2,0,1,0.006
2,11110110011010101001001011100010000001000000100011010010001110111101000011100110,11110111011010101011001011100010000001000000100011010010001110111101000011100110,2,0,1,0.007
2,11110110011010101010001011100010000001000000100011010010001110111101000011100110,11110111011010101011001011100010000001000000100011010010001110111101000011100110,2,0,1,0.006
2,11110110011010101011000011100010000001000000100011010010001110111101000011100110,11110111011010101011001011100010000001000000100011010010001110111101000011100110,2,0,1,0.007
2,11110110011010101011001001100010000001000000100011010010001110111101000011100110,11110111011010101011001011100010000001000000100011010010001110111101000011100110,2,0,1,0.007
2,11110110011010101011001010100010000001000000100011010010001110111101000011100110,11110111011010101011001011100010000001000000100011010010001110111101000011100110,2,0,1,0.006
2,11110110011010101011001011000010000001000000100011010010001110111101000011100110,11110111011010101011001011100010000001000000100011010010001110111101000011100110,2,0,1,0.006
2,11110110011010101011001011100000000001000000100011010010001110111101000011100110,11110111011010101011001011100010000001000000100011010010001110111101000011100110,2,0,1,0.006
2,11110110011010101011001011100010000000000000100011010010001110111101000011100110,11110111011010101011001011100010000001000000100011010010001110111101000011100110,2,0,1,0.006
2,11110110011010101011001011100010000001000000000011010010001110111101000011100110,11110111011010101011001011100010000001000000100011010010001110111101000011100110,2,0,1,0.007
2,11110110011010101011001011100010000001000000100001010010001110111101000011100110,11110111011010101011001011100010000001000000100011010010001110111101000011100110,2,0,1,0.006
2,11110110011010101011001011100010000001000000100010010010001110111101000011100110,11110111011010101011001011100010000001000000100011010010001110111101000011100110,2,0,1,0.006
2,11110110011010101011001011100010000001000000100011000010001110111101000011100110,11110111011010101011001011100010000001000000100011010010001110111101000011100110,2,0,1,0.007
2,11110110011010101011001011100010000001000000100011010000001110111101000011100110,11110111011010101011001011100010000001000000100011010010001110111101000011100110,2,0,1,0.006
2,11110110011010101011001011100010000001000000100011010010000110111101000011100110,11110111011010101011001011100010000001000000100011010010001110111101000011100110,2,0,1,0.006
2,11110110011010101011001011100010000001000000100011010010001010111101000011100110,11110111011010101011001011100010000001000000100011010010001110111101000011100110,2,0,1,0.006
2,11110110011010101011001011100010000001000000100011010010001100111101000011100110,11110111011010101011001011100010000001000000100011010010001110111101000011100110,2,0,1,0.006
2,11110110011010101011001011100010000001000000100011010010001110011101000011100110,11110111011010101011001011100010000001000000100011010010001110111101000011100110,2,0,1,0.006
2,11110110011010101011001011100010000001000000100011010010001110101101000011100110,11110111011010101011001011100010000001000000100011010010001110111101000011100110,2,0,1,0.006
2,11110110011010101011001011100010000001000000100011010010001110110101000011100110,11110111011010101011001011100010000001000000100011010010001110111101000011100110,2,0,1,0.006
2,11110110011010101011001011100010000001000000100011010010001110111001000011100110,11110111011010101011001011100010000001000000100011010010001110111101000011100110,2,0,1,0.006
2,11110110011010101011001011100010000001000000100011010010001110111100000011100110,11110111011010101011001011100010000001000000100011010010001110111101000011100110,2,0,1,0.006
2,11110110011010101011001011100010000001000000100011010010001110111101000001100110,11110111011010101011001011100010000001000000100011010010001110111101000011100110,2,0,1,0.007
2,11110110011010101011001011100010000001000000100011010010001110111101000010100110,11110111011010101011001011100010000001000000100011010010001110111101000011100110,2,0,1,0.007
2,11110110011010101011001011100010000001000000100011010010001110111101000011000110,11110111011010101011001011100010000001000000100011010010001110111101000011100110,2,0,1,0.007
2,11110110011010101011001011100010000001000000100011010010001110111101000011100010,11110111011010101011001011100010000001000000100011010010001110111101000011100110,2,0,1,0.007
2,11110110011010101011001011100010000001000000100011010010001110111101000011100100,11110111011010101011001011100010000001000000100011010010001110111101000011100110,2,0,1,0.007
2,11110111000010101011001011100010000001000000100011010010001110111101000011100110,11110111011010101011001011100010000001000000100011010010001110111101000011100110,2,0,1,0.006
2,11110111001000101011001011100010000001000000100011010010001110111101000011100110,11110111011010101011001011100010000001000000100011010010001110111101000011100110,2,0,1,0.006
2,11110111001010001011001011100010000001000000100011010010001110111101000011100110,11110111011010101011001011100010000001000000100011010010001110111101000011100110,2,0,1,0.006
2,11110111001010100011001011100010000001000000100011010010001110111101000011100110,11110111011010101011001011100010000001000000100011010010001110111101000011100110,2,0,1,0.006
2,11110111001010101001001011100010000001000000100011010010001110111101000011100110,11110111011010101011001011100010000001000000100011010010001110111101000011100110,2,0,1,0.006
2,11110111001010101010001011100010000001000000100011010010001110111101000011100110,11110111011010101011001011100010000001000000100011010010001110111101000011100110,2,0,1,0.006
2,11110111001010101011000011100010000001000000100011010010001110111101000011100110,11110111011010101011001011100010000001000000100011010010001110111101000011100110,2,0,1,0.006
2,11110111001010101011001001100010000001000000100011010010001110111101000011100110,11110111011010101011001011100010000001000000100011010010001110111101000011100110,2,0,1,0.006
2,11110111001010101011001010100010000001000000100011010010001110111101000011100110,11110111011010101011001011100010000001000000100011010010001110111101000011100110,2,0,1,0.006
2,11110111001010101011001011000010000001000000100011010010001110111101000011100110,11110111011010101011001011100010000001000000100011010010001110111101000011100110,2,0,1,0.006
2,11110111001010101011001011100000000001000000100011010010001110111101000011100110,11110111011010101011001011100010000001000000100011010010001110111101000011100110,2,0,1,0.006
2,11110111001010101011001011100010000000000000100011010010001110111101000011100110,11110111011010101011001011100010000001000000100011010010001110111101000011100110,2,0,1,0.006
2,11110111001010101011001011100010000001000000000011010010001110111101000011100110,11110111011010101011001011100010000001000000100011010010001110111101000011100110,2,0,1,0.006
2,11110111001010101011001011100010000001000000100001010010001110111101000011100110,11110111011010101011001011100010000001000000100011010010001110111101000011100110,2,0,1,0.006
2,11110111001010101011001011100010000001000000100010010010001110111101000011100110,11110111011010101011001011100010000001000000100011010010001110111101000011100110,2,0,1,0.007
2,11110111001010101011001011100010000001000000100011000010001110111101000011100110,11110111011010101011001011100010000001000000100011010010001110111101000011100110,2,0,1,0.007
2,11110111001010101011001011100010000001000000100011010000001110111101000011100110,11110111011010101011001011100010000001000000100011010010001110111101000011100110,2,0,1,0.007
2,11110111001010101011001011100010000001000000100011010010000110111101000011100110,11110111011010101011001011100010000001000000100011010010001110111101000011100110,2,0,1,0.007
2,11110111001010101011001011100010000001000000100011010010001010111101000011100110,11110111011010101011001011100010000001000000100011010010001110111101000011100110,2,0,1,0.007
2,11110111001010101011001011100010000001000000100011010010001100111101000011100110,11110111011010101011001011100010000001000000100011010010001110111101000011100110,2,0,1,0.006
2,11110111001010101011001011100010000001000000100011010010001110011101000011100110,11110111011010101011001011100010000001000000100011010010001110111101000011100110,2,0,1,0.006
2,11110111001010101011001011100010000001000000100011010010001110101101000011100110,11110111011010101011001011100010000001000000100011010010001110111101000011100110,2,0,1,0.006
2,11110111001010101011001011100010000001000000100011010010001110110101000011100110,11110111011010101011001011100010000001000000100011010010001110111101000011100110,2,0,1,0.007
2,11110111001010101011001011100010000001000000100011010010001110111001000011100110,11110111011010101011001011100010000001000000100011010010001110111101000011100110,2,0,1,0.006
2,11110111001010101011001011100010000001000000100011010010001110111100000011100110,11110111011010101011001011100010000001000000100011010010001110111101000011100110,2,0,1,0.006
2,11110111001010101011001011100010000001000000100011010010001110111101000001100110,11110111011010101011001011100010000001000000100011010010001110111101000011100110,2,0,1,0.007
2,11110111001010101011001011100010000001000000100011010010001110111101000010100110,11110111011010101011001011100010000001000000100011010010001110111101000011100110,2,0,1,0.007
2,11110111001010101011001011100010000001000000100011010010001110111101000011000110,11110111011010101011001011100010000001000000100011010010001110111101000011100110,2,0,1,0.007
2,11110111001010101011001011100010000001000000100011010010001110111101000011100010,11110111011010101011001011100010000001000000100011010010001110111101000011100110,2,0,1,0.007
2,11110111001010101011001011100010000001000000100011010010001110111101000011100100,11110111011010101011001011100010000001000000100011010010001110111101000011100110,2,0,1,0.006
2,11110111010000101011001011100010000001000000100011010010001110111101000011100110,11110111011010101011001011100010000001000000100011010010001110111101000011100110,2,0,1,0.006
2,11110111010010001011001011100010000001000000100011010010001110111101000011100110,11110111011010101011001011100010000001000000100011010010001110111101000011100110,2,0,1,0.006
2,11110111010010100011001011100010000001000000100011010010001110111101000011100110,11110111011010101011001011100010000001000000100011010010001110111101000011100110,2,0,1,0.006
2,11110111010010101001001011100010000001000000100011010010001110111101000011100110,11110111011010101011001011100010000001000000100011010010001110111101000011100110,2,0,1,0.006
2,11110111010010101010001011100010000001000000100011010010001110111101000011100110,11110111011010101011001011100010000001000000100011010010001110111101000011100110,2,0,1,0.006
2,11110111010010101011000011100010000001000000100011010010001110111101000011100110,11110111011010101011001011100010000001000000100011010010001110111101000011100110,2,0,1,0.006
2,11110111010010101011001001100010000001000000100011010010001110111101000011100110,11110111011010101011001011100010000001000000100011010010001110111101000011100110,2,0,1,0.006
2,11110111010010101011001010100010000001000000100011010010001110111101000011100110,11110111011010101011001011100010000001000000100011010010001110111101000011100110,2,0,1,0.006
2,11110111010010101011001011000010000001000000100011010010001110111101000011100110,11110111011010101011001011100010000001000000100011010010001110111101000011100110,2,0,1,0.006
2,11110111010010101011001011100000000001000000100011010010001110111101000011100110,11110111011010101011001011100010000001000000100011010010001110111101000011100110,2,0,1,0.006
2,11110111010010101011001011100010000000000000100011010010001110111101000011100110,11110111011010101011001011100010000001000000100011010010001110111101000011100110,2,0,1,0.006
2,11110111010010101011001011100010000001000000000011010010001110111101000011100110,11110111011010101011001011100010000001000000100011010010001110111101000011100110,2,0,1,0.006
2,11110111010010101011001011100010000001000000100001010010001110111101000011100110,11110111011010101011001011100010000001000000100011010010001110111101000011100110,2,0,1,0.006
2,11110111010010101011001011100010000001000000100010010010001110111101000011100110,11110111011010101011001011100010000001000000100011010010001110111101000011100110,2,0,1,0.006
2,11110111010010101011001011100010000001000000100011000010001110111101000011100110,11110111011010101011001011100010000001000000100011010010001110111101000011100110,2,0,1,0.006
2,11110111010010101011001011100010000001000000100011010000001110111101000011100110,11110111011010101011001011100010000001000000100011010010001110111101000011100110,2,0,1,0.006
2,11110111010010101011001011100010000001000000100011010010000110111101000011100110,11110111011010101011001011100010000001000000100011010010001110111101000011100110,2,0,1,0.006
2,11110111010010101011001011100010000001000000100011010010001010111101000011100110,11110111011010101011001011100010000001000000100011010010001110111101000011100110,2,0,1,0.006
2,11110111010010101011001011100010000001000000100011010010001100111101000011100110,11110111011010101011001011100010000001000000100011010010001110111101000011100110,2,0,1,0.006
2,11110111010010101011001011100010000001000000100011010010001110011101000011100110,11110111011010101011001011100010000001000000100011010010001110111101000011100110,2,0,1,0.006
2,11110111010010101011001011100010000001000000100011010010001110101101000011100110,11110111011010101011001011100010000001000000100011010010001110111101000011100110,2,0,1,0.006
2,11110111010010101011001011100010000001000000100011010010001110110101000011100110,11110111011010101011001011100010000001000000100011010010001110111101000011100110,2,0,1,0.006
2,11110111010010101011001011100010000001000000100011010010001110111001000011100110,11110111011010101011001011100010000001000000100011010010001110111101000011100110,2,0,1,0.006
2,11110111010010101011001011100010000001000000100011010010001110111100000011100110,11110111011010101011001011100010000001000000100011010010001110111101000011100110,2,0,1,0.006
2,11110111010010101011001011100010000001000000100011010010001110111101000001100110,11110111011010101011001011100010000001000000100011010010001110111101000011100110,2,0,1,0.006
2,11110111010010101011001011100010000001000000100011010010001110111101000010100110,11110111011010101011001011100010000001000000100011010010001110111101000011100110,2,0,1,0.006
2,11110111010010101011001011100010000001000000100011010010001110111101000011000110,11110111011010101011001011100010000001000000100011010010001110111101000011100110,2,0,1,0.006
2,11110111010010101011001011100010000001000000100011010010001110111101000011100010,11110111011010101011001011100010000001000000100011010010001110111101000011100110,2,0,1,0.006
2,11110111010010101011001011100010000001000000100011010010001110111101000011100100,11110111011010101011001011100010000001000000100011010010001110111101000011100110,2,0,1,0.006
2,11110111011000001011001011100010000001000000100011010010001110111101000011100110,11110111011010101011001011100010000001000000100011010010001110111101000011100110,2,0,1,0.006
2,11110111011000100011001011100010000001000000100011010010001110111101000011100110,11110111011010101011001011100010000001000000100011010010001110111101000011100110,2,0,1,0.006
2,11110111011000101001001011100010000001000000100011010010001110111101000011100110,11110111011010101011001011100010000001000000100011010010001110111101000011100110,2,0,1,0.006
2,11110111011000101010001011100010000001000000100011010010001110111101000011100110,11110111011010101011001011100010000001000000100011010010001110111101000011100110,2,0,1,0.006
2,11110111011000101011000011100010000001000000100011010010001110111101000011100110,11110111011010101011001011100010000001000000100011010010001110111101000011100110,2,0,1,0.006
2,11110111011000101011001001100010000001000000100011010010001110111101000011100110,11110111011010101011001011100010000001000000100011010010001110111101000011100110,2,0,1,0.006
2,11110111011000101011001010100010000001000000100011010010001110111101000011100110,11110111011010101011001011100010000001000000100011010010001110111101000011100110,2,0,1,0.007
2,11110111011000101011001011000010000001000000100011010010001110111101000011100110,11110111011010101011001011100010000001000000100011010010001110111101000011100110,2,0,1,0.006
2,11110111011000101011001011100000000001000000100011010010001110111101000011100110,11110111011010101011001011100010000001000000100011010010001110111101000011100110,2,0,1,0.006
2,11110111011000101011001011100010000000000000100011010010001110111101000011100110,11110111011010101011001011100010000001000000100011010010001110111101000011100110,2,0,1,0.006
2,11110111011000101011001011100010000001000000000011010010001110111101000011100110,11110111011010101011001011100010000001000000100011010010001110111101000011100110,2,0,1,0.006
2,11110111011000101011001011100010000001000000100001010010001110111101000011100110,11110111011010101011001011100010000001000000100011010010001110111101000011100110,2,0,1,0.006
2,11110111011000101011001011100010000001000000100010010010001110111101000011100110,11110111011010101011001011100010000001000000100011010010001110111101000011100110,2,0,1,0.006
2,11110111011000101011001011100010000001000000100011000010001110111101000011100110,11110111011010101011001011100010000001000000100011010010001110111101000011100110,2,0,1,0.006
2,11110111011000101011001011100010000001000000100011010000001110111101000011100110,11110111011010101011001011100010000001000000100011010010001110111101000011100110,2,0,1,0.006
2,11110111011000101011001011100010000001000000100011010010000110111101000011100110,11110111011010101011001011100010000001000000100011010010001110111101000011100110,2,0,1,0.006
2,11110111011000101011001011100010000001000000100011010010001010111101000011100110,11110111011010101011001011100010000001000000100011010010001110111101000011100110,2,0,1,0.007
2,11110111011000101011001011100010000001000000100011010010001100111101000011100110,11110111011010101011001011100010000001000000100011010010001110111101000011100110,2,0,1,0.006
2,11110111011000101011001011100010000001000000100011010010001110011101000011100110,11110111011010101011001011100010000001000000100011010010001110111101000011100110,2,0,1,0.006
2,11110111011000101011001011100010000001000000100011010010001110101101000011100110,11110111011010101011001011100010000001000000100011010010001110111101000011100110,2,0,1,0.006
2,11110111011000101011001011100010000001000000100011010010001110110101000011100110,11110111011010101011001011100010000001000000100011010010001110111101000011100110,2,0,1,0.006
2,11110111011000101011001011100010000001000000100011010010001110111001000011100110,11110111011010101011001011100010000001000000100011010010001110111101000011100110,2,0,1,0.006
2,11110111011000101011001011100010000001000000100011010010001110111100000011100110,11110111011010101011001011100010000001000000100011010010001110111101000011100110,2,0,1,0.006
2,11110111011000101011001011100010000001000000100011010010001110111101000001100110,11110111011010101011001011100010000001000000100011010010001110111101000011100110,2,0,1,0.006
2,11110111011000101011001011100010000001000000100011010010001110111101000010100110,11110111011010101011001011100010000001000000100011010010001110111101000011100110,2,0,1,0.006
2,11110111011000101011001011100010000001000000100011010010001110111101000011000110,11110111011010101011001011100010000001000000100011010010001110111101000011100110,2,0,1,0.006
2,11110111011000101011001011100010000001000000100011010010001110111101000011100010,11110111011010101011001011100010000001000000100011010010001110111101000011100110,2,0,1,0.006
2,11110111011000101011001011100010000001000000100011010010001110111101000011100100,11110111011010101011001011100010000001000000100011010010001110111101000011100110,2,0,1,0.007
2,11110111011010000011001011100010000001000000100011010010001110111101000011100110,11110111011010101011001011100010000001000000100011010010001110111101000011100110,2,0,1,0.006
2,11110111011010001001001011100010000001000000100011010010001110111101000011100110,11110111011010101011001011100010000001000000100011010010001110111101000011100110,2,0,1,0.006
2,11110111011010001010001011100010000001000000100011010010001110111101000011100110,11110111011010101011001011100010000001000000100011010010001110111101000011100110,2,0,1,0.006
2,11110111011010001011000011100010000001000000100011010010001110111101000011100110,11110111011010101011001011100010000001000000100011010010001110111101000011100110,2,0,1,0.007
2,11110111011010001011001001100010000001000000100011010010001110111101000011100110,11110111011010101011001011100010000001000000100011010010001110111101000011100110,2,0,1,0.006
2,11110111011010001011001010100010000001000000100011010010001110111101000011100110,11110111011010101011001011100010000001000000100011010010001110111101000011100110,2,0,1,0.006
2,11110111011010001011001011000010000001000000100011010010001110111101000011100110,11110111011010101011001011100010000001000000100011010010001110111101000011100110,2,0,1,0.006
2,11110111011010001011001011100000000001000000100011010010001110111101000011100110,11110111011010101011001011100010000001000000100011010010001110111101000011100110,2,0,1,0.007
2,11110111011010001011001011100010000000000000100011010010001110111101000011100110,11110111011010101011001011100010000001000000100011010010001110111101000011100110,2,0,1,0.006
2,11110111011010001011001011100010000001000000000011010010001110111101000011100110,11110111011010101011001011100010000001000000100011010010001110111101000011100110,2,0,1,0.006
2,11110111011010001011001011100010000001000000100001010010001110111101000011100110,11110111011010101011001011100010000001000000100011010010001110111101000011100110,2,0,1,0.006
2,11110111011010001011001011100010000001000000100010010010001110111101000011100110,11110111011010101011001011100010000001000000100011010010001110111101000011100110,2,0,1,0.007
2,11110111011010001011001011100010000001000000100011000010001110111101000011100110,11110111011010101011001011100010000001000000100011010010001110111101000011100110,2,0,1,0.006
2,11110111011010001011001011100010000001000000100011010000001110111101000011100110,11110111011010101011001011100010000001000000100011010010001110111101000011100110,2,0,1,0.006
2,11110111011010001011001011100010000001000000100011010010000110111101000011100110,11110111011010101011001011100010000001000000100011010010001110111101000011100110,2,0,1,0.006
2,11110111011010001011001011100010000001000000100011010010001010111101000011100110,11110111011010101011001011100010000001000000100011010010001110111101000011100110,2,0,1,0.006
2,11110111011010001011001011100010000001000000100011010010001100111101000011100110,11110111011010101011001011100010000001000000100011010010001110111101000011100110,2,0,1,0.006
2,11110111011010001011001011100010000001000000100011010010001110011101000011100110,11110111011010101011001011100010000001000000100011010010001110111101000011100110,2,0,1,0.006
2,11110111011010001011001011100010000001000000100011010010001110101101000011100110,11110111011010101011001011100010000001000000100011010010001110111101000011100110,2,0,1,0.006
2,11110111011010001011001011100010000001000000100011010010001110110101000011100110,11110111011010101011001011100010000001000000100011010010001110111101000011100110,2,0,1,0.006
2,11110111011010001011001011100010000001000000100011010010001110111001000011100110,11110111011010101011001011100010000001000000100011010010001110111101000011100110,2,0,1,0.006
2,11110111011010001011001011100010000001000000100011010010001110111100000011100110,11110111011010101011001011100010000001000000100011010010001110111101000011100110,2,0,1,0.006
2,11110111011010001011001011100010000001000000100011010010001110111101000001100110,11110111011010101011001011100010000001000000100011010010001110111101000011100110,2,0,1,0.006
2,11110111011010001011001011100010000001000000100011010010001110111101000010100110,11110111011010101011001011100010000001000000100011010010001110111101000011100110,2,0,1,0.006
2,11110111011010001011001011100010000001000000100011010010001110111101000011000110,11110111011010101011001011100010000001000000100011010010001110111101000011100110,2,0,1,0.006
2,11110111011010001011001011100010000001000000100011010010001110111101000011100010,11110111011010101011001011100010000001000000100011010010001110111101000011100110,2,0,1,0.006
2,11110111011010001011001011100010000001000000100011010010001110111101000011100100,11110111011010101011001011100010000001000000100011010010001110111101000011100110,2,0,1,0.006
2,11110111011010100001001011100010000001000000100011010010001110111101000011100110,11110111011010101011001011100010000001000000100011010010001110111101000011100110,2,0,1,0.006
2,11110111011010100010001011100010000001000000100011010010001110111101000011100110,11110111011010101011001011100010000001000000100011010010001110111101000011100110,2,0,1,0.006
2,11110111011010100011000011100010000001000000100011010010001110111101000011100110,11110111011010101011001011100010000001000000100011010010001110111101000011100110,2,0,1,0.006
2,11110111011010100011001001100010000001000000100011010010001110111101000011100110,11110111011010101011001011100010000001000000100011010010001110111101000011100110,2,0,1,0.006
2,11110111011010100011001010100010000001000000100011010010001110111101000011100110,11110111011010101011001011100010000001000000100011010010001110111101000011100110,2,0,1,0.007
2,11110111011010100011001011000010000001000000100011010010001110111101000011100110,11110111011010101011001011100010000001000000100011010010001110111101000011100110,2,0,1,0.006
2,11110111011010100011001011100000000001000000100011010010001110111101000011100110,11110111011010101011001011100010000001000000100011010010001110111101000011100110,2,0,1,0.006
2,11110111011010100011001011100010000000000000100011010010001110111101000011100110,11110111011010101011001011100010000001000000100011010010001110111101000011100110,2,0,1,0.006
2,11110111011010100011001011100010000001000000000011010010001110111101000011100110,11110111011010101011001011100010000001000000100011010010001110111101000011100110,2,0,1,0.006
2,11110111011010100011001011100010000001000000100001010010001110111101000011100110,11110111011010101011001011100010000001000000100011010010001110111101000011100110,2,0,1,0.006
2,11110111011010100011001011100010000001000000100010010010001110111101000011100110,11110111011010101011001011100010000001000000100011010010001110111101000011100110,2,0,1,0.006
2,11110111011010100011001011100010000001000000100011000010001110111101000011100110,11110111011010101011001011100010000001000000100011010010001110111101000011100110,2,0,1,0.006
2,11110111011010100011001011100010000001000000100011010000001110111101000011100110,11110111011010101011001011100010000001000000100011010010001110111101000011100110,2,0,1,0.006
2,11110111011010100011001011100010000001000000100011010010000110111101000011100110,11110111011010101011001011100010000001000000100011010010001110111101000011100110,2,0,1,0.006
2,11110111011010100011001011100010000001000000100011010010001010111101000011100110,11110111011010101011001011100010000001000000100011010010001110111101000011100110,2,0,1,0.006
2,11110111011010100011001011100010000001000000100011010010001100111101000011100110,11110111011010101011001011100010000001000000100011010010001110111101000011100110,2,0,1,0.006
2,11110111011010100011001011100010000001000000100011010010001110011101000011100110,11110111011010101011001011100010000001000000100011010010001110111101000011100110,2,0,1,0.006
2,11110111011010100011001011100010000001000000100011010010001110101101000011100110,11110111011010101011001011100010000001000000100011010010001110111101000011100110,2,0,1,0.006
2,11110111011010100011001011100010000001000000100011010010001110110101000011100110,11110111011010101011001011100010000001000000100011010010001110111101000011100110,2,0,1,0.006
2,11110111011010100011001011100010000001000000100011010010001110111001000011100110,11110111011010101011001011100010000001000000100011010010001110111101000011100110,2,0,1,0.006
2,11110111011010100011001011100010000001000000100011010010001110111100000011100110,11110111011010101011001011100010000001000000100011010010001110111101000011100110,2,0,1,0.007
2,11110111011010100011001011100010000001000000100011010010001110111101000001100110,11110111011010101011001011100010000001000000100011010010001110111101000011100110,2,0,1,0.006
2,11110111011010100011001011100010000001000000100011010010001110111101000010100110,11110111011010101011001011100010000001000000100011010010001110111101000011100110,2,0,1,0.006
2,11110111011010100011001011100010000001000000100011010010001110111101000011000110,11110111011010101011001011100010000001000000100011010010001110111101000011100110,2,0,1,0.006
2,11110111011010100011001011100010000001000000100011010010001110111101000011100010,11110111011010101011001011100010000001000000100011010010001110111101000011100110,2,0,1,0.006
2,11110111011010100011001011100010000001000000100011010010001110111101000011100100,11110111011010101011001011100010000001000000100011010010001110111101000011100110,2,0,1,0.006
2,11110111011010101000001011100010000001000000100011010010001110111101000011100110,11110111011010101011001011100010000001000000100011010010001110111101000011100110,2,0,1,0.006
2,11110111011010101001000011100010000001000000100011010010001110111101000011100110,11110111011010101011001011100010000001000000100011010010001110111101000011100110,2,0,1,0.006
2,11110111011010101001001001100010000001000000100011010010001110111101000011100110,11110111011010101011001011100010000001000000100011010010001110111101000011100110,2,0,1,0.006
2,11110111011010101001001010100010000001000000100011010010001110111101000011100110,11110111011010101011001011100010000001000000100011010010001110111101000011100110,2,0,1,0.006
2,11110111011010101001001011000010000001000000100011010010001110111101000011100110,11110111011010101011001011100010000001000000100011010010001110111101000011100110,2,0,1,0.007
2,11110111011010101001001011100000000001000000100011010010001110111101000011100110,11110111011010101011001011100010000001000000100011010010001110111101000011100110,2,0,1,0.006
2,11110111011010101001001011100010000000000000100011010010001110111101000011100110,11110111011010101011001011100010000001000000100011010010001110111101000011100110,2,0,1,0.006
2,11110111011010101001001011100010000001000000000011010010001110111101000011100110,11110111011010101011001011100010000001000000100011010010001110111101000011100110,2,0,1,0.006
2,11110111011010101001001011100010000001000000100001010010001110111101000011100110,11110111011010101011001011100010000001000000100011010010001110111101000011100110,2,0,1,0.006
2,11110111011010101001001011100010000001000000100010010010001110111101000011100110,11110111011010101011001011100010000001000000100011010010001110111101000011100110,2,0,1,0.006
2,11110111011010101001001011100010000001000000100011000010001110111101000011100110,11110111011010101011001011100010000001000000100011010010001110111101000011100110,2,0,1,0.006
2,11110111011010101001001011100010000001000000100011010000001110111101000011100110,11110111011010101011001011100010000001000000100011010010001110111101000011100110,2,0,1,0.006
2,11110111011010101001001011100010000001000000100011010010000110111101000011100110,11110111011010101011001011100010000001000000100011010010001110111101000011100110,2,0,1,0.006
2,11110111011010101001001011100010000001000000100011010010001010111101000011100110,11110111011010101011001011100010000001000000100011010010001110111101000011100110,2,0,1,0.006
2,11110111011010101001001011100010000001000000100011010010001100111101000011100110,11110111011010101011001011100010000001000000100011010010001110111101000011100110,2,0,1,0.006
2,11110111011010101001001011100010000001000000100011010010001110011101000011100110,11110111011010101011001011100010000001000000100011010010001110111101000011100110,2,0,1,0.006
2,11110111011010101001001011100010000001000000100011010010001110101101000011100110,11110111011010101011001011100010000001000000100011010010001110111101000011100110,2,0,1,0.007
2,11110111011010101001001011100010000001000000100011010010001110110101000011100110,11110111011010101011001011100010000001000000100011010010001110111101000011100110,2,0,1,0.006
2,11110111011010101001001011100010000001000000100011010010001110111001000011100110,11110111011010101011001011100010000001000000100011010010001110111101000011100110,2,0,1,0.006
2,11110111011010101001001011100010000001000000100011010010001110111100000011100110,11110111011010101011001011100010000001000000100011010010001110111101000011100110,2,0,1,0.006
2,11110111011010101001001011100010000001000000100011010010001110111101000001100110,11110111011010101011001011100010000001000000100011010010001110111101000011100110,2,0,1,0.006
2,11110111011010101001001011100010000001000000100011010010001110111101000010100110,11110111011010101011001011100010000001000000100011010010001110111101000011100110,2,0,1,0.006
2,11110111011010101001001011100010000001000000100011010010001110111101000011000110,11110111011010101011001011100010000001000000100011010010001110111101000011100110,2,0,1,0.006
2,11110111011010101001001011100010000001000000100011010010001110111101000011100010,11110111011010101011001011100010000001000000100011010010001110111101000011100110,2,0,1,0.006
2,11110111011010101001001011100010000001000000100011010010001110111101000011100100,11110111011010101011001011100010000001000000100011010010001110111101000011100110,2,0,1,0.006
2,11110111011010101010000011100010000001000000100011010010001110111101000011100110,11110111011010101011001011100010000001000000100011010010001110111101000011100110,2,0,1,0.006
2,11110111011010101010001001100010000001000000100011010010001110111101000011100110,11110111011010101011001011100010000001000000100011010010001110111101000011100110,2,0,1,0.006
2,11110111011010101010001010100010000001000000100011010010001110111101000011100110,11110111011010101011001011100010000001000000100011010010001110111101000011100110,2,0,1,0.006
2,11110111011010101010001011000010000001000000100011010010001110111101000011100110,11110111011010101011001011100010000001000000100011010010001110111101000011100110,2,0,1,0.006
2,11110111011010101010001011100000000001000000100011010010001110111101000011100110,11110111011010101011001011100010000001000000100011010010001110111101000011100110,2,0,1,0.006
2,11110111011010101010001011100010000000000000100011010010001110111101000011100110,11110111011010101011001011100010000001000000100011010010001110111101000011100110,2,0,1,0.006
2,11110111011010101010001011100010000001000000000011010010001110111101000011100110,11110111011010101011001011100010000001000000100011010010001110111101000011100110,2,0,1,0.006
2,11110111011010101010001011100010000001000000100001010010001110111101000011100110,11110111011010101011001011100010000001000000100011010010001110111101000011100110,2,0,1,0.006
2,11110111011010101010001011100010000001000000100010010010001110111101000011100110,11110111011010101011001011100010000001000000100011010010001110111101000011100110,2,0,1,0.006
2,11110111011010101010001011100010000001000000100011000010001110111101000011100110,11110111011010101011001011100010000001000000100011010010001110111101000011100110,2,0,1,0.006
2,11110111011010101010001011100010000001000000100011010000001110111101000011100110,11110111011010101011001011100010000001000000100011010010001110111101000011100110,2,0,1,0.006
2,11110111011010101010001011100010000001000000100011010010000110111101000011100110,11110111011010101011001011100010000001000000100011010010001110111101000011100110,2,0,1,0.006
2,11110111011010101010001011100010000001000000100011010010001010111101000011100110,11110111011010101011001011100010000001000000100011010010001110111101000011100110,2,0,1,0.006
2,11110111011010101010001011100010000001000000100011010010001100111101000011100110,11110111011010101011001011100010000001000000100011010010001110111101000011100110,2,0,1,0.006
2,11110111011010101010001011100010000001000000100011010010001110011101000011100110,11110111011010101011001011100010000001000000100011010010001110111101000011100110,2,0,1,0.006
2,11110111011010101010001011100010000001000000100011010010001110101101000011100110,11110111011010101011001011100010000001000000100011010010001110111101000011100110,2,0,1,0.006
2,11110111011010101010001011100010000001000000100011010010001110110101000011100110,11110111011010101011001011100010000001000000100011010010001110111101000011100110,2,0,1,0.006
2,11110111011010101010001011100010000001000000100011010010001110111001000011100110,11110111011010101011001011100010000001000000100011010010001110111101000011100110,2,0,1,0.006
2,11110111011010101010001011100010000001000000100011010010001110111100000011100110,11110111011010101011001011100010000001000000100011010010001110111101000011100110,2,0,1,0.006
2,11110111011010101010001011100010000001000000100011010010001110111101000001100110,11110111011010101011001011100010000001000000100011010010001110111101000011100110,2,0,1,0.006
2,11110111011010101010001011100010000001000000100011010010001110111101000010100110,11110111011010101011001011100010000001000000100011010010001110111101000011100110,2,0,1,0.006
2,11110111011010101010001011100010000001000000100011010010001110111101000011000110,11110111011010101011001011100010000001000000100011010010001110111101000011100110,2,0,1,0.006
2,11110111011010101010001011100010000001000000100011010010001110111101000011100010,11110111011010101011001011100010000001000000100011010010001110111101000011100110,2,0,1,0.006
2,11110111011010101010001011100010000001000000100011010010001110111101000011100100,11110111011010101011001011100010000001000000100011010010001110111101000011100110,2,0,1,0.006
2,11110111011010101011000001100010000001000000100011010010001110111101000011100110,11110111011010101011001011100010000001000000100011010010001110111101000011100110,2,0,1,0.006
2,11110111011010101011000010100010000001000000100011010010001110111101000011100110,11110111011010101011001011100010000001000000100011010010001110111101000011100110,2,0,1,0.006
2,11110111011010101011000011000010000001000000100011010010001110111101000011100110,11110111011010101011001011100010000001000000100011010010001110111101000011100110,2,0,1,0.006
2,11110111011010101011000011100000000001000000100011010010001110111101000011100110,11110111011010101011001011100010000001000000100011010010001110111101000011100110,2,0,1,0.006
2,11110111011010101011000011100010000000000000100011010010001110111101000011100110,11110111011010101011001011100010000001000000100011010010001110111101000011100110,2,0,1,0.007
2,11110111011010101011000011100010000001000000000011010010001110111101000011100110,11110111011010101011001011100010000001000000100011010010001110111101000011100110,2,0,1,0.006
2,11110111011010101011000011100010000001000000100001010010001110111101000011100110,11110111011010101011001011100010000001000000100011010010001110111101000011100110,2,0,1,0.006
2,11110111011010101011000011100010000001000000100010010010001110111101000011100110,11110111011010101011001011100010000001000000100011010010001110111101000011100110,2,0,1,0.006
2,11110111011010101011000011100010000001000000100011000010001110111101000011100110,11110111011010101011001011100010000001000000100011010010001110111101000011100110,2,0,1,0.006
2,11110111011010101011000011100010000001000000100011010000001110111101000011100110,11110111011010101011001011100010000001000000100011010010001110111101000011100110,2,0,1,0.006
2,11110111011010101011000011100010000001000000100011010010000110111101000011100110,11110111011010101011001011100010000001000000100011010010001110111101000011100110,2,0,1,0.006
2,11110111011010101011000011100010000001000000100011010010001010111101000011100110,11110111011010101011001011100010000001000000100011010010001110111101000011100110,2,0,1,0.006
2,11110111011010101011000011100010000001000000100011010010001100111101000011100110,11110111011010101011001011100010000001000000100011010010001110111101000011100110,2,0,1,0.006
2,11110111011010101011000011100010000001000000100011010010001110011101000011100110,11110111011010101011001011100010000001000000100011010010001110111101000011100110,2,0,1,0.007
2,11110111011010101011000011100010000001000000100011010010001110101101000011100110,11110111011010101011001011100010000001000000100011010010001110111101000011100110,2,0,1,0.006
2,11110111011010101011000011100010000001000000100011010010001110110101000011100110,11110111011010101011001011100010000001000000100011010010001110111101000011100110,2,0,1,0.006
2,11110111011010101011000011100010000001000000100011010010001110111001000011100110,11110111011010101011001011100010000001000000100011010010001110111101000011100110,2,0,1,0.006
2,11110111011010101011000011100010000001000000100011010010001110111100000011100110,11110111011010101011001011100010000001000000100011010010001110111101000011100110,2,0,1,0.006
2,11110111011010101011000011100010000001000000100011010010001110111101000001100110,11110111011010101011001011100010000001000000100011010010001110111101000011100110,2,0,1,0.006
2,11110111011010101011000011100010000001000000100011010010001110111101000010100110,11110111011010101011001011100010000001000000100011010010001110111101000011100110,2,0,1,0.006
2,11110111011010101011000011100010000001000000100011010010001110111101000011000110,11110111011010101011001011100010000001000000100011010010001110111101000011100110,2,0,1,0.007
2,11110111011010101011000011100010000001000000100011010010001110111101000011100010,11110111011010101011001011100010000001000000100011010010001110111101000011100110,2,0,1,0.006
2,11110111011010101011000011100010000001000000100011010010001110111101000011100100,11110111011010101011001011100010000001000000100011010010001110111101000011100110,2,0,1,0.007
2,11110111011010101011001000100010000001000000100011010010001110111101000011100110,11110111011010101011001011100010000001000000100011010010001110111101000011100110,2,0,1,0.006
2,11110111011010101011001001000010000001000000100011010010001110111101000011100110,11110111011010101011001011100010000001000000100011010010001110111101000011100110,2,0,1,0.006
2,11110111011010101011001001100000000001000000100011010010001110111101000011100110,11110111011010101011001011100010000001000000100011010010001110111101000011100110,2,0,1,0.007
2,11110111011010101011001001100010000000000000100011010010001110111101000011100110,11110111011010101011001011100010000001000000100011010010001110111101000011100110,2,0,1,0.006
2,11110111011010101011001001100010000001000000000011010010001110111101000011100110,11110111011010101011001011100010000001000000100011010010001110111101000011100110,2,0,1,0.006
2,11110111011010101011001001100010000001000000100001010010001110111101000011100110,11110111011010101011001011100010000001000000100011010010001110111101000011100110,2,0,1,0.007
2,11110111011010101011001001100010000001000000100010010010001110111101000011100110,11110111011010101011001011100010000001000000100011010010001110111101000011100110,2,0,1,0.006
2,11110111011010101011001001100010000001000000100011000010001110111101000011100110,11110111011010101011001011100010000001000000100011010010001110111101000011100110,2,0,1,0.006
2,11110111011010101011001001100010000001000000100011010000001110111101000011100110,11110111011010101011001011100010000001000000100011010010001110111101000011100110,2,0,1,0.006
2,11110111011010101011001001100010000001000000100011010010000110111101000011100110,11110111011010101011001011100010000001000000100011010010001110111101000011100110,2,0,1,0.006
2,11110111011010101011001001100010000001000000100011010010001010111101000011100110,11110111011010101011001011100010000001000000100011010010001110111101000011100110,2,0,1,0.006
2,11110111011010101011001001100010000001000000100011010010001100111101000011100110,11110111011010101011001011100010000001000000100011010010001110111101000011100110,2,0,1,0.006
2,11110111011010101011001001100010000001000000100011010010001110011101000011100110,11110111011010101011001011100010000001000000100011010010001110111101000011100110,2,0,1,0.006
2,11110111011010101011001001100010000001000000100011010010001110101101000011100110,11110111011010101011001011100010000001000000100011010010001110111101000011100110,2,0,1,0.006
2,11110111011010101011001001100010000001000000100011010010001110110101000011100110,11110111011010101011001011100010000001000000100011010010001110111101000011100110,2,0,1,0.007
2,11110111011010101011001001100010000001000000100011010010001110111001000011100110,11110111011010101011001011100010000001000000100011010010001110111101000011100110,2,0,1,0.006
2,11110111011010101011001001100010000001000000100011010010001110111100000011100110,11110111011010101011001011100010000001000000100011010010001110111101000011100110,2,0,1,0.006
2,11110111011010101011001001100010000001000000100011010010001110111101000001100110,11110111011010101011001011100010000001000000100011010010001110111101000011100110,2,0,1,0.006
2,11110111011010101011001001100010000001000000100011010010001110111101000010100110,11110111011010101011001011100010000001000000100011010010001110111101000011100110,2,0,1,0.007
2,11110111011010101011001001100010000001000000100011010010001110111101000011000110,11110111011010101011001011100010000001000000100011010010001110111101000011100110,2,0,1,0.006
2,11110111011010101011001001100010000001000000100011010010001110111101000011100010,11110111011010101011001011100010000001000000100011010010001110111101000011100110,2,0,1,0.006
2,11110111011010101011001001100010000001000000100011010010001110111101000011100100,11110111011010101011001011100010000001000000100011010010001110111101000011100110,2,0,1,0.007
2,11110111011010101011001010000010000001000000100011010010001110111101000011100110,11110111011010101011001011100010000001000000100011010010001110111101000011100110,2,0,1,0.006
2,11110111011010101011001010100000000001000000100011010010001110111101000011100110,11110111011010101011001011100010000001000000100011010010001110111101000011100110,2,0,1,0.006
2,11110111011010101011001010100010000000000000100011010010001110111101000011100110,11110111011010101011001011100010000001000000100011010010001110111101000011100110,2,0,1,0.006
2,11110111011010101011001010100010000001000000000011010010001110111101000011100110,11110111011010101011001011100010000001000000100011010010001110111101000011100110,2,0,1,0.006
2,11110111011010101011001010100010000001000000100001010010001110111101000011100110,11110111011010101011001011100010000001000000100011010010001110111101000011100110,2,0,1,0.006
2,11110111011010101011001010100010000001000000100010010010001110111101000011100110,11110111011010101011001011100010000001000000100011010010001110111101000011100110,2,0,1,0.006
2,11110111011010101011001010100010000001000000100011000010001110111101000011100110,11110111011010101011001011100010000001000000100011010010001110111101000011100110,2,0,1,0.006
2,11110111011010101011001010100010000001000000100011010000001110111101000011100110,11110111011010101011001011100010000001000000100011010010001110111101000011100110,2,0,1,0.006
2,11110111011010101011001010100010000001000000100011010010000110111101000011100110,11110111011010101011001011100010000001000000100011010010001110111101000011100110,2,0,1,0.006
2,11110111011010101011001010100010000001000000100011010010001010111101000011100110,11110111011010101011001011100010000001000000100011010010001110111101000011100110,2,0,1,0.007
2,11110111011010101011001010100010000001000000100011010010001100111101000011100110,11110111011010101011001011100010000001000000100011010010001110111101000011100110,2,0,1,0.006
2,11110111011010101011001010100010000001000000100011010010001110011101000011100110,11110111011010101011001011100010000001000000100011010010001110111101000011100110,2,0,1,0.006
2,11110111011010101011001010100010000001000000100011010010001110101101000011100110,11110111011010101011001011100010000001000000100011010010001110111101000011100110,2,0,1,0.006
2,11110111011010101011001010100010000001000000100011010010001110110101000011100110,11110111011010101011001011100010000001000000100011010010001110111101000011100110,2,0,1,0.006
2,11110111011010101011001010100010000001000000100011010010001110111001000011100110,11110111011010101011001011100010000001000000100011010010001110111101000011100110,2,0,1,0.006
2,11110111011010101011001010100010000001000000100011010010001110111100000011100110,11110111011010101011001011100010000001000000100011010010001110111101000011100110,2,0,1,0.006
2,11110111011010101011001010100010000001000000100011010010001110111101000001100110,11110111011010101011001011100010000001000000100011010010001110111101000011100110,2,0,1,0.006
2,11110111011010101011001010100010000001000000100011010010001110111101000010100110,11110111011010101011001011100010000001000000100011010010001110111101000011100110,2,0,1,0.006
2,11110111011010101011001010100010000001000000100011010010001110111101000011000110,11110111011010101011001011100010000001000000100011010010001110111101000011100110,2,0,1,0.006
2,11110111011010101011001010100010000001000000100011010010001110111101000011100010,11110111011010101011001011100010000001000000100011010010001110111101000011100110,2,0,1,0.006
2,11110111011010101011001010100010000001000000100011010010001110111101000011100100,11110111011010101011001011100010000001000000100011010010001110111101000011100110,2,0,1,0.006
2,11110111011010101011001011000000000001000000100011010010001110111101000011100110,11110111011010101011001011100010000001000000100011010010001110111101000011100110,2,0,1,0.007
2,11110111011010101011001011000010000000000000100011010010001110111101000011100110,11110111011010101011001011100010000001000000100011010010001110111101000011100110,2,0,1,0.006
2,11110111011010101011001011000010000001000000000011010010001110111101000011100110,11110111011010101011001011100010000001000000100011010010001110111101000011100110,2,0,1,0.006
2,11110111011010101011001011000010000001000000100001010010001110111101000011100110,11110111011010101011001011100010000001000000100011010010001110111101000011100110,2,0,1,0.006
2,11110111011010101011001011000010000001000000100010010010001110111101000011100110,11110111011010101011001011100010000001000000100011010010001110111101000011100110,2,0,1,0.007
2,11110111011010101011001011000010000001000000100011000010001110111101000011100110,11110111011010101011001011100010000001000000100011010010001110111101000011100110,2,0,1,0.006
2,11110111011010101011001011000010000001000000100011010000001110111101000011100110,11110111011010101011001011100010000001000000100011010010001110111101000011100110,2,0,1,0.006
2,11110111011010101011001011000010000001000000100011010010000110111101000011100110,11110111011010101011001011100010000001000000100011010010001110111101000011100110,2,0,1,0.006
2,11110111011010101011001011000010000001000000100011010010001010111101000011100110,11110111011010101011001011100010000001000000100011010010001110111101000011100110,2,0,1,0.006
2,11110111011010101011001011000010000001000000100011010010001100111101000011100110,11110111011010101011001011100010000001000000100011010010001110111101000011100110,2,0,1,0.006
2,11110111011010101011001011000010000001000000100011010010001110011101000011100110,11110111011010101011001011100010000001000000100011010010001110111101000011100110,2,0,1,0.006
2,11110111011010101011001011000010000001000000100011010010001110101101000011100110,11110111011010101011001011100010000001000000100011010010001110111101000011100110,2,0,1,0.006
2,11110111011010101011001011000010000001000000100011010010001110110101000011100110,11110111011010101011001011100010000001000000100011010010001110111101000011100110,2,0,1,0.006
2,11110111011010101011001011000010000001000000100011010010001110111001000011100110,11110111011010101011001011100010000001000000100011010010001110111101000011100110,2,0,1,0.006
2,11110111011010101011001011000010000001000000100011010010001110111100000011100110,11110111011010101011001011100010000001000000100011010010001110111101000011100110,2,0,1,0.006
2,11110111011010101011001011000010000001000000100011010010001110111101000001100110,11110111011010101011001011100010000001000000100011010010001110111101000011100110,2,0,1,0.007
2,11110111011010101011001011000010000001000000100011010010001110111101000010100110,11110111011010101011001011100010000001000000100011010010001110111101000011100110,2,0,1,0.006
2,11110111011010101011001011000010000001000000100011010010001110111101000011000110,11110111011010101011001011100010000001000000100011010010001110111101000011100110,2,0,1,0.006
2,11110111011010101011001011000010000001000000100011010010001110111101000011100010,11110111011010101011001011100010000001000000100011010010001110111101000011100110,2,0,1,0.006
2,11110111011010101011001011000010000001000000100011010010001110111101000011100100,11110111011010101011001011100010000001000000100011010010001110111101000011100110,2,0,1,0.006
2,11110111011010101011001011100000000000000000100011010010001110111101000011100110,11110111011010101011001011100010000001000000100011010010001110111101000011100110,2,0,1,0.006
2,11110111011010101011001011100000000001000000000011010010001110111101000011100110,11110111011010101011001011100010000001000000100011010010001110111101000011100110,2,0,1,0.006
2,11110111011010101011001011100000000001000000100001010010001110111101000011100110,11110111011010101011001011100010000001000000100011010010001110111101000011100110,2,0,1,0.006
2,11110111011010101011001011100000000001000000100010010010001110111101000011100110,11110111011010101011001011100010000001000000100011010010001110111101000011100110,2,0,1,0.006
2,11110111011010101011001011100000000001000000100011000010001110111101000011100110,11110111011010101011001011100010000001000000100011010010001110111101000011100110,2,0,1,0.006
2,11110111011010101011001011100000000001000000100011010000001110111101000011100110,11110111011010101011001011100010000001000000100011010010001110111101000011100110,2,0,1,0.006
2,11110111011010101011001011100000000001000000100011010010000110111101000011100110,11110111011010101011001011100010000001000000100011010010001110111101000011100110,2,0,1,0.006
2,11110111011010101011001011100000000001000000100011010010001010111101000011100110,11110111011010101011001011100010000001000000100011010010001110111101000011100110,2,0,1,0.006
2,11110111011010101011001011100000000001000000100011010010001100111101000011100110,11110111011010101011001011100010000001000000100011010010001110111101000011100110,2,0,1,0.006
2,11110111011010101011001011100000000001000000100011010010001110011101000011100110,11110111011010101011001011100010000001000000100011010010001110111101000011100110,2,0,1,0.006
2,11110111011010101011001011100000000001000000100011010010001110101101000011100110,11110111011010101011001011100010000001000000100011010010001110111101000011100110,2,0,1,0.006
2,11110111011010101011001011100000000001000000100011010010001110110101000011100110,11110111011010101011001011100010000001000000100011010010001110111101000011100110,2,0,1,0.006
2,11110111011010101011001011100000000001000000100011010010001110111001000011100110,11110111011010101011001011100010000001000000100011010010001110111101000011100110,2,0,1,0.006
2,11110111011010101011001011100000000001000000100011010010001110111100000011100110,11110111011010101011001011100010000001000000100011010010001110111101000011100110,2,0,1,0.006
2,11110111011010101011001011100000000001000000100011010010001110111101000001100110,11110111011010101011001011100010000001000000100011010010001110111101000011100110,2,0,1,0.007
2,11110111011010101011001011100000000001000000100011010010001110111101000010100110,11110111011010101011001011100010000001000000100011010010001110111101000011100110,2,0,1,0.007
2,11110111011010101011001011100000000001000000100011010010001110111101000011000110,11110111011010101011001011100010000001000000100011010010001110111101000011100110,2,0,1,0.006
2,11110111011010101011001011100000000001000000100011010010001110111101000011100010,11110111011010101011001011100010000001000000100011010010001110111101000011100110,2,0,1,0.006
2,11110111011010101011001011100000000001000000100011010010001110111101000011100100,11110111011010101011001011100010000001000000100011010010001110111101000011100110,2,0,1,0.006
2,11110111011010101011001011100010000000000000000011010010001110111101000011100110,11110111011010101011001011100010000001000000100011010010001110111101000011100110,2,0,1,0.006
2,11110111011010101011001011100010000000000000100001010010001110111101000011100110,11110111011010101011001011100010000001000000100011010010001110111101000011100110,2,0,1,0.006
2,11110111011010101011001011100010000000000000100010010010001110111101000011100110,11110111011010101011001011100010000001000000100011010010001110111101000011100110,2,0,1,0.006
2,11110111011010101011001011100010000000000000100011000010001110111101000011100110,11110111011010101011001011100010000001000000100011010010001110111101000011100110,2,0,1,0.006
2,11110111011010101011001011100010000000000000100011010000001110111101000011100110,11110111011010101011001011100010000001000000100011010010001110111101000011100110,2,0,1,0.006
2,11110111011010101011001011100010000000000000100011010010000110111101000011100110,11110111011010101011001011100010000001000000100011010010001110111101000011100110,2,0,1,0.006
2,11110111011010101011001011100010000000000000100011010010001010111101000011100110,11110111011010101011001011100010000001000000100011010010001110111101000011100110,2,0,1,0.007
2,11110111011010101011001011100010000000000000100011010010001100111101000011100110,11110111011010101011001011100010000001000000100011010010001110111101000011100110,2,0,1,0.006
2,11110111011010101011001011100010000000000000100011010010001110011101000011100110,11110111011010101011001011100010000001000000100011010010001110111101000011100110,2,0,1,0.006
2,11110111011010101011001011100010000000000000100011010010001110101101000011100110,11110111011010101011001011100010000001000000100011010010001110111101000011100110,2,0,1,0.007
2,11110111011010101011001011100010000000000000100011010010001110110101000011100110,11110111011010101011001011100010000001000000100011010010001110111101000011100110,2,0,1,0.007
2,11110111011010101011001011100010000000000000100011010010001110111001000011100110,11110111011010101011001011100010000001000000100011010010001110111101000011100110,2,0,1,0.006
2,11110111011010101011001011100010000000000000100011010010001110111100000011100110,11110111011010101011001011100010000001000000100011010010001110111101000011100110,2,0,1,0.006
2,11110111011010101011001011100010000000000000100011010010001110111101000001100110,11110111011010101011001011100010000001000000100011010010001110111101000011100110,2,0,1,0.007
2,11110111011010101011001011100010000000000000100011010010001110111101000010100110,11110111011010101011001011100010000001000000100011010010001110111101000011100110,2,0,1,0.007
2,11110111011010101011001011100010000000000000100011010010001110111101000011000110,11110111011010101011001011100010000001000000100011010010001110111101000011100110,2,0,1,0.007
2,11110111011010101011001011100010000000000000100011010010001110111101000011100010,11110111011010101011001011100010000001000000100011010010001110111101000011100110,2,0,1,0.007
2,11110111011010101011001011100010000000000000100011010010001110111101000011100100,11110111011010101011001011100010000001000000100011010010001110111101000011100110,2,0,1,0.007
2,11110111011010101011001011100010000001000000000001010010001110111101000011100110,11110111011010101011001011100010000001000000100011010010001110111101000011100110,2,0,1,0.006
2,11110111011010101011001011100010000001000000000010010010001110111101000011100110,11110111011010101011001011100010000001000000100011010010001110111101000011100110,2,0,1,0.006
2,11110111011010101011001011100010000001000000000011000010001110111101000011100110,11110111011010101011001011100010000001000000100011010010001110111101000011100110,2,0,1,0.006
2,11110111011010101011001011100010000001000000000011010000001110111101000011100110,11110111011010101011001011100010000001000000100011010010001110111101000011100110,2,0,1,0.006
2,11110111011010101011001011100010000001000000000011010010000110111101000011100110,11110111011010101011001011100010000001000000100011010010001110111101000011100110,2,0,1,0.006
2,11110111011010101011001011100010000001000000000011010010001010111101000011100110,11110111011010101011001011100010000001000000100011010010001110111101000011100110,2,0,1,0.006
2,11110111011010101011001011100010000001000000000011010010001100111101000011100110,11110111011010101011001011100010000001000000100011010010001110111101000011100110,2,0,1,0.006
2,11110111011010101011001011100010000001000000000011010010001110011101000011100110,11110111011010101011001011100010000001000000100011010010001110111101000011100110,2,0,1,0.006
2,11110111011010101011001011100010000001000000000011010010001110101101000011100110,11110111011010101011001011100010000001000000100011010010001110111101000011100110,2,0,1,0.006
2,11110111011010101011001011100010000001000000000011010010001110110101000011100110,11110111011010101011001011100010000001000000100011010010001110111101000011100110,2,0,1,0.006
2,11110111011010101011001011100010000001000000000011010010001110111001000011100110,11110111011010101011001011100010000001000000100011010010001110111101000011100110,2,0,1,0.006
2,11110111011010101011001011100010000001000000000011010010001110111100000011100110,11110111011010101011001011100010000001000000100011010010001110111101000011100110,2,0,1,0.006
2,11110111011010101011001011100010000001000000000011010010001110111101000001100110,11110111011010101011001011100010000001000000100011010010001110111101000011100110,2,0,1,0.006
2,11110111011010101011001011100010000001000000000011010010001110111101000010100110,11110111011010101011001011100010000001000000100011010010001110111101000011100110,2,0,1,0.006
2,11110111011010101011001011100010000001000000000011010010001110111101000011000110,11110111011010101011001011100010000001000000100011010010001110111101000011100110,2,0,1,0.007
2,11110111011010101011001011100010000001000000000011010010001110111101000011100010,11110111011010101011001011100010000001000000100011010010001110111101000011100110,2,0,1,0.006
2,11110111011010101011001011100010000001000000000011010010001110111101000011100100,11110111011010101011001011100010000001000000100011010010001110111101000011100110,2,0,1,0.006
2,11110111011010101011001011100010000001000000100000010010001110111101000011100110,11110111011010101011001011100010000001000000100011010010001110111101000011100110,2,0,1,0.006
2,11110111011010101011001011100010000001000000100001000010001110111101000011100110,11110111011010101011001011100010000001000000100011010010001110111101000011100110,2,0,1,0.006
2,11110111011010101011001011100010000001000000100001010000001110111101000011100110,11110111011010101011001011100010000001000000100011010010001110111101000011100110,2,0,1,0.006
2,11110111011010101011001011100010000001000000100001010010000110111101000011100110,11110111011010101011001011100010000001000000100011010010001110111101000011100110,2,0,1,0.006
2,11110111011010101011001011100010000001000000100001010010001010111101000011100110,11110111011010101011001011100010000001000000100011010010001110111101000011100110,2,0,1,0.006
2,11110111011010101011001011100010000001000000100001010010001100111101000011100110,11110111011010101011001011100010000001000000100011010010001110111101000011100110,2,0,1,0.006
2,11110111011010101011001011100010000001000000100001010010001110011101000011100110,11110111011010101011001011100010000001000000100011010010001110111101000011100110,2,0,1,0.006
2,11110111011010101011001011100010000001000000100001010010001110101101000011100110,11110111011010101011001011100010000001000000100011010010001110111101000011100110,2,0,1,0.006
2,11110111011010101011001011100010000001000000100001010010001110110101000011100110,11110111011010101011001011100010000001000000100011010010001110111101000011100110,2,0,1,0.006
2,11110111011010101011001011100010000001000000100001010010001110111001000011100110,11110111011010101011001011100010000001000000100011010010001110111101000011100110,2,0,1,0.006
2,11110111011010101011001011100010000001000000100001010010001110111100000011100110,11110111011010101011001011100010000001000000100011010010001110111101000011100110,2,0,1,0.006
2,11110111011010101011001011100010000001000000100001010010001110111101000001100110,11110111011010101011001011100010000001000000100011010010001110111101000011100110,2,0,1,0.006
2,11110111011010101011001011100010000001000000100001010010001110111101000010100110,11110111011010101011001011100010000001000000100011010010001110111101000011100110,2,0,1,0.006
2,11110111011010101011001011100010000001000000100001010010001110111101000011000110,11110111011010101011001011100010000001000000100011010010001110111101000011100110,2,0,1,0.006
2,11110111011010101011001011100010000001000000100001010010001110111101000011100010,11110111011010101011001011100010000001000000100011010010001110111101000011100110,2,0,1,0.006
2,11110111011010101011001011100010000001000000100001010010001110111101000011100100,11110111011010101011001011100010000001000000100011010010001110111101000011100110,2,0,1,0.007
2,11110111011010101011001011100010000001000000100010000010001110111101000011100110,11110111011010101011001011100010000001000000100011010010001110111101000011100110,2,0,1,0.006
2,11110111011010101011001011100010000001000000100010010000001110111101000011100110,11110111011010101011001011100010000001000000100011010010001110111101000011100110,2,0,1,0.006
2,11110111011010101011001011100010000001000000100010010010000110111101000011100110,11110111011010101011001011100010000001000000100011010010001110111101000011100110,2,0,1,0.006
2,11110111011010101011001011100010000001000000100010010010001010111101000011100110,11110111011010101011001011100010000001000000100011010010001110111101000011100110,2,0,1,0.006
2,11110111011010101011001011100010000001000000100010010010001100111101000011100110,11110111011010101011001011100010000001000000100011010010001110111101000011100110,2,0,1,0.006
2,11110111011010101011001011100010000001000000100010010010001110011101000011100110,11110111011010101011001011100010000001000000100011010010001110111101000011100110,2,0,1,0.006
2,11110111011010101011001011100010000001000000100010010010001110101101000011100110,11110111011010101011001011100010000001000000100011010010001110111101000011100110,2,0,1,0.007
2,11110111011010101011001011100010000001000000100010010010001110110101000011100110,11110111011010101011001011100010000001000000100011010010001110111101000011100110,2,0,1,0.006
2,11110111011010101011001011100010000001000000100010010010001110111001000011100110,11110111011010101011001011100010000001000000100011010010001110111101000011100110,2,0,1,0.006
2,11110111011010101011001011100010000001000000100010010010001110111100000011100110,11110111011010101011001011100010000001000000100011010010001110111101000011100110,2,0,1,0.006
2,11110111011010101011001011100010000001000000100010010010001110111101000001100110,11110111011010101011001011100010000001000000100011010010001110111101000011100110,2,0,1,0.007
2,11110111011010101011001011100010000001000000100010010010001110111101000010100110,11110111011010101011001011100010000001000000100011010010001110111101000011100110,2,0,1,0.006
2,11110111011010101011001011100010000001000000100010010010001110111101000011000110,11110111011010101011001011100010000001000000100011010010001110111101000011100110,2,0,1,0.006
2,11110111011010101011001011100010000001000000100010010010001110111101000011100010,11110111011010101011001011100010000001000000100011010010001110111101000011100110,2,0,1,0.006
2,11110111011010101011001011100010000001000000100010010010001110111101000011100100,11110111011010101011001011100010000001000000100011010010001110111101000011100110,2,0,1,0.006
2,11110111011010101011001011100010000001000000100011000000001110111101000011100110,11110111011010101011001011100010000001000000100011010010001110111101000011100110,2,0,1,0.006
2,11110111011010101011001011100010000001000000100011000010000110111101000011100110,11110111011010101011001011100010000001000000100011010010001110111101000011100110,2,0,1,0.006
2,11110111011010101011001011100010000001000000100011000010001010111101000011100110,11110111011010101011001011100010000001000000100011010010001110111101000011100110,2,0,1,0.006
2,11110111011010101011001011100010000001000000100011000010001100111101000011100110,11110111011010101011001011100010000001000000100011010010001110111101000011100110,2,0,1,0.006
2,11110111011010101011001011100010000001000000100011000010001110011101000011100110,11110111011010101011001011100010000001000000100011010010001110111101000011100110,2,0,1,0.006
2,11110111011010101011001011100010000001000000100011000010001110101101000011100110,11110111011010101011001011100010000001000000100011010010001110111101000011100110,2,0,1,0.006
2,11110111011010101011001011100010000001000000100011000010001110110101000011100110,11110111011010101011001011100010000001000000100011010010001110111101000011100110,2,0,1,0.006
2,11110111011010101011001011100010000001000000100011000010001110111001000011100110,11110111011010101011001011100010000001000000100011010010001110111101000011100110,2,0,1,0.006
2,11110111011010101011001011100010000001000000100011000010001110111100000011100110,11110111011010101011001011100010000001000000100011010010001110111101000011100110,2,0,1,0.006
2,11110111011010101011001011100010000001000000100011000010001110111101000001100110,11110111011010101011001011100010000001000000100011010010001110111101000011100110,2,0,1,0.006
2,11110111011010101011001011100010000001000000100011000010001110111101000010100110,11110111011010101011001011100010000001000000100011010010001110111101000011100110,2,0,1,0.006
2,11110111011010101011001011100010000001000000100011000010001110111101000011000110,11110111011010101011001011100010000001000000100011010010001110111101000011100110,2,0,1,0.007
2,11110111011010101011001011100010000001000000100011000010001110111101000011100010,11110111011010101011001011100010000001000000100011010010001110111101000011100110,2,0,1,0.006
2,11110111011010101011001011100010000001000000100011000010001110111101000011100100,11110111011010101011001011100010000001000000100011010010001110111101000011100110,2,0,1,0.006
2,11110111011010101011001011100010000001000000100011010000000110111101000011100110,11110111011010101011001011100010000001000000100011010010001110111101000011100110,2,0,1,0.006
2,11110111011010101011001011100010000001000000100011010000001010111101000011100110,11110111011010101011001011100010000001000000100011010010001110111101000011100110,2,0,1,0.006
2,11110111011010101011001011100010000001000000100011010000001100111101000011100110,11110111011010101011001011100010000001000000100011010010001110111101000011100110,2,0,1,0.006
2,11110111011010101011001011100010000001000000100011010000001110011101000011100110,11110111011010101011001011100010000001000000100011010010001110111101000011100110,2,0,1,0.006
2,11110111011010101011001011100010000001000000100011010000001110101101000011100110,11110111011010101011001011100010000001000000100011010010001110111101000011100110,2,0,1,0.007
2,11110111011010101011001011100010000001000000100011010000001110110101000011100110,11110111011010101011001011100010000001000000100011010010001110111101000011100110,2,0,1,0.006
2,11110111011010101011001011100010000001000000100011010000001110111001000011100110,11110111011010101011001011100010000001000000100011010010001110111101000011100110,2,0,1,0.006
2,11110111011010101011001011100010000001000000100011010000001110111100000011100110,11110111011010101011001011100010000001000000100011010010001110111101000011100110,2,0,1,0.006
2,11110111011010101011001011100010000001000000100011010000001110111101000001100110,11110111011010101011001011100010000001000000100011010010001110111101000011100110,2,0,1,0.006
2,11110111011010101011001011100010000001000000100011010000001110111101000010100110,11110111011010101011001011100010000001000000100011010010001110111101000011100110,2,0,1,0.006
2,11110111011010101011001011100010000001000000100011010000001110111101000011000110,11110111011010101011001011100010000001000000100011010010001110111101000011100110,2,0,1,0.007
2,11110111011010101011001011100010000001000000100011010000001110111101000011100010,11110111011010101011001011100010000001000000100011010010001110111101000011100110,2,0,1,0.007
2,11110111011010101011001011100010000001000000100011010000001110111101000011100100,11110111011010101011001011100010000001000000100011010010001110111101000011100110,2,0,1,0.006
2,11110111011010101011001011100010000001000000100011010010000010111101000011100110,11110111011010101011001011100010000001000000100011010010001110111101000011100110,2,0,1,0.006
2,11110111011010101011001011100010000001000000100011010010000100111101000011100110,11110111011010101011001011100010000001000000100011010010001110111101000011100110,2,0,1,0.006
2,11110111011010101011001011100010000001000000100011010010000110011101000011100110,11110111011010101011001011100010000001000000100011010010001110111101000011100110,2,0,1,0.006
2,11110111011010101011001011100010000001000000100011010010000110101101000011100110,11110111011010101011001011100010000001000000100011010010001110111101000011100110,2,0,1,0.006
2,11110111011010101011001011100010000001000000100011010010000110110101000011100110,11110111011010101011001011100010000001000000100011010010001110111101000011100110,2,0,1,0.006
2,11110111011010101011001011100010000001000000100011010010000110111001000011100110,11110111011010101011001011100010000001000000100011010010001110111101000011100110,2,0,1,0.006
2,11110111011010101011001011100010000001000000100011010010000110111100000011100110,11110111011010101011001011100010000001000000100011010010001110111101000011100110,2,0,1,0.006
2,11110111011010101011001011100010000001000000100011010010000110111101000001100110,11110111011010101011001011100010000001000000100011010010001110111101000011100110,2,0,1,0.007
2,11110111011010101011001011100010000001000000100011010010000110111101000010100110,11110111011010101011001011100010000001000000100011010010001110111101000011100110,2,0,1,0.006
2,11110111011010101011001011100010000001000000100011010010000110111101000011000110,11110111011010101011001011100010000001000000100011010010001110111101000011100110,2,0,1,0.006
2,11110111011010101011001011100010000001000000100011010010000110111101000011100010,11110111011010101011001011100010000001000000100011010010001110111101000011100110,2,0,1,0.006
2,11110111011010101011001011100010000001000000100011010010000110111101000011100100,11110111011010101011001011100010000001000000100011010010001110111101000011100110,2,0,1,0.006
2,11110111011010101011001011100010000001000000100011010010001000111101000011100110,11110111011010101011001011100010000001000000100011010010001110111101000011100110,2,0,1,0.006
2,11110111011010101011001011100010000001000000100011010010001010011101000011100110,11110111011010101011001011100010000001000000100011010010001110111101000011100110,2,0,1,0.006
2,11110111011010101011001011100010000001000000100011010010001010101101000011100110,11110111011010101011001011100010000001000000100011010010001110111101000011100110,2,0,1,0.006
2,11110111011010101011001011100010000001000000100011010010001010110101000011100110,11110111011010101011001011100010000001000000100011010010001110111101000011100110,2,0,1,0.006
2,11110111011010101011001011100010000001000000100011010010001010111001000011100110,11110111011010101011001011100010000001000000100011010010001110111101000011100110,2,0,1,0.006
2,11110111011010101011001011100010000001000000100011010010001010111100000011100110,11110111011010101011001011100010000001000000100011010010001110111101000011100110,2,0,1,0.007
2,11110111011010101011001011100010000001000000100011010010001010111101000001100110,11110111011010101011001011100010000001000000100011110010001010111101000001100010,2,0,0,0.006
2,11110111011010101011001011100010000001000000100011010010001010111101000010100110,11110111011010101011001011100010000001000000100011010010001110111101000011100110,2,0,1,0.007
2,11110111011010101011001011100010000001000000100011010010001010111101000011000110,11110111011010101011001011100010000001000000100011010010001110111101000011100110,2,0,1,0.007
2,11110111011010101011001011100010000001000000100011010010001010111101000011100010,11110111011010101011001011100010000001000000100011010010001110111101000011100110,2,0,1,0.007
2,11110111011010101011001011100010000001000000100011010010001010111101000011100100,11110111011010101011001011100010000001000000100011010010001110111101000011100110,2,0,1,0.007
2,11110111011010101011001011100010000001000000100011010010001100011101000011100110,11110111011010101011001011100010000001000000100011010010001110111101000011100110,2,0,1,0.006
2,11110111011010101011001011100010000001000000100011010010001100101101000011100110,11110111011010101011001011100010000001000000100011010010001110111101000011100110,2,0,1,0.006
2,11110111011010101011001011100010000001000000100011010010001100110101000011100110,11110111011010101011001011100010000001000000100011010010001110111101000011100110,2,0,1,0.006
2,11110111011010101011001011100010000001000000100011010010001100111001000011100110,11110111011010101011001011100010000001000000100011010010001110111101000011100110,2,0,1,0.006
2,11110111011010101011001011100010000001000000100011010010001100111100000011100110,11110111011010101011001011100010000001000000100011010010001110111101000011100110,2,0,1,0.006
2,11110111011010101011001011100010000001000000100011010010001100111101000001100110,11110111011010101011001011100010000001000000100011010010001110111101000011100110,2,0,1,0.006
2,11110111011010101011001011100010000001000000100011010010001100111101000010100110,11110111011010101011001011100010000001000000100011010010001110111101000011100110,2,0,1,0.006
2,11110111011010101011001011100010000001000000100011010010001100111101000011000110,11110111011010101011001011100010000001000000100011010010001110111101000011100110,2,0,1,0.006
2,11110111011010101011001011100010000001000000100011010010001100111101000011100010,11110111011010101011001011100010000001000000100011010010001110111101000011100110,2,0,1,0.006
2,11110111011010101011001011100010000001000000100011010010001100111101000011100100,11110111011010101011001011100010000001000000100011010010001110111101000011100110,2,0,1,0.006
2,11110111011010101011001011100010000001000000100011010010001110001101000011100110,11110111011010101011001011100010000001000000100011010010001110111101000011100110,2,0,1,0.006
2,11110111011010101011001011100010000001000000100011010010001110010101000011100110,11110111011010101011001011100010000001000000100011010010001110111101000011100110,2,0,1,0.006
2,11110111011010101011001011100010000001000000100011010010001110011001000011100110,11110111011010101011001011100010000001000000100011010010001110111101000011100110,2,0,1,0.006
2,11110111011010101011001011100010000001000000100011010010001110011100000011100110,11110111011010101011001011100010000001000000100011010010001110111101000011100110,2,0,1,0.006
2,11110111011010101011001011100010000001000000100011010010001110011101000001100110,11110111011010101011001011100010000001000000100011010010001110111101000011100110,2,0,1,0.006
2,11110111011010101011001011100010000001000000100011010010001110011101000010100110,11110111011010101011001011100010000001000000100011010010001110111101000011100110,2,0,1,0.006
2,11110111011010101011001011100010000001000000100011010010001110011101000011000110,11110111011010101011001011100010000001000000100011010010001110111101000011100110,2,0,1,0.006
2,11110111011010101011001011100010000001000000100011010010001110011101000011100010,11110111011010101011001011100010000001000000100011010010001110111101000011100110,2,0,1,0.006
2,11110111011010101011001011100010000001000000100011010010001110011101000011100100,11110111011010101011001011100010000001000000100011010010001110111101000011100110,2,0,1,0.006
2,11110111011010101011001011100010000001000000100011010010001110100101000011100110,11110111011010101011001011100010000001000000100011010010001110111101000011100110,2,0,1,0.006
2,11110111011010101011001011100010000001000000100011010010001110101001000011100110,11110111011010101011001011100010000001000000100011010010001110111101000011100110,2,0,1,0.006
2,11110111011010101011001011100010000001000000100011010010001110101100000011100110,11110111011010101011001011100010000001000000100011010010001110111101000011100110,2,0,1,0.006
2,11110111011010101011001011100010000001000000100011010010001110101101000001100110,11110111011010101011001011100010000001000000100011010010001110111101000011100110,2,0,1,0.006
2,11110111011010101011001011100010000001000000100011010010001110101101000010100110,11110111011010101011001011100010000001000000100011010010001110111101000011100110,2,0,1,0.006
2,11110111011010101011001011100010000001000000100011010010001110101101000011000110,11110111011010101011001011100010000001000000100011010010001110111101000011100110,2,0,1,0.007
2,11110111011010101011001011100010000001000000100011010010001110101101000011100010,11110111011010101011001011100010000001000000100011010010001110111101000011100110,2,0,1,0.006
2,11110111011010101011001011100010000001000000100011010010001110101101000011100100,11110111011010101011001011100010000001000000100011010010001110111101000011100110,2,0,1,0.006
2,11110111011010101011001011100010000001000000100011010010001110110001000011100110,11110111011010101011001011100010000001000000100011010010001110111101000011100110,2,0,1,0.006
2,11110111011010101011001011100010000001000000100011010010001110110100000011100110,11110111011010101011001011100010000001000000100011010010001110111101000011100110,2,0,1,0.006
2,11110111011010101011001011100010000001000000100011010010001110110101000001100110,11110111011010101011001011100010000001000000100011010010001110111101000011100110,2,0,1,0.006
2,11110111011010101011001011100010000001000000100011010010001110110101000010100110,11110111011010101011001011100010000001000000100011010010001110111101000011100110,2,0,1,0.006
2,11110111011010101011001011100010000001000000100011010010001110110101000011000110,11110111011010101011001011100010000001000000100011010010001110111101000011100110,2,0,1,0.006
2,11110111011010101011001011100010000001000000100011010010001110110101000011100010,11110111011010101011001011100010000001000000100011010010001110111101000011100110,2,0,1,0.007
2,11110111011010101011001011100010000001000000100011010010001110110101000011100100,11110111011010101011001011100010000001000000100011010010001110111101000011100110,2,0,1,0.006
2,11110111011010101011001011100010000001000000100011010010001110111000000011100110,11110111011010101011001011100010000001000000100011010010001110111101000011100110,2,0,1,0.006
2,11110111011010101011001011100010000001000000100011010010001110111001000001100110,11110111011010101011001011100010000001000000100011010010001110111101000011100110,2,0,1,0.006
2,11110111011010101011001011100010000001000000100011010010001110111001000010100110,11110111011010101011001011100010000001000000100011010010001110111101000011100110,2,0,1,0.007
2,11110111011010101011001011100010000001000000100011010010001110111001000011000110,11110111011010101011001011100010000001000000100011010010001110111101000011100110,2,0,1,0.006
2,11110111011010101011001011100010000001000000100011010010001110111001000011100010,11110111011010101011001011100010000001000000100011010010001110111101000011100110,2,0,1,0.007
2,11110111011010101011001011100010000001000000100011010010001110111001000011100100,11110111011010101011001011100010000001000000100011010010001110111101000011100110,2,0,1,0.006
2,11110111011010101011001011100010000001000000100011010010001110111100000001100110,11110111011010101011001011100010000001000000100011010010001110111101000011100110,2,0,1,0.006
2,11110111011010101011001011100010000001000000100011010010001110111100000010100110,11110111011010101011001011100010000001000000100011010010001110111101000011100110,2,0,1,0.006
2,11110111011010101011001011100010000001000000100011010010001110111100000011000110,11110111011010101011001011100010000001000000100011010010001110111101000011100110,2,0,1,0.006
2,11110111011010101011001011100010000001000000100011010010001110111100000011100010,11110111011010101011001011100010000001000000100011010010001110111101000011100110,2,0,1,0.006
2,11110111011010101011001011100010000001000000100011010010001110111100000011100100,11110111011010101011001011100010000001000000100011010010001110111101000011100110,2,0,1,0.006
2,11110111011010101011001011100010000001000000100011010010001110111101000000100110,11110111011010101011001011100010000001000000100011010010001110111101000011100110,2,0,1,0.006
2,11110111011010101011001011100010000001000000100011010010001110111101000001000110,11110111011010101011001011100010000001000000100011010010001110111101000011100110,2,0,1,0.006
2,11110111011010101011001011100010000001000000100011010010001110111101000001100010,11110111011010101011001011100010000001000000100011110010001010111101000001100010,2,0,0,0.007
2,11110111011010101011001011100010000001000000100011010010001110111101000001100100,11110111011010101011001011100010000001000000100011010010001110111101000011100110,2,0,1,0.007
2,11110111011010101011001011100010000001000000100011010010001110111101000010000110,11110111011010101011001011100010000001000000100011010010001110111101000011100110,2,0,1,0.007
2,11110111011010101011001011100010000001000000100011010010001110111101000010100010,11110111011010101011001011100010000001000000100011010010001110111101000011100110,2,0,1,0.006
2,11110111011010101011001011100010000001000000100011010010001110111101000010100100,11110111011010101011001011100010000001000000100011010010001110111101000011100110,2,0,1,0.006
2,11110111011010101011001011100010000001000000100011010010001110111101000011000010,11110111011010101011001011100010000001000000100011010010001110111101000011100110,2,0,1,0.006
2,11110111011010101011001011100010000001000000100011010010001110111101000011000100,11110111011010101011001011100010000001000000100011010010001110111101000011100110,2,0,1,0.006
2,11110111011010101011001011100010000001000000100011010010001110111101000011100000,11110111011010101011001011100010000001000000100011010010001110111101000011100110,2,0,1,0.006
3,00000000001000100011010010000010010100100000100010000000001011011010100000000011,00000100101000100011010010000010010100100000100010000000001011011010100000000011,2,0,1,0.006
3,00000000100000100011010010000010010100100000100010000000001011011010100000000011,00000100101000100011010010000010010100100000100010000000001011011010100000000011,2,0,1,0.006
3,00000000101000000011010010000010010100100000100010000000001011011010100000000011,00000100101000100011010010000010010100100000100010000000001011011010100000000011,2,0,1,0.006
3,00000000101000100001010010000010010100100000100010000000001011011010100000000011,00000100101000100011010010000010010100100000100010000000001011011010100000000011,2,0,1,0.006
3,00000000101000100010010010000010010100100000100010000000001011011010100000000011,00000100101000100011010010000010010100100000100010000000001011011010100000000011,2,0,1,0.006
3,00000000101000100011000010000010010100100000100010000000001011011010100000000011,00000100101000100011010010000010010100100000100010000000001011011010100000000011,2,0,1,0.006
3,00000000101000100011010000000010010100100000100010000000001011011010100000000011,00000100101000100011010010000010010100100000100010000000001011011010100000000011,2,0,1,0.006
3,00000000101000100011010010000000010100100000100010000000001011011010100000000011,00000100101000100011010010000010010100100000100010000000001011011010100000000011,2,0,1,0.007
3,00000000101000100011010010000010000100100000100010000000001011011010100000000011,00000100101000100011010010000010010100100000100010000000001011011010100000000011,2,0,1,0.006
3,00000000101000100011010010000010010000100000100010000000001011011010100000000011,00000100101000100011010010000010010100100000100010000000001011011010100000000011,2,0,1,0.007
3,00000000101000100011010010000010010100000000100010000000001011011010100000000011,00000100101000100011010010000010010100100000100010000000001011011010100000000011,2,0,1,0.006
3,00000000101000100011010010000010010100100000000010000000001011011010100000000011,00000100101000100011010010000010010100100000100010000000001011011010100000000011,2,0,1,0.006
3,00000000101000100011010010000010010100100000100000000000001011011010100000000011,00000100101000100011010010000010010100100000100010000000001011011010100000000011,2,0,1,0.006
3,00000000101000100011010010000010010100100000100010000000000011011010100000000011,00000100101000100011010010000010010100100000100010000000001011011010100000000011,2,0,1,0.006
3,00000000101000100011010010000010010100100000100010000000001001011010100000000011,00000100101000100011010010000010010100100000100010000000001011011010100000000011,2,0,1,0.006
3,00000000101000100011010010000010010100100000100010000000001010011010100000000011,00000100101000100011010010000010010100100000100010000000001011011010100000000011,2,0,1,0.007
3,00000000101000100011010010000010010100100000100010000000001011001010100000000011,00000100101000100011010010000010010100100000100010000000001011011010100000000011,2,0,1,0.006
3,00000000101000100011010010000010010100100000100010000000001011010010100000000011,00000100101000100011010010000010010100100000100010000000001011011010100000000011,2,0,1,0.006
3,00000000101000100011010010000010010100100000100010000000001011011000100000000011,00000100101000100011010010000010010100100000100010000000001011011010100000000011,2,0,1,0.007
3,00000000101000100011010010000010010100100000100010000000001011011010000000000011,00000100101000100011010010000010010100100000100010000000001011011010100000000011,2,0,1,0.006
3,00000000101000100011010010000010010100100000100010000000001011011010100000000001,00000100101000100011010010000010010100100000100010000000001011011010100000000011,2,0,1,0.007
3,00000000101000100011010010000010010100100000100010000000001011011010100000000010,00000100101000100011010010000010010100100000100010000000001011011010100000000011,2,0,1,0.006
3,00000100000000100011010010000010010100100000100010000000001011011010100000000011,00000100101000100011010010000010010100100000100010000000001011011010100000000011,2,0,1,0.006
3,00000100001000000011010010000010010100100000100010000000001011011010100000000011,00000100101000100011010010000010010100100000100010000000001011011010100000000011,2,0,1,0.006
3,00000100001000100001010010000010010100100000100010000000001011011010100000000011,00000100101000100011010010000010010100100000100010000000001011011010100000000011,2,0,1,0.007
3,00000100001000100010010010000010010100100000100010000000001011011010100000000011,00000100101000100011010010000010010100100000100010000000001011011010100000000011,2,0,1,0.006
3,00000100001000100011000010000010010100100000100010000000001011011010100000000011,00000100101000100011010010000010010100100000100010000000001011011010100000000011,2,0,1,0.006
3,00000100001000100011010000000010010100100000100010000000001011011010100000000011,00000100101000100011010010000010010100100000100010000000001011011010100000000011,2,0,1,0.006
3,00000100001000100011010010000000010100100000100010000000001011011010100000000011,00000100101000100011010010000010010100100000100010000000001011011010100000000011,2,0,1,0.006
3,00000100001000100011010010000010000100100000100010000000001011011010100000000011,00000100101000100011010010000010010100100000100010000000001011011010100000000011,2,0,1,0.007
3,00000100001000100011010010000010010000100000100010000000001011011010100000000011,00000100101000100011010010000010010100100000100010000000001011011010100000000011,2,0,1,0.006
3,00000100001000100011010010000010010100000000100010000000001011011010100000000011,00000100101000100011010010000010010100100000100010000000001011011010100000000011,2,0,1,0.006
3,00000100001000100011010010000010010100100000000010000000001011011010100000000011,00000100101000100011010010000010010100100000100010000000001011011010100000000011,2,0,1,0.006
3,00000100001000100011010010000010010100100000100000000000001011011010100000000011,00000100101000100011010010000010010100100000100010000000001011011010100000000011,2,0,1,0.006
3,00000100001000100011010010000010010100100000100010000000000011011010100000000011,00000100101000100011010010000010010100100000100010000000001011011010100000000011,2,0,1,0.006
3,00000100001000100011010010000010010100100000100010000000001001011010100000000011,00000100101000100011010010000010010100100000100010000000001011011010100000000011,2,0,1,0.006
3,00000100001000100011010010000010010100100000100010000000001010011010100000000011,00000100101000100011010010000010010100100000100010000000001011011010100000000011,2,0,1,0.006
3,00000100001000100011010010000010010100100000100010000000001011001010100000000011,00000100101000100011010010000010010100100000100010000000001011011010100000000011,2,0,1,0.006
3,00000100001000100011010010000010010100100000100010000000001011010010100000000011,00000100101000100011010010000010010100100000100010000000001011011010100000000011,2,0,1,0.006
3,00000100001000100011010010000010010100100000100010000000001011011000100000000011,00000100101000100011010010000010010100100000100010000000001011011010100000000011,2,0,1,0.006
3,00000100001000100011010010000010010100100000100010000000001011011010000000000011,00000100101000100011010010000010010100100000100010000000001011011010100000000011,2,0,1,0.006
3,00000100001000100011010010000010010100100000100010000000001011011010100000000001,00000100101000100011010010000010010100100000100010000000001011011010100000000011,2,0,1,0.007
3,00000100001000100011010010000010010100100000100010000000001011011010100000000010,00000100101000100011010010000010010100100000100010000000001011011010100000000011,2,0,1,0.006
3,00000100100000000011010010000010010100100000100010000000001011011010100000000011,00000100101000100011010010000010010100100000100010000000001011011010100000000011,2,0,1,0.006
3,00000100100000100001010010000010010100100000100010000000001011011010100000000011,00000100101000100011010010000010010100100000100010000000001011011010100000000011,2,0,1,0.006
3,00000100100000100010010010000010010100100000100010000000001011011010100000000011,00000100101000100011010010000010010100100000100010000000001011011010100000000011,2,0,1,0.006
3,00000100100000100011000010000010010100100000100010000000001011011010100000000011,00000100101000100011010010000010010100100000100010000000001011011010100000000011,2,0,1,0.006
3,00000100100000100011010000000010010100100000100010000000001011011010100000000011,00000100101000100011010010000010010100100000100010000000001011011010100000000011,2,0,1,0.006
3,00000100100000100011010010000000010100100000100010000000001011011010100000000011,00000100101000100011010010000010010100100000100010000000001011011010100000000011,2,0,1,0.006
3,00000100100000100011010010000010000100100000100010000000001011011010100000000011,00000100101000100011010010000010010100100000100010000000001011011010100000000011,2,0,1,0.006
3,00000100100000100011010010000010010000100000100010000000001011011010100000000011,00000100101000100011010010000010010100100000100010000000001011011010100000000011,2,0,1,0.006
3,00000100100000100011010010000010010100000000100010000000001011011010100000000011,00000100101000100011010010000010010100100000100010000000001011011010100000000011,2,0,1,0.006
3,00000100100000100011010010000010010100100000000010000000001011011010100000000011,00000100101000100011010010000010010100100000100010000000001011011010100000000011,2,0,1,0.006
3,00000100100000100011010010000010010100100000100000000000001011011010100000000011,00000100101000100011010010000010010100100000100010000000001011011010100000000011,2,0,1,0.006
3,00000100100000100011010010000010010100100000100010000000000011011010100000000011,00000100101000100011010010000010010100100000100010000000001011011010100000000011,2,0,1,0.006
3,00000100100000100011010010000010010100100000100010000000001001011010100000000011,00000100101000100011010010000010010100100000100010000000001011011010100000000011,2,0,1,0.006
3,00000100100000100011010010000010010100100000100010000000001010011010100000000011,00000100101000100011010010000010010100100000100010000000001011011010100000000011,2,0,1,0.006
3,00000100100000100011010010000010010100100000100010000000001011001010100000000011,00000100101000100011010010000010010100100000100010000000001011011010100000000011,2,0,1,0.006
3,00000100100000100011010010000010010100100000100010000000001011010010100000000011,00000100101000100011010010000010010100100000100010000000001011011010100000000011,2,0,1,0.006
3,00000100100000100011010010000010010100100000100010000000001011011000100000000011,00000100101000100011010010000010010100100000100010000000001011011010100000000011,2,0,1,0.006
3,00000100100000100011010010000010010100100000100010000000001011011010000000000011,00000100101000100011010010000010010100100000100010000000001011011010100000000011,2,0,1,0.006
3,00000100100000100011010010000010010100100000100010000000001011011010100000000001,00000100101000100011010010000010010100100000100010000000001011011010100000000011,2,0,1,0.006
3,00000100100000100011010010000010010100100000100010000000001011011010100000000010,00000100101000100011010010000010010100100000100010000000001011011010100000000011,2,0,1,0.006
3,00000100101000000001010010000010010100100000100010000000001011011010100000000011,00000100101000100011010010000010010100100000100010000000001011011010100000000011,2,0,1,0.006
3,00000100101000000010010010000010010100100000100010000000001011011010100000000011,00000100101000100011010010000010010100100000100010000000001011011010100000000011,2,0,1,0.006
3,00000100101000000011000010000010010100100000100010000000001011011010100000000011,00000100101000100011010010000010010100100000100010000000001011011010100000000011,2,0,1,0.006
3,00000100101000000011010000000010010100100000100010000000001011011010100000000011,00000100101000100011010010000010010100100000100010000000001011011010100000000011,2,0,1,0.006
3,00000100101000000011010010000000010100100000100010000000001011011010100000000011,00000100101000100011010010000010010100100000100010000000001011011010100000000011,2,0,1,0.006
3,00000100101000000011010010000010000100100000100010000000001011011010100000000011,00000100101000100011010010000010010100100000100010000000001011011010100000000011,2,0,1,0.006
3,00000100101000000011010010000010010000100000100010000000001011011010100000000011,00000100101000100011010010000010010100100000100010000000001011011010100000000011,2,0,1,0.006
3,00000100101000000011010010000010010100000000100010000000001011011010100000000011,00000100101000100011010010000010010100100000100010000000001011011010100000000011,2,0,1,0.006
3,00000100101000000011010010000010010100100000000010000000001011011010100000000011,00000100101000100011010010000010010100100000100010000000001011011010100000000011,2,0,1,0.006
3,00000100101000000011010010000010010100100000100000000000001011011010100000000011,00000100101000100011010010000010010100100000100010000000001011011010100000000011,2,0,1,0.006
3,00000100101000000011010010000010010100100000100010000000000011011010100000000011,00000100101000100011010010000010010100100000100010000000001011011010100000000011,2,0,1,0.006
3,00000100101000000011010010000010010100100000100010000000001001011010100000000011,00000100101000100011010010000010010100100000100010000000001011011010100000000011,2,0,1,0.006
3,00000100101000000011010010000010010100100000100010000000001010011010100000000011,00000100101000100011010010000010010100100000100010000000001011011010100000000011,2,0,1,0.006
3,00000100101000000011010010000010010100100000100010000000001011001010100000000011,00000100101000100011010010000010010100100000100010000000001011011010100000000011,2,0,1,0.006
3,00000100101000000011010010000010010100100000100010000000001011010010100000000011,00000100101000100011010010000010010100100000100010000000001011011010100000000011,2,0,1,0.006
3,00000100101000000011010010000010010100100000100010000000001011011000100000000011,00000100101000100011010010000010010100100000100010000000001011011010100000000011,2,0,1,0.006
3,00000100101000000011010010000010010100100000100010000000001011011010000000000011,00000100101000100011010010000010010100100000100010000000001011011010100000000011,2,0,1,0.006
3,00000100101000000011010010000010010100100000100010000000001011011010100000000001,00000100101000100011010010000010010100100000100010000000001011011010100000000011,2,0,1,0.006
3,00000100101000000011010010000010010100100000100010000000001011011010100000000010,00000100101000100011010010000010010100100000100010000000001011011010100000000011,2,0,1,0.006
3,00000100101000100000010010000010010100100000100010000000001011011010100000000011,00000100101000100011010010000010010100100000100010000000001011011010100000000011,2,0,1,0.006
3,00000100101000100001000010000010010100100000100010000000001011011010100000000011,00000100101000100011010010000010010100100000100010000000001011011010100000000011,2,0,1,0.006
3,00000100101000100001010000000010010100100000100010000000001011011010100000000011,00000100101000100011010010000010010100100000100010000000001011011010100000000011,2,0,1,0.006
3,00000100101000100001010010000000010100100000100010000000001011011010100000000011,00000100101000100011010010000010010100100000100010000000001011011010100000000011,2,0,1,0.006
3,00000100101000100001010010000010000100100000100010000000001011011010100000000011,00000100101000100011010010000010010100100000100010000000001011011010100000000011,2,0,1,0.006
3,00000100101000100001010010000010010000100000100010000000001011011010100000000011,00000100101000100011010010000010010100100000100010000000001011011010100000000011,2,0,1,0.006
3,00000100101000100001010010000010010100000000100010000000001011011010100000000011,00000100101000100011010010000010010100100000100010000000001011011010100000000011,2,0,1,0.006
3,00000100101000100001010010000010010100100000000010000000001011011010100000000011,00000100101000100011010010000010010100100000100010000000001011011010100000000011,2,0,1,0.006
3,00000100101000100001010010000010010100100000100000000000001011011010100000000011,00000100101000100011010010000010010100100000100010000000001011011010100000000011,2,0,1,0.006
3,00000100101000100001010010000010010100100000100010000000000011011010100000000011,00000100101000100011010010000010010100100000100010000000001011011010100000000011,2,0,1,0.006
3,00000100101000100001010010000010010100100000100010000000001001011010100000000011,00000100101000100011010010000010010100100000100010000000001011011010100000000011,2,0,1,0.006
3,00000100101000100001010010000010010100100000100010000000001010011010100000000011,00000100101000100011010010000010010100100000100010000000001011011010100000000011,2,0,1,0.006
3,00000100101000100001010010000010010100100000100010000000001011001010100000000011,00000100101000100011010010000010010100100000100010000000001011011010100000000011,2,0,1,0.006
3,00000100101000100001010010000010010100100000100010000000001011010010100000000011,00000100101000100011010010000010010100100000100010000000001011011010100000000011,2,0,1,0.006
3,00000100101000100001010010000010010100100000100010000000001011011000100000000011,00000100101000100011010010000010010100100000100010000000001011011010100000000011,2,0,1,0.006
3,00000100101000100001010010000010010100100000100010000000001011011010000000000011,00000100101000100011010010000010010100100000100010000000001011011010100000000011,2,0,1,0.006
3,00000100101000100001010010000010010100100000100010000000001011011010100000000001,00000100101000100011010010000010010100100000100010000000001011011010100000000011,2,0,1,0.006
3,00000100101000100001010010000010010100100000100010000000001011011010100000000010,00000100101000100011010010000010010100100000100010000000001011011010100000000011,2,0,1,0.006
3,00000100101000100010000010000010010100100000100010000000001011011010100000000011,00000100101000100011010010000010010100100000100010000000001011011010100000000011,2,0,1,0.006
3,00000100101000100010010000000010010100100000100010000000001011011010100000000011,00000100101000100011010010000010010100100000100010000000001011011010100000000011,2,0,1,0.006
3,00000100101000100010010010000000010100100000100010000000001011011010100000000011,00000100101000100011010010000010010100100000100010000000001011011010100000000011,2,0,1,0.006
3,00000100101000100010010010000010000100100000100010000000001011011010100000000011,00000100101000100011010010000010010100100000100010000000001011011010100000000011,2,0,1,0.006
3,00000100101000100010010010000010010000100000100010000000001011011010100000000011,00000100101000100011010010000010010100100000100010000000001011011010100000000011,2,0,1,0.006
3,00000100101000100010010010000010010100000000100010000000001011011010100000000011,00000100101000100011010010000010010100100000100010000000001011011010100000000011,2,0,1,0.006
3,00000100101000100010010010000010010100100000000010000000001011011010100000000011,00000100101000100011010010000010010100100000100010000000001011011010100000000011,2,0,1,0.006
3,00000100101000100010010010000010010100100000100000000000001011011010100000000011,00000100101000100011010010000010010100100000100010000000001011011010100000000011,2,0,1,0.006
3,00000100101000100010010010000010010100100000100010000000000011011010100000000011,00000100101000100011010010000010010100100000100010000000001011011010100000000011,2,0,1,0.006
3,00000100101000100010010010000010010100100000100010000000001001011010100000000011,00000100101000100011010010000010010100100000100010000000001011011010100000000011,2,0,1,0.006
3,00000100101000100010010010000010010100100000100010000000001010011010100000000011,00000100101000100011010010000010010100100000100010000000001011011010100000000011,2,0,1,0.006
3,00000100101000100010010010000010010100100000100010000000001011001010100000000011,00000100101000100011010010000010010100100000100010000000001011011010100000000011,2,0,1,0.006
3,00000100101000100010010010000010010100100000100010000000001011010010100000000011,00000100101000100011010010000010010100100000100010000000001011011010100000000011,2,0,1,0.006
3,00000100101000100010010010000010010100100000100010000000001011011000100000000011,00000100101000100011010010000010010100100000100010000000001011011010100000000011,2,0,1,0.006
3,00000100101000100010010010000010010100100000100010000000001011011010000000000011,00000100101000100011010010000010010100100000100010000000001011011010100000000011,2,0,1,0.006
3,00000100101000100010010010000010010100100000100010000000001011011010100000000001,00000100101000100011010010000010010100100000100010000000001011011010100000000011,2,0,1,0.006
3,00000100101000100010010010000010010100100000100010000000001011011010100000000010,00000100101000100011010010000010010100100000100010000000001011011010100000000011,2,0,1,0.006
3,00000100101000100011000000000010010100100000100010000000001011011010100000000011,00000100101000100011010010000010010100100000100010000000001011011010100000000011,2,0,1,0.007
3,00000100101000100011000010000000010100100000100010000000001011011010100000000011,00000100101000100011010010000010010100100000100010000000001011011010100000000011,2,0,1,0.007
3,00000100101000100011000010000010000100100000100010000000001011011010100000000011,00000100101000100011010010000010010100100000100010000000001011011010100000000011,2,0,1,0.006
3,00000100101000100011000010000010010000100000100010000000001011011010100000000011,00000100101000100011010010000010010100100000100010000000001011011010100000000011,2,0,1,0.006
3,00000100101000100011000010000010010100000000100010000000001011011010100000000011,00000100101000100011010010000010010100100000100010000000001011011010100000000011,2,0,1,0.007
3,00000100101000100011000010000010010100100000000010000000001011011010100000000011,00000100101000100011010010000010010100100000100010000000001011011010100000000011,2,0,1,0.006
3,00000100101000100011000010000010010100100000100000000000001011011010100000000011,00000100101000100011010010000010010100100000100010000000001011011010100000000011,2,0,1,0.006
3,00000100101000100011000010000010010100100000100010000000000011011010100000000011,00000100101000100011010010000010010100100000100010000000001011011010100000000011,2,0,1,0.006
3,00000100101000100011000010000010010100100000100010000000001001011010100000000011,00000100101000100011010010000010010100100000100010000000001011011010100000000011,2,0,1,0.006
3,00000100101000100011000010000010010100100000100010000000001010011010100000000011,00000100101000100011010010000010010100100000100010000000001011011010100000000011,2,0,1,0.006
3,00000100101000100011000010000010010100100000100010000000001011001010100000000011,00000100101000100011010010000010010100100000100010000000001011011010100000000011,2,0,1,0.006
3,00000100101000100011000010000010010100100000100010000000001011010010100000000011,00000100101000100011010010000010010100100000100010000000001011011010100000000011,2,0,1,0.007
3,00000100101000100011000010000010010100100000100010000000001011011000100000000011,00000100101000100011010010000010010100100000100010000000001011011010100000000011,2,0,1,0.006
3,00000100101000100011000010000010010100100000100010000000001011011010000000000011,00000100101000100011010010000010010100100000100010000000001011011010100000000011,2,0,1,0.006
3,00000100101000100011000010000010010100100000100010000000001011011010100000000001,00000100101000100011010010000010010100100000100010000000001011011010100000000011,2,0,1,0.006
3,00000100101000100011000010000010010100100000100010000000001011011010100000000010,00000100101000100011010010000010010100100000100010000000001011011010100000000011,2,0,1,0.006
3,00000100101000100011010000000000010100100000100010000000001011011010100000000011,00000100101000100011010010000010010100100000100010000000001011011010100000000011,2,0,1,0.006
3,00000100101000100011010000000010000100100000100010000000001011011010100000000011,00000100101000100011010010000010010100100000100010000000001011011010100000000011,2,0,1,0.006
3,00000100101000100011010000000010010000100000100010000000001011011010100000000011,00000100101000100011010010000010010100100000100010000000001011011010100000000011,2,0,1,0.006
3,00000100101000100011010000000010010100000000100010000000001011011010100000000011,00000100101000100011010010000010010100100000100010000000001011011010100000000011,2,0,1,0.006
3,00000100101000100011010000000010010100100000000010000000001011011010100000000011,00000100101000100011010010000010010100100000100010000000001011011010100000000011,2,0,1,0.006
3,00000100101000100011010000000010010100100000100000000000001011011010100000000011,00000100101000100011010010000010010100100000100010000000001011011010100000000011,2,0,1,0.007
3,00000100101000100011010000000010010100100000100010000000000011011010100000000011,00000100101000100011010010000010010100100000100010000000001011011010100000000011,2,0,1,0.007
3,00000100101000100011010000000010010100100000100010000000001001011010100000000011,00000100101000100011010010000010010100100000100010000000001011011010100000000011,2,0,1,0.006
3,00000100101000100011010000000010010100100000100010000000001010011010100000000011,00000100101000100011010010000010010100100000100010000000001011011010100000000011,2,0,1,0.007
3,00000100101000100011010000000010010100100000100010000000001011001010100000000011,00000100101000100011010010000010010100100000100010000000001011011010100000000011,2,0,1,0.007
3,00000100101000100011010000000010010100100000100010000000001011010010100000000011,00000100101000100011010010000010010100100000100010000000001011011010100000000011,2,0,1,0.007
3,00000100101000100011010000000010010100100000100010000000001011011000100000000011,00000100101000100011010010000010010100100000100010000000001011011010100000000011,2,0,1,0.006
3,00000100101000100011010000000010010100100000100010000000001011011010000000000011,00000100101000100011010010000010010100100000100010000000001011011010100000000011,2,0,1,0.006
3,00000100101000100011010000000010010100100000100010000000001011011010100000000001,00000100101000100011010010000010010100100000100010000000001011011010100000000011,2,0,1,0.007
3,00000100101000100011010000000010010100100000100010000000001011011010100000000010,00000100101000100011010010000010010100100000100010000000001011011010100000000011,2,0,1,0.007
3,00000100101000100011010010000000000100100000100010000000001011011010100000000011,00000100101000100011010010000010010100100000100010000000001011011010100000000011,2,0,1,0.006
3,00000100101000100011010010000000010000100000100010000000001011011010100000000011,00000100101000100011010010000010010100100000100010000000001011011010100000000011,2,0,1,0.006
3,00000100101000100011010010000000010100000000100010000000001011011010100000000011,00000100101000100011010010000010010100100000100010000000001011011010100000000011,2,0,1,0.007
3,00000100101000100011010010000000010100100000000010000000001011011010100000000011,00000100101000100011010010000010010100100000100010000000001011011010100000000011,2,0,1,0.006
3,00000100101000100011010010000000010100100000100000000000001011011010100000000011,00000100101000100011010010000010010100100000100010000000001011011010100000000011,2,0,1,0.007
3,00000100101000100011010010000000010100100000100010000000000011011010100000000011,00000100101000100011010010000010010100100000100010000000001011011010100000000011,2,0,1,0.007
3,00000100101000100011010010000000010100100000100010000000001001011010100000000011,00000100101000100011010010000010010100100000100010000000001011011010100000000011,2,0,1,0.006
3,00000100101000100011010010000000010100100000100010000000001010011010100000000011,00000100101000100011010010000010010100100000100010000000001011011010100000000011,2,0,1,0.006
3,00000100101000100011010010000000010100100000100010000000001011001010100000000011,00000100101000100011010010000010010100100000100010000000001011011010100000000011,2,0,1,0.006
3,00000100101000100011010010000000010100100000100010000000001011010010100000000011,00000100101000100011010010000010010100100000100010000000001011011010100000000011,2,0,1,0.006
3,00000100101000100011010010000000010100100000100010000000001011011000100000000011,00000100101000100011010010000010010100100000100010000000001011011010100000000011,2,0,1,0.006
3,00000100101000100011010010000000010100100000100010000000001011011010000000000011,00000100101000100011010010000010010100100000100010000000001011011010100000000011,2,0,1,0.007
3,00000100101000100011010010000000010100100000100010000000001011011010100000000001,00000100101000100011010010000010010100100000100010000000001011011010100000000011,2,0,1,0.007
3,00000100101000100011010010000000010100100000100010000000001011011010100000000010,00000100101000100011010010000010010100100000100010000000001011011010100000000011,2,0,1,0.007
3,00000100101000100011010010000010000000100000100010000000001011011010100000000011,00000100101000100011010010000010010100100000100010000000001011011010100000000011,2,0,1,0.006
3,00000100101000100011010010000010000100000000100010000000001011011010100000000011,00000100101000100011010010000010010100100000100010000000001011011010100000000011,2,0,1,0.006
3,00000100101000100011010010000010000100100000000010000000001011011010100000000011,00000100101000100011010010000010010100100000100010000000001011011010100000000011,2,0,1,0.006
3,00000100101000100011010010000010000100100000100000000000001011011010100000000011,00000100101000100011010010000010010100100000100010000000001011011010100000000011,2,0,1,0.006
3,00000100101000100011010010000010000100100000100010000000000011011010100000000011,00000100101000100011010010000010010100100000100010000000001011011010100000000011,2,0,1,0.006
3,00000100101000100011010010000010000100100000100010000000001001011010100000000011,00000100101000100011010010000010010100100000100010000000001011011010100000000011,2,0,1,0.006
3,00000100101000100011010010000010000100100000100010000000001010011010100000000011,00000100101000100011010010000010010100100000100010000000001011011010100000000011,2,0,1,0.006
3,00000100101000100011010010000010000100100000100010000000001011001010100000000011,00000100101000100011010010000010010100100000100010000000001011011010100000000011,2,0,1,0.006
3,00000100101000100011010010000010000100100000100010000000001011010010100000000011,00000100101000100011010010000010010100100000100010000000001011011010100000000011,2,0,1,0.006
3,00000100101000100011010010000010000100100000100010000000001011011000100000000011,00000100101000100011010010000010010100100000100010000000001011011010100000000011,2,0,1,0.006
3,00000100101000100011010010000010000100100000100010000000001011011010000000000011,00000100101000100011010010000010010100100000100010000000001011011010100000000011,2,0,1,0.006
3,00000100101000100011010010000010000100100000100010000000001011011010100000000001,00000100101000100011010010000010010100100000100010000000001011011010100000000011,2,0,1,0.007
3,00000100101000100011010010000010000100100000100010000000001011011010100000000010,00000100101000100011010010000010010100100000100010000000001011011010100000000011,2,0,1,0.006
3,00000100101000100011010010000010010000000000100010000000001011011010100000000011,00000100101000100011010010000010010100100000100010000000001011011010100000000011,2,0,1,0.006
3,00000100101000100011010010000010010000100000000010000000001011011010100000000011,00000100101000100011010010000010010100100000100010000000001011011010100000000011,2,0,1,0.006
3,00000100101000100011010010000010010000100000100000000000001011011010100000000011,00000100101000100011010010000010010100100000100010000000001011011010100000000011,2,0,1,0.006
3,00000100101000100011010010000010010000100000100010000000000011011010100000000011,00000100101000100011010010000010010100100000100010000000001011011010100000000011,2,0,1,0.006
3,00000100101000100011010010000010010000100000100010000000001001011010100000000011,00000100101000100011010010000010010100100000100010000000001011011010100000000011,2,0,1,0.006
3,00000100101000100011010010000010010000100000100010000000001010011010100000000011,00000100101000100011010010000010010100100000100010000000001011011010100000000011,2,0,1,0.006
3,00000100101000100011010010000010010000100000100010000000001011001010100000000011,00000100101000100011010010000010010100100000100010000000001011011010100000000011,2,0,1,0.006
3,00000100101000100011010010000010010000100000100010000000001011010010100000000011,00000100101000100011010010000010010100100000100010000000001011011010100000000011,2,0,1,0.006
3,00000100101000100011010010000010010000100000100010000000001011011000100000000011,00000100101000100011010010000010010100100000100010000000001011011010100000000011,2,0,1,0.006
3,00000100101000100011010010000010010000100000100010000000001011011010000000000011,00000100101000100011010010000010010100100000100010000000001011011010100000000011,2,0,1,0.006
3,00000100101000100011010010000010010000100000100010000000001011011010100000000001,00000100101000100011010010000010010100100000100010000000001011011010100000000011,2,0,1,0.007
3,00000100101000100011010010000010010000100000100010000000001011011010100000000010,00000100101000100011010010000010010100100000100010000000001011011010100000000011,2,0,1,0.006
3,00000100101000100011010010000010010100000000000010000000001011011010100000000011,00000100101000100011010010000010010100100000100010000000001011011010100000000011,2,0,1,0.006
3,00000100101000100011010010000010010100000000100000000000001011011010100000000011,00000100101000100011010010000010010100100000100010000000001011011010100000000011,2,0,1,0.006
3,00000100101000100011010010000010010100000000100010000000000011011010100000000011,00000100101000100011010010000010010100100000100010000000001011011010100000000011,2,0,1,0.006
3,00000100101000100011010010000010010100000000100010000000001001011010100000000011,00000100101000100011010010000010010100100000100010000000001011011010100000000011,2,0,1,0.006
3,00000100101000100011010010000010010100000000100010000000001010011010100000000011,00000100101000100011010010000010010100100000100010000000001011011010100000000011,2,0,1,0.006
3,00000100101000100011010010000010010100000000100010000000001011001010100000000011,00000100101000100011010010000010010100100000100010000000001011011010100000000011,2,0,1,0.006
3,00000100101000100011010010000010010100000000100010000000001011010010100000000011,00000100101000100011010010000010010100100000100010000000001011011010100000000011,2,0,1,0.006
3,00000100101000100011010010000010010100000000100010000000001011011000100000000011,00000100101000100011010010000010010100100000100010000000001011011010100000000011,2,0,1,0.006
3,00000100101000100011010010000010010100000000100010000000001011011010000000000011,00000100101000100011010010000010010100100000100010000000001011011010100000000011,2,0,1,0.007
3,00000100101000100011010010000010010100000000100010000000001011011010100000000001,00000100101000100011010010000010010100100000100010000000001011011010100000000011,2,0,1,0.006
3,00000100101000100011010010000010010100000000100010000000001011011010100000000010,00000100101000100011010010000010010100100000100010000000001011011010100000000011,2,0,1,0.006
3,00000100101000100011010010000010010100100000000000000000001011011010100000000011,00000100101000100011010010000010010100100000100010000000001011011010100000000011,2,0,1,0.006
3,00000100101000100011010010000010010100100000000010000000000011011010100000000011,00000100101000100011010010000010010100100000100010000000001011011010100000000011,2,0,1,0.006
3,00000100101000100011010010000010010100100000000010000000001001011010100000000011,00000100101000100011010010000010010100100000100010000000001011011010100000000011,2,0,1,0.006
3,00000100101000100011010010000010010100100000000010000000001010011010100000000011,00000100101000100011010010000010010100100000100010000000001011011010100000000011,2,0,1,0.006
3,00000100101000100011010010000010010100100000000010000000001011001010100000000011,00000100101000100011010010000010010100100000100010000000001011011010100000000011,2,0,1,0.006
3,00000100101000100011010010000010010100100000000010000000001011010010100000000011,00000100101000100011010010000010010100100000100010000000001011011010100000000011,2,0,1,0.006
3,00000100101000100011010010000010010100100000000010000000001011011000100000000011,00000100101000100011010010000010010100100000100010000000001011011010100000000011,2,0,1,0.006
3,00000100101000100011010010000010010100100000000010000000001011011010000000000011,00000100101000100011010010000010010100100000100010000000001011011010100000000011,2,0,1,0.006
3,00000100101000100011010010000010010100100000000010000000001011011010100000000001,00000100101000100011010010000010010100100000100010000000001011011010100000000011,2,0,1,0.006
3,00000100101000100011010010000010010100100000000010000000001011011010100000000010,00000100101000100011010010000010010100100000100010000000001011011010100000000011,2,0,1,0.006
3,00000100101000100011010010000010010100100000100000000000000011011010100000000011,00000100101000100011010010000010010100100000100010000000001011011010100000000011,2,0,1,0.006
3,00000100101000100011010010000010010100100000100000000000001001011010100000000011,00000100101000100011010010000010010100100000100010000000001011011010100000000011,2,0,1,0.006
3,00000100101000100011010010000010010100100000100000000000001010011010100000000011,00000100101000100011010010000010010100100000100010000000001011011010100000000011,2,0,1,0.006
3,00000100101000100011010010000010010100100000100000000000001011001010100000000011,00000100101000100011010010000010010100100000100010000000001011011010100000000011,2,0,1,0.006
3,00000100101000100011010010000010010100100000100000000000001011010010100000000011,00000100101000100011010010000010010100100000100010000000001011011010100000000011,2,0,1,0.006
3,00000100101000100011010010000010010100100000100000000000001011011000100000000011,00000100101000100011010010000010010100100000100010000000001011011010100000000011,2,0,1,0.006
3,00000100101000100011010010000010010100100000100000000000001011011010000000000011,00000100101000100011010010000010010100100000100010000000001011011010100000000011,2,0,1,0.006
3,00000100101000100011010010000010010100100000100000000000001011011010100000000001,00000100101000100011010010000010010100100000100010000000001011011010100000000011,2,0,1,0.006
3,00000100101000100011010010000010010100100000100000000000001011011010100000000010,00000100101000100011010010000010010100100000100010000000001011011010100000000011,2,0,1,0.006
3,00000100101000100011010010000010010100100000100010000000000001011010100000000011,00000100101000100011010010000010010100100000100010000000001011011010100000000011,2,0,1,0.006
3,00000100101000100011010010000010010100100000100010000000000010011010100000000011,00000100101000100011010010000010010100100000100010000000001011011010100000000011,2,0,1,0.006
3,00000100101000100011010010000010010100100000100010000000000011001010100000000011,00000100101000100011010010000010010100100000100010000000001011011010100000000011,2,0,1,0.006
3,00000100101000100011010010000010010100100000100010000000000011010010100000000011,00000100101000100011010010000010010100100000100010000000001011011010100000000011,2,0,1,0.006
3,00000100101000100011010010000010010100100000100010000000000011011000100000000011,00000100101000100011010010000010010100100000100010000000001011011010100000000011,2,0,1,0.006
3,00000100101000100011010010000010010100100000100010000000000011011010000000000011,00000100101000100011010010000010010100100000100010000000001011011010100000000011,2,0,1,0.006
3,00000100101000100011010010000010010100100000100010000000000011011010100000000001,00000100101000100011010010000010010100100000100010000000001011011010100000000011,2,0,1,0.007
3,00000100101000100011010010000010010100100000100010000000000011011010100000000010,00000100101000100011010010000010010100100000100010000000001011011010100000000011,2,0,1,0.006
3,00000100101000100011010010000010010100100000100010000000001000011010100000000011,00000100101000100011010010000010010100100000100010000000001011011010100000000011,2,0,1,0.006
3,00000100101000100011010010000010010100100000100010000000001001001010100000000011,00000100101000100011010010000010010100100000100010000000001011011010100000000011,2,0,1,0.006
3,00000100101000100011010010000010010100100000100010000000001001010010100000000011,00000100101000100011010010000010010100100000100010000000001011011010100000000011,2,0,1,0.006
3,00000100101000100011010010000010010100100000100010000000001001011000100000000011,00000100101000100011010010000010010100100000100010000000001011011010100000000011,2,0,1,0.006
3,00000100101000100011010010000010010100100000100010000000001001011010000000000011,00000100101000100011010010000010010100100000100010000000001011011010100000000011,2,0,1,0.006
3,00000100101000100011010010000010010100100000100010000000001001011010100000000001,00000100101000100011010010000010010100100000100010000000001011011010100000000011,2,0,1,0.006
3,00000100101000100011010010000010010100100000100010000000001001011010100000000010,00000100101000100011010010000010010100100000100010000000001011011010100000000011,2,0,1,0.006
3,00000100101000100011010010000010010100100000100010000000001010001010100000000011,00000100101000100011010010000010010100100000100010000000001011011010100000000011,2,0,1,0.006
3,00000100101000100011010010000010010100100000100010000000001010010010100000000011,00000100101000100011010010000010010100100000100010000000001011011010100000000011,2,0,1,0.006
3,00000100101000100011010010000010010100100000100010000000001010011000100000000011,00000100101000100011010010000010010100100000100010000000001011011010100000000011,2,0,1,0.006
3,00000100101000100011010010000010010100100000100010000000001010011010000000000011,00000100101000100011010010000010010100100000100010000000001011011010100000000011,2,0,1,0.007
3,00000100101000100011010010000010010100100000100010000000001010011010100000000001,00000100101000100011010010000010010100100000100010000000001011011010100000000011,2,0,1,0.006
3,00000100101000100011010010000010010100100000100010000000001010011010100000000010,00000100101000100011010010000010010100100000100010000000001011011010100000000011,2,0,1,0.006
3,00000100101000100011010010000010010100100000100010000000001011000010100000000011,00000100101000100011010010000010010100100000100010000000001011011010100000000011,2,0,1,0.006
3,00000100101000100011010010000010010100100000100010000000001011001000100000000011,00000100101000100011010010000010010100100000100010000000001011011010100000000011,2,0,1,0.006
3,00000100101000100011010010000010010100100000100010000000001011001010000000000011,00000100101000100011010010000010010100100000100010000000001011011010100000000011,2,0,1,0.006
3,00000100101000100011010010000010010100100000100010000000001011001010100000000001,00000100101000100011010010000010010100100000100010000000001011011010100000000011,2,0,1,0.007
3,00000100101000100011010010000010010100100000100010000000001011001010100000000010,00000100101000100011010010000010010100100000100010000000001011011010100000000011,2,0,1,0.006
3,00000100101000100011010010000010010100100000100010000000001011010000100000000011,00000100101000100011010010000010010100100000100010000000001011011010100000000011,2,0,1,0.006
3,00000100101000100011010010000010010100100000100010000000001011010010000000000011,00000100101000100011010010000010010100100000100010000000001011011010100000000011,2,0,1,0.006
3,00000100101000100011010010000010010100100000100010000000001011010010100000000001,00000100101000100011010010000010010100100000100010000000001011011010100000000011,2,0,1,0.006
3,00000100101000100011010010000010010100100000100010000000001011010010100000000010,00000100101000100011010010000010010100100000100010000000001011011010100000000011,2,0,1,0.006
3,00000100101000100011010010000010010100100000100010000000001011011000000000000011,00000100101000100011010010000010010100100000100010000000001011011010100000000011,2,0,1,0.006
3,00000100101000100011010010000010010100100000100010000000001011011000100000000001,00000100101000100011010010000010010100100000100010000000001011011010100000000011,2,0,1,0.006
3,00000100101000100011010010000010010100100000100010000000001011011000100000000010,00000100101000100011010010000010010100100000100010000000001011011010100000000011,2,0,1,0.006
3,00000100101000100011010010000010010100100000100010000000001011011010000000000001,00000100101000100011010010000010010100100000100010000000001011011010100000000011,2,0,1,0.006
3,00000100101000100011010010000010010100100000100010000000001011011010000000000010,00000100101000100011010010000010010100100000100010000000001011011010100000000011,2,0,1,0.006
3,00000100101000100011010010000010010100100000100010000000001011011010100000000000,00000100101000100011010010000010010100100000100010000000001011011010100000000011,2,0,1,0.006
