"Cluster ID","Binary String","ID","Match Score","Exact String","False Negatives","False Positives","Row Shifts","Column Shifts","Fit Quality","X Position","Y Position","Theta","Group Number"
0,"b00111100000000011100000001110001001100100100000001010101100001000000001110001000",0,527.6772231608985,"b10001000101011100011100100001100010101110100001110000010011001000010110001011000",22,15,0,0,1.1623379002823724,508.3951536253003,153.98114093960677,6.217091243009456,0
1,"b10001000101000000010100100000100010101100100000010000010000001000000010000001000",0,3583.5789394541416,"b10001000101011100011100100001100010101110100001110000010011001000010110001011000",14,0,0,0,0.7974834032578659,129.1706759768093,355.99364633392366,4.502932588117691,0
2,"b10001000001011100010000000001100101000011001110110000100011000000001100000000000",0,2022.9324416768713,"b10001000101011100011100100001100010101110100001110000010011001000010110001011000",17,8,0,0,0.7569917768737192,455.45141367006954,500.30457464708644,3.3109070062534602,1
3,"b10000000001000100010101110001000010000010101000110010000100000000001100000000010",0,4003.4145203124317,"b10001000101011100011100100001100010101110100001110000010011001000010110001011000",19,7,0,0,0.849009469488698,53.882413093321425,133.6928467682265,2.124190665699195,1
4,"b00000010000110000000011000100000011000010110100100110000110101000111000000010001",0,2814.130327509052,"b10001000101011100011100100001100010101110100001110000010011001000010110001011000",14,6,0,0,0.7952448784645564,413.59212719425244,38.41799036240736,2.297483639398374,1
5,"b00100001000011000000001000100111101000001110111011110000100000000110010000010000",0,1280.0971246244635,"b10001000101011100011100100001100010101110100001110000010011001000010110001011000",16,10,0,0,0.7500908637575024,349.8977946153509,472.6890916122822,1.2085183181167363,1
6,"b00000010001001000010000001000001010000100111111000100001100100000000010000000001",0,3059.91140335369,"b10001000101011100011100100001100010101110100001110000010011001000010110001011000",15,3,0,0,0.7629100419236016,154.5688772673891,108.24395257357894,4.888363705128101,1
7,"b11110000101101100011011100001101000111010000001000110000100000100100000010100000",0,1147.504792020552,"b10001000101011100011100100001100010101110100001110000010011001000010110001011000",18,15,0,0,0.9315360627279387,164.86074470689667,11.61526518378779,0.7033603177323202,1
8,"b00010101000000000000011100001000010000010101000001110010011011000010000100011100",0,1215.7259808322106,"b10001000101011100011100100001100010101110100001110000010011001000010110001011000",20,12,0,0,0.8825552694911704,307.52933992925915,406.1097071096667,0.5512336277977297,1
9,"b10001000001011100011100100000100000101100000001110000011011000000000110001010000",0,4149.702035412021,"b10001000101011100011100100001100010101110100001110000010011001000010110001011000",8,1,0,0,0.7787927365737926,122.74176070767501,461.83209000979895,2.1324289412555837,1
10,"b00001010001101000010011001000001000000100110000000100000100101000111010100010000",0,5519.493027482542,"b10001000101011100011100100001100010101110100001110000010011001000010110001011000",9,0,0,0,0.7584967390414279,228.52053404342297,505.46850335409476,3.1396881181887375,2
11,"b00000000000000000000000001000001000010100000100110010000101100010010000000000000",0,1419.3813731839712,"b10001000101011100011100100001100010101110100001110000010011001000010110001011000",24,5,1,1,0.7054251912137252,10.023311307523525,317.27109512214554,3.175347076510841,3
12,"b00000110000000010101001000000011100001000001000000101010000110000001010100010000",0,2986.2772812195517,"b10001000101011100011100100001100010101110100001110000010011001000010110001011000",21,9,0,0,1.0108425861667847,363.28454472778253,353.98660816391987,1.4613537072096467,3
13,"b00000010001001110010011001000000000000100100101000100000100111000111010100000001",0,4284.587122248615,"b10001000101011100011100100001100010101110100001110000010011001000010110001011000",10,2,0,0,0.8146064499700545,67.03289178792255,221.37648548360093,5.791330572826256,3
14,"b11001100101000000011101001001100110111110000101010000010001001000000000001100000",0,3753.8617691029963,"b10001000101011100011100100001100010101110100001110000010011001000010110001011000",12,8,0,0,0.8073222002064877,406.6561788622587,332.5988753833387,0.6870142013458137,4
15,"b10000000001010100000101010000100110000010100001111000001101000101111000000000110",0,1822.2286342162774,"b10001000101011100011100100001100010101110100001110000010011001000010110001011000",18,12,0,0,0.7575678756540765,324.24270281428716,264.44645975727485,2.6615176593020866,4
16,"b10001000101011100010100100000100010110100100001010000010010001000010010000011000",0,5563.47925606563,"b10001000101011100011100100001100010101110100001110000010011001000010110001011000",8,1,0,0,0.8380246033123734,216.08200315385892,203.1007267510257,6.011902590692332,4
17,"b00111000000001000010000100001000011110110000011100000011110001101001000110000100",0,2023.850845270592,"b10001000101011100011100100001100010101110100001110000010011001000010110001011000",18,13,0,0,0.8759088625909818,200.05490363471014,42.6033961303224,6.134160606827045,5
18,"b00000000000001111110011111110001111000001010000000000000000000000000000000000000",0,1779.136222433367,"b10001000101011100011100100001100010101110100001110000010011001000010110001011000",22,9,-1,0,0.7364646204823722,234.6808795339736,370.350268294107,0.4865956928575821,5
19,"b10001000101011100011101100001100000111110100001010000010011001000010010000001000",0,4817.667383015421,"b10001000101011100011100100001100010101110100001110000010011001000010110001011000",5,2,0,0,0.7687775234520631,166.34794844838996,150.02056404671177,0.5967891661970275,5
20,"b00001000000001000010111100001011001000101100101010110000101011000111010000010000",0,3603.031003793089,"b10001000101011100011100100001100010101110100001110000010011001000010110001011000",11,7,0,0,0.7517087898836418,205.61004001147126,212.60203701350244,5.325511177870094,6
21,"b10111000001001100011001100001111000111100001101110110000111000000110110011100000",0,1799.5244302212782,"b10001000101011100011100100001100010101110100001110000010011001000010110001011000",10,14,0,0,0.7998630866709809,357.6989413755303,81.39075883069576,0.2126333255839715,6
22,"b01101110000111100001001000100011000000001100111000010000100001000101010000010000",0,1665.873492305967,"b10001000101011100011100100001100010101110100001110000010011001000010110001011000",15,9,0,0,0.8242066384120493,241.07362613539505,139.1661734482267,1.7917493089798522,6
23,"b10001000101011100010011001000100000100110100100000000010010000000000000000000000",0,1610.2103559082925,"b10001000101011100011100100001100010101110100001110000010011001000010110001011000",17,4,-1,0,0.714213241088526,101.8852346115081,340.3389698626425,4.873765261255728,6
24,"b10000000001001100010000000001101010101010110001100010011000001010000000000000000",0,2744.0019127732403,"b10001000101011100011100100001100010101110100001110000010011001000010110001011000",16,5,0,0,0.7590972755722466,8.858636423082494,293.4508497460209,4.950780915820153,6
25,"b00000111000100100000001011100101101000001111010000111000110011100011010110011101",0,1985.1568782964794,"b10001000101011100011100100001100010101110100001110000010011001000010110001011000",12,15,0,0,0.7983546837980379,12.420271921734397,136.5928511220246,0.5751446257444729,6
26,"b00000000000000000010000000000000000000100100000000000000000000001100000000000000",0,2791.9553307479973,"b10001000101011100011100100001100010101110100001110000010011001000010110001011000",28,1,0,0,0.6550346400302552,356.416333242367,406.7384985953246,2.7873782762372556,6
27,"b01000000000011111000000000011100001000110000001110000000001100000000000000000000",0,2630.7331466841024,"b10001000101011100011100100001100010101110100001110000010011001000010110001011000",21,6,-1,1,0.7254412857756758,415.8229908454709,375.5791053958055,4.666211198481141,6
28,"b00000000000000000010100001000000000000010101100000110000100100000101011100010001",0,2276.2083925228576,"b10001000101011100011100100001100010101110100001110000010011001000010110001011000",18,4,1,0,0.9491385908675882,21.801543352265345,280.8999947753421,5.626300791197465,6
29,"b10001000001011000011100100001100010101110000011000000000000001010010000001000000",0,3192.9402495948134,"b10001000101011100011100100001100010101110100001110000010011001000010110001011000",12,2,0,0,0.7510639051379788,6.800345867258244,355.9202408344734,1.723461792443771,6
30,"b00000000000000000000001000000000100000000000001100000001011101000000010100000011",0,1842.8394212471283,"b10001000101011100011100100001100010101110100001110000010011001000010110001011000",24,5,1,1,0.7373742164935868,126.51588421776181,116.35048380730645,5.037926644080019,7
31,"b00000000000001000000001010000010111100001100111000100001100000001111100000000000",0,2629.038580380788,"b10001000101011100011100100001100010101110100001110000010011001000010110001011000",19,8,0,-1,0.7282801483948633,483.3530919096265,208.83451076704725,4.706380807609909,7
32,"b00001000001011000010100100001100010011110100001000000010010011000000100001000000",0,2549.969113844951,"b10001000101011100011100100001100010101110100001110000010011001000010110001011000",12,2,0,0,0.7514455651051293,230.02153470734103,438.06168766918705,4.254253810140446,7
33,"b00000010000001001000100100001001100100000111000010110000000010000011010000000000",0,1202.789011761638,"b10001000101011100011100100001100010101110100001110000010011001000010110001011000",23,10,0,0,0.73017036610948,368.5866631990287,112.26017992903897,3.444898357353824,8
34,"b01000111000110000000011100100101100010000110000000000000100011000010010100011100",0,2443.381266575064,"b10001000101011100011100100001100010101110100001110000010011001000010110001011000",17,10,0,0,0.8448360698990873,57.358574340113854,111.89141027946664,5.543096369267115,8
35,"b00011100101001000010011100100111000111110001000100000001110001110101000001000100",0,642.1552770025389,"b10001000101011100011100100001100010101110100001110000010011001000010110001011000",17,16,0,0,0.813958259507936,346.5832658963469,123.23627262507016,0.923020242936142,8
36,"b00010100000000000010110101000001010000100100101000010000100101000111010000000001",0,2929.7270054421565,"b10001000101011100011100100001100010101110100001110000010011001000010110001011000",13,3,0,0,0.7544549270215989,231.64963509747116,313.0012020410386,5.001913230716863,8
37,"b00000000000011110000000011000001111100000010000000000000000000000000000000000000",0,1329.4338867241001,"b10001000101011100011100100001100010101110100001110000010011001000010110001011000",26,6,-1,-1,0.7046243208960908,424.5745674664857,201.94866274223952,3.6712915668642787,8
38,"b11101000000110000000011000100101100000000000000000011000010001100111010100000000",0,1956.8303040953542,"b10001000101011100011100100001100010101110100001110000010011001000010110001011000",19,9,0,0,1.3079685946438724,426.94450064435784,166.86907996580948,0.6975775832310575,8
39,"b11000000011100000001100000000100010001100000000000000000011100000000000000101000",0,3153.352999539419,"b10001000101011100011100100001100010101110100001110000010011001000010110001011000",21,5,0,0,0.8298400525748445,424.44282962564097,332.2781942712147,0.1675569513400322,8
40,"b00000000000001100000000110000000010100000000001100000000000000000000000000000001",0,1904.0398190238993,"b10001000101011100011100100001100010101110100001110000010011001000010110001011000",25,2,0,1,0.6900577110584005,263.0868389500095,339.0632179039983,1.737396380740166,8
41,"b00000111001111000000010000001001110100001101100110000000100011001110010000001010",0,2329.0344545238277,"b10001000101011100011100100001100010101110100001110000010011001000010110001011000",15,11,0,0,0.7627635320638594,344.36765404161986,122.14024973877711,3.4121585507357146,8
42,"b00000000000000000000110000010001111010010010100100010000110000000111010000000000",0,3643.648533780657,"b10001000101011100011100100001100010101110100001110000010011001000010110001011000",20,7,0,0,0.7238869644858257,214.27963020970873,140.1600299665695,5.492551363458732,8
43,"b00000000001001000000101001000000010001100100001110000010000000000011000000000000",0,3169.297591419657,"b10001000101011100011100100001100010101110100001110000010011001000010110001011000",20,3,0,-1,0.7681765559572684,21.22630043277832,277.49924741062216,0.06389315560164538,8
44,"b10000000001011100011100100001100010001110000001110000010101000000010100000001000",0,4821.100124771017,"b10001000101011100011100100001100010101110100001110000010011001000010110001011000",9,1,0,0,0.7115386849368273,223.8961214949588,499.69590518842926,5.505901347583505,8
45,"b00000000000000000010000000000000000100000000100000000010000000001000000000000000",0,3632.8129660633554,"b10001000101011100011100100001100010101110100001110000010011001000010110001011000",29,2,1,0,0.7211547988102363,470.1606583024484,343.28313178341364,6.163253686597878,9
46,"b00100000000010000000000001000000000101100000000100000000000000000000000010000000",0,1022.0639718500436,"b10001000101011100011100100001100010101110100001110000010011001000010110001011000",27,3,0,1,0.8024009888979209,380.5980645821575,96.5857198664444,2.1241955055865893,9
47,"b00000000010000000001000000000000000000100100000100001110100000011100000000011000",0,2569.6056785862547,"b10001000101011100011100100001100010101110100001110000010011001000010110001011000",25,7,0,1,0.7970188473931752,427.12828315163955,226.3205421707257,4.781275765030228,9
48,"b00100011000010100100001001000011110000001100000000010000100101000101010000010001",0,2121.3644752549963,"b10001000101011100011100100001100010101110100001110000010011001000010110001011000",15,6,0,0,0.8415151652574328,326.0480996603253,226.58245593103868,1.6802184010867032,9
49,"b10000000001000100010101100001100110000111000000111000000100000010011000000000000",0,1148.80974934196,"b10001000101011100011100100001100010101110100001110000010011001000010110001011000",18,7,0,0,0.7748509976598846,490.2587193209647,213.44848721505343,5.029005435152397,9
50,"b00001000000000001100000000001100000000100000110000000011000001011000000110000000",0,451.5010180662478,"b10001000101011100011100100001100010101110100001110000010011001000010110001011000",26,9,0,0,0.7521928041537101,179.84175927926108,240.85692125090753,2.710826078172876,9
51,"b01000000001011100000100100001000010000110100000001000001011100010011000100001100",0,2127.2601636492036,"b10001000101011100011100100001100010101110100001110000010011001000010110001011000",17,8,0,0,0.8315928632975296,403.5906935008517,404.4839347512806,4.759581055539368,9
52,"b00000111001101100000001101001001000000000110100010000000110011000111010000010011",0,2951.8773766637823,"b10001000101011100011100100001100010101110100001110000010011001000010110001011000",13,8,0,0,0.8149077884207152,273.4814644556258,21.72692649262914,0.7416083018220405,9
53,"b00001000000001101000110100001000110000000111000000111001100100000000000100000000",0,1660.9358336243117,"b10001000101011100011100100001100010101110100001110000010011001000010110001011000",20,8,0,0,0.7410082868997185,110.79109028092502,53.39752178680395,4.055091165267321,9
54,"b00000000000000000000010000000000110100000101110000001100000000000000000000000000",0,1975.425400311753,"b10001000101011100011100100001100010101110100001110000010011001000010110001011000",27,5,0,-1,0.7238491709374124,406.84767619115144,376.83587419723017,4.586427622332284,9
55,"b00001010001101000010010000000001010000101110000000100000000111000011010100010001",0,5585.240848695105,"b10001000101011100011100100001100010101110100001110000010011001000010110001011000",9,0,0,0,0.8594582302649054,262.62258877673327,492.24078072424413,1.7892981169629925,9
56,"b11000000001000000000101110000110110111110100001010001110011000010010010000001000",0,2753.5324570692355,"b10001000101011100011100100001100010101110100001110000010011001000010110001011000",13,9,0,0,0.7847117499728596,502.01304930150974,327.30192480940025,4.760065681147166,10
57,"b00001111000100000000011000101101111100001001100010110000110011000010000100010101",0,1560.501874040511,"b10001000101011100011100100001100010101110100001110000010011001000010110001011000",13,11,0,0,0.8499686836179035,315.0649451378954,57.02533619417349,3.1570603103843498,10
58,"b00001010001001000010010001100000011000101110000000000000000111000011000100010001",0,5090.589041218223,"b10001000101011100011100100001100010101110100001110000010011001000010110001011000",12,2,0,0,0.7372050116558052,144.71256399788962,323.0560922843016,5.987821412261167,10
59,"b00101001100011100000001100100001111000000100000000110000000001001100010000100000",0,805.8950750999722,"b10001000101011100011100100001100010101110100001110000010011001000010110001011000",20,10,0,0,0.7568063310426417,77.83891623382878,87.40897174703663,4.044342421291331,11
60,"b00000000000100000000011000000000101000000001000000011010001010000000000000000000",0,1308.0566743620504,"b10001000101011100011100100001100010101110100001110000010011001000010110001011000",26,5,0,-1,0.7067669006597018,88.14142430870278,371.75942740332346,3.516180193429448,11
61,"b00000000000000000000011100000001110000000010011100000000000010000000000000000000",0,2092.785462931317,"b10001000101011100011100100001100010101110100001110000010011001000010110001011000",24,3,1,-1,0.7273963312586731,428.0297577620672,177.23860477931063,2.0405091632012784,11
62,"b01001000000111100000001001100001111010101101101100100000000101000111000000010001",0,2655.5716172214406,"b10001000101011100011100100001100010101110100001110000010011001000010110001011000",11,8,0,0,0.7726506812047732,438.7994332414098,35.148936435266,2.8491951246353127,11
63,"b00000000000000000000001100000001110000000000000000000000000000000000000000000000",0,2569.1749220508837,"b10001000101011100011100100001100010101110100001110000010011001000010110001011000",28,1,-1,-1,0.7421238580036787,194.78955083035873,13.329761106995331,2.6759199640070683,11
64,"b00000000000000010000000001100000010011000001000000000000010000000100000000010000",0,1707.4540288876176,"b10001000101011100011100100001100010101110100001110000010011001000010110001011000",28,6,1,1,0.7131731481320785,263.40932199866455,353.6405370226285,4.65062751058891,11
65,"b00100000001001100000001011000000000100000001001000000000011000100000000000000000",0,1864.990378385373,"b10001000101011100011100100001100010101110100001110000010011001000010110001011000",25,6,0,-1,0.744173053329947,186.04951659800176,14.662553403012623,4.540019586424986,11
66,"b00000000001001100000000101001101000011110000001000010000111000010000100000000000",0,2479.3604753984027,"b10001000101011100011100100001100010101110100001110000010011001000010110001011000",19,6,0,0,0.7183721034267875,289.55533172447645,506.7830781128945,-0.06791530452806502,11
67,"b00000000000001001000000100101000000000110010000111000000000000010000000000010000",0,1168.4942652573939,"b10001000101011100011100100001100010101110100001110000010011001000010110001011000",24,5,0,1,0.73631398099744,31.45937351307602,157.2238075787289,0.33272659690172424,11
68,"b00000000000110000000011000100000111111000000010000000000000100000000010000000001",0,991.6982472651475,"b10001000101011100011100100001100010101110100001110000010011001000010110001011000",24,7,0,1,0.773665189879451,118.53677987541951,217.5280528237786,1.7768964032949626,11
69,"b00000000000000000000100011100011111010000100000001000000110100000010010000001000",0,1283.7976190258937,"b10001000101011100011100100001100010101110100001110000010011001000010110001011000",23,9,0,0,0.7432733426301442,236.5818128174809,479.2459877744219,4.141519633492338,11
70,"b10000000001011100010000100001000110010111000010100101001011010000000000000000000",0,2268.4965969422615,"b10001000101011100011100100001100010101110100001110000010011001000010110001011000",18,8,0,0,0.7357387163631087,5.24837858395444,277.73795662985907,4.9186845070806715,11
71,"b01000000000011110000100110001100010000110100011111000111111001000010000000000000",0,2366.869954703842,"b10001000101011100011100100001100010101110100001110000010011001000010110001011000",13,8,0,0,0.7523069767646422,75.45849886598556,47.127779190279554,0.10009400511225879,11
72,"b01001100001011110000000000000101000000010001000111100100010000000011000010000110",0,326.30207360082153,"b10001000101011100011100100001100010101110100001110000010011001000010110001011000",21,12,0,0,0.9547017843904881,62.35370990378162,91.02724007679299,1.2326690401344846,11
73,"b10000000001000100010000000001000000000011100001110000000111000010011100000000000",0,1920.8524573529141,"b10001000101011100011100100001100010101110100001110000010011001000010110001011000",18,4,0,0,0.7843452088443074,487.62497854498037,92.92050435984802,4.5550795751375714,11
74,"b01001111000111100000001101100111110100001000101010100000100001000111010000100000",0,2626.3793253333697,"b10001000101011100011100100001100010101110100001110000010011001000010110001011000",13,12,0,0,0.7749391424558767,254.07121449903138,94.36087637019337,2.4184822816933185,11
75,"b00010000000101000010011100000001110000101110000000110000000011000111010100010000",0,4243.421543030445,"b10001000101011100011100100001100010101110100001110000010011001000010110001011000",9,1,0,0,0.8193728724089075,319.60038647560725,31.22597874113909,5.4009317804617325,11
76,"b10001000000011000011001000001110000000000000011110000101010000000111000100100000",0,1986.3592309885612,"b10001000101011100011100100001100010101110100001110000010011001000010110001011000",19,9,0,0,0.7736489986000489,260.4481805733471,219.6443756468729,4.237570274644366,12
77,"b11000000001010100011100000000100010000110100011111000010100001000001100000000001",0,2395.655162806808,"b10001000101011100011100100001100010101110100001110000010011001000010110001011000",14,6,0,0,0.7991549343066646,280.4881925831969,147.03212594885755,3.335813644895067,12
78,"b00000000000000001000000000100000000000100010001000101100001011110010000000010000",0,1026.2191578596135,"b10001000101011100011100100001100010101110100001110000010011001000010110001011000",24,7,1,0,0.7641513490548183,111.36238023985894,20.949100642990597,4.901952600290984,12
79,"b00000001010000000010001000000001000000000001111000000011000100000000110000000001",0,1097.0108005207062,"b10001000101011100011100100001100010101110100001110000010011001000010110001011000",24,7,0,1,0.7990062970150421,386.67148137106426,467.9087435854637,2.8709476293508818,12
80,"b00000000001000000000000000000000100000000001000000001000100001000011001100100000",0,1744.4325426514408,"b10001000101011100011100100001100010101110100001110000010011001000010110001011000",25,4,1,0,0.7301840093581005,345.98723678407646,236.59208188090923,5.9684634152645835,12
81,"b00000000000001000000011000000001000011000010001100000000100000000000110000000000",0,2200.5425636430405,"b10001000101011100011100100001100010101110100001110000010011001000010110001011000",24,4,0,1,0.732845823257393,295.91170301178073,226.71481731218873,0.604364641786207,12
82,"b00000000000000000000000000000100000000100000101000011000000001101000000010000000",0,927.876105583056,"b10001000101011100011100100001100010101110100001110000010011001000010110001011000",27,5,1,0,0.6962182769196346,207.61347733100834,44.88115277951651,5.818811702547011,12
83,"b00000000000001000000000100000000010000000000000000000000000000000000000000000000",0,3531.025194120389,"b10001000101011100011100100001100010101110100001110000010011001000010110001011000",29,0,-1,-1,0.6547322259414656,10.611650017707113,376.1049461230223,5.314195227985085,12
84,"b00000000000010000011001000100000111110000000001000001110000000001000000000010000",0,994.8473046110416,"b10001000101011100011100100001100010101110100001110000010011001000010110001011000",24,8,0,1,0.7410463971036633,193.63194346554064,98.61055072400936,3.9245458375925595,12
85,"b00000000000000100000000011011000000000000000001000000110000000011000100000000000",0,924.4638418873874,"b10001000101011100011100100001100010101110100001110000010011001000010110001011000",27,6,0,0,0.6989075195197428,434.85492142350705,502.8110272300407,6.841583484630588,12
86,"b00010000000011100000001100000000100000000010001100000000011000000000000000000001",0,1457.0450708671508,"b10001000101011100011100100001100010101110100001110000010011001000010110001011000",24,5,0,0,0.7353396661626113,316.7672600417841,21.772051172308583,4.880366302986372,12
87,"b00000000100000110101010001000111111000100010101010100000100111000111010000000000",0,1089.826373015385,"b10001000101011100011100100001100010101110100001110000010011001000010110001011000",14,9,0,0,0.9024059337336864,24.167030676471132,229.33878873870717,1.521638455129624,12
88,"b10001000001011000010000000010110011000110100010110000000010000100101000001110110",0,2317.910214640786,"b10001000101011100011100100001100010101110100001110000010011001000010110001011000",16,10,0,0,0.8431124030998198,237.03771872712397,245.52831087682853,4.281833533379697,12
89,"b10111000001011100011001100000101000111110000001110000101110000000100110011100000",0,2922.1949282125693,"b10001000101011100011100100001100010101110100001110000010011001000010110001011000",11,11,0,0,0.8017130763674719,135.48808704075282,159.86666564116405,3.238498785343685,12
90,"b00001010001100000010010001000000010000101111000000100000100101000110010000010001",0,3001.2261473371746,"b10001000101011100011100100001100010101110100001110000010011001000010110001011000",11,1,0,0,0.8436432677024953,209.85850608302962,125.83160391287036,3.0437285314712614,12
91,"b10111000001011110010000100111101000001110000100010100110110000000001100010000010",0,1391.4164260615432,"b10001000101011100011100100001100010101110100001110000010011001000010110001011000",15,13,0,0,0.8260998247713001,306.7179896802658,20.8292728636656,5.157671241000477,13
92,"b00000000100000000000000000000000110000000001000000000000000000000000000000000000",0,3215.8645627331325,"b10001000101011100011100100001100010101110100001110000010011001000010110001011000",30,2,-1,-1,0.7131009661630916,263.18534301356453,497.60965038924894,3.832179836366936,13
93,"b00000000000110010000000000000000100001000000000100000000001000000000110000000000",0,1349.8078163890518,"b10001000101011100011100100001100010101110100001110000010011001000010110001011000",26,3,0,1,0.752535379455898,307.70867530680846,199.56289503910142,4.330718909545063,13
94,"b00000010001001001010011001000001010000101110100000100000100001000111010000010000",0,5683.8771869209195,"b10001000101011100011100100001100010101110100001110000010011001000010110001011000",10,1,0,0,0.7051635704846116,96.80298928837385,261.03475360053653,2.0901755861616333,13
95,"b00000000000001000000001110000000010000000000000000000000000000000000000000000000",0,4966.775277381821,"b10001000101011100011100100001100010101110100001110000010011001000010110001011000",29,2,-1,-1,0.709223678105308,391.9238167492126,170.9572832435612,1.3880498988302294,14
96,"b00000001000100000000001000100000100100000111010011110000000001000001010100000000",0,2151.528282535937,"b10001000101011100011100100001100010101110100001110000010011001000010110001011000",21,7,0,0,0.8475378997026692,362.60164129665833,167.76205004421072,5.256458848173725,14
97,"b00001000000000100000000110000000001000000000011000000000000000000010000000000000",0,1379.8273361478311,"b10001000101011100011100100001100010101110100001110000010011001000010110001011000",27,3,0,0,0.6774591366732059,135.2968564517256,202.25733512380847,0.15488946491451067,14
98,"b01000001001001000111000110001101000011100100101110000000111000000010110001000000",0,2141.8709503772398,"b10001000101011100011100100001100010101110100001110000010011001000010110001011000",13,8,0,0,0.783124980320123,291.4740853683405,145.2338866991422,4.672304106371248,14
99,"b00000000100001110000011111100111101100001100100011110000100000001111010000110000",0,1488.905025104592,"b10001000101011100011100100001100010101110100001110000010011001000010110001011000",15,14,0,0,0.7709730046325759,388.4070371972176,17.76794094208048,2.8336621556587422,14
100,"b00000000010000001100000000100000010010000110000000010100100010100000000000000000",0,505.55966930194785,"b10001000101011100011100100001100010101110100001110000010011001000010110001011000",26,7,0,0,0.7479303215516593,271.1663483519969,356.4233303828513,2.0593926505537388,14
101,"b10001000001010100000100000001100000101110100010010000010001000000010110000001000",0,3515.512426802782,"b10001000101011100011100100001100010101110100001110000010011001000010110001011000",12,1,0,0,0.8218749731091537,370.8747006548951,116.47428413037433,1.414955550322791,14
102,"b00001000101011100010100101101100000000110100011110000011101010010011000000010110",0,3125.747325224381,"b10001000101011100011100100001100010101110100001110000010011001000010110001011000",11,10,0,0,0.830537148120972,354.0370302436614,410.4913639071356,6.059892694106626,15
103,"b01000000000001000001001000100001101000001000000000110000000000000111010100100001",0,3091.096880480398,"b10001000101011100011100100001100010101110100001110000010011001000010110001011000",19,5,0,0,0.9355290509371739,20.40360241852571,228.69908284199403,0.3401643766673198,15
104,"b00000000000100010000001110000001110000001111000000100000100011000001010100010011",0,2277.2312909094708,"b10001000101011100011100100001100010101110100001110000010011001000010110001011000",15,5,1,0,0.794703455536478,378.94368308585683,446.107519991763,0.22688357586906194,15
105,"b10001000111011100011100100000100010111110100001010000010011001000000010001001000",0,4280.927965026791,"b10001000101011100011100100001100010101110100001110000010011001000010110001011000",5,2,0,0,0.7941333170553417,321.8003416485799,210.83383966236164,0.7204344335140702,15
106,"b01000000101011000010000000001100010101000100001110000100110000000110100000000010",0,3166.3920772457323,"b10001000101011100011100100001100010101110100001110000010011001000010110001011000",15,5,0,0,0.783132726996631,375.90470349801444,187.4354448430919,5.006164196717702,16
107,"b00000000000001000010011101000001001000101110000000011000100101000011010000010000",0,4268.4941137556725,"b10001000101011100011100100001100010101110100001110000010011001000010110001011000",14,3,0,0,0.7087735692166865,227.5018013778828,332.32203432073766,0.017219368634007394,16
108,"b00000000000000000000000000000000000010000000111010000100000011100110000000000000",0,1097.4044813951105,"b10001000101011100011100100001100010101110100001110000010011001000010110001011000",26,5,1,0,0.7407774100001957,21.783649168616765,220.87070755992863,0.459640153640179,16
109,"b00000000001000000000101000000000110100000000010010100101110000000111000010000110",0,1453.545335647671,"b10001000101011100011100100001100010101110100001110000010011001000010110001011000",23,10,1,-1,0.7689009453174713,328.9236727600695,342.39923281834473,5.654758198815685,16
110,"b00000000000000000000000100000000011000000000000000000000000000000000000000000000",0,2612.5764317395096,"b10001000101011100011100100001100010101110100001110000010011001000010110001011000",30,1,-1,-1,0.702717429138655,99.074185178547,177.4869332209338,4.642007271065593,16
111,"b00001001000100100001001100100000011000001000101010100000100011000111010100000001",0,2715.270422530158,"b10001000101011100011100100001100010101110100001110000010011001000010110001011000",15,7,0,0,0.7776864456463196,396.7683061524617,346.2416386923429,1.9130638048543966,16
112,"b00000000001001100011111000000100000101110100001010000010011001000010110001010000",0,4188.4694669412565,"b10001000101011100011100100001100010101110100001110000010011001000010110001011000",9,2,0,0,0.734045529067066,162.90477293023918,311.9557530150323,6.098467226213101,16
113,"b00001011100100001100001110100100001010000111000000110100010001000000000100000110",0,1158.5491975405885,"b10001000101011100011100100001100010101110100001110000010011001000010110001011000",22,15,0,0,0.7969191211255172,375.17203445237317,22.68743021438191,0.09301146162397053,17
114,"b00000010000001000010010000000001010011101110001000100000100001001000000000000000",0,3221.3821653912764,"b10001000101011100011100100001100010101110100001110000010011001000010110001011000",18,3,0,-1,0.7086879526240865,467.67546014509566,433.65059194369303,5.692179635913695,17
115,"b00000000000000001000000010101011010000100110010010000000001001100011000100000000",0,2257.344036925273,"b10001000101011100011100100001100010101110100001110000010011001000010110001011000",23,9,1,0,0.7683569097768898,388.32192569897813,111.77034654928235,2.390959584245486,17
116,"b11000000001110001010000110001000101100001010000000100000100101000110010100010000",0,1570.9875276376524,"b10001000101011100011100100001100010101110100001110000010011001000010110001011000",17,9,0,0,0.8073201766778203,471.7444406540512,181.22499442212583,1.6421722825602516,17
117,"b00000000000110011000000000000001001011000000001100000011010000010110100000010000",0,863.816876819955,"b10001000101011100011100100001100010101110100001110000010011001000010110001011000",23,9,1,1,0.7475748410470232,237.16668375188655,416.4503964907163,1.0792064285764598,17
118,"b00000000000001101111000010010000000100000111010100000011100001010000000110000000",0,868.2560583952361,"b10001000101011100011100100001100010101110100001110000010011001000010110001011000",23,12,0,0,0.7473395379387929,161.90510558443054,44.45703912699842,5.04908854797238,17
119,"b00001000000011110100001111110011111110001110001000111001000000000000000000000000",0,1287.1454413116023,"b10001000101011100011100100001100010101110100001110000010011001000010110001011000",19,14,-1,-1,0.7506699188198477,285.9429140961655,73.1548934800908,0.09037204228241552,17
120,"b00000010001101001110011101000001110000001111001000100000101111000111110000000000",0,2591.5252432543257,"b10001000101011100011100100001100010101110100001110000010011001000010110001011000",8,6,0,0,0.7504163943645084,284.7638065142509,506.6904512552115,4.41200969286221,17
121,"b00000000000000000000000000000100000000000000010000000011000000101000000000000000",0,3097.5478437703077,"b10001000101011100011100100001100010101110100001110000010011001000010110001011000",30,4,0,1,0.670747440424926,449.6672416190983,385.10824083027086,3.552949156557416,18
122,"b00001000000100100100001100100101111000001101010011100000010000000011010000000101",0,1256.0219243674792,"b10001000101011100011100100001100010101110100001110000010011001000010110001011000",19,12,0,0,0.7926586427707843,246.2046247806689,420.66651175631733,5.736039430665432,18
123,"b00010000001101000010010001000001110010001001001100100000100100000000010000000000",0,2366.327679736633,"b10001000101011100011100100001100010101110100001110000010011001000010110001011000",16,3,0,0,0.7384412564366016,61.18566021596381,318.12101373799874,1.3178834741108174,18
124,"b00001000000000110000011111100000011000000001100010011000000000010000101001000000",0,1104.9819837530924,"b10001000101011100011100100001100010101110100001110000010011001000010110001011000",25,13,0,-1,0.9172013586486375,25.129891141435806,394.1761830849508,3.3986714457274134,18
125,"b00000100001011100000101100001110000000110100001010000000111001000010100000000000",0,3451.9414230998004,"b10001000101011100011100100001100010101110100001110000010011001000010110001011000",14,4,0,0,0.9616685480607668,169.77952028275092,28.281918219505886,4.188806258047118,18
126,"b10010001111001001111101100001110000110000000011100001000100000000000000000000000",0,1123.142502578298,"b10001000101011100011100100001100010101110100001110000010011001000010110001011000",19,11,-1,0,0.8951690856905239,98.8846862624267,391.1395553489973,0.7619601732993941,18
127,"b11000000000011000000010001110000001101110100001110000100111000010000000000000000",0,1416.6488786830746,"b10001000101011100011100100001100010101110100001110000010011001000010110001011000",19,9,0,0,0.7378094787715541,360.7164173076334,241.15855487534142,0.6396465281183434,18
128,"b00001000101001000001100100000100010011110000001000000000010001010010110001111000",0,3799.814756269774,"b10001000101011100011100100001100010101110100001110000010011001000010110001011000",11,3,0,0,0.8208403482642567,506.87630403816974,286.9774375437883,4.657327879802665,18
129,"b00000001000000000010000001001100011011000010000000011000000001000000000100000000",0,1538.1658061915355,"b10001000101011100011100100001100010101110100001110000010011001000010110001011000",25,7,0,0,0.7234259875469009,5.084773268806117,244.3709638434354,4.639324528049862,19
130,"b10000000001000100010100100001100000000111100111110100010111000010001100000000000",0,1817.4427741359946,"b10001000101011100011100100001100010101110100001110000010011001000010110001011000",14,7,0,0,0.7518054394011244,462.93060869885886,181.09575895322268,2.8301029269371885,19
131,"b00000000000011001000000010001110110000000011110100010001110100000011000000000001",0,2567.7062045201924,"b10001000101011100011100100001100010101110100001110000010011001000010110001011000",21,11,1,0,0.8066209976467876,348.3568951176532,295.3989101486818,3.362760656740863,19
132,"b00010000100001011000010100000100000010000100101110010001011000010000010001000000",0,484.49302729602516,"b10001000101011100011100100001100010101110100001110000010011001000010110001011000",20,9,0,0,0.8339667242860139,484.0315791187497,11.420805719972567,1.232400800118809,19
133,"b00000000000000000000010000001000100100101100001001010000110101000111010000000001",0,3476.4556927848835,"b10001000101011100011100100001100010101110100001110000010011001000010110001011000",17,4,1,0,0.7549293177229892,482.26783496832064,150.46984812988944,2.507015708248886,19
134,"b10001000101010000000100110000100010001110100101100000010000001100010000000011000",0,2529.45575349149,"b10001000101011100011100100001100010101110100001110000010011001000010110001011000",12,3,0,0,0.8372980323506678,233.41919615680078,35.52507436041044,6.318739807504806,19
135,"b00000000000110100000001100100000110000011101010000010000110101100011000010010000",0,1954.2006326508642,"b10001000101011100011100100001100010101110100001110000010011001000010110001011000",19,10,0,0,0.8208799367980844,506.87975153985667,305.1638247556921,0.6118982154709065,20
136,"b11001000001001100010000000000011000100010001011110100101010101100101110111100110",0,1288.0107239938384,"b10001000101011100011100100001100010101110100001110000010011001000010110001011000",16,17,0,0,0.8761996400283382,498.5925631351549,77.74063833837133,5.557292758594688,20
137,"b00001000000011100011000100000000000001100100011010000000010001000010110001010000",0,1907.9807199381783,"b10001000101011100011100100001100010101110100001110000010011001000010110001011000",13,1,0,1,0.7454478013535467,354.2447471306824,463.90775482011423,3.1904297127121932,20
138,"b00000001101000110100100011000001010000000000000000000000001000000000000000000000",0,1204.8008913373662,"b10001000101011100011100100001100010101110100001110000010011001000010110001011000",26,6,-1,0,0.7254758303399442,97.14762912206933,188.5815552710047,4.927559216676695,21
139,"b00000001010010001110000100000000010000000000110000000000010000000000000000000000",0,2338.7339091096,"b10001000101011100011100100001100010101110100001110000010011001000010110001011000",27,6,-1,0,0.7431038700269661,485.773895590443,291.978761967778,2.921411663402277,21
140,"b00000000000100000010001101100001111100001010000000000000000001000011010000000001",0,3992.5493342510567,"b10001000101011100011100100001100010101110100001110000010011001000010110001011000",18,4,0,0,0.7752278880972503,313.17957639958047,64.63084608758345,0.35030461590453976,21
141,"b00011110000000000000000000011100000100000010010000001001000000000000001100000100",0,329.38338346467066,"b10001000101011100011100100001100010101110100001110000010011001000010110001011000",27,10,0,0,0.9263411540892567,489.03344411218774,222.93481491686578,1.1200953072000708,21
142,"b00001001000110100100001100000101111000001110100011100000000011000111000100010101",0,2110.3074364246477,"b10001000101011100011100100001100010101110100001110000010011001000010110001011000",13,10,0,0,0.7699260549241016,208.57752532780623,435.44428695955173,4.525350858809508,21
143,"b00000000001111100010010001000001110100000010001000010000100001000011010010010000",0,1567.7433403239463,"b10001000101011100011100100001100010101110100001110000010011001000010110001011000",14,4,0,0,0.7638687074033248,472.40910644923,231.48079886087558,1.5788879367433144,21
144,"b00000000001001000010001001001001100000101110001001110000000111000110010100010001",0,3946.9772036478353,"b10001000101011100011100100001100010101110100001110000010011001000010110001011000",9,2,0,0,0.7560556194770275,399.04541514575203,406.90640178856063,2.26055759165735,21
145,"b00110110100011100000000100110101100000001100000101011001110001000011000000010001",0,769.4282227707945,"b10001000101011100011100100001100010101110100001110000010011001000010110001011000",18,14,0,0,0.7746465688373324,72.97095167798277,438.7272373988965,0.1616883528376542,22
146,"b00000101000100100100001100000100100010001111100011000000000001000010000100010101",0,1550.0683640213738,"b10001000101011100011100100001100010101110100001110000010011001000010110001011000",20,11,0,0,0.7319231702921228,120.24474876845095,266.10172949766417,3.671661766643089,22
147,"b00000010000000000000000000001101110011000100010000100000000000100000000100000000",0,1190.8247763851946,"b10001000101011100011100100001100010101110100001110000010011001000010110001011000",27,8,0,0,0.6890252210449411,330.99223766471766,347.48489408468896,3.78349044958908,22
148,"b00100000000111000000010100000001110100000010000010000000010000000010000000000000",0,1216.5842430903103,"b10001000101011100011100100001100010101110100001110000010011001000010110001011000",24,6,-1,-1,0.7146448708196862,320.62219920090126,283.5508623493717,2.855024850101289,22
149,"b00000000000000000000000000011100000110000000001100000001000000000000000000000000",0,1510.0267687157202,"b10001000101011100011100100001100010101110100001110000010011001000010110001011000",27,3,-1,1,0.6652562125077232,254.59055526870296,331.33685317477165,0.6776903984064628,22
150,"b10001000111010100001100100001100010000010000000010000010110000000010110001001000",0,3192.8066993214925,"b10001000101011100011100100001100010101110100001110000010011001000010110001011000",11,2,0,0,0.9625972047946633,173.08254905155934,25.476534759498428,4.643235289336391,22
151,"b01100101100011100000001100000111101000001111000011110000110001000111010000010101",0,1519.206732900579,"b10001000101011100011100100001100010101110100001110000010011001000010110001011000",15,16,0,0,0.7902645086183461,92.77770869156248,403.58501429631735,0.3459369890727203,23
152,"b00000000000100000000010000000000100000000110000000001000000000010011010000000001",0,1796.4597315204128,"b10001000101011100011100100001100010101110100001110000010011001000010110001011000",23,2,1,0,0.7509208301020228,99.73400933797299,125.6176312364719,1.9132610051790697,23
153,"b00001000000000000010100100001001100100000111110000011000010101000010000000001000",0,897.9109246058354,"b10001000101011100011100100001100010101110100001110000010011001000010110001011000",21,9,0,0,0.7964062059335684,432.1466730784989,174.08510964556777,4.528896520489556,23
154,"b00001001001101000000011000001000010000001010110010100000100011000111010000010101",0,3439.515806509371,"b10001000101011100011100100001100010101110100001110000010011001000010110001011000",12,5,0,0,0.8159790302994888,92.78170531976293,372.321036071474,1.2391659720228634,23
155,"b00000000000000001001001011000001111000000010000010000000001000000001000000000000",0,1289.9621143417944,"b10001000101011100011100100001100010101110100001110000010011001000010110001011000",25,6,-1,0,0.729398622217714,38.06250350185172,399.1436594268422,3.3325289523212898,23
156,"b01000000000101100000001010100011000100000011000010000000011100000011100000000010",0,645.610559112492,"b10001000101011100011100100001100010101110100001110000010011001000010110001011000",24,12,0,0,0.7950261085686856,86.37868652250195,138.67594164971703,4.37141484855138,23
157,"b00001000000000000000000000000000011000000000000000000000000000000000000000000000",0,8108.455203749929,"b10001000101011100011100100001100010101110100001110000010011001000010110001011000",30,1,-1,-1,0.6302764449505542,247.2792640519662,279.5511941744266,4.23673064802158,23
158,"b00001100001110000010011001000000010000101100000000110000000111000011010100010001",0,4172.810281814705,"b10001000101011100011100100001100010101110100001110000010011001000010110001011000",10,2,0,0,0.8276095498332892,436.2170175434173,272.8955855563084,0.3021717342265977,23
159,"b10001000101011100011100100000100110101110100011110000010111001000010110001000000",0,4711.2160646633565,"b10001000101011100011100100001100010101110100001110000010011001000010110001011000",3,3,0,0,0.8660546517458154,433.84406393038626,185.07463924816975,2.696671927576638,24
160,"b00001000000001100011000000001100010101110000001010000010011001000010010000011000",0,3935.847590110386,"b10001000101011100011100100001100010101110100001110000010011001000010110001011000",10,0,0,1,0.7441090211312872,347.1869224514331,471.4344977777036,3.9060847864907897,25
161,"b10000000000101001000011101000001110000101010001000100000100111000111010100010001",0,4432.158201044254,"b10001000101011100011100100001100010101110100001110000010011001000010110001011000",8,3,0,0,0.7281578067784997,476.3798481885125,374.7091548620486,1.8874446249820034,26
162,"b00110000000100001010000000001100001010100001100100000010000001001100000000110000",0,646.730591479094,"b10001000101011100011100100001100010101110100001110000010011001000010110001011000",24,11,0,0,0.7492920091411476,469.13362574567884,358.10967340216104,5.984043839384441,27
163,"b01001100110000000011010001001100000111110000000110000000010000000000000000000000",0,2310.1254339519373,"b10001000101011100011100100001100010101110100001110000010011001000010110001011000",19,6,-1,0,0.7223215239488806,392.7119856050521,440.96695330705984,2.8410016808062695,27
164,"b00000000100011100011100100000000000100100000011110000010010001000010010000000000",0,3084.370460816179,"b10001000101011100011100100001100010101110100001110000010011001000010110001011000",14,1,0,0,0.7688712346842116,262.8575729164293,42.547587494497265,2.30824703750851,27
165,"b10000000001011100010100100101100000111100000011110000011111001010100000000000000",0,2480.9305298591785,"b10001000101011100011100100001100010101110100001110000010011001000010110001011000",12,7,0,0,0.753905896487318,394.37890251972743,281.5424140200227,5.0807017635626135,28
166,"b11000000011001101110011000011011011001000111100000000100000000011100000000011000",0,548.5239747862688,"b10001000101011100011100100001100010101110100001110000010011001000010110001011000",20,16,0,0,0.839149538527191,311.8375013687715,196.61452051762635,3.4703112701712824,28
167,"b00000000000010100100011000011000000001000000000110000001001000000000010000000000",0,1124.8140584212497,"b10001000101011100011100100001100010101110100001110000010011001000010110001011000",24,5,-1,1,0.6851569672809747,392.2069225181919,477.0716790527712,4.390426254927575,28
168,"b00000010001101000010011001000001110000001111101000100000100111000110000100010000",0,4863.727550778287,"b10001000101011100011100100001100010101110100001110000010011001000010110001011000",7,1,0,0,0.739871146699721,152.6454956393932,148.2653763734065,4.721872742191506,28
169,"b00001000001111000011000110000100010100110100011010000010011001000000010001000000",0,2426.0989460636392,"b10001000101011100011100100001100010101110100001110000010011001000010110001011000",11,3,0,0,0.7744358832781346,85.95049929516216,442.95125023409946,4.441884104116397,29
170,"b00001000000011110000001101010000000000000001010000001011000000011000011010000000",0,574.4801195541164,"b10001000101011100011100100001100010101110100001110000010011001000010110001011000",25,12,0,0,0.7601948559418127,279.46488246480925,462.46645882293467,5.629804062413664,30
171,"b00100000000010111000000001000000000000000000001000010010001100001000100010000110",0,755.943093767474,"b10001000101011100011100100001100010101110100001110000010011001000010110001011000",26,10,0,1,0.780345412403963,217.47098001390236,451.6906640318615,5.401432437703729,30
172,"b00000000001111000000011001100001010000101101101100100000000010000111000100010000",0,3373.202434121841,"b10001000101011100011100100001100010101110100001110000010011001000010110001011000",12,4,0,-1,0.7803827690254096,334.0927435849946,165.7034855872845,0.1837756343997825,30
173,"b00000000000011000000100100000100010000010100000010000001011010000110000000010010",0,4191.326909062425,"b10001000101011100011100100001100010101110100001110000010011001000010110001011000",19,4,0,0,0.7564556907221931,500.9675912626409,490.6320354088624,0.32669696963736927,30
174,"b11000000000110000000001100000000010100000000001000010000111001100101000000000010",0,1359.4048725590908,"b10001000101011100011100100001100010101110100001110000010011001000010110001011000",23,9,0,0,0.7697607793322613,84.86387800043963,107.39112864141389,1.8873914550324498,30
175,"b00000001000000000110000010000110000000011110100000011000001100000001010000000000",0,1501.3696612928586,"b10001000101011100011100100001100010101110100001110000010011001000010110001011000",23,8,0,0,0.7549562259463973,129.12258728103924,429.5245475280838,0.11477130672662361,30
176,"b00000000000001000000000000000000000100000000000000000000010000000000100000000010",0,2101.213639436136,"b10001000101011100011100100001100010101110100001110000010011001000010110001011000",28,1,0,1,0.707564655789956,354.8968932790584,467.51726528702375,4.524782547354093,30
177,"b00000000010000010001000000001100010000111101100000010111000000001100000000111100",0,1580.9348444305656,"b10001000101011100011100100001100010101110100001110000010011001000010110001011000",22,12,0,0,0.8736285838566498,418.1051079627854,69.38081629587505,3.4980242825513357,30
178,"b00000010001001000010011001000001010000101101101000110000100111000011010100010001",0,2420.579611879662,"b10001000101011100011100100001100010101110100001110000010011001000010110001011000",6,1,0,0,0.7978754151556829,273.53525193260606,144.6278511619749,2.8760212656137174,30
179,"b00000100000000010110000000011000001000010001110011101101001010000000001000000000",0,-263.788491832381,"b10001000101011100011100100001100010101110100001110000010011001000010110001011000",27,15,0,0,0.8365226525058772,39.51782831171507,16.846485463624358,1.9888730352324884,31
180,"b00000010001100000010010001000000110000101111101000100000100011000110000000010000",0,5785.9878072556685,"b10001000101011100011100100001100010101110100001110000010011001000010110001011000",11,1,0,-1,0.7149537550134067,215.00644303149136,225.61116780973825,0.42934441825557135,31
181,"b01000000000001100000000110000001010010100000100111000000010000000000100000000000",0,971.6588156946514,"b10001000101011100011100100001100010101110100001110000010011001000010110001011000",23,6,0,1,0.7395651930147741,73.51195262721158,347.97159815638435,5.1446470082691516,32
182,"b00000000100000000111000000100000000010100000000010000000010001110100000100000000",0,989.8859742838363,"b10001000101011100011100100001100010101110100001110000010011001000010110001011000",25,7,0,1,0.6919124301474421,457.47600070862023,384.0221835824755,3.0711046606515957,32
183,"b00000000000000010000000000000000000100000100011000110000000001100000001000000000",0,2082.700321445963,"b10001000101011100011100100001100010101110100001110000010011001000010110001011000",27,5,1,-1,0.7291669564879139,186.9404449403541,33.050888140161696,2.2309971481902418,32
184,"b10000000100011000010100110001100010100000100000110001000101101100000000101100000",0,2933.2021423546016,"b10001000101011100011100100001100010101110100001110000010011001000010110001011000",15,7,0,0,0.9173251671324407,215.71607080676114,114.33681511216382,0.13407290877552125,32
185,"b00001000000000000100011001001000010000001101100010000000100000000010000000011001",0,2305.5758133505497,"b10001000101011100011100100001100010101110100001110000010011001000010110001011000",20,5,0,0,0.8678834871969893,501.0324182485345,117.44096539214527,4.671391966797039,32
186,"b00000001000100100000001100000101010000001010110010100000100001000010000000001001",0,1736.367210621106,"b10001000101011100011100100001100010101110100001110000010011001000010110001011000",20,7,0,0,0.7956910112091179,448.16730992980655,488.3311726110168,1.9498468872464785,32
187,"b01010000000101100000000001000010010011000011001111001011100000000001000000000000",0,1513.5317019957458,"b10001000101011100011100100001100010101110100001110000010011001000010110001011000",24,13,0,0,0.754470379967395,310.4470631314764,486.5604549465556,3.9846756410925166,32
188,"b11010000000010000000001110000000000000100000010100000010010000001100110001000000",0,1736.2104349662911,"b10001000101011100011100100001100010101110100001110000010011001000010110001011000",22,7,0,0,0.8554622962816821,413.1654747404121,13.12235358322602,1.5047693180536856,32
189,"b00010000000100110001000100000101000001110000001111000000011000000010100001000010",0,3634.8366490836893,"b10001000101011100011100100001100010101110100001110000010011001000010110001011000",17,6,0,1,0.7679358748846502,57.318660350356225,192.95265216121894,3.2059176017414384,32
190,"b01010110000000100001010100000100000011110101101111000000110000100100000001100010",0,1197.4066481103628,"b10001000101011100011100100001100010101110100001110000010011001000010110001011000",19,14,0,0,0.8861737845918009,156.808606247862,153.6773873136954,1.9389735653253406,32
191,"b00000000000100100010010000100000101000001101100010010000110001000011010000000000",0,3431.9748581492377,"b10001000101011100011100100001100010101110100001110000010011001000010110001011000",19,6,0,0,0.7609539604211765,324.3003042014458,66.84231532063153,2.54264234751711,32
192,"b00001000000011100000011111100000100000000000000001000001100000000011000000000001",0,1742.7864688197078,"b10001000101011100011100100001100010101110100001110000010011001000010110001011000",22,7,0,1,0.7823412246086506,292.4690481384385,310.404039117184,3.268261824411642,32
193,"b00000011000000010000000110000000011000100000000000010000000011000000100000000000",0,894.0203825127778,"b10001000101011100011100100001100010101110100001110000010011001000010110001011000",26,6,0,0,0.7227758573389279,490.60826017798445,451.2557116717827,0.11058023786179214,32
194,"b10001000101011100011100100001100010111110100011100000010010001000010110001001000",0,4311.685556534251,"b10001000101011100011100100001100010101110100001110000010011001000010110001011000",3,2,0,0,0.9036132495086108,425.08209860076835,103.64113287315689,1.0028245112873098,32
195,"b00000000000001000000001001000000110100000011100000000110100100000001110000000010",0,3178.316030708668,"b10001000101011100011100100001100010101110100001110000010011001000010110001011000",21,6,0,0,0.7410342072669929,78.49204516548642,252.72907484442896,4.869248343361091,33
196,"b00000111000000001110000000001000010001100011011111001111100011000000000100001000",0,884.3281242695166,"b10001000101011100011100100001100010101110100001110000010011001000010110001011000",21,15,0,0,0.9357909265836543,256.1747964147717,31.374236532741374,6.136234445933314,33
197,"b00000000000011010000000000000000000001100000010110000000010000000000000000000000",0,1312.6688424425383,"b10001000101011100011100100001100010101110100001110000010011001000010110001011000",25,2,0,1,0.6541626910276296,342.8973541981563,447.4024705841729,1.2749104865989982,33
198,"b00000000001110000010000001000000010000101000101000100000100101000011010100000000",0,4442.226188864812,"b10001000101011100011100100001100010101110100001110000010011001000010110001011000",15,1,0,0,0.7694187631171386,296.7821504281196,312.68058169570054,1.5197895998373232,33
199,"b00001100000001100000010110000010000000000000000110000000101000000000000000000000",0,1645.6713003356667,"b10001000101011100011100100001100010101110100001110000010011001000010110001011000",25,5,0,0,0.7775069094302202,387.4497274849283,245.7156003156499,3.8965614422726436,33
200,"b00001011000101000000011001001001010000101000101000110000110011000100010100000000",0,3048.1521589224576,"b10001000101011100011100100001100010101110100001110000010011001000010110001011000",11,3,0,0,0.7842330804506559,311.8135698798194,506.7540398388308,0.10118968545020478,33
201,"b00000100000111101100000010000100101000000111100011110000000001000000010110010000",0,1103.970476907803,"b10001000101011100011100100001100010101110100001110000010011001000010110001011000",20,12,0,0,0.969390497386202,419.34196961897936,35.11820855417898,3.97836862161481,34
202,"b01001001000100100000000000000000010000101110000010110000010001000011010000010101",0,993.0355966972622,"b10001000101011100011100100001100010101110100001110000010011001000010110001011000",17,6,0,0,0.8625199122055776,165.04111066934436,89.74334126170642,1.9780192523413174,34
203,"b01000000000001100000100100000110010000010100001111010000111001000011000011010010",0,2182.1469626818907,"b10001000101011100011100100001100010101110100001110000010011001000010110001011000",15,8,0,0,0.9456301486308728,116.92834068000231,472.4516840050086,0.8893560989223368,34
204,"b01000000001010000000001010000000000000100000100010000011101000000000010000000000",0,5837.69686135835,"b10001000101011100011100100001100010101110100001110000010011001000010110001011000",25,6,0,0,0.835639573617273,69.31319326057739,116.78779821946148,1.8615947747823893,34
205,"b10001000001010010010100100001000111101110100011110000100110011000111100010000010",0,2377.551859050122,"b10001000101011100011100100001100010101110100001110000010011001000010110001011000",11,11,0,0,0.8375302612401656,475.92254048537865,138.72896311938388,5.152101025163946,34
206,"b10000000001010100010101110000100010000010101000111000010111000001001100000000000",0,2752.550371772897,"b10001000101011100011100100001100010101110100001110000010011001000010110001011000",15,7,0,0,0.7082044889401048,208.03103538787926,382.8633876050278,5.1249792606524345,34
207,"b00000111000000000000000000011000010110010000000000000010000001000000000000000000",0,1643.6906531024702,"b10001000101011100011100100001100010101110100001110000010011001000010110001011000",26,5,0,1,0.7708292410612215,197.77398016625517,429.74369682316365,3.378208212163549,34
208,"b10000000001001000000100100000000000100000100001000000010010000010010100001000000",0,2216.9777349798546,"b10001000101011100011100100001100010101110100001110000010011001000010110001011000",19,1,0,-1,0.7780074302650403,509.0463720426355,399.0111655187493,5.516629384322467,34
209,"b00000000000000000000000000000000000100100010011000110011000010000100000000010000",0,1991.9755841347635,"b10001000101011100011100100001100010101110100001110000010011001000010110001011000",24,4,1,-1,0.7393589155985213,54.03707942862595,164.78337720762735,1.896246593019146,34
210,"b00000000001000000000100000000001010011100000001110000111011000000011000000000000",0,3000.5355687488095,"b10001000101011100011100100001100010101110100001110000010011001000010110001011000",20,5,1,0,0.7108353192524326,124.4762961177992,376.2223023246104,3.6706171837520505,34
211,"b00010010001101000010011001000001000000101110001000100000100111000111010100010001",0,4436.291702676738,"b10001000101011100011100100001100010101110100001110000010011001000010110001011000",5,0,0,0,0.7323367853030287,217.75300662873556,426.578783320086,5.285548623050744,34
212,"b00010010000001010000001111000001101010001101000001110000100011001010001000000010",0,1312.33284413095,"b10001000101011100011100100001100010101110100001110000010011001000010110001011000",17,10,0,0,0.7812689593779271,433.8836976776753,227.930787575786,5.343014043066624,35
213,"b01000000001000000000101110000000100000101000000000000000001000001111000000011000",0,1115.7513692009193,"b10001000101011100011100100001100010101110100001110000010011001000010110001011000",23,7,0,-1,0.7538065932756598,159.47593739944668,491.3141327255882,5.715093798738721,35
214,"b10001000111110110011001101001100010100100100000010000010010001000010110001110000",0,4337.516640842852,"b10001000101011100011100100001100010101110100001110000010011001000010110001011000",8,6,0,0,1.0530148118943208,116.10865451019974,149.80926380408758,2.906008778372385,35
215,"b00000000000110000000001010001001110001001101100000100011110011000000010100010001",0,2596.2189764145155,"b10001000101011100011100100001100010101110100001110000010011001000010110001011000",16,8,1,0,0.7383467874901226,420.3796503359891,347.5541975211559,0.4826247778092979,36
216,"b00000010001000000010011000000001011000001110100000100000000101100011000000000001",0,3527.8286237093125,"b10001000101011100011100100001100010101110100001110000010011001000010110001011000",15,2,0,0,0.8198366029485882,383.2790717341896,490.94038467532096,0.4102841152468494,36
217,"b00000000000010001000001101010000111000000000000000000000001100000001010000010000",0,4635.638786641244,"b10001000101011100011100100001100010101110100001110000010011001000010110001011000",24,6,0,0,1.0675625765381522,149.40661999501512,155.13294189861386,1.8483504689556702,36
218,"b11101000101001100011000100001101010100110100001010000110010000110011100011000110",0,2543.262095540257,"b10001000101011100011100100001100010101110100001110000010011001000010110001011000",9,10,0,0,0.8218480220079866,145.175386258199,21.94463323552938,5.095679020740269,36
219,"b00111000100010000110010000001100000111110001011100000000100000000000100000000000",0,1496.4607003698577,"b10001000101011100011100100001100010101110100001110000010011001000010110001011000",19,8,-1,0,0.7686960378160927,366.0640375192668,106.285928837612,3.830215757177922,36
220,"b00011100000000011000000000010101100001000010010110011000001000000010001100000000",0,689.7958562054532,"b10001000101011100011100100001100010101110100001110000010011001000010110001011000",24,12,0,0,0.9409831631675448,77.26234514721915,201.1188301666223,1.2359681995784766,36
221,"b00001100001000000010011101000001011000100001101000000011100100000111010100010001",0,2856.0001855744335,"b10001000101011100011100100001100010101110100001110000010011001000010110001011000",12,6,0,0,0.8916937433603438,423.93477484444594,28.78161444619437,0.7401287175416942,36
222,"b00000000000000010001110001011001100000001110000000010000000000000000000000100000",0,918.5542051117374,"b10001000101011100011100100001100010101110100001110000010011001000010110001011000",24,6,1,0,0.8284346047316096,396.2529479673759,222.87540336110484,0.7951624312526095,36
223,"b00000000001100000000011110000000101000010001101001000001111000000000100000000000",0,3835.4304999377655,"b10001000101011100011100100001100010101110100001110000010011001000010110001011000",24,10,-1,0,0.7491043723026921,359.8452413971076,117.4290738589253,2.4156036490886788,36
224,"b00000000000000000000000110000000011000000000000000000000000000000000000000000000",0,6961.0387490480225,"b10001000101011100011100100001100010101110100001110000010011001000010110001011000",30,2,-1,-1,0.6808713689171431,163.1199339386575,11.582803597159925,0.5911856854318218,36
225,"b11000000000010100001100100100100000111010100001010000010001000000010110000000000",0,2138.947983112016,"b10001000101011100011100100001100010101110100001110000010011001000010110001011000",14,3,0,0,0.7143183434307562,42.094796291432736,322.2564653896032,4.919530532520993,36
226,"b01100001000111100000001100100001011000001111100111110000000001000011010000011000",0,1256.132041232424,"b10001000101011100011100100001100010101110100001110000010011001000010110001011000",16,13,0,0,0.8445454420469714,445.78754455264254,28.6064955468225,5.25326468420227,36
227,"b00000001000011110001001011100011100000001000001100010000110101000111010000000001",0,2773.8253843513726,"b10001000101011100011100100001100010101110100001110000010011001000010110001011000",16,10,0,0,0.794966578394446,238.79993421429097,427.58787312251945,4.024835374065939,36
228,"b00000000000001000000100101000010001100000000000111010011100000000110000000001100",0,3274.454969133283,"b10001000101011100011100100001100010101110100001110000010011001000010110001011000",23,9,1,0,0.7111050547102965,458.3076564955593,449.47532680830244,3.1260170845462585,36
229,"b00000010000001001000100000000001100100000110000010101110100011000010010100010101",0,1675.4578305391196,"b10001000101011100011100100001100010101110100001110000010011001000010110001011000",17,8,0,0,0.8253088676440585,78.07775227659374,41.130830117261375,4.534370219595916,36
230,"b10000000101011000001100100000100010111110100101010000010011001000010110001000000",0,4417.185385435052,"b10001000101011100011100100001100010101110100001110000010011001000010110001011000",7,2,0,0,0.9704668104293939,358.6284579855647,108.44195409358548,4.392510196292621,36
231,"b00000001001110100000001100000000101000000111100111010000010001100011010010011000",0,1324.6097388568155,"b10001000101011100011100100001100010101110100001110000010011001000010110001011000",19,13,0,0,0.8015135192786962,234.8172405843955,69.19653525309953,3.855738045560213,37
232,"b10001000101011100011100100000100010101100100001010000010011001000010110000000000",0,4960.76001190649,"b10001000101011100011100100001100010101110100001110000010011001000010110001011000",6,0,0,0,0.7581886224101964,97.89116488292447,147.666718823051,3.3295006488188563,37
233,"b10001000101011100000100100000100010001100100001110000010110000000010000000000000",0,3869.7284636059803,"b10001000101011100011100100001100010101110100001110000010011001000010110001011000",12,1,0,0,0.8200450641871456,484.69015846320036,107.37269860868685,4.9077722852635475,38
234,"b00000000000111000000000000100001101000111100110100110000100001000101000000010000",0,2617.9229494864794,"b10001000101011100011100100001100010101110100001110000010011001000010110001011000",17,6,0,0,0.7538907612932734,89.5012798583613,94.31187628433767,3.0396433358466295,39
235,"b00001000000000001000000000000001100101100100000110101000000000000100000110000000",0,1718.0105130589618,"b10001000101011100011100100001100010101110100001110000010011001000010110001011000",25,8,0,0,0.8072975153984505,282.1778015582696,141.45023308782504,3.758745260516667,39
236,"b00000000000000010010001000010011100100101110000000010100110001100000000110000000",0,1121.2277412531944,"b10001000101011100011100100001100010101110100001110000010011001000010110001011000",20,8,0,-1,0.7785775639991731,283.0805901629468,459.60650716936334,2.9743691542757924,39
237,"b00000000000001100000011100000001011100000100000100000000100000000001010000000001",0,1064.7330839089116,"b10001000101011100011100100001100010101110100001110000010011001000010110001011000",22,5,0,0,0.7929593374933842,89.0544114003957,365.1772452489727,0.7437887361103845,39
238,"b00000000000011000000000100000000111001100011000000011000000001000000000000000000",0,2273.9065799554314,"b10001000101011100011100100001100010101110100001110000010011001000010110001011000",25,6,0,-1,0.7593699135564516,379.8805255845224,28.388598221526493,1.1644535915013225,39
239,"b00001000000010100010000100001100010000110000000111000100010000000111000100010010",0,1814.7303371931832,"b10001000101011100011100100001100010101110100001110000010011001000010110001011000",17,6,0,0,0.742409362081312,61.42405728177944,442.68158495526836,4.202523480079272,39
240,"b01000000000101100000111111000000011110001011001110000000001000000000100000000000",0,944.2247039092571,"b10001000101011100011100100001100010101110100001110000010011001000010110001011000",21,11,0,0,0.7713964590139444,508.6608231648887,255.27917190332158,3.5044460108082607,39
241,"b01100001100110100010001010100100111000001000000001110000110001000110000000010101",0,1003.3854793728826,"b10001000101011100011100100001100010101110100001110000010011001000010110001011000",22,17,0,0,0.7636166701032698,280.56893258642464,466.6445643153251,5.005442733572458,39
242,"b00001001000100100001001000100001011000001110000100110000110001000010010000010000",0,2484.9062809485927,"b10001000101011100011100100001100010101110100001110000010011001000010110001011000",17,7,0,0,0.7917764917829836,429.1819099249033,469.7783838372048,2.5706928469167454,39
243,"b01000000000100000000101101000000011000000000100010000011011100000111100000000010",0,652.0290087567373,"b10001000101011100011100100001100010101110100001110000010011001000010110001011000",23,11,0,0,0.7343904238575669,13.168355860808154,191.030874421066,4.0619692507315115,39
244,"b00001000001101000000010000001000010000001111100010000000000000000100010000001011",0,1783.2692417875846,"b10001000101011100011100100001100010101110100001110000010011001000010110001011000",19,5,0,0,0.7458044294652222,35.372508929501905,457.838950067973,4.403777980639967,39
245,"b00001100000010000000010000010000010110000001111110000011100011000000000000000000",0,603.8342116414889,"b10001000101011100011100100001100010101110100001110000010011001000010110001011000",24,11,0,0,0.7360105668702208,50.563622347723665,259.51169613879114,5.862797500850958,39
246,"b10000000101011100011100100000100010111100000001100110000010011000011010000001000",0,3243.5153481588195,"b10001000101011100011100100001100010101110100001110000010011001000010110001011000",10,5,0,0,0.7659564562032514,240.13634212859196,100.92252517532516,5.8976094405112915,39
247,"b00000000100000000010000100000000001100000000111000000010000000000010000000000000",0,1321.8713148281183,"b10001000101011100011100100001100010101110100001110000010011001000010110001011000",25,3,0,0,0.6858627181276814,389.74311999232526,293.20807542037477,2.1739644007737873,40
248,"b00000000000100000000010000000001000001010100001110001000000100000000010000000000",0,1447.5085520841872,"b10001000101011100011100100001100010101110100001110000010011001000010110001011000",25,5,0,0,0.765323215837793,40.32656321171737,49.1062035869513,2.12430757904431,40
249,"b00000000000100000000000000000001010000000100101000010010111000011111100000011100",0,1431.1093288858428,"b10001000101011100011100100001100010101110100001110000010011001000010110001011000",22,10,1,0,0.7371793323734234,481.5913338052776,277.2151736596605,5.240815211507783,40
250,"b10001000101011100010100100001100010001010000001000000010001001100000100001100000",0,3585.443946240605,"b10001000101011100011100100001100010101110100001110000010011001000010110001011000",11,2,0,0,0.8056586060099312,465.9112907484682,503.4588114185234,4.245664840531566,40
251,"b00000000000010000000001000000000000001100011001000000000001000000000100000000000",0,2460.033622505492,"b10001000101011100011100100001100010101110100001110000010011001000010110001011000",26,3,0,1,0.6874418766626423,410.40460113358625,510.8012076789564,3.836369597287316,41
252,"b00000001000110110000001000000101110000001111000010110000000001000111010100011001",0,1299.70162456243,"b10001000101011100011100100001100010101110100001110000010011001000010110001011000",14,8,0,0,0.8406885614119566,324.1433303714926,6.096482230995814,5.122751822286077,41
253,"b00000010001001000010111101000001010000100100101000100000000110000111010000010000",0,4265.463361424065,"b10001000101011100011100100001100010101110100001110000010011001000010110001011000",11,2,0,0,0.7583739761049961,34.49410906780297,446.40442385761537,1.5197972927776777,41
254,"b00000000000000000000001100000000110000000000000000000000000000000000000000000000",0,3825.360306165112,"b10001000101011100011100100001100010101110100001110000010011001000010110001011000",29,1,-1,-1,0.7257623623490713,173.23207672623428,124.4916629221902,3.7495342109111367,42
255,"b00000010100000000101000000001000001000100000010110000101100101100010000011000000",0,700.3788892688447,"b10001000101011100011100100001100010101110100001110000010011001000010110001011000",23,10,0,1,0.8627507398909593,149.22031684676728,399.7837197527379,1.4430477502633037,42
256,"b00000100001101000000011100001001000100001111000000010000000010000110001000100000",0,2018.6198377499234,"b10001000101011100011100100001100010101110100001110000010011001000010110001011000",19,7,0,-1,0.7428270297236511,285.0721693030645,275.982572702091,3.8533428560252254,42
257,"b00010000101001000000001000000101010000000011000110000100000000100000000001100000",0,709.2665683225335,"b10001000101011100011100100001100010101110100001110000010011001000010110001011000",25,9,0,0,0.8761854243709403,4.219843527500498,203.93620290171506,0.7281366355166992,42
258,"b10111000100001000001001010001100000111100001011100000001110000000101100000000000",0,2162.674945286669,"b10001000101011100011100100001100010101110100001110000010011001000010110001011000",18,11,-1,0,0.7707853545811705,335.82643449562516,108.51526023980645,4.597190231365678,42
259,"b00010100000001000100001100000000111101000000100000110011000001110001110000000000",0,897.4897700501128,"b10001000101011100011100100001100010101110100001110000010011001000010110001011000",21,11,0,0,0.7629860164637848,487.3754134303329,359.33746701116746,0.745820719397263,42
260,"b00110001000001110000101001100001111000000010000000000000000000000000000000000000",0,2161.7164343646314,"b10001000101011100011100100001100010101110100001110000010011001000010110001011000",24,7,-1,-1,0.7282486014242827,305.3869089339442,333.21755822290913,4.397955760037319,42
261,"b00100000000001000010000100100011111010011101100000010000101001000010000000000010",0,1668.0285800102326,"b10001000101011100011100100001100010101110100001110000010011001000010110001011000",20,10,0,0,0.767742555534734,461.68513198711906,299.04942259371006,4.738502105713607,42
262,"b00000000000010000000000011000000110100000000000100011001001100000011110001001001",0,1109.8725378628576,"b10001000101011100011100100001100010101110100001110000010011001000010110001011000",23,10,1,1,0.758751618021673,497.2421077860736,138.99919049742346,0.6038219992059233,42
263,"b01100000000000000000000100000001000000000000110000000011001000000011110001000000",0,1294.0392953897963,"b10001000101011100011100100001100010101110100001110000010011001000010110001011000",25,7,0,0,0.7726492491310992,381.16764891345827,395.60755634081335,0.7505577993100319,42
264,"b10001000001011100010000100001100000000110100011010000100111000000100000010010000",0,3121.097922996979,"b10001000101011100011100100001100010101110100001110000010011001000010110001011000",14,5,0,0,0.8465440528811335,129.85304385298247,107.72057708790928,0.7008474982976336,42
265,"b00001011000111100001011000101001110000001111100010000000100011000010010100011100",0,2680.8679015090775,"b10001000101011100011100100001100010101110100001110000010011001000010110001011000",12,10,0,0,0.7870264862598163,118.10935367503689,41.92519765348673,3.056949117402637,42
266,"b01000000001000000000001010000000101000000010000000000000000000000011000000000100",0,1466.0888851184836,"b10001000101011100011100100001100010101110100001110000010011001000010110001011000",26,4,0,-1,0.7142120636349771,318.26217005965066,492.99934566672636,4.289220340787157,42
267,"b00000010000101101111011001001101100100101001100000110100100011000000000100000000",0,1620.5014782264961,"b10001000101011100011100100001100010101110100001110000010011001000010110001011000",14,9,0,0,0.7581111744952234,176.1805018367817,109.91579451838543,5.029534780395943,42
268,"b00000000000000000000000000000000000000000000000110000000111000000100000011000000",0,3659.812319453213,"b10001000101011100011100100001100010101110100001110000010011001000010110001011000",27,3,1,1,0.7038443894460917,443.6689552985058,199.65724736309187,2.9776736737142597,42
269,"b00000000000000000111000000001100000000110000101110000110110000000000000010100000",0,1926.6953565376493,"b10001000101011100011100100001100010101110100001110000010011001000010110001011000",21,6,0,1,0.7264025301824157,229.69848017887628,246.62961992748163,3.3785196416300143,42
270,"b10000000001110100011100100000100010111110100000000000010010101000010110001010000",0,4094.173581352519,"b10001000101011100011100100001100010101110100001110000010011001000010110001011000",9,3,0,0,0.8256058425181644,19.8485890100498,64.06319432305817,3.1185411996217596,42
271,"b00000000000000000000001000000000100000000110011100000001110000000000010000000010",0,1620.775711765792,"b10001000101011100011100100001100010101110100001110000010011001000010110001011000",25,5,1,0,0.7565180216425968,180.209265755916,190.07264038085938,6.240144100782107,43
272,"b00000000000001100000000100000000011000000000111010000000000000000000000000000000",0,2116.246708487858,"b10001000101011100011100100001100010101110100001110000010011001000010110001011000",26,3,-1,0,0.6999289807055362,345.9546159104567,498.3453227163462,1.6217985771162504,43
273,"b00000011000000000000000000000000110000000010000000001010000000000000000000000000",0,2848.7411329875727,"b10001000101011100011100100001100010101110100001110000010011001000010110001011000",28,3,-1,-1,0.759092857922882,226.4930550751517,56.82594711602537,5.804650016732234,43
274,"b10000000101011100010100000000100000000110100001000010010011001000010000001000000",0,4646.687198079915,"b10001000101011100011100100001100010101110100001110000010011001000010110001011000",13,1,0,0,0.9508963970511892,358.1241671325832,62.91588575239601,4.201211714575166,43
275,"b11000000001101100000001010000000100000000000001100000111110100000011000000010010",0,1137.1633944751366,"b10001000101011100011100100001100010101110100001110000010011001000010110001011000",21,10,0,0,0.8745919001871706,369.43727561390807,152.64539510692808,2.6787613635994503,44
276,"b00000111100000000110000010011000011001000001101000000110110100000100010110010001",0,1233.1653043476551,"b10001000101011100011100100001100010101110100001110000010011001000010110001011000",20,14,0,1,0.7818120427855448,357.3034279220701,202.44499952785094,2.145835141023987,44
277,"b00010000101001000000101101011101100111100100101010000010011101000100100001010000",0,1662.565878502687,"b10001000101011100011100100001100010101110100001110000010011001000010110001011000",12,10,0,0,0.8056897433264184,388.568940908842,235.69677800543954,2.972758016361227,44
278,"b00000000000000000000011000000011001100001100001000010001110100000001010000000001",0,2544.19434370993,"b10001000101011100011100100001100010101110100001110000010011001000010110001011000",20,5,1,0,0.746549402252516,165.52715201343563,381.57058220458543,2.5434346001284225,44
279,"b10001000101111000010100110000100010111110100011110000010011001000010110001000000",0,4187.478765118045,"b10001000101011100011100100001100010101110100001110000010011001000010110001011000",5,4,0,0,0.8982774398693122,419.334850577002,16.95921291319792,0.17271429672398675,44
280,"b00000000000011000000001110100001111010001101000011100000000001000110000000001100",0,1587.9334984737723,"b10001000101011100011100100001100010101110100001110000010011001000010110001011000",21,11,0,0,0.749344889480874,395.7362632412053,467.6016806508402,5.753846539887327,45
281,"b01000000000000100000000110000000000110010000101111000000110000000000100000010010",0,1485.9994226363328,"b10001000101011100011100100001100010101110100001110000010011001000010110001011000",22,7,0,1,0.7552866546266073,388.8483326343278,268.1119459606058,1.1092003736035643,45
282,"b00001000101011100010100000000100000101110000000010000000011001000010010001000100",0,4321.588709173721,"b10001000101011100011100100001100010101110100001110000010011001000010110001011000",12,1,0,0,0.7387169773828058,435.3264730204536,347.5318095333652,3.8113531576752484,45
283,"b00000000000001000000001100000000101000000000111000000001000000000000010000000000",0,1785.888501158431,"b10001000101011100011100100001100010101110100001110000010011001000010110001011000",26,4,0,1,0.7332524440272549,394.01777801821515,102.5123040276882,1.9286414856134924,46
284,"b00101000000011001001011010000000000101011000100100010000000110000000011100000000",0,1301.6114543254962,"b10001000101011100011100100001100010101110100001110000010011001000010110001011000",21,10,0,0,1.2274064591194709,250.41178655036555,288.9362492145246,0.26957211981435436,46
285,"b00100011001000000000000000000000000010110000100010011100000001010000000011000000",0,835.263545936349,"b10001000101011100011100100001100010101110100001110000010011001000010110001011000",26,10,0,0,0.8370988867867569,402.12487979749585,172.79161768690776,0.7879082042493497,46
286,"b00001000001011110000100100000000011001000000101100000000100000001011000000000000",0,2207.580218263938,"b10001000101011100011100100001100010101110100001110000010011001000010110001011000",20,6,0,0,0.7201841227553702,77.00981567593642,173.96690204732366,3.123556854277594,46
287,"b00000000001100010000010000000011100000101100000000100001100100000111010000000001",0,2852.8014497713475,"b10001000101011100011100100001100010101110100001110000010011001000010110001011000",16,3,1,0,0.7553206040927319,189.1534411100876,471.4528963685362,1.470788433644751,46
288,"b00010000000010000000001000001000101011100000010100000000110010000100110010000000",0,2278.116176877148,"b10001000101011100011100100001100010101110100001110000010011001000010110001011000",24,10,0,0,0.729126327593156,5.275332858764901,156.32007702521557,3.7128686847926167,46
289,"b00001010001001000000011001000001010000101110001000110000100001000100000000010000",0,3254.1128365851227,"b10001000101011100011100100001100010101110100001110000010011001000010110001011000",12,0,0,-1,0.7685632363197421,122.12315729245617,426.39200125751574,3.280079455937745,46
290,"b00000000000000000000010000100000001001000110001010010000001000000000000000000000",0,1960.0174400522092,"b10001000101011100011100100001100010101110100001110000010011001000010110001011000",27,5,0,0,0.7026126810636298,152.17796129957384,366.77705243870406,5.519022445775464,47
291,"b00000000001100000000011001000001000100100110001000100000100111000111010100000001",0,2313.044950823965,"b10001000101011100011100100001100010101110100001110000010011001000010110001011000",11,1,1,0,0.7358361259434647,319.48021041697615,463.0206028310025,5.683493445973223,47
292,"b10001000001010100010100000001100001101000000011111010100110000000001000000000110",0,1228.2940514264346,"b10001000101011100011100100001100010101110100001110000010011001000010110001011000",17,9,0,0,0.763368252736337,395.75482177734375,475.55208613161653,2.491908013266241,48
293,"b01000000001011110000000100000100000000010100000100010010011000000101000100000010",0,1156.4518805461057,"b10001000101011100011100100001100010101110100001110000010011001000010110001011000",20,7,0,0,0.9637012949716744,203.56461900761008,166.81886875983932,4.55587924663089,48
294,"b01101001000011100100001100100101111000001100000110110000100000000111010000000000",0,1311.0273910918881,"b10001000101011100011100100001100010101110100001110000010011001000010110001011000",17,12,0,0,0.784584316633463,168.7396999929338,244.26125892341344,5.088236276710248,48
295,"b01000001101000110001000100000000000111110100100000110110000000000000000000000000",0,1290.1381551812146,"b10001000101011100011100100001100010101110100001110000010011001000010110001011000",21,8,-1,0,0.8021885533113821,88.65197496809374,37.550270502598984,0.48633423342145116,48
296,"b00100001100001100010010110001100101100000101000010000110000000000000000000000000",0,1802.210683326098,"b10001000101011100011100100001100010101110100001110000010011001000010110001011000",21,8,-1,0,0.7407158785767047,440.4031214553607,242.27821791123895,0.1813208217002542,48
297,"b11001000001001100000000100001110000100010000011110000100110001000111000100100110",0,1831.5206028452535,"b10001000101011100011100100001100010101110100001110000010011001000010110001011000",16,11,0,0,0.785903474128539,275.2661744201823,230.51903913274157,5.584926495627382,48
298,"b00000000001010000000101110000100000101100100001110000010011001000010010001001000",0,2585.471133597899,"b10001000101011100011100100001100010101110100001110000010011001000010110001011000",12,2,0,0,0.7891661007756703,49.75348463966305,240.4723563738076,4.791223192113257,48
299,"b00000000001011100010101000001100010011000100001010000010011001000000010000000000",0,3260.349446456422,"b10001000101011100011100100001100010101110100001110000010011001000010110001011000",14,2,0,0,0.6981203327680697,179.04100790994028,334.14450683801425,0.10395855536937579,49
300,"b00010001001011100000011100000000111100000001101100011000000000100000000000000000",0,1123.5519189429829,"b10001000101011100011100100001100010101110100001110000010011001000010110001011000",22,10,0,-1,0.7369922342646252,157.40450897746615,157.90430566469828,3.293845851439509,49
301,"b00010000000101011010011001000001011000000110001000110000100111000111010100010001",0,3424.6630919489453,"b10001000101011100011100100001100010101110100001110000010011001000010110001011000",7,3,0,0,0.7332408645700311,279.9787989984291,469.64755743362485,3.2140760855330157,49
302,"b00000000000000000010000000001000111000101110001100100001100001000000000100100000",0,2565.2031935228197,"b10001000101011100011100100001100010101110100001110000010011001000010110001011000",20,5,0,0,0.7639891175356328,61.52980778278449,197.07190807538154,6.015174875928489,50
303,"b00001000000000110000000000000000000001100000100000000010000100000000000000000000",0,1341.6854217971063,"b10001000101011100011100100001100010101110100001110000010011001000010110001011000",27,3,-1,1,0.7524028597170974,330.6630183026073,276.1850255702569,0.7808996240146844,50
304,"b00001110001100000010011101000000010000001110000000010000000001000111000100000000",0,3791.2409522109147,"b10001000101011100011100100001100010101110100001110000010011001000010110001011000",14,2,0,0,0.6931518874486172,102.43046473278025,234.49549022402883,1.6547519698367013,50
305,"b00000000000001000010011101000001010000101110001000100000100111000100000000010000",0,3464.0471648308444,"b10001000101011100011100100001100010101110100001110000010011001000010110001011000",13,1,0,0,0.690372605767698,172.81399867489895,370.00776892245295,4.632012470863012,50
306,"b00000000000111100000011111000101100001000110000000000000000100000000100000000000",0,1447.9492124038186,"b10001000101011100011100100001100010101110100001110000010011001000010110001011000",22,7,-1,0,0.7416275158055958,459.64846087924354,312.4456930993927,3.3832877177735305,51
307,"b01000111000110100100001000100100001010001111100000100000010001000011010100011100",0,1175.7271783104325,"b10001000101011100011100100001100010101110100001110000010011001000010110001011000",18,14,0,0,0.8223463958169003,175.99973765670097,230.99425308766902,5.440458544643652,51
308,"b00110000110001000000100000000000000000000000000000000010000000100000000000000000",0,1341.467567448779,"b10001000101011100011100100001100010101110100001110000010011001000010110001011000",28,4,-1,0,0.841694426141351,215.61017020923668,158.01712378461838,0.005622619085038026,51
309,"b00000000000000100000000000000000011000000111101001000111100000000000000000000000",0,1491.6592004299578,"b10001000101011100011100100001100010101110100001110000010011001000010110001011000",27,8,0,0,0.6914225172791826,167.5393032235159,98.92398858227081,2.9686960344793727,51
310,"b10001000001110000011100100000100010001110100001110000010010001000010100001010000",0,4465.126891603013,"b10001000101011100011100100001100010101110100001110000010011001000010110001011000",8,1,0,0,0.8262692900773563,480.65778378601385,474.3368971991467,5.892852741116522,51
311,"b00000010000011100010000111000000001000000111101000100000100111000111000000010000",0,2953.849395433268,"b10001000101011100011100100001100010101110100001110000010011001000010110001011000",15,6,0,0,0.7274732245783742,434.86341501054164,450.47454904457385,0.7214437327159358,52
312,"b00100000001011000010001000000000100000101110101000110000100111000111010000010001",0,3963.003482519901,"b10001000101011100011100100001100010101110100001110000010011001000010110001011000",9,2,0,0,0.7370215831828655,415.58969051614235,383.1353511941242,1.6349318038105294,52
313,"b00000000010000000011001000010001100010000100000000011100000000110001000000010000",0,760.0781104860124,"b10001000101011100011100100001100010101110100001110000010011001000010110001011000",24,8,0,0,0.7542962354847719,368.87074586638494,104.32751485813226,0.13208368892171918,53
314,"b11000000000001100000000100000100010101010100110000000110110000000010000000000000",0,1325.8949092405264,"b10001000101011100011100100001100010101110100001110000010011001000010110001011000",19,5,-1,0,0.75337872806228,484.23193986589376,392.3806911992898,2.875653890522378,53
315,"b00011110000000001101000001111001101100000010000011011000100110000000001110100000",0,1614.7321969816446,"b10001000101011100011100100001100010101110100001110000010011001000010110001011000",20,15,0,0,0.9501475375015487,337.1734359214226,230.83879489547027,0.1837794881573306,53
316,"b00000000000000000011000000000100100000001100001100110011000001100000000010000000",0,904.3528854202847,"b10001000101011100011100100001100010101110100001110000010011001000010110001011000",24,7,0,0,0.8330477577532903,303.29051926297717,32.7803708829233,0.20243958448341118,53
317,"b10001000001011100011100100000100010110110000001110010010001001000010110001010000",0,4151.200761880779,"b10001000101011100011100100001100010101110100001110000010011001000010110001011000",6,2,0,0,0.7728655243449054,206.39149910305568,312.9722950233555,0.6811651242462661,53
318,"b00000000100000100011101110001110010000100000000101000000100000000000001100000000",0,1595.475391107439,"b10001000101011100011100100001100010101110100001110000010011001000010110001011000",21,7,0,0,0.7670382626330814,221.24881188752715,355.2158073075763,1.9745042269200201,54
319,"b00000000000000010000000001001011000100000000011111100100110000001111000100110100",0,1407.7421157284593,"b10001000101011100011100100001100010101110100001110000010011001000010110001011000",22,13,1,0,0.7599482281172516,346.000299633731,330.1340467234689,4.4944943845397205,54
320,"b10001000101001100011100100000100000001110100001010000000111000000010110001101000",0,4195.099343942035,"b10001000101011100011100100001100010101110100001110000010011001000010110001011000",8,2,0,0,0.7811722245652968,45.74828673151794,248.60053303085755,4.776433886299225,54
321,"b10000000000000000000011000000000100000000000100001000011000000001100000000010000",0,1812.6081853234425,"b10001000101011100011100100001100010101110100001110000010011001000010110001011000",26,5,0,0,0.831648569611001,473.4146503767548,284.63900938239743,1.726972675466215,55
322,"b00100000000000000000000000000100000000110110000110000000110000000000000011000000",0,2296.003567493358,"b10001000101011100011100100001100010101110100001110000010011001000010110001011000",24,4,0,1,0.8359473186596457,192.16459872012106,140.83066131389694,4.015004549583891,55
323,"b00000000000100000000100101011000000011000110111100000010010000000000000000000000",0,1520.0966648739768,"b10001000101011100011100100001100010101110100001110000010011001000010110001011000",23,7,0,0,0.6986723332832391,332.6188075732954,334.22672449070376,3.579555527898654,55
324,"b00000001100001000001001000010000000001001001000000000000000000010011100000100100",0,2635.0008642536104,"b10001000101011100011100100001100010101110100001110000010011001000010110001011000",27,10,0,0,0.7555083573228555,335.38769894517486,216.24638590308234,1.7887888819808686,55
325,"b00010110000001100010000001000000000000001111111000100001100100000110000100010001",0,3363.217373476794,"b10001000101011100011100100001100010101110100001110000010011001000010110001011000",14,5,0,0,0.7988136878297127,377.0006216451046,314.97770200820855,3.028751232084673,55
326,"b10001000101001100001100100000000010100110000001010000010011001000000100001000000",0,6377.505310972819,"b10001000101011100011100100001100010101110100001110000010011001000010110001011000",11,0,0,0,0.8569911876692609,124.00782863177496,389.8531628618859,5.692580565298442,55
327,"b00000000000011100010100100000000010001000100001110000010011000000000100000000000",0,2823.638377905694,"b10001000101011100011100100001100010101110100001110000010011001000010110001011000",16,0,0,0,0.6839129062896935,90.84537422634814,80.91429973225797,1.1212611874923173,56
328,"b10000000011011100000100100000000000000000100000000001010010000000010110001000000",0,2688.12488377018,"b10001000101011100011100100001100010101110100001110000010011001000010110001011000",18,2,0,0,0.7649644177265063,133.7213233473078,479.50854010595725,3.9318217762432366,56
329,"b00000001100100001100011000110100110010000010001100011010011001100001001000000000",0,488.0875106527949,"b10001000101011100011100100001100010101110100001110000010011001000010110001011000",22,15,0,0,0.9619412673979061,390.63318125069884,91.72756959423285,0.44207919511435584,56
330,"b00000010001101000010011001000001100000101110101000000000100101000110010100010000",0,3406.7003998158566,"b10001000101011100011100100001100010101110100001110000010011001000010110001011000",8,0,0,0,0.8292396641362803,10.026563149460113,7.996664250917856,5.905147963786085,56
331,"b00000000000000000000100100001100010110110100001010000010011001000010010001000000",0,2195.936207886197,"b10001000101011100011100100001100010101110100001110000010011001000010110001011000",14,1,1,0,0.7318436399654793,458.95727982609907,413.8392948506041,0.03737072923197317,57
332,"b00000110000000000000000010011001101000110000100000101110000010000000000000000000",0,617.9301540030511,"b10001000101011100011100100001100010101110100001110000010011001000010110001011000",25,9,-1,0,0.748227467340031,438.09571585437453,291.576545811351,5.902608841736088,58
333,"b00000000000011000000000000000001010000101000000000110000100101000111010000010001",0,1584.2412515985654,"b10001000101011100011100100001100010101110100001110000010011001000010110001011000",16,1,1,0,0.7520621532069499,220.054849359553,399.62692761806494,1.104766778438722,58
334,"b00100000000011001000000000000001101101000000000100001111110100000111110000010000",0,1113.3864016442953,"b10001000101011100011100100001100010101110100001110000010011001000010110001011000",21,12,0,1,0.7495811966213727,500.47145864552465,310.1246228869208,1.7348458934117073,58
335,"b00110100001111100000011100000000111100000000011100000000000100001000000000110000",0,804.906010179756,"b10001000101011100011100100001100010101110100001110000010011001000010110001011000",21,11,0,0,1.157363856376909,238.46389343782909,150.3533597238255,0.5607713427025569,58
336,"b00001010000001001010111111000001100111110111111101111000110011000001100000001001",0,1672.4891695188142,"b10001000101011100011100100001100010101110100001110000010011001000010110001011000",11,16,0,0,0.7729856940452267,360.1838350550777,50.466122935402545,0.199378443071501,58
337,"b00000000000000000010110001101001000101000100110100010000000000000000100000000000",0,1531.0262045377012,"b10001000101011100011100100001100010101110100001110000010011001000010110001011000",24,7,0,0,0.7409262304931447,457.0015389530171,270.2109523399647,5.514985309019432,58
338,"b00000000000000000000000000000000001011100000001110000000000000000000000000000000",0,6482.1222343408945,"b10001000101011100011100100001100010101110100001110000010011001000010110001011000",27,2,0,1,0.7011023794443182,479.0293524256292,364.8884649312721,1.9215436763611446,58
339,"b10001000001011100011100100001000010100110000000000000010000001000010000000000000",0,2693.788092743227,"b10001000101011100011100100001100010101110100001110000010011001000010110001011000",14,0,-1,0,0.7495368265852951,465.41648257168856,398.6229172307795,2.8646892087868157,58
340,"b01001000000000000000001011000000100000110010000000001000000001000010010001100000",0,2153.3981085831515,"b10001000101011100011100100001100010101110100001110000010011001000010110001011000",25,8,0,1,1.0517383360780663,337.0150280391408,335.71941470128615,1.2630506109742785,59
341,"b00000000001101000000001100000001110111110110100110010000111000000000110000000000",0,1949.3640184413725,"b10001000101011100011100100001100010101110100001110000010011001000010110001011000",17,9,0,0,0.7560752386717273,439.35977048950645,107.34434434769358,6.304513545837041,59
342,"b00001011000110001001001100101001111100001111000000010000010001000010010100010010",0,1916.7154040359346,"b10001000101011100011100100001100010101110100001110000010011001000010110001011000",16,12,0,0,0.8367765178077866,480.5627373904884,25.387484632906506,-0.04745030414148692,59
343,"b10001000101011100011100100001000110101100100001110000010011001000010110001000000",0,4597.707373439783,"b10001000101011100011100100001100010101110100001110000010011001000010110001011000",4,1,0,0,0.8396921575108188,480.32037065062804,285.25868700131986,3.421336958312042,59
344,"b10001000101011100011100100001000010101100100001010000010011001000010010001000000",0,5368.5177584692465,"b10001000101011100011100100001100010101110100001110000010011001000010110001011000",6,0,0,0,0.7350951020294123,35.969770893451,244.53167073990048,1.946214712940483,60
345,"b01000001000111100000001000000001000000001110001100110000100001000111010000000000",0,2471.0199387039634,"b10001000101011100011100100001100010101110100001110000010011001000010110001011000",16,5,0,0,0.7690685855563761,21.476132062646563,326.07451437052015,0.6209417969972195,61
346,"b01100000000100000000010001000010001000000000110000000101101100000000100000000100",0,609.740567200976,"b10001000101011100011100100001100010101110100001110000010011001000010110001011000",26,10,0,0,0.823312334798243,276.39664580992945,225.8571363462332,3.046810442859135,61
347,"b00010000000001000010011011000000100000101110001000100011100110000110010000010001",0,3077.256234187689,"b10001000101011100011100100001100010101110100001110000010011001000010110001011000",11,3,0,0,0.8322154514921162,81.83244241821497,139.07737245297935,6.094015907042133,61
348,"b00000000000000000011000000011100000001100001000000000101000001000000000000000000",0,2495.91152662285,"b10001000101011100011100100001100010101110100001110000010011001000010110001011000",25,4,0,1,0.7446595067315459,384.88546342882506,218.42933967301937,5.193529933678462,62
349,"b00000100000010000000001100000100100000001100100001100000000001000010000000011101",0,2401.5383139179294,"b10001000101011100011100100001100010101110100001110000010011001000010110001011000",24,9,0,0,0.8151505818112519,455.08863479099915,408.04972413763335,3.7219143108088573,62
350,"b01000000000100100000100000000000011000000000011100000001011000000011100000000100",0,1588.8470366007073,"b10001000101011100011100100001100010101110100001110000010011001000010110001011000",23,7,0,0,0.7577150831322628,110.7389926185458,89.82476166941392,0.5727752724119081,62
351,"b00010000000001100000000110000000010001000000000000000000010000000000000000000000",0,2087.9709203592765,"b10001000101011100011100100001100010101110100001110000010011001000010110001011000",26,2,-1,0,0.7262736768682343,126.17811411196148,207.9676759545265,1.257603466581247,62
352,"b00000110000000000100000000110000100101110110000000011101110010001000001000000000",0,874.7306813370014,"b10001000101011100011100100001100010101110100001110000010011001000010110001011000",24,13,0,0,0.7422282195912688,68.23797831530283,225.93839810837616,0.5397997927117502,62
353,"b00001000000111100001001101100011100000110000000110000000000000000001100000000000",0,2245.10882274994,"b10001000101011100011100100001100010101110100001110000010011001000010110001011000",23,10,-1,0,0.7418700377310826,444.3621890903642,201.07278080936396,6.198215682382269,62
354,"b00000100001000001100011100000000000000100000000011000000000000000000100000000000",0,878.0474611883285,"b10001000101011100011100100001100010101110100001110000010011001000010110001011000",27,6,-1,0,0.7378788615997139,234.6993860605869,267.91461316656586,3.7246526498848214,62
355,"b00000000000000110000000001100011010000100110000000010110001011101010001000000000",0,1410.899727668442,"b10001000101011100011100100001100010101110100001110000010011001000010110001011000",22,10,1,0,0.684960053442652,66.3033755703138,366.1786349187633,0.9988657884977246,62
356,"b11100000000000000000000100000000001010000001101010010110001100001001100000001100",0,551.6055515396906,"b10001000101011100011100100001100010101110100001110000010011001000010110001011000",24,12,0,0,1.1527419876934746,447.844506861499,295.8854589661979,5.062481136482466,62
357,"b00100100000011110000001000000101101000000000000011100000100001000110010000010000",0,1217.2937025728202,"b10001000101011100011100100001100010101110100001110000010011001000010110001011000",21,9,0,0,0.7500023057469454,17.17988111672992,433.5080037737784,0.3943766242903112,62
358,"b01000000000000110000101100001000010000110101011011000001111000000001100000000010",0,1461.7063367686453,"b10001000101011100011100100001100010101110100001110000010011001000010110001011000",19,10,0,0,0.7506285536419951,139.28998009894767,63.178508202064414,1.019050242577098,62
359,"b10100000101011100010000100000001000111110000011010000000010000000010100010110000",0,2701.60802555187,"b10001000101011100011100100001100010101110100001110000010011001000010110001011000",14,6,0,0,0.7666649352786383,160.4233943297586,446.6196786991055,2.72839671276831,62
360,"b00001000101011000011100100001100010001010100000000000000000001000011110001000000",0,3933.0671485190405,"b10001000101011100011100100001100010101110100001110000010011001000010110001011000",12,1,0,0,0.8199990291724477,105.35302464728584,112.15494730771701,4.314800187909746,62
361,"b00000000000010000000000010000001101001110001011010000000001100000000000000000000",0,1535.999824544364,"b10001000101011100011100100001100010101110100001110000010011001000010110001011000",25,7,0,1,0.7022462147514473,258.40221447922664,362.0524650046353,3.478643700406356,63
362,"b00000010000010000000000000000000000000001000000000101000000000000000100000000000",0,1067.7019609207982,"b10001000101011100011100100001100010101110100001110000010011001000010110001011000",29,3,-1,0,0.7875180834524723,320.3239788681549,396.70652350634657,5.802579501092119,63
363,"b00001000000010100000000100111100010000000010000000001100000000000001001100000000",0,592.5876877575367,"b10001000101011100011100100001100010101110100001110000010011001000010110001011000",25,8,0,0,0.7647187608422757,440.2480598654003,277.0796975710826,4.399631806653581,63
364,"b10001000101011010001100101000100010101110100011010000010011001000000010001111000",0,4089.9278426609812,"b10001000101011100011100100001100010101110100001110000010011001000010110001011000",6,4,0,0,0.9056648249473843,228.83457728651265,120.98487391991459,4.752748530048164,63
365,"b00000000000000101100000000000000000100000000000000000000001000000000000000000000",0,2013.8156496499203,"b10001000101011100011100100001100010101110100001110000010011001000010110001011000",29,2,-1,1,0.6645265927865803,350.3779107026027,483.69405172241983,4.540593640315878,64
366,"b00000000001000000010111000010000000000000000000000000011011000011000000001000000",0,2419.254101904987,"b10001000101011100011100100001100010101110100001110000010011001000010110001011000",25,6,0,0,0.7612866511717015,136.23222618520012,501.31085191274474,3.5114615177224877,64
367,"b00000010000000000111000000001000011101110010110011000010000001011010100001000000",0,1957.0214191661398,"b10001000101011100011100100001100010101110100001110000010011001000010110001011000",18,9,0,1,0.8398644090034081,424.4121762298879,109.51544004165257,2.4484845761169183,64
368,"b00000000000010000000010000000001010000000000000001000110000110000001010001000011",0,2305.678305272597,"b10001000101011100011100100001100010101110100001110000010011001000010110001011000",24,6,1,0,0.7189306815568747,106.37674856125014,407.96656249766147,4.698868787631195,64
369,"b00011010001000000010011001000001110000101110000000110000000111000111010100010001",0,4337.020240067677,"b10001000101011100011100100001100010101110100001110000010011001000010110001011000",5,0,0,0,0.7435454086461776,104.8422849886733,477.3529305961381,1.826585680626862,64
370,"b01000000000100000000101111000000010000000000011011000011101110011000001000000000",0,415.5528804273348,"b10001000101011100011100100001100010101110100001110000010011001000010110001011000",25,14,0,0,0.7696035438267183,105.99528499103005,74.50995576925267,3.761369782484654,65
371,"b00100011001101011000011001000001110000101110101000110000100111000011010000010000",0,2309.8891579343626,"b10001000101011100011100100001100010101110100001110000010011001000010110001011000",6,4,0,0,0.8001369544735837,446.0041381110767,484.05068882706144,0.17826872532917698,65
372,"b01000000000001100000000000001101000000010000010111100100101001000110000100100110",0,793.5091350697958,"b10001000101011100011100100001100010101110100001110000010011001000010110001011000",24,14,0,0,1.0215567025625827,28.107715599815172,188.76769821551952,4.445746251523614,66
373,"b00000010001111000010011001000001011000101110101000100000100110000011010100010000",0,4604.931496586822,"b10001000101011100011100100001100010101110100001110000010011001000010110001011000",7,2,0,0,0.718018441977756,133.63239108980272,312.8361508531788,5.319371036444638,66
374,"b00000000000111000000011001000011110000101010001000110000110101001101010000000001",0,1126.2884652033972,"b10001000101011100011100100001100010101110100001110000010011001000010110001011000",11,4,0,0,0.7609286067338783,158.64640743462323,113.51931196691955,2.102156144518637,67
375,"b10111000101011000011000000001101000101110000011000100001100000000101100010000000",0,2311.444468737619,"b10001000101011100011100100001100010101110100001110000010011001000010110001011000",16,10,0,0,0.8955178726833279,277.58368774554856,137.51195899408995,0.8147204448273782,68
376,"b10000000101011100000100000001100010111110000001010000010010001000010010011000000",0,4763.331537814311,"b10001000101011100011100100001100010101110100001110000010011001000010110001011000",10,2,0,0,0.8550349892195157,429.8334924876286,208.41168237712876,3.7046718388895314,68
377,"b10000000101000100010000010000111001111110000011110000100110000000011100010000000",0,1299.365662199769,"b10001000101011100011100100001100010101110100001110000010011001000010110001011000",16,10,0,0,0.7693002551668922,443.95436124712506,354.5439492460352,2.4196679185962857,69
378,"b00000100010010000001000100000000000001110000001010010010110000000010010001000000",0,4382.984769930686,"b10001000101011100011100100001100010101110100001110000010011001000010110001011000",19,4,0,1,0.7000684098945185,415.929589894146,370.40918478869514,0.4962617598770155,69
379,"b00000000001000000000100000000000100000100011000100000000001000000111100000000000",0,1833.5953733853298,"b10001000101011100011100100001100010101110100001110000010011001000010110001011000",25,5,0,0,0.8171271156509384,455.6481120291955,115.92444230376697,5.333354463491536,69
380,"b00000110010000011011000010100010000010000001100101100110100110000000111010110010",0,208.69638935013748,"b10001000101011100011100100001100010101110100001110000010011001000010110001011000",23,19,0,0,1.0140589850929262,54.20764116757947,53.13403594578894,2.4717753712071526,69
381,"b11001000001111100000100100001100010000010100011111000010100011000111100000010010",0,2840.748281518662,"b10001000101011100011100100001100010101110100001110000010011001000010110001011000",11,9,0,0,0.7858964223399125,239.13382409419603,489.71889635020045,1.0216759990453497,69
382,"b00000100000101000000111101001001110100000111000010111000100010000011011100001101",0,2236.760050561795,"b10001000101011100011100100001100010101110100001110000010011001000010110001011000",13,11,0,0,0.856055177901346,324.2797834131033,59.006817905522986,5.649848392000846,69
383,"b00100011000011100000000100000000000000000000000010000000001100001000001001100000",0,2209.995514745078,"b10001000101011100011100100001100010101110100001110000010011001000010110001011000",25,7,0,0,0.7394718359909778,367.60697596208655,321.0390119186378,4.934193973746974,69
384,"b00000001000000001100000000000100000001011001001101001001100001000000001101111100",0,-150.293948068831,"b10001000101011100011100100001100010101110100001110000010011001000010110001011000",23,13,0,0,0.9147288724003374,104.06133651349626,294.5642043791067,1.923340316078979,69
385,"b00000000100001000000001000000100000000000000000001010000011000000000100000000010",0,3621.940601568928,"b10001000101011100011100100001100010101110100001110000010011001000010110001011000",26,4,0,1,0.7189447503279723,78.66136215610283,114.5034394623231,2.534945975237239,69
386,"b00000000000000000000000100000000010000000000000000000000000000000000000000000000",0,3830.928805909139,"b10001000101011100011100100001100010101110100001110000010011001000010110001011000",30,0,-1,-1,0.6620517865703853,346.8972133407506,370.9994829637953,6.0899867785440716,69
387,"b00000000000000000000000000000000001000000010001110000011100000000000000000001000",0,2629.7324715511554,"b10001000101011100011100100001100010101110100001110000010011001000010110001011000",27,4,1,1,0.7094332364150959,117.90283006324364,213.70970310170742,1.4662580095330542,69
388,"b00000000000000000000000000000001001000010110111000010111000011000001010000000001",0,1832.1751299204232,"b10001000101011100011100100001100010101110100001110000010011001000010110001011000",21,6,1,0,0.7379210559924859,14.985975079228515,177.52271854867968,3.173822334499161,69
389,"b01000000001000000000001101010100111000000000001100001010010000000001100000000000",0,525.9748375822481,"b10001000101011100011100100001100010101110100001110000010011001000010110001011000",23,8,0,0,0.7359050070400801,97.88745827377345,354.1496696279182,6.055791502807994,69
390,"b01000001000110100000001110000100110000001111100000100000000000000111010100001100",0,2870.412161865883,"b10001000101011100011100100001100010101110100001110000010011001000010110001011000",18,10,0,0,0.7444228255011727,206.18890539365213,244.20854918577126,3.8884252723724053,69
391,"b00000000000000000000000000000000000000000000001100000011010000000000000000000000",0,4170.933091993953,"b10001000101011100011100100001100010101110100001110000010011001000010110001011000",28,1,1,0,0.7015986838263002,236.54751349392296,43.79914116830815,0.20839636503022288,69
392,"b10100000001011000011000000001111000110100000000110000001110000000100100010010000",0,2117.2111540451347,"b10001000101011100011100100001100010101110100001110000010011001000010110001011000",17,8,0,0,0.797369922082022,260.07532949869517,231.59606053064024,1.010642393950941,69
393,"b00000000000101001000000000000010010000000000001100011011100000010001000000000000",0,1263.2943930134388,"b10001000101011100011100100001100010101110100001110000010011001000010110001011000",25,7,0,-1,0.6992718623932179,405.4851716925996,366.6681225716871,6.433292287005434,69
394,"b10000000001100000000001000000000100000000001000000000000000000000010000000000000",0,2404.013605196359,"b10001000101011100011100100001100010101110100001110000010011001000010110001011000",27,2,0,-1,0.7498361816316835,144.19321042182668,248.13361660657736,4.335927376597692,69
395,"b00000000101001100011111110000110011111110001001111000011001111000000011100000000",0,2269.712910200212,"b10001000101011100011100100001100010101110100001110000010011001000010110001011000",11,13,0,0,0.8709760469376369,437.05156039837124,82.72987138648902,2.6667096843722624,69
396,"b00000000000000000000100000000010110110101001011110000000000001010000000000000000",0,2218.711206355999,"b10001000101011100011100100001100010101110100001110000010011001000010110001011000",24,7,0,-1,0.7148059133782799,421.53605400081824,204.19080515674221,2.570116014479524,69
397,"b00001110001110001101111000000101000000001000000001101000000010100010001000000010",0,624.8760969754127,"b10001000101011100011100100001100010101110100001110000010011001000010110001011000",21,12,0,0,0.9535006010579836,216.42299604890096,45.74454986614417,5.660787262742465,69
398,"b10000000000011100000100100000000011000000100111000000101100000000010000000000000",0,1147.478776614742,"b10001000101011100011100100001100010101110100001110000010011001000010110001011000",22,6,-1,-1,0.7239349568336899,75.80466580479093,220.94984116833865,5.0279993938239524,69
399,"b00000000000000000000000000000000111100000000001000010000010001000100000001110011",0,3575.613302535128,"b10001000101011100011100100001100010101110100001110000010011001000010110001011000",24,6,1,0,0.7102620169880838,311.07292756211336,500.3895495616735,6.156163107496706,69
400,"b10001000101011100000100100000101010001100100001110010010110001100010110000000000",0,3920.698596559393,"b10001000101011100011100100001100010101110100001110000010011001000010110001011000",9,4,0,0,0.7521402413825891,376.72351193895526,465.00894522473703,2.645733755616185,69
401,"b10001000001010100011000100001000001001000000011110000001000000000111000010100100",0,1881.9276755895871,"b10001000101011100011100100001100010101110100001110000010011001000010110001011000",18,8,0,0,0.9050957787950735,268.93657777606006,119.62264128693653,2.3547127970494506,70
402,"b00000000000000000000011100000001100000010101001101011011010001000101010000000001",0,2013.940402695894,"b10001000101011100011100100001100010101110100001110000010011001000010110001011000",20,9,1,0,0.7985890917768776,363.61270214739943,65.51039214958129,3.3312885759775535,70
403,"b00000000001000000000101100000000110000101010100110001010001000100011000000100100",0,1042.9241015268024,"b10001000101011100011100100001100010101110100001110000010011001000010110001011000",22,10,1,-1,0.726915264568352,254.144393876125,373.49390535847124,5.018053101940847,70
404,"b01000100000100110011000000101100000110010000000000000000000001000000000001010000",0,1171.862321691129,"b10001000101011100011100100001100010101110100001110000010011001000010110001011000",22,6,0,1,0.765850665643803,195.87818936434658,386.478982532848,5.3622668794318304,70
405,"b00000000000110000000000000000011101000101100101000100000000101000110010000010001",0,3030.2031615382903,"b10001000101011100011100100001100010101110100001110000010011001000010110001011000",16,3,0,0,0.7596469555217638,183.62952860353494,501.67757280619077,4.821877528004165,70
406,"b00000000000000000010000000000000001000111101001000111010000001100000000000000000",0,1022.2342369491752,"b10001000101011100011100100001100010101110100001110000010011001000010110001011000",24,6,0,0,0.7459627639541035,312.98698803219634,184.86024048749138,6.112687625237147,70
407,"b00011100000000111000000000010001000001110100100000011000000000010100001000000000",0,1043.6416023706379,"b10001000101011100011100100001100010101110100001110000010011001000010110001011000",24,10,0,0,1.0887366004809278,230.13881350871424,345.6572660214495,4.99835780787123,70
408,"b01100000000100000000111111000000100000110011011110000001011111000000000000000000",0,1036.7000313400297,"b10001000101011100011100100001100010101110100001110000010011001000010110001011000",21,13,0,0,0.7290638519685827,82.98859692445735,391.49919081225835,0.5100490441902519,70
409,"b00000001000001100100001111000000110100000000000000100000000000000000000000000000",0,1600.552353321718,"b10001000101011100011100100001100010101110100001110000010011001000010110001011000",26,6,-1,-1,0.7480748529944499,223.5096422030231,37.982776119953066,1.813467882901631,70
410,"b00000010001101000010010001000000111000101111101000000000000111000011010100000001",0,4193.419677248966,"b10001000101011100011100100001100010101110100001110000010011001000010110001011000",9,2,0,0,0.7434702689665715,184.36723808913436,510.0955800138839,3.8661055991902353,70
411,"b00010010001001000010001101000001110000100111100010100001100111000100000100000000",0,5003.435682298779,"b10001000101011100011100100001100010101110100001110000010011001000010110001011000",11,4,0,0,0.7637862929142634,60.59942894967457,35.71982482320445,4.906703665949074,71
412,"b00001001000111100000001100100101111000001110110001100001110001000111010000011100",0,2028.023338255242,"b10001000101011100011100100001100010101110100001110000010011001000010110001011000",13,13,0,0,0.8312319873162469,471.3041575403149,199.12683683486287,1.6597299397556455,72
413,"b00000000000000000000000000000100000001010000001100000001101000101111000011000000",0,1466.0063243118047,"b10001000101011100011100100001100010101110100001110000010011001000010110001011000",24,7,1,1,0.7169798225621091,139.11248084041247,471.77667031895345,1.2298335131650098,72
414,"b00000010001000000000011110001001110000001111000000100001110011000001000100010000",0,818.3572095952643,"b10001000101011100011100100001100010101110100001110000010011001000010110001011000",15,6,0,-1,0.7800157002336123,457.5645910181705,136.69184826313037,4.5198070127286964,72
415,"b00000110000000001000001000000000010100000001000000011000000001100000000000000000",0,840.0580779832203,"b10001000101011100011100100001100010101110100001110000010011001000010110001011000",27,6,0,-1,0.6635494260060809,355.4581004822452,310.34635170783787,4.819590875102777,72
416,"b00001000000000010100000011110000111110000011101000000000000000000000000000000000",0,2195.151017637811,"b10001000101011100011100100001100010101110100001110000010011001000010110001011000",25,9,-1,0,0.7420033631062046,101.50915086378745,39.36663303381725,1.8427828598953324,72
417,"b00000000000000000000000000011000000011000000011000000010100000000000000000110000",0,1629.1994035212347,"b10001000101011100011100100001100010101110100001110000010011001000010110001011000",27,5,1,1,0.6693723290665112,306.93419798732015,452.55308170687334,2.8782023561182997,72
418,"b00000000000000000000000000000000000000000001101000100000000010000000000000000000",0,1783.4818576003236,"b10001000101011100011100100001100010101110100001110000010011001000010110001011000",28,1,1,-1,0.712954335798404,423.45039956124776,33.561337959253045,2.2307375295003977,72
419,"b00010000000001000000011011000001111110100000101101000000000100000000000000000000",0,2819.2258672440366,"b10001000101011100011100100001100010101110100001110000010011001000010110001011000",20,6,-1,0,0.7602900798594003,193.90158924160343,276.3632198045937,3.0103568854604665,72
420,"b00000000000000000010000001101000001000001100000000111100100001100010000000101000",0,2057.7224686406607,"b10001000101011100011100100001100010101110100001110000010011001000010110001011000",23,8,1,-1,0.7725078044379292,69.11130719889236,25.212470663721327,2.5512694431022593,72
421,"b00011100000000000010000010000001000000000100000000000010000000000000000000000000",0,705.2989512518798,"b10001000101011100011100100001100010101110100001110000010011001000010110001011000",28,4,-1,0,0.7466594269511161,207.61198756561848,133.11678837772638,1.3429478117649993,72
422,"b00000100000000100000000001000000000000000111110000001100000000010000000000000000",0,617.731502891534,"b10001000101011100011100100001100010101110100001110000010011001000010110001011000",28,7,0,-1,0.7312905764398357,111.97609382017527,81.21377672313206,1.4412123884835557,72
423,"b11001010001110000000001001000001010000101010100010100000100011000100100100000000",0,2771.091304979995,"b10001000101011100011100100001100010101110100001110000010011001000010110001011000",14,5,0,-1,0.8212120142582443,338.3967555729276,85.17582457106387,5.725101929695368,72
424,"b00001011000000000110000000011000000000100000001101000100000010010000001100000000",0,940.8160100913788,"b10001000101011100011100100001100010101110100001110000010011001000010110001011000",25,9,0,0,0.779325477759102,176.31038134057368,179.8476706547135,4.117969213019066,72
425,"b00000110000000011000000000011000000010000000000100001010110000000000000000000000",0,2592.345209251119,"b10001000101011100011100100001100010101110100001110000010011001000010110001011000",28,8,0,1,0.7390321795883696,499.3557181710772,350.46198867596195,2.7073077587458654,72
426,"b00000001100000000111000000001100001000000011011100000000100001010000000000000000",0,1663.711350121824,"b10001000101011100011100100001100010101110100001110000010011001000010110001011000",24,8,0,0,0.856010370954206,393.0380543717942,122.53712776903146,4.741399182699686,72
427,"b00010010001101000000011001000000010000100111001100100010100100001010000000010001",0,3241.070829889014,"b10001000101011100011100100001100010101110100001110000010011001000010110001011000",13,4,0,0,0.8532840068406098,181.68699611539105,234.6047820890637,6.329014379403825,72
428,"b00000000000000000000011000100001010000001111100000110011011011000111010100010001",0,2906.9004445192113,"b10001000101011100011100100001100010101110100001110000010011001000010110001011000",13,6,1,0,0.7678606989223655,310.36993600258944,72.40442658389631,4.958375379785034,72
429,"b10001000001011100010100100001100110000110100000110000010001001000010010001000000",0,4160.087626366203,"b10001000101011100011100100001100010101110100001110000010011001000010110001011000",9,1,0,0,0.7175064556908614,57.994904604105194,260.4719313036646,6.022015147470777,72
430,"b01000000000011101000000011000000010000010000000010000000000100000001100000000000",0,1769.1940270830105,"b10001000101011100011100100001100010101110100001110000010011001000010110001011000",25,6,-1,1,0.7023339372184259,27.55717107514849,498.6266353970885,3.8494345428121575,73
431,"b00000010001101000010011001000001110000001011001000110000100100110111010000010001",0,4326.878168317031,"b10001000101011100011100100001100010101110100001110000010011001000010110001011000",8,3,0,0,0.9059146570652811,188.23894849321314,68.57691733989495,1.0102305638082427,73
432,"b00001000001101100010010000000001000000101110101000100000100111000111010100010001",0,4356.454666849921,"b10001000101011100011100100001100010101110100001110000010011001000010110001011000",7,1,0,0,0.7187331714834713,398.08378597308683,355.580894342605,2.847055525099063,74
433,"b00001010001001000010011001000001010000100111101000100000100011000111010000010001",0,4548.283687895285,"b10001000101011100011100100001100010101110100001110000010011001000010110001011000",7,1,0,0,0.7253882913551495,15.819750301908739,284.549533065947,2.948986586854013,75
434,"b10000000000000000111000000001000001000000000010000000010000001100000000010000000",0,1146.969301705943,"b10001000101011100011100100001100010101110100001110000010011001000010110001011000",26,5,0,0,1.125712855401048,45.63042786121368,396.51854754553904,3.4230239720279645,76
435,"b00000000000000000000001000000000000001000000011010001011111000100000000000000000",0,1159.1535772424613,"b10001000101011100011100100001100010101110100001110000010011001000010110001011000",26,6,1,1,0.7229869105753962,386.83172970610303,113.82787757483534,2.4920988274492375,76
436,"b10000000101011100010000100001000010000010100001000000010011001001010110000100000",0,4165.917547390482,"b10001000101011100011100100001100010101110100001110000010011001000010110001011000",12,2,0,0,0.7103009983899352,390.62260248527855,428.83417986197765,5.694369727297275,76
437,"b00001100000000001100000000110000000001110010010100011001011011000010001100000000",0,155.6619802742859,"b10001000101011100011100100001100010101110100001110000010011001000010110001011000",23,13,0,0,0.8491525671550723,433.1144992433372,130.74645269732105,0.3659558217422667,77
438,"b00000000000001100000000100001000000001110000000000000000000001100000000000000000",0,1991.612960208644,"b10001000101011100011100100001100010101110100001110000010011001000010110001011000",24,1,0,1,0.7531623069061567,406.4775393665897,65.53209391420846,6.0052574489862565,77
439,"b01000000000100110000000110000000010000011101010001000000111100011010000000000100",0,1768.806157057904,"b10001000101011100011100100001100010101110100001110000010011001000010110001011000",24,13,0,0,0.7220489021747597,503.61268509065263,471.76472051447087,0.7757358535609873,77
440,"b00001001000100100001000000001000111000001010111000100000100011000011010100010101",0,2398.0089773393547,"b10001000101011100011100100001100010101110100001110000010011001000010110001011000",14,7,0,0,0.8764721172997085,372.6657697547781,374.6672144941931,6.061242189246856,77
441,"b10000001111010001010000100011000100100010000000110000101010000000011000010000100",0,1924.2084286471452,"b10001000101011100011100100001100010101110100001110000010011001000010110001011000",19,10,0,0,1.08238661783655,49.80255400569462,466.6863634655086,5.543464523145331,77
442,"b00000000000011000000001000100110000000001100101000100001100000001111010000000010",0,1910.7016630822045,"b10001000101011100011100100001100010101110100001110000010011001000010110001011000",20,7,0,0,0.7879429818500251,189.22510356190108,358.8756340044522,4.70518160929695,77
443,"b00001000101001000010001000001011000100110001000110100000110000000101100001100000",0,657.3369836706393,"b10001000101011100011100100001100010101110100001110000010011001000010110001011000",18,9,0,0,0.7913297919050731,450.8422844889846,150.78643504446342,5.850614604217648,77
444,"b11001000101110100010100100000000010111000100001000000010011001000010010001000000",0,1740.0042796062362,"b10001000101011100011100100001100010101110100001110000010011001000010110001011000",11,3,0,0,0.8688796957117828,347.90337875504747,160.8737593575365,0.015614056408310848,77
445,"b00000000000010000010001011001000000110010110010000111001000001000000010000010000",0,1104.5506596642672,"b10001000101011100011100100001100010101110100001110000010011001000010110001011000",22,9,1,0,0.8479339178974676,441.74643697079557,15.703843786043718,4.652991848874726,78
446,"b01000000000000000000100100000000111000000000000100000000000000000000000000000000",0,2396.1538907636645,"b10001000101011100011100100001100010101110100001110000010011001000010110001011000",28,3,-1,-1,0.7137213590047617,502.0979068877291,108.37519268471803,3.7787929231460273,78
447,"b00000000000000001010000000100000101010000110101000000000000000000000000000000000",0,1627.5698480764372,"b10001000101011100011100100001100010101110100001110000010011001000010110001011000",26,4,-1,0,0.7303727251041061,170.90007254220907,97.8046996524033,5.67812191455244,78
448,"b00001000001010100010100100001000010000010110000000010010100000000010000000000000",0,3990.509425493422,"b10001000101011100011100100001100010101110100001110000010011001000010110001011000",23,7,0,0,0.7513277559994442,379.3195984605122,64.207086739374,1.566980165941943,78
449,"b00001100000000000000010000000000000011100001001110000110000000001000000000010000",0,1592.320800724304,"b10001000101011100011100100001100010101110100001110000010011001000010110001011000",24,6,0,1,0.767290922440959,123.3861318407112,80.1702655624115,4.461442002227297,78
450,"b00001000000000100000000100000000000111100000000110000000001000000000000000000000",0,3198.1669952273332,"b10001000101011100011100100001100010101110100001110000010011001000010110001011000",23,1,-1,1,0.7269294355542021,359.6117287951468,173.68567132365266,5.413725313388612,78
451,"b00000000100000000010000000000000001100000000101000001011100000111100001100000000",0,635.5816246342914,"b10001000101011100011100100001100010101110100001110000010011001000010110001011000",27,11,0,0,0.8028619965562538,265.85969001384575,125.1451081717215,4.712020032918144,78
452,"b00000010000001000010011001000001010000101011001010100000100100000011000010000000",0,4107.061606215692,"b10001000101011100011100100001100010101110100001110000010011001000010110001011000",15,3,0,0,0.7762913579821015,275.0183617055931,332.89180263552265,1.1934099422086706,78
453,"b00001100000100000000001000100101011000001111100000110000100011000010010100000100",0,2551.595900031647,"b10001000101011100011100100001100010101110100001110000010011001000010110001011000",15,6,0,0,0.7635505416149921,474.95304757152485,388.8775447122037,3.656528403677115,78
454,"b00000000000000000000000100000000000001000000001010000010100001011010000011100000",0,1256.215509247129,"b10001000101011100011100100001100010101110100001110000010011001000010110001011000",24,5,1,0,0.7527864876115126,321.70988906878716,75.21414578740395,5.653491015792294,78
455,"b00000000000000000000011010010000111000000000001001011100000111100010110000000000",0,2541.009893772968,"b10001000101011100011100100001100010101110100001110000010011001000010110001011000",21,8,1,0,0.7597031616812038,342.3127600097656,43.421657299995424,3.6995477822080507,78
456,"b00000010001100000010001000000001010000001111100000000000000011000011010100010000",0,4571.169629068719,"b10001000101011100011100100001100010101110100001110000010011001000010110001011000",14,1,0,0,0.7483080806538331,169.71218024961786,262.43446149252827,4.439264489841331,78
457,"b00001000000000000000000100011000011000110000100000000100000010110000001000000000",0,1880.7504845857916,"b10001000101011100011100100001100010101110100001110000010011001000010110001011000",26,8,0,0,0.7991342014765656,121.1791071757992,88.4234947521411,4.22150326967695,79
458,"b00000000000000000000000000100001111000001001100000000000000000000000000000000000",0,1467.1480308158052,"b10001000101011100011100100001100010101110100001110000010011001000010110001011000",27,3,0,0,0.6914097187587931,264.9965296483875,379.94212121092085,3.8986787199731907,79
459,"b00000000000000000000001000000000000000000000101010000110011000000010100000001000",0,2109.982358574748,"b10001000101011100011100100001100010101110100001110000010011001000010110001011000",24,3,1,0,0.7002736198887154,114.12646503252451,291.5967728085149,5.193273285477237,79
460,"b00000010000000010010010000000000010000101110001000100000100011000110000100000000",0,4284.061313773756,"b10001000101011100011100100001100010101110100001110000010011001000010110001011000",16,1,0,0,0.7040932661343308,306.08534486562917,481.0473427414479,1.0917496573065586,79
461,"b00000011000000001100000001111000100011100011011111011000111010000000101100000000",0,417.57207027494735,"b10001000101011100011100100001100010101110100001110000010011001000010110001011000",23,19,0,0,0.8203630799602591,363.1840489853412,503.0160637802965,0.4172500496587408,79
462,"b00000000000011000000000010000011010000011110000000010001110100000110000000000001",0,1212.869422551108,"b10001000101011100011100100001100010101110100001110000010011001000010110001011000",20,6,0,0,0.7892963121790054,299.0583586535492,365.1640116200105,3.017492892501473,79
463,"b00000000000000000000010000010001110000000000001000000000100000000010000000111000",0,1535.9215460643204,"b10001000101011100011100100001100010101110100001110000010011001000010110001011000",24,3,1,0,0.7225010128319337,233.82624417454068,19.45101027008808,0.726337298051845,79
464,"b10000000101011100010100000001000010101110100000000000000000001000010110001110000",0,3503.2840666919565,"b10001000101011100011100100001100010101110100001110000010011001000010110001011000",11,1,0,0,0.7858173285017335,100.87965206784992,293.3137555672695,2.363515353627194,79
465,"b00000010000110000000011111000001111101001100011000100001110001000111100000000010",0,1681.6690656777855,"b10001000101011100011100100001100010101110100001110000010011001000010110001011000",15,11,0,-1,0.7642623610676377,36.12101547146462,16.760652357249743,5.319598294073444,80
466,"b00000000000000000000010001000001110000001111000000010000000111000011010100010000",0,5483.775427390288,"b10001000101011100011100100001100010101110100001110000010011001000010110001011000",15,1,0,0,0.7418675143156599,198.68193404148442,249.6962151505018,2.9112117100936445,80
467,"b00100100100001110000001100100001111000000101110001110000010001000011010000010100",0,1308.678268604181,"b10001000101011100011100100001100010101110100001110000010011001000010110001011000",18,13,0,0,0.9022919246594462,380.4614525431881,226.8472010968583,4.789462271833029,80
468,"b00000010000011010000001110000001101110011100110000100000010001100100010100010001",0,2028.5242898332067,"b10001000101011100011100100001100010101110100001110000010011001000010110001011000",17,11,0,0,0.8030286642800089,138.77280837624588,116.80931811964655,6.07674370085247,80
469,"b10010000000001000000001001000001010000000000110000000100000000001000010000001010",0,715.9726998227472,"b10001000101011100011100100001100010101110100001110000010011001000010110001011000",24,6,0,0,0.7920373477897061,178.68177263153842,295.06845257796135,2.653777350947305,80
470,"b00000000000100000000010100000000101111001010100000000000000000000000000000000000",0,1620.1632226263205,"b10001000101011100011100100001100010101110100001110000010011001000010110001011000",26,5,0,-1,0.6935944197356284,353.78999993436355,221.60201117944823,1.6307344589259256,80
471,"b00100000100001100000001100000001101000000100000001100000000000000001000000010000",0,898.1563541050293,"b10001000101011100011100100001100010101110100001110000010011001000010110001011000",24,6,0,0,0.785906612460131,314.5687216247465,434.7087152015229,5.491797516242084,80
472,"b11001000000000000000100000000000010000101000010100000000111000000010000000000000",0,2358.8658967720935,"b10001000101011100011100100001100010101110100001110000010011001000010110001011000",23,4,-1,-1,0.7040622572050645,138.71967704132314,434.61233026635557,2.448096762793454,80
473,"b10000000100011000110000100001101010100100000000000000000011001000000100011000000",0,4229.421500296629,"b10001000101011100011100100001100010101110100001110000010011001000010110001011000",16,3,0,0,0.8644804445113795,235.73452734906863,55.96644631577829,2.3298978190201867,80
474,"b00000000000000000000000000000000000110100001111000000001100001001111000001100000",0,1238.247676449283,"b10001000101011100011100100001100010101110100001110000010011001000010110001011000",24,8,1,0,0.667577673945377,77.66337984146611,238.265472468363,0.8494542331083265,80
475,"b00011010000110000000001010010000101000001111000000010000000000000000000000000000",0,905.9700534846003,"b10001000101011100011100100001100010101110100001110000010011001000010110001011000",22,5,0,-1,0.7724010099905567,248.21018777029855,303.089672328404,5.743989261690546,80
476,"b00001001000010000111000000000000000111000010000111001000000001100000000100000000",0,1908.943596446837,"b10001000101011100011100100001100010101110100001110000010011001000010110001011000",23,8,0,0,0.7354978049476553,319.6943031071117,437.896261136037,1.9466625539573639,80
477,"b00100110000001000010111001000001111000000111100100000000000000000000000000000000",0,1316.6461437094597,"b10001000101011100011100100001100010101110100001110000010011001000010110001011000",20,6,-1,-1,0.7953093276637075,499.6079172321806,150.22055670928253,6.198247618408199,80
478,"b10000000000001000000010101000000000111111100001100001101000000001101100000000000",0,1097.292918113183,"b10001000101011100011100100001100010101110100001110000010011001000010110001011000",21,10,0,0,0.7544357798691511,451.00912539617275,440.9850183458245,0.6781117879881142,80
479,"b01000000000100100001011001100000110000001100101000110000000100000111010000010001",0,2482.649350115709,"b10001000101011100011100100001100010101110100001110000010011001000010110001011000",13,4,0,0,0.7876799499567334,245.64294062497194,413.7755674890338,5.159756243058153,80
480,"b10001000000011100011100100000100010001100000001010000000000000000011110001000000",0,3321.9921917292518,"b10001000101011100011100100001100010101110100001110000010011001000010110001011000",13,1,0,0,0.7803065695569038,261.7065643023893,235.8466669755175,4.042422359072968,80
481,"b00000000000000000000000001000000010000000001001000000100000000000000000000000000",0,929.2004168303363,"b10001000101011100011100100001100010101110100001110000010011001000010110001011000",29,2,-1,-1,0.7034019605683803,343.87607691147747,113.40441136827656,2.2152720602411486,81
482,"b10001000101001100001100000001001000000100000001010000000100000001000000001000000",0,1476.2943050644612,"b10001000101011100011100100001100010101110100001110000010011001000010110001011000",19,3,0,0,0.9410800566043193,144.54690827063794,194.79421406871867,5.289075314463359,81
483,"b00000000000000000000001100000000110100000000011000001000000000000000000000000000",0,1578.2337776994968,"b10001000101011100011100100001100010101110100001110000010011001000010110001011000",28,4,-1,-1,0.6760849497105692,473.22297627446386,447.54006692145686,1.7471730026769485,81
484,"b00000000000000100000011111010001110000100111001100100010000101000100000000000000",0,2975.4055276383833,"b10001000101011100011100100001100010101110100001110000010011001000010110001011000",18,7,0,0,0.7601047613916553,419.5879148721561,214.80378012934926,1.6494383806847934,81
485,"b01010010100011000000110000001010100010111100011101000011000100000010001010000110",0,1010.8607662984164,"b10001000101011100011100100001100010101110100001110000010011001000010110001011000",20,16,0,0,1.223429758569549,104.61387513077955,492.2451516418558,6.235668110023871,81
486,"b01110000000100000010100000001100000011111001100010001101011000100101000000010000",0,490.92802859334444,"b10001000101011100011100100001100010101110100001110000010011001000010110001011000",21,14,0,0,1.0258256749631873,313.51069871985396,59.276077247287915,0.32887766800684454,81
487,"b00000001000000000100000000001100111000000110110100001000000011100000000000000000",0,780.855318992128,"b10001000101011100011100100001100010101110100001110000010011001000010110001011000",25,9,0,0,0.7234748696880036,323.55046019042277,280.1436169295661,3.1164359772989205,81
488,"b00000000100010000000000000000000000000000000000100000000010000000100000000110000",0,1313.3324848988175,"b10001000101011100011100100001100010101110100001110000010011001000010110001011000",27,2,0,1,0.7238945839610987,182.83640977391656,118.28899991017468,3.8377860267520694,81
489,"b00000000001000000000000101100001010110000101001110000000100000000000110000000000",0,2036.2175710864476,"b10001000101011100011100100001100010101110100001110000010011001000010110001011000",22,6,0,0,0.7248079054343587,252.7314744656745,263.321190888027,4.873276440216001,81
490,"b00010000001101000010011000000001010000100100101000000000100011000110000100000000",0,4272.893454993264,"b10001000101011100011100100001100010101110100001110000010011001000010110001011000",13,0,0,0,0.7206612889222557,125.69724127212683,367.89428807298657,2.5660319298243666,81
491,"b11000000100111000010000100000101001000110001001110100110100000000111000010000010",0,582.460590001719,"b10001000101011100011100100001100010101110100001110000010011001000010110001011000",18,12,0,0,0.8439744459903548,458.87050115663004,27.810735055224388,4.023010750101866,82
492,"b00001000000000011000000000000000000000001110000000111000000000100000000100000000",0,3366.9247976808474,"b10001000101011100011100100001100010101110100001110000010011001000010110001011000",25,4,0,-1,0.705895656100629,370.32709674840964,442.9349009180602,3.4021673016711436,82
493,"b00001011000100000000011101001000000100001011100010110000100011000110010100010101",0,3051.474123802127,"b10001000101011100011100100001100010101110100001110000010011001000010110001011000",12,7,0,0,0.9842076722541895,390.2254683236985,237.2160655843932,4.589155429116532,82
494,"b00000000000000000110000011100000001000100000011000000001100000011000001111010001",0,-10.936957632429454,"b10001000101011100011100100001100010101110100001110000010011001000010110001011000",27,14,1,0,0.7689706388230904,295.7677330860442,426.8548244486125,4.788801093628637,82
495,"b00000000000000000000001000000111110000101100101000010001110100000100010000000001",0,2790.7664413341718,"b10001000101011100011100100001100010101110100001110000010011001000010110001011000",17,4,1,0,0.7271871682309746,377.27184958902996,303.0036997782389,5.903662400677911,82
496,"b00000010001101000010011001000000010000001100000000100000100101000111010100000001",0,4389.927217828336,"b10001000101011100011100100001100010101110100001110000010011001000010110001011000",11,0,0,0,0.8121607213031461,303.33816792559924,191.24091247256607,-0.18282518473666087,82
497,"b10000000101011100011000000000100110100110100000000000000001001000001000001000000",0,3554.359127198479,"b10001000101011100011100100001100010101110100001110000010011001000010110001011000",15,2,0,0,0.8131775177215173,488.4517334511045,233.24994303190354,3.647046647463577,83
498,"b00000110000110000110001100000101111000001111000011100000100011000110010100000000",0,2041.7246154909747,"b10001000101011100011100100001100010101110100001110000010011001000010110001011000",14,9,0,0,0.7468397456385543,343.9056540784012,246.5084123862103,0.8570752353784965,83
499,"b00000000110000000000000000010000000011000000101000100100000000000000000100000000",0,2478.749862940628,"b10001000101011100011100100001100010101110100001110000010011001000010110001011000",28,6,0,0,0.8676138449569266,362.7072419242296,25.83466483871449,4.630840207579024,83
500,"b00001000001001100000000100000001000001110000101010100110110000100101100010110010",0,1969.1513434263645,"b10001000101011100011100100001100010101110100001110000010011001000010110001011000",18,11,0,0,0.7902108311062797,480.73397699729685,426.71615823962026,5.8289606389763176,83
501,"b00000000100000000000101000001001101000000010010000010000110000000001000010000100",0,2061.914007499237,"b10001000101011100011100100001100010101110100001110000010011001000010110001011000",25,8,0,0,0.7472273971421093,106.88242188435518,443.26628295465144,5.014904896710714,83
502,"b00000000000000000011000011000000001100000110111100001011000000010000010000000000",0,1180.7220894899776,"b10001000101011100011100100001100010101110100001110000010011001000010110001011000",24,9,0,1,0.7040308866400117,279.41560182470005,197.14261870928732,3.8761494305177697,83
503,"b11000000001011100000000100001100010000110000001110000000100000000110000000000010",0,997.769250472479,"b10001000101011100011100100001100010101110100001110000010011001000010110001011000",17,4,0,0,0.7238258813863994,383.9637756347656,452.1563751104887,3.2107092425372623,83
504,"b10001000101011000011100000000100000001100100001110000000001001000010110001000000",0,4142.398076302588,"b10001000101011100011100100001100010101110100001110000010011001000010110001011000",10,0,0,0,0.708447919836761,333.64749383689684,439.7120373784279,5.257825704292541,83
505,"b00000000000000000000001110001100010111100000010000100001000101000000001100000000",0,1820.4280846606134,"b10001000101011100011100100001100010101110100001110000010011001000010110001011000",24,9,1,0,0.7306885514695715,351.83077634687066,321.16839256762796,0.4650692434739171,84
506,"b00001011001101000000001001001001000000001110000000100000000111000111000100010000",0,3201.9152367202782,"b10001000101011100011100100001100010101110100001110000010011001000010110001011000",12,2,0,0,0.7705157190746174,302.0791465455229,365.16743586427714,0.5253208011890198,84
507,"b00000000000001000000011111001001000110000000001000000000000000000000000000000000",0,1805.213272838003,"b10001000101011100011100100001100010101110100001110000010011001000010110001011000",26,5,0,0,0.7165456264735475,36.69547956735552,295.8225755397444,2.067505046673701,85
508,"b00000000000000000001000000100000000010000100000010001000000000000110000000110000",0,1390.2189310231788,"b10001000101011100011100100001100010101110100001110000010011001000010110001011000",28,6,1,1,0.7241392234091762,244.97208819665587,283.4463490923441,2.919146188964287,85
509,"b00000000000000000001000000000100100110000000000000100100000001001110000011011110",0,571.2731683133088,"b10001000101011100011100100001100010101110100001110000010011001000010110001011000",24,9,1,0,0.8004530259088808,505.4163193585226,92.3620831051803,4.49383671889389,85
510,"b00000000000000000000000000000000000001000100101111111110110101010000000000100000",0,1238.0450303077046,"b10001000101011100011100100001100010101110100001110000010011001000010110001011000",24,10,1,0,0.728433440097529,481.08505788830655,162.9595481160561,1.4800286977913122,85
511,"b00000000000000000000000100000000010000000000000000000000000000000000000000000000",0,5116.609858217487,"b10001000101011100011100100001100010101110100001110000010011001000010110001011000",30,0,-1,-1,0.6962663695649651,193.30535741974535,164.71084526758682,3.9681273104374477,85
512,"b00000001000101100000011000101000011000001100100010000000100011000101000100000001",0,2599.1785031076033,"b10001000101011100011100100001100010101110100001110000010011001000010110001011000",17,6,0,0,0.8516986644349769,354.0927150772583,181.55370586946228,5.947334748696756,85
513,"b00101100100000000001001010000011100000000100000000000000000000000010001100100010",0,248.21403190231263,"b10001000101011100011100100001100010101110100001110000010011001000010110001011000",25,9,0,0,1.2512861912032713,482.5322424828708,481.3666286245858,4.20248498966764,85
514,"b00001000000001001000110100001001100100000111000010011010100010001010010000011101",0,2320.9236094440466,"b10001000101011100011100100001100010101110100001110000010011001000010110001011000",18,12,0,0,0.798976038790027,443.48773836239116,388.5109970662657,5.884203405889476,85
515,"b00000010001101000010011000110001010001101110111000100010000010000000000000000000",0,3054.689461472401,"b10001000101011100011100100001100010101110100001110000010011001000010110001011000",15,5,0,-1,0.7404781231066012,493.53611193575557,384.319671099167,3.9243326534523932,85
516,"b00010001000011100110101000001000000110100000001100000000011001000100000001000010",0,1069.414864034718,"b10001000101011100011100100001100010101110100001110000010011001000010110001011000",18,7,0,0,0.7844612333136524,450.28003824896615,276.068089906998,1.3827267906237197,85
517,"b10001000101011000011100000001100010100110000001010000010011000000000000001000000",0,4670.858279718593,"b10001000101011100011100100001100010101110100001110000010011001000010110001011000",11,0,0,0,0.7111646598630079,227.13124148104689,385.11232210891825,2.6739553410454957,85
518,"b10000011000000000000010110000000010001010000000100000000010000000011000000000000",0,1213.0902413055178,"b10001000101011100011100100001100010101110100001110000010011001000010110001011000",24,5,-1,0,0.8689967699336165,373.3066704198798,134.44002445085442,5.888504468608664,86
519,"b00000000000000000000100000000000000100000000111000001000100010000000000000000000",0,1669.280543661282,"b10001000101011100011100100001100010101110100001110000010011001000010110001011000",28,4,1,-1,0.706721767597429,65.83542499553988,337.574131973276,3.0253780253098235,86
520,"b00000000001100000000010010000000000000000000001000000010000000000011010000000000",0,1475.9282858256297,"b10001000101011100011100100001100010101110100001110000010011001000010110001011000",25,2,0,0,0.7654754720165198,494.75820460647503,399.87105265622415,5.892839019665949,86
521,"b00001001000110100000001101001001000010001110001011000001010001000010010000000010",0,1130.9230183132402,"b10001000101011100011100100001100010101110100001110000010011001000010110001011000",20,11,0,0,0.7789432303140685,358.90960472908944,500.4201400057646,4.482342242631195,86
522,"b00000000000001000000011100000011110000000000000010001000100000110011000000000001",0,1116.9035520816235,"b10001000101011100011100100001100010101110100001110000010011001000010110001011000",22,6,1,0,0.7423957961675383,255.59048259357175,175.88366165272836,3.9059981334113827,86
523,"b01001000000000100000010110000001000000001100001011000001111000100101100001000010",0,1355.2313698793573,"b10001000101011100011100100001100010101110100001110000010011001000010110001011000",22,12,0,0,0.7743022485584652,327.4156526429921,503.14476889083164,5.459527667881848,86
524,"b00010001100001000110000000000100000100000000011000001001000000110000000001100000",0,1590.4540803030336,"b10001000101011100011100100001100010101110100001110000010011001000010110001011000",25,9,0,1,0.7480565037348262,473.24662091779277,211.2896236550271,1.4149192580909973,86
525,"b00000000000000111000000111001100110000001110000000010000000000000000010000000000",0,897.164933427279,"b10001000101011100011100100001100010101110100001110000010011001000010110001011000",24,7,-1,0,0.8336905450025249,165.09616662178556,158.8827933527284,0.21866038377862065,86
526,"b00111100000010000000000100000000010000001000000100000000011000000000000000000000",0,1676.1281426047603,"b10001000101011100011100100001100010101110100001110000010011001000010110001011000",25,4,-1,0,0.7555325551223527,199.98751092287574,130.02777152486368,1.3769866931002746,86
527,"b00000000001001000010011011000001010000101100001000100000100011000110100000010000",0,3752.971475264263,"b10001000101011100011100100001100010101110100001110000010011001000010110001011000",13,2,0,-1,0.9202115421021075,485.18870633522175,109.46136711310156,4.429106960155724,86
528,"b10001100001011100010100100000100011101010100001010000010000000000010010001110000",0,3990.0678109731025,"b10001000101011100011100100001100010101110100001110000010011001000010110001011000",10,3,0,0,0.8917850679381014,280.03319336251576,316.35362974748125,4.11980429584058,87
529,"b00000000101011000010100100001000010000110100001000000011101001001000100010000000",0,2181.702841365691,"b10001000101011100011100100001100010101110100001110000010011001000010110001011000",15,4,0,0,0.7544685747338982,400.37961619947146,271.02429331727507,0.6361892498127055,88
530,"b10000000001010100010000100001000100010110000011110000100010000000100100010010110",0,2117.1940635820133,"b10001000101011100011100100001100010101110100001110000010011001000010110001011000",17,8,0,0,0.8023961958101562,117.02503254484824,230.12222192799553,5.959651587795916,88
531,"b00100000000001000000011010000001011000001100000001010000010000000001010000010000",0,1819.3475101865565,"b10001000101011100011100100001100010101110100001110000010011001000010110001011000",21,5,0,0,0.6838419365929975,405.93404431703,458.67210514261126,0.556310036329777,88
532,"b00000000100000000010000010001100011101111100111110111010011000001111010000000000",0,2127.6015532512374,"b10001000101011100011100100001100010101110100001110000010011001000010110001011000",14,11,0,0,0.7735240322446971,480.73330060897337,100.3637257418551,2.7057227941630293,88
533,"b00000000000010000000000000000001101000000001001100000000001100001110000000001000",0,1660.7524351685784,"b10001000101011100011100100001100010101110100001110000010011001000010110001011000",26,7,1,1,0.6921288239147426,176.73941631858892,424.8365010439941,0.9342412699346012,88
534,"b00010100000000000110010101110010011100001111000000110000000000000000000000000000",0,1921.6721352649201,"b10001000101011100011100100001100010101110100001110000010011001000010110001011000",22,9,-1,-1,0.7542514154023092,100.53157667004088,448.3432353181659,1.7830304492009317,88
535,"b00000011000000001100001100100000101000001111000000111000000000000000000000000000",0,1541.0427392194408,"b10001000101011100011100100001100010101110100001110000010011001000010110001011000",24,8,-1,-1,0.7146838660505822,392.1096211393801,405.4134122952105,0.26555715195150853,88
536,"b00000000000000000000011100001010001010011100000000000001000100000111010000000010",0,1014.1348860636615,"b10001000101011100011100100001100010101110100001110000010011001000010110001011000",23,8,0,0,0.8217339317174286,344.01769392988126,64.43643133698038,0.8929891098500009,88
537,"b10001000101011000011100000001100000101110000000000000010011000011011110000010000",0,3690.991806007193,"b10001000101011100011100100001100010101110100001110000010011001000010110001011000",10,3,0,0,0.7928353027193414,195.40694303723538,113.70312886229983,2.9338795196220087,88
538,"b00000000000001000000010001000000001000100100001110010101100011000000000000000000",0,2040.144121602143,"b10001000101011100011100100001100010101110100001110000010011001000010110001011000",22,5,0,0,0.7182295700176684,196.7541414568835,500.5499059400209,0.2835997551682946,89
539,"b00000001100001000100010000000000110000000001000000001000000000000000000000000000",0,1272.9703625177472,"b10001000101011100011100100001100010101110100001110000010011001000010110001011000",28,5,0,-1,0.7602498944843992,208.49520988368266,476.67839107945827,4.6173836930945065,89
540,"b00001000001000100010100100001100110000011000001110000001000010001110000000100000",0,2122.5696299838073,"b10001000101011100011100100001100010101110100001110000010011001000010110001011000",18,7,0,0,0.8119587257817253,337.2166949445068,298.0775611498706,3.0561278082300927,89
541,"b00000000001001100000000000100000011110001111101110000000010000010100000000010000",0,1098.226648505541,"b10001000101011100011100100001100010101110100001110000010011001000010110001011000",21,9,0,-1,0.7315489435674721,162.13286969448038,124.7094343970498,0.9203073341478418,89
542,"b00001000000011000011000100000000000100010000001000010000010000000000110000100011",0,5831.864510801093,"b10001000101011100011100100001100010101110100001110000010011001000010110001011000",20,4,0,1,0.7930175217760861,369.33873886629306,240.3381762243859,2.75735185463665,89
543,"b00000000000000000000011001000000010000000011101000100000000111000111010100010001",0,3573.7892891913216,"b10001000101011100011100100001100010101110100001110000010011001000010110001011000",14,1,1,0,0.7717487247380633,163.5795890627069,160.00512427895757,2.3314738470494785,89
544,"b00000000000000000000000100000001010100110000001011000010011000000011100011100001",0,1059.8266112678011,"b10001000101011100011100100001100010101110100001110000010011001000010110001011000",19,6,1,1,0.7142372134075764,52.701769613868656,219.3114737729929,3.9508241456529753,90
545,"b10000000001110100010001100001100111100011000011110000100010010000010000010000000",0,2147.78865592663,"b10001000101011100011100100001100010101110100001110000010011001000010110001011000",16,9,0,0,0.8223803862720352,324.7466282502271,416.95447287470427,1.3347352616631003,90
546,"b00000011001011000010001000000001010000101110101000000000100011000001010100010000",0,3874.51415203169,"b10001000101011100011100100001100010101110100001110000010011001000010110001011000",12,2,0,0,0.7254830334869165,224.48716732376857,266.1839180068429,2.0300253822752916,90
547,"b00000000001111000000011001000001110000100100101010100010100111000111000100010000",0,4416.11617506613,"b10001000101011100011100100001100010101110100001110000010011001000010110001011000",9,3,0,0,0.7206327335933518,298.2462514774528,433.19682707186945,2.0465239669554665,91
548,"b00000111000111100000011100000101111000001010000011000000100010000110000100010001",0,2426.417256309488,"b10001000101011100011100100001100010101110100001110000010011001000010110001011000",15,9,0,0,0.7557763046137297,95.0484109428699,223.29836154698677,1.0925487679208454,92
549,"b01000001000011000000010000000000100000100000001000110000100101000110010000010000",0,3063.44629353315,"b10001000101011100011100100001100010101110100001110000010011001000010110001011000",18,3,0,0,0.7483390397301627,467.443214889578,372.4031254231863,1.2172532993673162,92
550,"b00111100100000011110000110110001010000100110000001011100000000000000111110101000",0,248.76562968873907,"b10001000101011100011100100001100010101110100001110000010011001000010110001011000",22,19,0,0,0.9428040909245677,20.94095531323187,100.04832184502811,0.2955939131570796,92
551,"b10001000101011100011100100000000000001110100001010000010001000001110000000001000",0,3897.492774216801,"b10001000101011100011100100001100010101110100001110000010011001000010110001011000",11,2,0,0,0.6956094578930547,236.64050371066585,350.69794464323553,5.138558492044199,92
552,"b11000000001011110010101110101000010000000100000101000001110111000111110100000001",0,1356.3847534428342,"b10001000101011100011100100001100010101110100001110000010011001000010110001011000",16,15,0,0,0.8167614268515807,65.21620114674543,133.5095799522599,5.310056792325975,93
553,"b00001001000010100000001100000000100000011100100100110000110001000111010000010001",0,3815.7138936937827,"b10001000101011100011100100001100010101110100001110000010011001000010110001011000",16,7,0,0,0.7549599399451258,442.69824517392965,405.8871350334082,2.016677400426871,93
554,"b00000000000000000010000001000000010000010110000010110000100001100000000011000000",0,1602.6900913256109,"b10001000101011100011100100001100010101110100001110000010011001000010110001011000",23,5,1,0,0.7325003079856172,175.1678504756137,327.6285826368629,4.914769683516057,93
555,"b00001000001101100010000100001001000101010000011010110111000000110111000000000110",0,1119.7483580528851,"b10001000101011100011100100001100010101110100001110000010011001000010110001011000",18,13,0,0,0.7715562886679154,288.70283914840456,37.248331966027486,3.5736703418619316,93
556,"b00000000000000000000000000000000000001010000001110000000000000000100000011000000",0,1082.8472275007946,"b10001000101011100011100100001100010101110100001110000010011001000010110001011000",26,2,1,1,0.6851093229164619,19.227233490057753,384.46204066993914,0.5775150202641601,93
557,"b00000000100000110000100100110001100000100011000100000000010000110000000001100000",0,1109.814868653167,"b10001000101011100011100100001100010101110100001110000010011001000010110001011000",24,10,0,0,0.7690606214282052,58.325022042315936,242.6307711138773,5.968975424628607,93
558,"b00000010000000000010010100000001010100101100001100110000100000000011010000000000",0,3206.4757523738726,"b10001000101011100011100100001100010101110100001110000010011001000010110001011000",17,3,0,0,0.7236105837000927,326.1545614624849,373.06938473095533,1.8189739743720934,93
559,"b00010000000010100000011000000100000010001000011000000001100000000000000101000000",0,785.7075104091423,"b10001000101011100011100100001100010101110100001110000010011001000010110001011000",25,7,0,0,0.9063758164471233,186.8048565176354,88.12935478057716,0.6698391867029059,93
560,"b00001110000000011100000000110001100010110110001000100100000000000000001011000000",0,934.1878954237499,"b10001000101011100011100100001100010101110100001110000010011001000010110001011000",23,12,0,0,0.8017424044591752,496.8669274346858,492.56759695916065,5.439598441359086,93
561,"b00110000000000000000001001100000010101000000111100000100101100100010100010000010",0,987.9606703000456,"b10001000101011100011100100001100010101110100001110000010011001000010110001011000",23,12,0,1,0.7407712581909851,296.022394693026,321.50173199561334,3.3632903619560195,93
562,"b01000000000000000000010000100011101100001000000000110000110100000110010000000001",0,2496.9400744725062,"b10001000101011100011100100001100010101110100001110000010011001000010110001011000",20,6,0,0,0.7767675816034559,5.499504831175491,441.98399449120757,0.4755116934686204,93
563,"b01000000000000000010001100011000011001100001100000101000000001110100010111100000",0,439.13290947716405,"b10001000101011100011100100001100010101110100001110000010011001000010110001011000",22,13,0,0,1.1536337674841466,359.5041759006269,23.661825541400255,0.5184991057698416,93
564,"b00000000000000000000000000000000011000000000000110000000010000000101000000010000",0,2305.2655677364864,"b10001000101011100011100100001100010101110100001110000010011001000010110001011000",28,4,1,1,0.7077664842499093,449.1983358157815,341.22530190415614,-0.3155913943694824,93
565,"b10001000101001100011000101100100000111100100001000000010010001000010110001110000",0,3519.507396578943,"b10001000101011100011100100001100010101110100001110000010011001000010110001011000",9,4,0,0,0.8420038335476987,315.93839922425974,254.7256911696352,4.113024108435116,93
566,"b10000000001000000000000110000000001001000000000000001010000000101000000001000000",0,1389.5859571885185,"b10001000101011100011100100001100010101110100001110000010011001000010110001011000",26,5,0,-1,0.787452264264157,46.77063673348736,105.03806590347838,5.466549876096128,94
567,"b00000100000100010000000000000000110000000000010000010000000000000000000111000000",0,500.6812642809098,"b10001000101011100011100100001100010101110100001110000010011001000010110001011000",27,5,0,-1,0.71199619682387,43.659613906767554,295.9801513777931,3.802195087706728,94
568,"b10001000001011010011100100000100000110110100001010000000011001000011110001000000",0,5026.309156118608,"b10001000101011100011100100001100010101110100001110000010011001000010110001011000",9,3,0,0,0.7924140005255196,263.65620392293255,246.32214694980303,2.6675820035421425,94
569,"b00000000000000000000000001101000010000000000101000011100000000000000000000000000",0,1421.1002206737671,"b10001000101011100011100100001100010101110100001110000010011001000010110001011000",27,4,0,0,0.6582010862232989,125.17718934582126,313.73601308515,1.4492088877563238,95
570,"b00000000000000000000000000000000010000000000001100000011111000001100000001100000",0,1574.4911861754335,"b10001000101011100011100100001100010101110100001110000010011001000010110001011000",25,5,1,0,0.7212951697871075,436.7433833489971,507.6926823439643,0.46409329432484236,95
571,"b00001000000000100000000000100000000111000000001000000000000000000000000000000000",0,1859.284150927594,"b10001000101011100011100100001100010101110100001110000010011001000010110001011000",27,2,-1,1,0.708703664860187,16.80528974142231,188.5570940111504,3.470757002255561,95
572,"b10001000000011000010110100001100010111100110001100001011100000111000000011000000",0,2078.263574270889,"b10001000101011100011100100001100010101110100001110000010011001000010110001011000",14,10,0,0,0.7837178567062731,463.6817650867388,159.3859590542808,5.6018203871297185,95
573,"b01000000000000000000000000000000000000000000001100000000000000000000000000000000",0,3155.113737493106,"b10001000101011100011100100001100010101110100001110000010011001000010110001011000",30,1,0,1,0.6801203475465792,390.6864144411153,396.08144010407267,3.4580707996302573,95
574,"b00000000000001000000001111000001100110000100001000100000110000010100000001010000",0,1974.159853438116,"b10001000101011100011100100001100010101110100001110000010011001000010110001011000",21,7,0,-1,0.7481596103329752,385.819858872108,28.494728063340354,2.130688136012325,95
575,"b00000001000101100000001000001101010000001100100010100000100011000111000000001101",0,3013.652162983377,"b10001000101011100011100100001100010101110100001110000010011001000010110001011000",16,7,0,0,0.8010969088757269,292.72321969338475,242.14947827003036,4.285346646305774,95
576,"b10000000000100000000010000000011000000000111000000000000100000000001000000000000",0,1256.644628973365,"b10001000101011100011100100001100010101110100001110000010011001000010110001011000",25,3,0,-1,0.7443502952006498,126.92390717290638,210.64840346420368,3.6905550157844615,95
577,"b10001000101011000001100100000100000001110000100000000011000001000100000001000000",0,1206.6354083513997,"b10001000101011100011100100001100010101110100001110000010011001000010110001011000",16,3,0,0,0.7507859548826737,382.5721257318749,230.94549386193273,2.914255820903155,95
578,"b00000001000100000110000100001100010000101001000010101000000011000000000100000000",0,569.8917884419463,"b10001000101011100011100100001100010101110100001110000010011001000010110001011000",23,8,0,0,0.76311855871355,208.2752967247596,153.5731398956002,2.284607468415585,95
579,"b00110010001100000000111001000000010000101101001000100000100011000111100100100000",0,4192.938622900004,"b10001000101011100011100100001100010101110100001110000010011001000010110001011000",12,5,0,-1,0.768720669581616,365.59882649387544,462.99728743395707,3.3205746707163675,95
580,"b10001000001011100001100000000100110001000100111100000010010001000011110001000000",0,1449.6535535327425,"b10001000101011100011100100001100010101110100001110000010011001000010110001011000",11,4,0,0,0.8590440494514583,478.8138977901869,167.2836617600237,3.1226275024312926,95
581,"b01100001000010100000011000100111111000001000100010000000100010000110000000111000",0,929.9791731803409,"b10001000101011100011100100001100010101110100001110000010011001000010110001011000",20,12,0,0,0.7612126509596033,86.55142373341012,165.5086895172642,5.300246072349815,96
582,"b00000000000000000000000100000011111100001000000000110011100101000011010000000001",0,1455.4117924547584,"b10001000101011100011100100001100010101110100001110000010011001000010110001011000",19,6,1,0,0.7373775224720892,221.79078463406472,93.25031134464925,3.511920122612045,96
583,"b01100000000100000000011000100000000000001111101001110000100111000010010100000000",0,1581.5312874039805,"b10001000101011100011100100001100010101110100001110000010011001000010110001011000",15,5,0,0,0.8687226015432723,372.7652763583796,195.0151974670286,2.3872483092139145,96
584,"b10001000101011100011100100001100110001000100001110000110111001000010110001001000",0,4459.384792733038,"b10001000101011100011100100001100010101110100001110000010011001000010110001011000",4,3,0,0,0.8922481366503622,465.89161769446724,128.7493384765567,0.5847160346842165,96
585,"b00000100010000001110000000000000010000010000000000001110000010100000000000000000",0,866.6231168416939,"b10001000101011100011100100001100010101110100001110000010011001000010110001011000",28,8,0,0,0.6799858659624473,170.08068216902163,422.045530215046,6.093361906696034,97
586,"b00000000000000000000000000000000000000000110000110001110010000011100000000000000",0,1621.2341440458968,"b10001000101011100011100100001100010101110100001110000010011001000010110001011000",27,6,1,1,0.7123171496381129,69.44556294684041,23.04206280665581,0.9498349217461,97
587,"b00000000000000000010000100000011000000010100001100011100000001000000000000000000",0,1890.0001805396987,"b10001000101011100011100100001100010101110100001110000010011001000010110001011000",25,5,0,0,0.7184640377690584,189.24359537846007,118.82082865726662,5.612676565946475,97
588,"b00000001000000000001011011100101010011001000001000000100000001000000000000000000",0,705.4383599301024,"b10001000101011100011100100001100010101110100001110000010011001000010110001011000",24,8,-1,0,0.7779820357152719,246.6151623713856,51.83987891992976,5.67419881272962,97
589,"b00000000001100010111010110000000100001000011000110000000010000000001000000000000",0,737.6472768692806,"b10001000101011100011100100001100010101110100001110000010011001000010110001011000",25,10,-1,0,0.7761163742275934,264.1944330487288,45.951886240791666,2.006122724363073,97
590,"b00011010001001000010011010000000111100001111011000110000000100000011010000010001",0,3260.474996899826,"b10001000101011100011100100001100010101110100001110000010011001000010110001011000",10,5,0,0,0.8419866074476369,505.5438693390139,250.69204267215267,3.52677476855676,97
591,"b00010000000111000000010101000011010000101000001000000000000000001100000000100010",0,1953.553305321207,"b10001000101011100011100100001100010101110100001110000010011001000010110001011000",21,6,0,-1,0.7920137334345635,248.40223579870968,201.84432912323086,2.967755629158276,98
592,"b00100000100001100010001100100001111000001000000110100000010101000110000000010000",0,1508.6212233739311,"b10001000101011100011100100001100010101110100001110000010011001000010110001011000",19,9,0,0,0.8143830227036725,174.42513475424286,59.73842092022019,2.2383264067839908,98
593,"b00001100000001111000000001000001000100001100000000011000000000000000000000000000",0,1142.4047352586954,"b10001000101011100011100100001100010101110100001110000010011001000010110001011000",25,6,-1,-1,0.7544419848053849,323.3941322307822,164.67036977508923,1.0080981895857897,98
594,"b00000000101001100011001001001100000110110000001110100000010000000101000010000000",0,2334.935385094794,"b10001000101011100011100100001100010101110100001110000010011001000010110001011000",17,7,0,0,0.7447675115770539,154.76249738509912,335.6988933272366,1.4206394322282532,98
595,"b10001000101011100011100100000100000101100100001110000010101101000010100001000000",0,2830.5298220854643,"b10001000101011100011100100001100010101110100001110000010011001000010110001011000",7,2,0,0,0.7563492101181414,167.2110808272603,316.9646922037058,5.142492532490957,98
596,"b00100000000010110000000100000001110000000100010000111000000001100011010000010001",0,1435.9779472824825,"b10001000101011100011100100001100010101110100001110000010011001000010110001011000",20,8,0,0,0.7781202836780645,55.72010408123662,142.65028205814667,0.4700869338542276,99
597,"b00000000001101100010011000000000010000000011001000100000100110000111011100010000",0,3599.721936423278,"b10001000101011100011100100001100010101110100001110000010011001000010110001011000",13,3,0,0,0.7106083492539079,195.48731106244406,354.9843052662467,3.841278045843058,99
598,"b11000000000000010000100010001100010000010100000001000000001000000001000000000000",0,794.2510924233959,"b10001000101011100011100100001100010101110100001110000010011001000010110001011000",24,5,0,0,0.7735013113774075,388.0539359077534,174.37231549690264,2.681182197008446,99
599,"b00000000000111010000001010000000001101000000011000000000110000000000110000000010",0,1896.240247724118,"b10001000101011100011100100001100010101110100001110000010011001000010110001011000",24,8,0,1,0.723809549295641,10.434108154126207,374.2943536571088,1.3848796566179078,99
600,"b00100010000011010010001000000001111010001110110000100000110001000110000000111101",0,1473.3328651305028,"b10001000101011100011100100001100010101110100001110000010011001000010110001011000",14,10,0,0,0.7638995540600446,195.06119405504643,434.88024507633384,3.5295181710912793,99
601,"b00001000100001100011100100001100010101010100010010000010011100000000110000000000",0,2391.0009417617625,"b10001000101011100011100100001100010101110100001110000010011001000010110001011000",11,2,0,0,0.7384390258712784,89.7274034029452,467.18610549034753,2.359490156263634,99
602,"b00000000000000100100001001000000011000101010000000010110000001000000000000000000",0,1094.362341960838,"b10001000101011100011100100001100010101110100001110000010011001000010110001011000",24,5,0,-1,0.7344948497918795,221.4445695175462,426.78072569220853,2.586134693664234,100
603,"b00000000000000000000000000001010000000001100001001110000100011000100011100000001",0,2057.842551286356,"b10001000101011100011100100001100010101110100001110000010011001000010110001011000",20,4,1,0,0.7461488551630232,215.8886710369339,234.58805638848682,2.2278629253309146,100
604,"b00000000000111100000110000100000000000000000000010000011111000000000000000000100",0,1353.5989098835462,"b10001000101011100011100100001100010101110100001110000010011001000010110001011000",24,6,0,0,0.7766795595662461,51.88732495783474,467.7879996286891,2.3823849891565816,100
605,"b00000000000000000000000000000000011001000000010110000010001001101000010010000000",0,1745.796024867143,"b10001000101011100011100100001100010101110100001110000010011001000010110001011000",24,5,1,1,0.6938074719267241,386.76824139401526,224.30033397284953,4.900018806891419,100
606,"b00000000000000000000010000100000010011100000100001000000000100000000000000000000",0,1610.51794964702,"b10001000101011100011100100001100010101110100001110000010011001000010110001011000",27,4,0,1,0.7163804955077984,26.268306110027627,374.0566703890577,4.664288243194607,100
607,"b10001000101011100011100100001100010101110100001110000010010001000010010001000000",0,4051.288357992417,"b10001000101011100011100100001100010101110100001110000010011001000010110001011000",4,0,0,0,0.9149686618208934,361.587412589369,78.84507630672398,5.38481609722005,100
608,"b00000000001111000010001100000001110000101100101100100010100111000110010100010001",0,4531.085935148834,"b10001000101011100011100100001100010101110100001110000010011001000010110001011000",8,4,0,0,0.8160388707817912,385.99585548858073,266.7291465859288,0.22018365896051106,101
609,"b10001000101010100011100100000100010001100100001010000000011001000010100001000000",0,4594.966119869205,"b10001000101011100011100100001100010101110100001110000010011001000010110001011000",9,0,0,0,0.8546926028390835,15.675615715732585,202.9214138079029,2.198266127620073,102
610,"b00000000100001100000111100000100010010100001000110001000001100000001000010100000",0,804.0918084360027,"b10001000101011100011100100001100010101110100001110000010011001000010110001011000",21,9,0,0,0.7306527219492631,248.59164720900515,503.3533053983448,0.172026275597636,103
611,"b00001100000100100000001100100100100000001110000011110000010011000111010100000001",0,1139.616946261549,"b10001000101011100011100100001100010101110100001110000010011001000010110001011000",15,8,0,0,0.7828057634725384,147.52790325693675,312.7216420041425,3.491597655418675,103
612,"b00001010011100001000001101100000010000000011000000000110000000010000000000000000",0,1217.8386777637834,"b10001000101011100011100100001100010101110100001110000010011001000010110001011000",24,8,-1,0,0.770284759394689,156.6695662890183,93.63341896542896,3.6269247529575663,103
613,"b11110000000000110000000100100000000010011100000001011000001001000000011010000000",0,461.44850251393336,"b10001000101011100011100100001100010101110100001110000010011001000010110001011000",24,12,0,0,1.221215191720166,306.7766729786391,112.87813839550631,0.6972460989601896,103
614,"b00000001000100100000001100000100001100001110110011100000110011000000010000010000",0,1459.8305840495404,"b10001000101011100011100100001100010101110100001110000010011001000010110001011000",20,10,0,0,0.7329240749223037,152.0503132921978,270.7783150163669,1.0125722698070172,103
615,"b00001010000110101000001100100000100100000111000010110000000001000010010000011001",0,1619.0801303397493,"b10001000101011100011100100001100010101110100001110000010011001000010110001011000",18,9,0,0,0.7932207163822484,100.9996608322771,497.67307386257744,3.2754585859489413,103
616,"b00000000000000000000000011000000100011000000001100000000110000000011000000011000",0,1498.3375677290398,"b10001000101011100011100100001100010101110100001110000010011001000010110001011000",25,6,1,1,0.6886031555305457,127.30482216828564,125.13762267394743,3.533256876031505,103
617,"b11000000001010000000001100010001000010000100101110010010011001000000010001000000",0,2483.765748798388,"b10001000101011100011100100001100010101110100001110000010011001000010110001011000",18,7,0,0,0.7538167860965418,151.72908403327034,67.16247333334958,4.2235645222621905,103
618,"b00000000000000000011000000000000000111100000000010000000000001000000000001000000",0,1814.663094793455,"b10001000101011100011100100001100010101110100001110000010011001000010110001011000",24,1,0,1,0.8092490131395182,210.7519038014222,362.23741189422896,6.03883807383063,103
619,"b00000000000000000011000000100000000110000010001000011101000000000000000000110100",0,469.68886967765866,"b10001000101011100011100100001100010101110100001110000010011001000010110001011000",27,9,0,1,1.0732238526129845,52.65999493812583,52.84182914537515,3.6836878120559025,103
620,"b00001000000001001000011100001000000100000000000010111010100010000010000000001100",0,925.4883148109516,"b10001000101011100011100100001100010101110100001110000010011001000010110001011000",23,9,0,0,0.6993303308111539,315.8388693320873,401.55514764990284,3.8760694941991094,103
621,"b01100110100010000000001100000000101000001101110001010000010001100011010000010100",0,1470.6036490207812,"b10001000101011100011100100001100010101110100001110000010011001000010110001011000",20,13,0,0,0.8076901056494121,299.81616177179114,102.55307740357371,0.4088607586614853,103
622,"b10001000101001100001100100000100010011010100001000000000000001000010010001010000",0,4412.293606343489,"b10001000101011100011100100001100010101110100001110000010011001000010110001011000",12,1,0,0,0.9554893549905491,193.68113884593689,231.47897448308916,2.1809076661736473,103
623,"b10001000101011100011100100001100010100110100001010000010001001000010010001001000",0,4583.615356988146,"b10001000101011100011100100001100010101110100001110000010011001000010110001011000",5,0,0,0,0.7410143706926764,489.34528668784907,418.64750860790434,0.6668840656953616,104
624,"b01000000000000000000100100000000000111000110111100000000010000000000000000000000",0,1959.9400871390258,"b10001000101011100011100100001100010101110100001110000010011001000010110001011000",24,5,-1,-1,0.6921748795267249,423.2646954938819,363.3522987619191,1.9675420500873249,105
625,"b00000000000000000000011001000001010000101000001000100000000111000100010100010001",0,2848.6872481734063,"b10001000101011100011100100001100010101110100001110000010011001000010110001011000",15,0,1,0,0.7111854794553903,122.88567231240543,250.788863330912,1.8823761273461301,105
626,"b10001010101010100110100100000100010111100100001000000010011000000000010001000000",0,3538.847770606433,"b10001000101011100011100100001100010101110100001110000010011001000010110001011000",11,3,0,0,0.8294088370170121,80.04083772433006,144.1295222805045,5.282364416421606,106
627,"b10000000101010100011100100001100010110100100000000000000011000000011110001000000",0,4485.43789841678,"b10001000101011100011100100001100010101110100001110000010011001000010110001011000",11,2,0,0,0.7670774855403284,500.0937213593075,356.06927197789406,4.388435914701861,107
628,"b00000000000000000000000100000000111001000000000000000000000000000000000000000000",0,2498.9510786339893,"b10001000101011100011100100001100010101110100001110000010011001000010110001011000",29,2,-1,-1,0.6750482058307686,266.40822141513377,370.1531316342561,3.9113372551208765,108
629,"b00000010001101000010011001000001010000101100100000100000000111000111010100010000",0,4842.6205038594,"b10001000101011100011100100001100010101110100001110000010011001000010110001011000",8,0,0,0,0.7454224588206958,297.02935681833395,486.0932789054071,5.363196007195519,108
630,"b00000000101000100010001100011110010100000000010000001000000000000001000011010010",0,905.9515903886863,"b10001000101011100011100100001100010101110100001110000010011001000010110001011000",21,8,0,0,0.7785546117247263,205.30912895589074,289.18173454788877,3.7491500119464005,109
631,"b00000000000011000000100111100001001010100100111010000001110100000000110000000010",0,1682.50076810059,"b10001000101011100011100100001100010101110100001110000010011001000010110001011000",21,12,0,0,0.7212170933376754,396.0982087559461,336.829799249601,4.7341773989389075,109
632,"b00001000000000111000000000110000000011000000001000010000100011010000000001000000",0,1048.0284597607067,"b10001000101011100011100100001100010101110100001110000010011001000010110001011000",26,9,0,0,0.731156893617503,124.50127787728911,216.11816368288206,0.25117011215089624,109
633,"b10000000000011100000101100000000010100010100011110000110110010000001000000010010",0,671.0605912279532,"b10001000101011100011100100001100010101110100001110000010011001000010110001011000",16,7,0,0,1.089233900394518,292.1845106726027,85.11121228140152,1.4620838468993154,109
634,"b00010010001101000000001001000001000000101110101000100000101111000010110100010000",0,3715.46460886572,"b10001000101011100011100100001100010101110100001110000010011001000010110001011000",9,2,0,0,0.785262704015028,24.069016190113683,324.0259971092403,-0.2057059061532714,109
635,"b00000000001110100000011100100000011000001111000100110000110111000111010000010000",0,2223.5193818371004,"b10001000101011100011100100001100010101110100001110000010011001000010110001011000",13,8,0,0,0.7975745996558985,394.5738335588509,110.1463206084918,3.618194395783793,110
636,"b00000000001110000000011001000000100000101110001100100000000111000011010000000000",0,3249.8020785425347,"b10001000101011100011100100001100010101110100001110000010011001000010110001011000",14,2,0,0,0.7876663891487939,183.91841213467856,237.09745360550883,3.0012087970236427,110
637,"b00000010000001001000111000001011100100000110000000000000100000000011010000000001",0,1943.2160403650942,"b10001000101011100011100100001100010101110100001110000010011001000010110001011000",19,5,0,0,0.7499735931835488,356.25154840513716,168.5677886608035,5.6945105593904835,110
638,"b11000000001001000000100100001101000110110000001111100100010000000001000010010010",0,1578.6027932276102,"b10001000101011100011100100001100010101110100001110000010011001000010110001011000",17,9,0,0,0.782778693630506,82.52113870600219,258.88373227683445,1.222686953422928,110
639,"b00000000000000000100010000010000010000100111000000000010101000000011100000000001",0,2220.447693279313,"b10001000101011100011100100001100010101110100001110000010011001000010110001011000",23,6,1,0,0.7780940982018875,117.5508140504267,84.18702420277961,0.11207225786776005,110
640,"b00000000000000100000000011000000000001100000000100001000000000000000000100000000",0,1346.7427522665912,"b10001000101011100011100100001100010101110100001110000010011001000010110001011000",28,4,0,0,0.7592718216920189,406.9773118933062,79.71440218280813,2.9054052582767134,110
641,"b00001110001111000000010001000000000000101110101000100000110111000111010000010001",0,4731.24651884915,"b10001000101011100011100100001100010101110100001110000010011001000010110001011000",8,3,0,0,0.7658846421803716,311.5035935501188,292.11010673656796,0.6986741147058253,110
642,"b10001000100001000010100000001000000101110100001010000010011001000010010001000000",0,4539.965568811023,"b10001000101011100011100100001100010101110100001110000010011001000010110001011000",11,0,0,0,0.864308704957609,146.30462497647977,358.14673495840606,3.300816441340827,111
643,"b10000000000011100011100000000101010000001100001110000100110000000110000000010010",0,1471.7115004192751,"b10001000101011100011100100001100010101110100001110000010011001000010110001011000",16,6,0,0,0.7444190468377764,447.0644078484089,447.59403463810713,2.290381323456657,112
644,"b00000000000000000000000000000000000000000000101010010010111000000000000101000010",0,1638.681419317487,"b10001000101011100011100100001100010101110100001110000010011001000010110001011000",26,5,1,0,0.668467776456402,189.5967066122488,410.49041947012324,1.9387471355723245,112
645,"b00001000000000000000000000100000000010100000000110000100011000000000110000000000",0,2222.2622316286274,"b10001000101011100011100100001100010101110100001110000010011001000010110001011000",24,3,0,1,0.7110082671828217,357.0592716223061,150.8232562824151,5.04292746607309,112
646,"b00000000000000000000000000000100001101100000010000000101000000111000001100000000",0,401.6394156494507,"b10001000101011100011100100001100010101110100001110000010011001000010110001011000",28,9,0,0,0.7348367968781976,504.7480857837402,305.2542042065692,3.6607251788557402,112
647,"b00000000000000000000000000001000010000001000001000000011100000000111000000000000",0,1351.294973374291,"b10001000101011100011100100001100010101110100001110000010011001000010110001011000",25,3,1,0,0.7346464552065847,505.0720701989056,147.82629575845422,5.605159495550197,112
648,"b00000001000010000000001111000001110000001110000000000000000000000000000000000000",0,1525.8431809474807,"b10001000101011100011100100001100010101110100001110000010011001000010110001011000",24,4,-1,-1,0.730085535838373,474.02122391101926,174.50603346713754,1.7226757547988956,112
649,"b00000000001000000100111000010001110000010110001100000001110111000000000110000000",0,2040.9048497176395,"b10001000101011100011100100001100010101110100001110000010011001000010110001011000",18,8,0,0,0.755700067044263,145.9201020120174,184.8485192626447,3.4362150568217027,112
650,"b10000000001001100000001010000000100000000000011110000001011000000110000100100000",0,1147.1865271071028,"b10001000101011100011100100001100010101110100001110000010011001000010110001011000",22,8,0,-1,0.7766963014888236,197.6459756943786,362.7230246534625,2.433189787571534,112
651,"b00000101000111100000001101001001110000001100110011110000100001000010010000010001",0,683.855717992225,"b10001000101011100011100100001100010101110100001110000010011001000010110001011000",14,9,0,0,0.9757371144051523,504.81346921567564,227.40420565004703,6.173437870008877,112
652,"b11001000000001000010000000000111100110110000011111000100110000000011100000000000",0,953.2608444232394,"b10001000101011100011100100001100010101110100001110000010011001000010110001011000",18,10,0,0,0.7596481178307252,129.06520320158103,271.1062492889537,1.0588100597691295,112
653,"b11000000001001100011100100001100010100010100010100000010100000000110000000000011",0,3311.200106429754,"b10001000101011100011100100001100010101110100001110000010011001000010110001011000",15,6,0,0,0.785226797349601,415.27080018254003,458.81046786191354,3.5830497373418613,112
654,"b00000000000000000000000110100000001110000000111100000010000000001000000000000000",0,901.0498192153103,"b10001000101011100011100100001100010101110100001110000010011001000010110001011000",27,7,0,1,0.7625947705074831,461.42927020713586,287.05463631196216,5.627613675573903,112
655,"b00010010001001000010011001000001010000001100101000100010100111000111010100010001",0,5355.518564523321,"b10001000101011100011100100001100010101110100001110000010011001000010110001011000",6,1,0,0,0.7410176926476915,348.60920826998944,454.41760971966914,2.1634002758478563,112
656,"b00000000000010000000001000111000011011110000011110000001111000000000000000000000",0,2475.138415193409,"b10001000101011100011100100001100010101110100001110000010011001000010110001011000",21,8,0,1,0.728856780320688,369.1651684533433,219.13869725714278,3.607697292275777,113
657,"b10000000101011100010100100000000010111110000001001000010001001000010000001001000",0,3518.394533191574,"b10001000101011100011100100001100010101110100001110000010011001000010110001011000",11,2,0,0,0.7855176236340201,428.5191073623929,301.1660913365488,3.4447059612181805,113
658,"b00000010000000000010000000000000010100100000100000001110000000001000000000010000",0,913.1089123102884,"b10001000101011100011100100001100010101110100001110000010011001000010110001011000",26,5,0,1,0.7447467495684944,337.4072153680497,451.5672396146334,1.6902865529185824,114
659,"b00000001000000000110000000000000000011010110101000001001000000000000001000000000",0,634.5053674285843,"b10001000101011100011100100001100010101110100001110000010011001000010110001011000",27,8,0,0,0.7031797865934202,444.58206062770256,335.390756370661,0.8288250745922825,114
660,"b00000000100000000000000001101100011111001011101000011000000001100000000000000000",0,1590.8143699230184,"b10001000101011100011100100001100010101110100001110000010011001000010110001011000",24,11,0,0,0.7707640186647612,473.7353029346631,424.2659542314335,3.601216328151616,114
661,"b10111000001011100011000101000101010111010000001110000110010000000001100010100000",0,2439.8944543258003,"b10001000101011100011100100001100010101110100001110000010011001000010110001011000",12,9,0,0,0.7874546394872798,146.96891466452152,166.4685580146556,5.223592964516244,114
662,"b00001010000000000000010000000000000000000000000000000000001100010000010000000000",0,1282.658648266059,"b10001000101011100011100100001100010101110100001110000010011001000010110001011000",27,2,-1,1,0.6851032921771985,56.842365849427196,339.71598831749117,3.530109052211218,114
663,"b00000000001000100000101110001100010000110100010100000000000000001011000000000000",0,2698.278036718484,"b10001000101011100011100100001100010101110100001110000010011001000010110001011000",20,5,0,0,0.755621721258886,416.150117683279,449.3797815927067,2.305707942484138,114
664,"b00000000000000000011000000001000000000000010001100001011000000000000000000000000",0,1114.1521486191095,"b10001000101011100011100100001100010101110100001110000010011001000010110001011000",26,3,0,1,0.6976231540456561,428.8292875281239,501.60671355618035,2.331395315713706,114
665,"b10001000001011000011110000000100010110100000001000000010011000000010110001101000",0,4862.652101935803,"b10001000101011100011100100001100010101110100001110000010011001000010110001011000",11,3,0,0,0.8060817641887398,343.2715996523421,465.3259969210957,1.0974714999126967,114
666,"b10001000001010100010101010101101110111010110011100001010011000000001000000000100",0,1380.2098026859228,"b10001000101011100011100100001100010101110100001110000010011001000010110001011000",13,11,0,0,0.9115003324472386,255.02473551860157,30.57466572007087,0.9880671390564422,115
667,"b00000000001101000010011001000001011000101010100000100000100111000111010100010000",0,4259.798432710376,"b10001000101011100011100100001100010101110100001110000010011001000010110001011000",8,1,0,0,0.7542503496972999,453.58124155159595,259.36779765821746,5.666862085774019,115
668,"b00100000000110000000011000000000100001000000011100000000010100000000010000000010",0,1096.3804215548103,"b10001000101011100011100100001100010101110100001110000010011001000010110001011000",26,8,0,1,0.7124662094414883,348.7920699075774,339.29568291843935,1.0814847384305724,116
669,"b00100000100010000000001000100001110000001100010001010000000001000011000000010000",0,1470.6204460029903,"b10001000101011100011100100001100010101110100001110000010011001000010110001011000",21,6,0,0,0.7660127128964682,444.1469043459635,377.5683516998393,2.6276057165372175,116
670,"b11100000000101100000001000000001101111100001100110000000010000000000000000000000",0,894.6897495072194,"b10001000101011100011100100001100010101110100001110000010011001000010110001011000",23,10,-1,0,0.7674027096298563,469.622938570335,25.17276646640524,4.396413868275506,116
671,"b00000000000000000000100001000000110100000010000010000010011001001001110000001000",0,1274.9864259803444,"b10001000101011100011100100001100010101110100001110000010011001000010110001011000",21,5,1,0,0.6990634579761624,208.5193244633541,327.7404386124794,0.9214046774409781,116
672,"b10001000001011000011100100000100000111010100001110000010000001000010000001101000",0,4236.128586095024,"b10001000101011100011100100001100010101110100001110000010011001000010110001011000",10,2,0,0,0.8310016524978633,297.57784514915966,220.67618036208583,0.18567368158274714,116
673,"b01000000001010010000100100100001100110100001101110000001111000000000000000000000",0,1359.474471175808,"b10001000101011100011100100001100010101110100001110000010011001000010110001011000",21,10,-1,0,0.783286969291123,430.63508546322004,119.89676429988371,1.8108753315845059,117
674,"b00000000000000000000000000000000000000000100101100000010011001000000000101000000",0,2394.994539631519,"b10001000101011100011100100001100010101110100001110000010011001000010110001011000",24,2,1,0,0.7121961137364861,461.30582678078196,24.420554544798723,1.853546231304251,117
675,"b01101000001011100010000000001110011010010001010110000100110000000111000100000100",0,777.7707537971768,"b10001000101011100011100100001100010101110100001110000010011001000010110001011000",18,13,0,0,0.7708585306142539,211.44526651867454,268.5339975008097,4.347464079897848,117
676,"b01011000000001100000010101000100000011011100001110000001110000001100100000000000",0,1266.8515100420432,"b10001000101011100011100100001100010101110100001110000010011001000010110001011000",19,10,0,0,0.7180277483039791,168.79463512045115,375.6588877346849,5.625752033725977,117
677,"b10111000001011000010000000001010011111100001111100000000110001000011000010000100",0,1319.0788600625797,"b10001000101011100011100100001100010101110100001110000010011001000010110001011000",16,12,0,0,0.8847236620593891,474.7453577212892,13.24696954506137,1.791233457899015,117
678,"b00010000100110000010110000000000010000100011000000001100000000110000000010000000",0,657.272678935293,"b10001000101011100011100100001100010101110100001110000010011001000010110001011000",26,10,0,0,0.7320898929004972,406.68875271341074,293.43404502684365,1.6400370120756707,117
679,"b00001000000000000101010010110110110100001011111000000110000001001100000001011000",0,1278.8391467621082,"b10001000101011100011100100001100010101110100001110000010011001000010110001011000",21,15,0,0,0.9088173953945868,67.69586626726282,285.5724795070277,1.3413945687360607,117
680,"b00010000001101000010011001000001010000101110101000100000100111000111000000000000",0,4838.709787625302,"b10001000101011100011100100001100010101110100001110000010011001000010110001011000",8,0,0,0,0.695039741777355,263.9095515672904,337.6191641590985,3.6082898082990678,117
681,"b01001100000101110001000100001101010000010000011111100110111000000100000010010000",0,676.1067938267599,"b10001000101011100011100100001100010101110100001110000010011001000010110001011000",16,12,0,0,0.9618352621737977,313.68858773484624,68.35211552474199,1.1599029956944114,118
682,"b00000000000100000000010000000000010010001000000000100000000001000101000000010000",0,2605.1571257792166,"b10001000101011100011100100001100010101110100001110000010011001000010110001011000",23,1,0,-1,0.6728417214897616,308.04241940573655,309.4733784064916,4.970071687432072,118
683,"b00000000000011000011110110000110011111000000101000110010011001000010110001000000",0,2770.9860205023215,"b10001000101011100011100100001100010101110100001110000010011001000010110001011000",13,8,0,0,0.7706635625448448,355.71461798872156,157.1747045032123,4.893547491695322,118
684,"b00000010000010000000101110000001111101001110000100100000111100000001100000000011",0,939.7269973921775,"b10001000101011100011100100001100010101110100001110000010011001000010110001011000",19,12,0,0,0.8629015447474815,42.11906147102206,45.789641746396875,4.7568782927899695,118
685,"b00000000000000001000000100000000001000000000001110000000010000000011000000000000",0,3167.1402291098548,"b10001000101011100011100100001100010101110100001110000010011001000010110001011000",26,3,1,1,0.6883902224598634,250.93576025297756,151.91843124737906,4.102869948408095,118
686,"b00000000000000000000000000000000000000000000110000000011011000100000000000000000",0,1423.0370125649836,"b10001000101011100011100100001100010101110100001110000010011001000010110001011000",29,4,1,1,0.7131037830034713,139.40966871748924,179.5695787613767,5.870024283974981,118
687,"b11101100100000110000000110000100001100011100000000000011111000100110000111100100",0,1992.1897417063756,"b10001000101011100011100100001100010101110100001110000010011001000010110001011000",18,15,0,0,1.147589611045659,257.2724291244516,396.16512794409806,3.596071044098209,118
688,"b00000000000100000000001000000001111000111110101000100000100101000110000000010010",0,2203.4493653098352,"b10001000101011100011100100001100010101110100001110000010011001000010110001011000",14,3,0,0,0.760961593392593,120.20253750864897,278.9846567771065,4.995405628338657,118
689,"b00010000100101100100001110100000101000001111110001000000000000000010010000000000",0,961.7974659791653,"b10001000101011100011100100001100010101110100001110000010011001000010110001011000",21,10,0,0,0.7729848773427463,124.92815900283932,18.617312202652467,5.482052413800951,118
690,"b00000001100000000011000010000001001100010001000100010000000000101000001010000000",0,331.7035374968247,"b10001000101011100011100100001100010101110100001110000010011001000010110001011000",26,10,0,0,0.8362314430790827,465.8927174538768,436.9642686381739,5.477683923562896,118
691,"b00000100001101100000100001100000110001000000010000000000010000000100000000000000",0,1493.5908415733247,"b10001000101011100011100100001100010101110100001110000010011001000010110001011000",25,7,-1,-1,0.7125814443278686,55.023853227949594,489.24126660886367,0.15792243539469253,118
692,"b00000000000010000000110011000000000111000000000110000011111001100101100000000000",0,1380.8772123718356,"b10001000101011100011100100001100010101110100001110000010011001000010110001011000",21,9,0,0,0.7695375549180642,396.12528396324103,80.02272696276394,3.0692196777499774,118
693,"b01000000000101000000100110000000010000010100011101000000101000000001100000010010",0,1754.4705011826127,"b10001000101011100011100100001100010101110100001110000010011001000010110001011000",21,8,0,0,0.8171453468829631,38.821606157980185,187.32556513586508,4.593380733641018,118
694,"b10001000001011100011100100000100010101110100000000000010010000000010110000000000",0,2765.0430005077187,"b10001000101011100011100100001100010101110100001110000010011001000010110001011000",10,0,0,0,0.7587551032925506,196.10000819299628,439.7400595902525,3.167523570008946,118
695,"b00000000000001100000001110000000100100001001110000000000110000000000000000000000",0,764.086341052343,"b10001000101011100011100100001100010101110100001110000010011001000010110001011000",27,8,-1,-1,0.703264246614431,475.45539713541666,165.8702186686198,3.9621836432886193,119
696,"b10101000101011000011000100001101010000110001111000000100111000000000100000000000",0,2617.643603694239,"b10001000101011100011100100001100010101110100001110000010011001000010110001011000",14,7,-1,0,0.7672300972735183,349.4894831460941,129.76027558695205,0.34329622359007017,119
697,"b00000000001100000000011001000000110000001111000001110000000001100111110010000000",0,2413.681348373088,"b10001000101011100011100100001100010101110100001110000010011001000010110001011000",15,5,0,0,0.7686421627906329,494.4147511518021,148.51501140252216,5.320867027803068,119
698,"b00000000000000000100000101010000010000000000000000000000000000000000000000000000",0,1686.1178517105998,"b10001000101011100011100100001100010101110100001110000010011001000010110001011000",30,3,-1,-1,0.7141750850519815,466.9303545983969,86.99959354198702,1.381681272020836,119
699,"b11000000000001000000010101010100000001101000000110001001110000100100100000010000",0,839.8534849313066,"b10001000101011100011100100001100010101110100001110000010011001000010110001011000",21,10,0,0,0.7451116205173479,17.245759938630396,397.8359809143704,5.669604116504483,119
700,"b10000000000000100000001110000000110000111000011110000101110000010010100000000000",0,1176.9888553933479,"b10001000101011100011100100001100010101110100001110000010011001000010110001011000",20,9,0,0,0.75538906629183,470.9612206249702,214.25432901459982,0.6902292703133619,119
701,"b00000000001101000010011000000001110000101110101000110000100111000010010000010000",0,3130.107350405119,"b10001000101011100011100100001100010101110100001110000010011001000010110001011000",8,0,0,0,0.7512910804034968,10.393603289888949,456.864103261086,1.4045363115877412,119
702,"b01001000000110000101011001100001101000001110111100110000100111000111010100010000",0,2355.397550729897,"b10001000101011100011100100001100010101110100001110000010011001000010110001011000",8,8,0,0,0.7597957678463445,257.76676453108036,495.5397233410692,1.7015560940100931,120
703,"b01000000001111110000100000001001111100010100011111000100011000000011000000000100",0,1451.7072751679038,"b10001000101011100011100100001100010101110100001110000010011001000010110001011000",16,11,0,0,0.7523721699861072,247.21391116437457,412.3363773936317,3.9670926084326945,120
704,"b00010110110010001000000000000011001101100010000000001011000001111110000100011000",0,940.6613598052445,"b10001000101011100011100100001100010101110100001110000010011001000010110001011000",22,16,0,0,0.7986628338702945,385.1955694781659,412.5903019986793,3.5227085171014245,120
705,"b00011110000000000000000000010101100111100000010000000110100010000100000100000000",0,772.6829509428596,"b10001000101011100011100100001100010101110100001110000010011001000010110001011000",22,9,0,0,0.8890655497576286,313.47712141983993,391.8982875915859,4.248071896696063,120
706,"b00000000100100000000001001000000011001100000000110000000001000000000100000000000",0,2594.0458398865103,"b10001000101011100011100100001100010101110100001110000010011001000010110001011000",24,4,0,1,0.7085451894821111,13.605277480148688,209.4098298607803,-0.17211182135467212,120
707,"b11000001000000001100001010000000110000001011111100000000000000000000010000100000",0,1078.2276220199374,"b10001000101011100011100100001100010101110100001110000010011001000010110001011000",24,10,0,0,0.8994350513557003,275.5595467938762,69.08864696085953,5.891996057680925,120
708,"b00000100100000101110000011100001001101010000100000001010000010000000000000000000",0,513.29823492048,"b10001000101011100011100100001100010101110100001110000010011001000010110001011000",25,11,-1,0,0.7453654564219506,264.84321547239955,53.81337099382112,6.196278679342144,120
709,"b00000000000000000000000000000000000010100110001100111110110101000100010000000000",0,1978.3427337984983,"b10001000101011100011100100001100010101110100001110000010011001000010110001011000",21,6,1,0,0.7259983636769607,324.1959125777813,432.9285305984665,1.8379763497758197,120
710,"b00000000010000000110000001100000000111000010001100000000110000001100000000100000",0,2178.5220687672927,"b10001000101011100011100100001100010101110100001110000010011001000010110001011000",26,10,0,1,0.7293070495961387,39.41364401014553,213.2074952675984,3.6715603322308574,120
711,"b00000000000000000000000000000000010111100011111110000100000000000000000000000000",0,2144.854475737804,"b10001000101011100011100100001100010101110100001110000010011001000010110001011000",25,6,0,1,0.7227623891993555,236.95081325630636,215.70957913004017,1.198488580902928,120
712,"b00011000000001100000000000000000000010000000001100000000000000000000000100000011",0,1001.675916161405,"b10001000101011100011100100001100010101110100001110000010011001000010110001011000",27,5,0,1,1.026199942506549,389.1804313990741,257.2933364029446,4.306270074768609,120
713,"b00000000000001000000001101000000000101000000011000000000000000000000100000000000",0,2129.437257971228,"b10001000101011100011100100001100010101110100001110000010011001000010110001011000",26,3,0,1,0.7273879393487094,467.13888590702527,7.366238888312695,3.47841801604728,120
714,"b00001000101011000011000100000100010101110111011110010010000000000000000000000000",0,3096.1435163346496,"b10001000101011100011100100001100010101110100001110000010011001000010110001011000",13,4,-1,0,0.694368863341506,149.45953340688462,403.32525283855625,4.406298282958591,120
715,"b01000001001000000000001111001100111000100010000010000000110000000001000000000000",0,1194.9385971736792,"b10001000101011100011100100001100010101110100001110000010011001000010110001011000",23,9,-1,0,0.7683676136832766,468.4460840632943,213.34480999259432,2.3171470506170846,120
716,"b01000000000100000000000000000000010000000111011010001000111000000000000000000000",0,879.6712683068965,"b10001000101011100011100100001100010101110100001110000010011001000010110001011000",26,7,0,0,0.6786737946832692,67.90967143630202,240.5809370481651,5.34846812622051,120
717,"b00000000000100000000001100000001111000011101110100000000011000000010010000000000",0,2479.2149251164756,"b10001000101011100011100100001100010101110100001110000010011001000010110001011000",22,8,0,0,0.7814490425332262,145.74886229205953,363.67280451912717,4.435826691545389,120
718,"b00000000000010000000000101100000011100100000000000000000001000000000000000000000",0,1380.67750660094,"b10001000101011100011100100001100010101110100001110000010011001000010110001011000",26,3,-1,1,0.7211332315593868,400.51054787149235,53.89063090513984,4.12965402734153,120
719,"b00000000000000000010000000100000000000000000100100000001000000000100000001110000",0,825.368892495342,"b10001000101011100011100100001100010101110100001110000010011001000010110001011000",28,5,1,1,0.6722255644284771,77.3065944153441,390.5691527851892,0.9525436545242071,120
720,"b00100001100000000010000000111000000101110001001111000000011000000000000000000000",0,5003.247729871454,"b10001000101011100011100100001100010101110100001110000010011001000010110001011000",20,6,-1,1,0.7064030010290578,48.74443150637544,195.2573745866466,1.006694363102604,120
721,"b01000000001101001000011000001001010000001011100000100000000010000010101000101010",0,1974.2734014713747,"b10001000101011100011100100001100010101110100001110000010011001000010110001011000",19,9,0,-1,0.7962374247969635,92.11710230736101,267.5878967901673,5.400563044537172,120
722,"b10000000001010100010101100001010010010000001001010000110111001000010110000000000",0,2690.1491100921576,"b10001000101011100011100100001100010101110100001110000010011001000010110001011000",14,6,0,0,0.7489980975592321,56.80381051775009,436.24707218957326,5.273097048599638,120
723,"b10111000101011000010000000001101000001110000100000000010111000000010110011010000",0,3728.6243638732635,"b10001000101011100011100100001100010101110100001110000010011001000010110001011000",12,6,0,0,0.9377338612481788,327.320169217291,318.36949436947964,1.4967821770318692,120
724,"b00000000000000000000100100000000010100000100011000000000011101000010010000010000",0,2779.26484404709,"b10001000101011100011100100001100010101110100001110000010011001000010110001011000",20,2,1,0,0.7232021467888261,248.28356425885215,447.583059871898,0.524763649858604,120
725,"b00000000010000000000000000011100110000110000000010000000011000000000000000000000",0,1520.3610675575135,"b10001000101011100011100100001100010101110100001110000010011001000010110001011000",24,3,-1,1,0.7286398362605435,432.22349459831787,73.80091546361795,3.0431129224347426,120
726,"b00000000000000000000000111000000000011000000001000000000000000000000000001000000",0,1045.1471251319604,"b10001000101011100011100100001100010101110100001110000010011001000010110001011000",28,3,0,0,0.744810851126032,232.39308426549997,15.093234127550323,0.24885828115573205,120
727,"b00000010000001000010010101000001010000000111101000101000100111000011010100000000",0,2881.1344677503253,"b10001000101011100011100100001100010101110100001110000010011001000010110001011000",12,3,0,0,0.8105622512033454,379.57666726359633,98.58667782751027,5.628566582576122,120
728,"b00000000000000010000010001110001100111110100000001010000001000000010000000001100",0,743.3096516599707,"b10001000101011100011100100001100010101110100001110000010011001000010110001011000",24,11,0,0,0.7407571520461929,53.07114046347057,70.39048452242046,5.333556671037931,121
729,"b01000000000101000000010101000100000111010001101000000001110000100100100000110000",0,962.46802104523,"b10001000101011100011100100001100010101110100001110000010011001000010110001011000",22,12,0,0,0.7373638541120274,134.02967941856465,337.4876803122037,1.8108629096618418,121
730,"b10000000000001100000001111001000000111111001110100000000000000000000000000000000",0,1522.2507598786628,"b10001000101011100011100100001100010101110100001110000010011001000010110001011000",22,8,-1,0,0.7516967155890252,130.66627799566987,105.9446344645475,4.978047906459394,121
731,"b00000000000000000110010000011000000001100100000000000000000000000000000000000000",0,2166.9615477331567,"b10001000101011100011100100001100010101110100001110000010011001000010110001011000",27,3,0,0,0.706689039876958,496.9712546837848,270.0748747983186,5.2191973359915105,121
732,"b10001000101011100000100100000100010001110100000100000010011000000010010000000000",0,3021.4458201293883,"b10001000101011100011100100001100010101110100001110000010011001000010110001011000",11,0,-1,0,0.7463193145438916,195.81676996276033,218.62194892292473,3.299772173699674,121
733,"b00000000010000000000100001000010011010010001001001000000001100000000100000000000",0,1106.5082828553802,"b10001000101011100011100100001100010101110100001110000010011001000010110001011000",26,8,-1,0,0.8481402922074313,77.45934935966645,209.3461968349851,0.11180147486450656,122
734,"b10001000111001100011101000000100000101100100011100000010010001000010010001000000",0,2518.1199034475885,"b10001000101011100011100100001100010101110100001110000010011001000010110001011000",10,3,0,0,0.7837645749752901,97.61336105638514,132.1235357538164,2.956037286854442,122
735,"b11000000001100000000000000000000000100000001110000000000011000000001000100000000",0,1096.8381952961465,"b10001000101011100011100100001100010101110100001110000010011001000010110001011000",27,7,0,-1,0.9400762427769728,292.626967457835,297.33248874911357,5.839734763877302,123
736,"b00000000000000000000000100001100000001100000010000000010000000100000000000000000",0,2799.6810082773245,"b10001000101011100011100100001100010101110100001110000010011001000010110001011000",26,2,-1,1,0.7099040455906537,126.13609815586518,249.0726753414498,3.7331290377802397,123
737,"b00100101001000000000000000000010010100010000011011011110011000000100000000010000",0,725.177651861462,"b10001000101011100011100100001100010101110100001110000010011001000010110001011000",22,10,0,0,0.8169930875982219,252.8354237247326,406.9954123272249,4.051505261433153,123
738,"b11001000001011100010000100001000110100011100110010000110111001000001100010000010",0,1523.0425488670103,"b10001000101011100011100100001100010101110100001110000010011001000010110001011000",13,10,0,0,0.8618863687560476,470.4067654212006,20.823154139747928,3.4488774483223548,123
739,"b00000000000000100000000001110000001110000100011011000000000000000000100000000000",0,853.5793216608349,"b10001000101011100011100100001100010101110100001110000010011001000010110001011000",26,7,0,1,0.7323822987507211,157.02969674440683,55.29540924104099,3.526726576367845,123
740,"b00000000000100000100011110000001111000000100000000000000000000010000000001000000",0,952.5254647230422,"b10001000101011100011100100001100010101110100001110000010011001000010110001011000",25,6,0,-1,0.7843357373003532,365.52790780919764,50.42042570989489,4.121328380715269,123
741,"b01000000001000010000101110000000111000100001100011000001001100000011000000011000",0,906.5890324044847,"b10001000101011100011100100001100010101110100001110000010011001000010110001011000",22,12,0,0,0.8251140556556713,508.33218566810865,19.829601554530708,5.560981252125022,123
742,"b00000000001011000010000100100000110101110100011010010000111001000110110000010100",0,1711.8533427688212,"b10001000101011100011100100001100010101110100001110000010011001000010110001011000",12,7,0,0,0.7211710368571189,353.58773279342734,333.1073523229316,1.1887725078440696,123
743,"b00000000000000000010000000111000000110000000011010010011001101100010000011001000",0,1745.0239275960698,"b10001000101011100011100100001100010101110100001110000010011001000010110001011000",21,9,1,1,0.7320838922244275,45.08757259070695,250.77070339354427,2.893736361361286,123
744,"b00001110000000011100000000000000100010000010011011011000010000110100001010000000",0,745.6774131784344,"b10001000101011100011100100001100010101110100001110000010011001000010110001011000",25,14,0,0,0.9228890460232737,316.66596622729816,464.5873290841103,6.185652878365208,123
745,"b10001000101011000011100100001100010111100000011010000010010001000010100001000000",0,2652.9592835598023,"b10001000101011100011100100001100010101110100001110000010011001000010110001011000",8,2,0,0,0.7804754384020108,467.65294278325734,229.23872013322443,-0.08569612444273168,123
746,"b10100000000001101010100100000001111100010110110000000010000100010001101110000000",0,1663.0944651415457,"b10001000101011100011100100001100010101110100001110000010011001000010110001011000",21,15,0,0,1.4215417328139768,359.3559142747382,423.84708954676734,0.5850250086400131,124
747,"b00001000000011000010100000000101000101110100001100000011111000000100000000000000",0,2160.964079519772,"b10001000101011100011100100001100010101110100001110000010011001000010110001011000",16,4,-1,0,0.6826733345291192,134.41288251282162,293.81095394989086,1.9630892120123569,124
748,"b01100110110000000000000100111001100101000001100110011110000010110000000001011000",0,584.8228560389139,"b10001000101011100011100100001100010101110100001110000010011001000010110001011000",21,17,0,0,0.8155557570770009,87.418424082013,135.79083234843372,0.1087283709492963,124
749,"b00000000000000000000000001001100010100100000000000000000000000100000000000000000",0,5539.337587750215,"b10001000101011100011100100001100010101110100001110000010011001000010110001011000",27,2,-1,1,0.7013162910150001,97.64329030320765,83.39344667329051,0.9274780923296106,124
750,"b00000000100000000111000000000000001000110000011111000111000001100000000011000000",0,857.426428220858,"b10001000101011100011100100001100010101110100001110000010011001000010110001011000",21,8,0,1,0.688233413263527,203.1606846885466,500.9852400417774,3.7440789611565513,124
751,"b00100000000011000000000100100001011000001000000001000001101000000000000000000010",0,155.14277238439786,"b10001000101011100011100100001100010101110100001110000010011001000010110001011000",27,9,0,0,0.7509594907574538,158.0934762331825,460.7216130688031,6.098860871726279,124
752,"b00000101000101000000011000001001000000001111100010100100000000000111010100010001",0,1730.7814531232189,"b10001000101011100011100100001100010101110100001110000010011001000010110001011000",15,6,0,0,0.8301400361115046,314.23389047015667,111.61741582085105,6.058788731524055,124
753,"b00000000000100000000011000000010000100000100011100010011100100000100010100000010",0,1346.119504724481,"b10001000101011100011100100001100010101110100001110000010011001000010110001011000",21,7,1,0,0.7713925646506691,338.84468877611175,243.2366210409119,1.4952609029875554,124
754,"b10100000001011000011101000111101000001100100100100010000001001010000000001010000",0,1561.2484142595536,"b10001000101011100011100100001100010101110100001110000010011001000010110001011000",15,8,0,0,0.8273388134679668,72.9133260911303,101.0554309489104,1.8630972986857897,124
755,"b00100000000010000000001110100010110010001111110001011111010000000001010000000001",0,1769.4550888788608,"b10001000101011100011100100001100010101110100001110000010011001000010110001011000",21,15,0,0,1.2274414371324327,6.480173981319275,110.15281124184082,0.16938850337855543,124
756,"b10001000101011000011100100000100000100110100001100000010010000000000110001001000",0,3513.8075274623734,"b10001000101011100011100100001100010101110100001110000010011001000010110001011000",9,0,0,0,0.770944971170155,103.40186305242733,278.81143562819784,2.712703601602321,124
757,"b00000101000110100101001100100100101010011110000001110000010001000011000100000000",0,251.7370189106841,"b10001000101011100011100100001100010101110100001110000010011001000010110001011000",22,16,0,0,0.7723073806014271,33.744232304581566,359.1911514913369,2.6721550419047215,125
758,"b11000000001011110000100100001100010000000100000111000110011000000111000000100110",0,1882.0089641852555,"b10001000101011100011100100001100010101110100001110000010011001000010110001011000",15,9,0,0,0.8250931015766503,375.8618683355645,287.4409441935742,3.3439483192112625,125
759,"b10001000100011100011000100000001010110010100001010000010011000000000000000000000",0,3642.55527985726,"b10001000101011100011100100001100010101110100001110000010011001000010110001011000",14,2,-1,0,0.693248997829124,374.2169298618758,450.37136492900044,1.7744582102066073,125
760,"b10001000101011100011100100001100010101110000011010000010011001000010110000011000",0,4252.5498934838115,"b10001000101011100011100100001100010101110100001110000010011001000010110001011000",3,1,0,0,0.7759871940102625,392.3097541313885,291.4146975610647,3.0373323758231408,125
761,"b00000001100000110000000110000000001000001100000000110000100000000011000000000010",0,604.471792454985,"b10001000101011100011100100001100010101110100001110000010011001000010110001011000",25,8,0,-1,0.8316176441129676,470.8424928207794,134.89363733644208,2.216537896873033,126
762,"b00000000000010000000001001000001111101100111110010000000000000000000000000000000",0,2824.909909019267,"b10001000101011100011100100001100010101110100001110000010011001000010110001011000",23,7,0,0,0.6958306673835748,440.98965390523273,173.10189209228906,5.500866329321136,126
763,"b00001010000000100010000100100001100000100111110000111001000011000000000100000000",0,1777.4487183449496,"b10001000101011100011100100001100010101110100001110000010011001000010110001011000",18,7,0,0,0.7241443881777505,459.99328244965653,386.099256318191,0.40662435123217167,126
764,"b00000000000000000000000000000000100000000010111000001011111100101100000001010000",0,1323.101265746906,"b10001000101011100011100100001100010101110100001110000010011001000010110001011000",24,9,1,0,0.710995452062019,157.11946538527064,491.7530180743922,2.338361234189553,126
765,"b00000000000000000000010000000000000111100011011111000000100000000010000000000000",0,793.0175064670207,"b10001000101011100011100100001100010101110100001110000010011001000010110001011000",25,7,0,1,0.7041500115852716,249.56937245359182,106.12937733439365,5.275750811964786,126
766,"b00000000000001100000100110000000001000000101100000000000000000000000100000000001",0,1474.885324165521,"b10001000101011100011100100001100010101110100001110000010011001000010110001011000",26,5,0,0,0.7085221501100106,303.2682853135025,341.5143530211473,4.30993569829173,126
767,"b00000000000010000000011000000001010100001100000000010000001000000111000000000001",0,1934.1496824403293,"b10001000101011100011100100001100010101110100001110000010011001000010110001011000",21,3,0,0,0.783994148373392,238.0003908616875,345.78745373011424,0.7341838741264631,126
768,"b00000000000000000011000001111000001011110000101100011001000001000000000000000000",0,666.0724610548089,"b10001000101011100011100100001100010101110100001110000010011001000010110001011000",23,9,0,1,0.6566678563902425,390.40284659459826,448.10146014747926,3.493806134630128,126
769,"b00010000000110110000000011000000101110000000011111000010010100000001100010000000",0,884.7228693728082,"b10001000101011100011100100001100010101110100001110000010011001000010110001011000",23,13,0,1,0.7641892815971829,244.79210265698615,445.55713691328845,4.811178370442608,126
770,"b10001000000000000000100100001000010000010100010111000010000000000001000010010010",0,3005.877452437627,"b10001000101011100011100100001100010101110100001110000010011001000010110001011000",20,5,0,0,0.87810089492129,213.38597942671043,292.70140055119185,3.920877711155043,126
771,"b01000001000001100000000100100011111000001000100100000000100000000010010000000100",0,1640.0842937714908,"b10001000101011100011100100001100010101110100001110000010011001000010110001011000",23,9,0,0,0.757745526825211,427.23584438202414,314.2040239487505,2.4605807677693265,126
772,"b00001100001100100000111011000000000110000000001000000000110000000001100000000000",0,1673.2043499061274,"b10001000101011100011100100001100010101110100001110000010011001000010110001011000",24,9,-1,-1,0.7874750318132121,504.8005904362711,48.70981250720078,6.085361668278454,126
773,"b00000100000000000011101001010100000011001011001000101000010001000000000111000000",0,2489.3822385485746,"b10001000101011100011100100001100010101110100001110000010011001000010110001011000",23,12,0,0,0.7934781903189888,219.64270723981363,485.5117151923013,4.818595891982833,126
774,"b00000000001011100000000110000000000111110000100010010010001000010010010001000000",0,2529.987258737162,"b10001000101011100011100100001100010101110100001110000010011001000010110001011000",17,5,0,0,0.7433883286605291,201.07054428699496,172.21444282017748,2.819866556867722,126
775,"b00000000000100000000000010000000010000001100110000000010000001000011100010111110",0,1373.632021786621,"b10001000101011100011100100001100010101110100001110000010011001000010110001011000",23,9,1,0,0.7558399172819907,452.21753389527197,119.20576196008798,2.2766548756290517,126
776,"b00000001000001000010011100001100110001100001001000010000000000000000000000000000",0,1608.3242296880967,"b10001000101011100011100100001100010101110100001110000010011001000010110001011000",23,6,-1,0,0.7461883616630561,411.94492471140626,263.02117266783364,1.8900131003135663,126
777,"b01110000101001000010000100001100011111110000011100100000010000000101000011000000",0,1330.0117090617537,"b10001000101011100011100100001100010101110100001110000010011001000010110001011000",16,10,0,0,0.9121504778518741,410.6408554708063,31.739682659803453,4.558086440807233,126
778,"b00110100000011100110011100100011100110001000110011000000110000000110010000000011",0,457.0944424350767,"b10001000101011100011100100001100010101110100001110000010011001000010110001011000",18,15,0,0,0.7916201659862017,354.3141933741714,115.38452038389264,3.1776876902506914,126
779,"b00101000001010100010001100001010000001110000010110000100110001000111000011000010",0,2466.683477057991,"b10001000101011100011100100001100010101110100001110000010011001000010110001011000",16,10,0,0,0.7599441051569706,214.44764520710774,504.59766408394023,5.116801225333987,126
780,"b10101000101001000010000100001100000111110001011000000000110000100101001100000000",0,958.9605236746131,"b10001000101011100011100100001100010101110100001110000010011001000010110001011000",17,10,0,0,1.0432629556838928,333.61762297168417,407.33075820916474,0.9502853586038194,126
781,"b10000000000000000000000100000000100001000000000011000000000100000011000000110000",0,672.3716402674884,"b10001000101011100011100100001100010101110100001110000010011001000010110001011000",27,6,0,0,0.8612339867463369,439.8534623589708,58.27882709782639,1.3751494326150273,126
782,"b00000000000001110000000010000000000001100000000100000000110000000000000000000000",0,1477.9455415422326,"b10001000101011100011100100001100010101110100001110000010011001000010110001011000",26,3,0,1,0.7148302607179671,316.04665940042605,157.10690996436875,0.4644791865286235,126
783,"b10001000101011100011100100001100000001010100001010000010001001000010100011000000",0,5547.3511016664925,"b10001000101011100011100100001100010101110100001110000010011001000010110001011000",8,1,0,0,0.7783319067725475,109.77605787477358,277.89565287867214,4.526238286221883,126
784,"b00000000100000001000000000000000000001000000011000000001000000000100000000100000",0,651.6371530835092,"b10001000101011100011100100001100010101110100001110000010011001000010110001011000",29,5,0,1,0.7337659135866703,44.93860584161975,230.36451623544568,0.24116562051292423,127
785,"b00000000000000000000000000000000000000110000011000000001000000000000000000000000",0,7595.070631551185,"b10001000101011100011100100001100010101110100001110000010011001000010110001011000",29,2,0,1,0.9195734561369759,388.7265279649394,160.15397038023153,4.15189862949738,127
786,"b01100000000100000000010111000000011000001101111001000000101100000011110000000100",0,842.6612681978593,"b10001000101011100011100100001100010101110100001110000010011001000010110001011000",19,11,0,0,0.7686335840552695,414.69794924477776,425.26022262410567,2.631378192510617,127
787,"b00000000000000000000001100000000011000000000000000000000100000000000000000000000",0,3581.692197209132,"b10001000101011100011100100001100010101110100001110000010011001000010110001011000",30,3,-1,-1,0.6773388506188753,419.1749463821059,259.29036481266564,0.9167959024890238,127
788,"b00000011000000000110000100001100011000001011010001100010001111000000111001000000",0,1118.510549601884,"b10001000101011100011100100001100010101110100001110000010011001000010110001011000",22,14,0,0,1.147038631513438,508.15364523640574,326.1055756770578,3.472198852368556,127
789,"b00000010001001000010011001000001100000101111101000100000100111000110010110010001",0,4452.868815013869,"b10001000101011100011100100001100010101110100001110000010011001000010110001011000",6,2,0,0,0.8575549065404725,466.5377133962909,296.4830578232205,3.892193055297151,127
790,"b00000000000000000000001000000000010100001101111000000100100000000000000000000000",0,2560.2340778528737,"b10001000101011100011100100001100010101110100001110000010011001000010110001011000",25,4,0,-1,0.6906652780750052,35.23701999583758,133.14418875751588,1.6303539834536558,128
791,"b00001010001101000010011001000001010000101110001000100000100010000111010000010000",0,3622.3603157235875,"b10001000101011100011100100001100010101110100001110000010011001000010110001011000",8,0,0,0,0.7997328796204675,123.19330634791243,365.9427004819866,0.5106190814639722,128
792,"b00011000000100000000100000000000001000000010110110000000011000000100000000000000",0,1686.7718265378726,"b10001000101011100011100100001100010101110100001110000010011001000010110001011000",26,7,-1,0,0.7750623177755808,505.59024918742705,26.390131834391003,2.9083140326051087,129
793,"b00000000000000000000000001000000000000011100000000001000000000000000000000000010",0,2162.3488792935736,"b10001000101011100011100100001100010101110100001110000010011001000010110001011000",29,3,1,0,0.6686243852643452,394.95355472493554,287.7408918245571,3.819758967863087,129
794,"b00101000000111100000000000000000000010100100000000010000000010000000001000000000",0,1279.4001937142732,"b10001000101011100011100100001100010101110100001110000010011001000010110001011000",25,5,0,-1,0.7525749687828986,402.6698583759325,216.54289377531427,2.7363799572493552,129
795,"b00000011000001000110100111001000010111001101011000010000110000000001000000000000",0,1351.8530250860501,"b10001000101011100011100100001100010101110100001110000010011001000010110001011000",21,12,-1,-1,0.7133180845983067,143.6356360056779,413.3880089371215,5.481242751521549,129
796,"b00010000001001000010011001000000010000101100101000100000100111000010010100010001",0,4753.065602345457,"b10001000101011100011100100001100010101110100001110000010011001000010110001011000",9,0,0,0,0.7105101687734853,28.26447413740844,440.14990026507644,3.8142398950696332,129
797,"b00000000000000000000011110000001111100000010011000001100111000000101101000000001",0,1968.8205629408985,"b10001000101011100011100100001100010101110100001110000010011001000010110001011000",21,11,1,0,0.7434412014691938,212.9134037231953,314.16171313290454,5.480185117570842,130
798,"b00000001000000010000000011100001101000001100100000001000000000000000000000000000",0,1880.5698814448228,"b10001000101011100011100100001100010101110100001110000010011001000010110001011000",26,6,-1,-1,0.7137240229096156,365.6554064347206,297.3437313764012,4.71522917162397,130
799,"b00001000101011100000100000000100010101010100000010000010001000000000110000000000",0,3584.496522486512,"b10001000101011100011100100001100010101110100001110000010011001000010110001011000",14,0,0,0,0.7628996443765113,319.9778262609723,318.1002337576329,4.608827067391274,130
800,"b00000000000000000000100001100000110000001110001100010001111010000110000000000000",0,2269.3487590538375,"b10001000101011100011100100001100010101110100001110000010011001000010110001011000",20,6,0,-1,0.7511002382778297,446.386733137725,165.32111323323315,3.7751416343578184,131
801,"b00000000001101100010111001100001010000010100000000000000001000000000000000000000",0,1945.5829891065923,"b10001000101011100011100100001100010101110100001110000010011001000010110001011000",22,5,-1,0,0.7446689721417374,215.0997990669964,9.287760605814091,0.7759541043483474,131
802,"b00000000101011100011101100000010010101010100001000000010011001000110100000000010",0,3029.4647172050563,"b10001000101011100011100100001100010101110100001110000010011001000010110001011000",11,4,0,0,0.7391752732496372,81.31557234668966,327.90063242060137,2.200430767325052,131
803,"b10001000001011100001101100000100010010100000001110000010001000000010000001001000",0,4586.00786809494,"b10001000101011100011100100001100010101110100001110000010011001000010110001011000",12,2,0,0,0.7749936608733747,271.12934905502914,479.3365178450443,2.425723443153659,132
804,"b00000000000000000000000000000001000110000000001110000000111000000111000010000000",0,2848.419704402915,"b10001000101011100011100100001100010101110100001110000010011001000010110001011000",25,6,1,1,0.7140222984824082,178.06758367295234,84.9859432438076,2.040317131878557,133
805,"b00000000000110000000000110000011100000001111100001011010000000011111010000000100",0,1004.5079739033768,"b10001000101011100011100100001100010101110100001110000010011001000010110001011000",20,11,0,0,0.7576060362503736,254.45379087208175,281.6267226652296,4.593216363688937,133
806,"b00000001100000010000000001100000000000000101100000000010000000000000000000000000",0,694.3575613897451,"b10001000101011100011100100001100010101110100001110000010011001000010110001011000",29,6,-1,0,0.7000836264251777,498.754910735046,198.61401044105997,1.4820879151654018,133
807,"b00010000000000000000000010000000000110001010000100000000000000000000000100000000",0,2310.8824613507577,"b10001000101011100011100100001100010101110100001110000010011001000010110001011000",30,6,0,0,1.0593336467795518,327.4722829721675,295.80284404391523,3.923658373306315,133
808,"b00000000001101000000011001000001010000101110101000100011100101000111010100010001",0,5205.991738469798,"b10001000101011100011100100001100010101110100001110000010011001000010110001011000",7,2,0,0,0.8118638170805625,198.76396018407678,66.93875634142148,1.414337219578329,133
809,"b00000000100011100011011100000101110101110000000100010010011001000011000001001001",0,1084.2602007654436,"b10001000101011100011100100001100010101110100001110000010011001000010110001011000",11,7,0,1,0.8281699561140441,50.932378086916415,137.66800550466476,2.595184115329814,134
810,"b00000000000010000000000000000000000000000000001100000011100000000010000000100000",0,1105.0599249449388,"b10001000101011100011100100001100010101110100001110000010011001000010110001011000",27,3,1,0,0.6499884845186036,74.78628382646026,283.5652948296162,0.31569527790613683,134
811,"b10001000101011100010100100000100010101000000001010000010011001000010010001000000",0,4031.935105823081,"b10001000101011100011100100001100010101110100001110000010011001000010110001011000",9,0,0,0,0.7750807853389975,26.300961987705573,190.21181987284598,5.231186693782533,134
812,"b00000000000000100011101100001000100000100100000110010000000001010000000001100000",0,1970.6461675162277,"b10001000101011100011100100001100010101110100001110000010011001000010110001011000",20,5,0,0,0.8933674605843159,368.9192399322593,64.21310555865409,6.059510210255139,135
813,"b01001000000000000000000000000000000001100010001100000000011000000000000000000000",0,1214.2089010574746,"b10001000101011100011100100001100010101110100001110000010011001000010110001011000",25,2,-1,0,0.7358659745738078,281.1639237532487,38.63874130934983,0.3372005298164269,135
814,"b00000000000000000000000001000101011100000110011010001000101000000011100000000011",0,1172.3334376345,"b10001000101011100011100100001100010101110100001110000010011001000010110001011000",23,10,1,1,0.7335380188558727,28.842369978831705,106.7046422936247,1.673096464764554,135
815,"b00010000000001000000011101100000001100000010000100001100000000000000000001000100",0,834.1880639168161,"b10001000101011100011100100001100010101110100001110000010011001000010110001011000",26,9,0,-1,0.7834277440388163,119.93653115631547,96.80245121107714,4.559271417171653,135
816,"b00000100000000000000100000000000000011100000000011000110000000001100001001100000",0,738.9628207299198,"b10001000101011100011100100001100010101110100001110000010011001000010110001011000",26,8,0,0,0.7836104985898554,145.7896831876818,378.9141485797964,4.316133562094645,135
817,"b00100000000011100010001000001000000000000011000011000000000000100011100000000000",0,1800.3402949842064,"b10001000101011100011100100001100010101110100001110000010011001000010110001011000",24,7,-1,0,0.741616800162802,99.14636678101247,221.28329762059928,1.5189743789814703,135
818,"b00000110000000001100000000010000100010100011000000001010100010000000110110101010",0,1277.4205640917658,"b10001000101011100011100100001100010101110100001110000010011001000010110001011000",24,13,0,0,0.9907306139825073,96.40927815926739,244.4904018599733,6.26641165672612,135
819,"b10011000101010000011100000000100010111110100001010000000011001000010110001010000",0,4254.674254906732,"b10001000101011100011100100001100010101110100001110000010011001000010110001011000",7,2,0,0,0.903613173518859,389.829344927583,203.96928164568155,1.202614232680218,135
820,"b01000001100010100001001101100111111010110011010000100000100001000011010000010011",0,936.1817986954885,"b10001000101011100011100100001100010101110100001110000010011001000010110001011000",17,16,0,0,0.8526853436321796,71.99506628841729,175.1286445882526,1.065508237857402,136
821,"b01000000001100000000101110000000000010010100011111000001111000001011100000001010",0,1447.0539790683447,"b10001000101011100011100100001100010101110100001110000010011001000010110001011000",19,12,0,0,0.7873009706564209,345.55248351673885,342.83256122271797,0.5503566332967103,136
822,"b00000010000101000010001011000001110000101100000000100000100111000110000100000000",0,2734.2938711232064,"b10001000101011100011100100001100010101110100001110000010011001000010110001011000",12,1,0,0,0.8006301646842927,200.15767703350213,428.96816328590955,-0.0485922299435688,136
823,"b00000000000000000000000000000000000000000000000110000010000001111010000000001000",0,2620.7887950060267,"b10001000101011100011100100001100010101110100001110000010011001000010110001011000",26,3,1,1,0.6888232617477524,130.04301480475732,507.73883663079675,1.49410764910697,137
824,"b00010000000001000000000000010000000011100100101000010000000000000000000000000000",0,1422.91249026261,"b10001000101011100011100100001100010101110100001110000010011001000010110001011000",25,3,-1,0,0.6944307296023609,268.62328719786865,373.300874295575,5.474866030050871,137
825,"b00110000000011000000000000000000000000000000010100000001010100000100110000000011",0,760.0608123340844,"b10001000101011100011100100001100010101110100001110000010011001000010110001011000",26,8,0,1,0.7996503364998303,314.00678768181496,133.8923902743052,0.6986304805556253,137
826,"b01110001000111001000010010000001111000001001000000111011100000011000000011010100",0,914.7747018519333,"b10001000101011100011100100001100010101110100001110000010011001000010110001011000",20,16,0,-1,0.8574900924852221,441.5572734504702,150.44456010778734,1.5309552400673456,137
827,"b00000010000001111000111111011100111010000011000010100110100000001001000001111001",0,736.4515487215626,"b10001000101011100011100100001100010101110100001110000010011001000010110001011000",19,19,0,0,1.0387082077825374,309.9611996148305,420.71779278484223,1.3675616370975137,137
828,"b00001000001001100010000100000000000111010000001111000100000000000100100010000000",0,2507.6839488878927,"b10001000101011100011100100001100010101110100001110000010011001000010110001011000",19,5,0,0,0.7724435866439897,375.3086047996909,381.2846698502363,5.760947545207485,137
829,"b00011000001100000010011001000000000000101010000000110000000101000110010100000000",0,4057.8617874033716,"b10001000101011100011100100001100010101110100001110000010011001000010110001011000",13,0,0,0,0.8126264676163029,170.22005371193973,276.7527274496645,3.0167693238783246,137
830,"b00000000000000000000000011000000101100000010110000100000000000000000000000000000",0,1149.4995461273463,"b10001000101011100011100100001100010101110100001110000010011001000010110001011000",27,4,0,-1,0.7036707014266772,190.89233672638701,291.57592250424096,4.865899907522955,138
831,"b00010010001101000010001001000001010000101110000000100000100001000111010100010001",0,3494.2374714325447,"b10001000101011100011100100001100010101110100001110000010011001000010110001011000",8,0,0,0,0.7904582240691498,106.1685309473055,277.04419731050007,6.020839427685412,138
832,"b00000000000000011000000000100000000001000000001110010001100000010000100111000001",0,741.0115103163753,"b10001000101011100011100100001100010101110100001110000010011001000010110001011000",26,10,1,0,0.7704987504495571,451.1361620730998,231.69995448304277,5.152229042198664,139
833,"b10000000001111100000101000000100010000110010111110000101111000000011000000000010",0,1087.95275516073,"b10001000101011100011100100001100010101110100001110000010011001000010110001011000",16,10,0,0,0.75718282405154,42.38626503114084,17.502244746507102,0.8875584806501846,139
834,"b00000000001000001010011000000010010000100110101000110000100000000111000000000000",0,3229.742237882946,"b10001000101011100011100100001100010101110100001110000010011001000010110001011000",16,2,0,-1,0.7216454259967235,335.4933691304493,189.60511834903352,4.771084026029681,139
835,"b00000000000000100000000110000000011000000000000000000000100000000000000000000000",0,2657.395321755328,"b10001000101011100011100100001100010101110100001110000010011001000010110001011000",29,3,-1,-1,0.727897850164551,221.46295734127193,404.2217818657216,1.8138452074384066,139
836,"b01000010001101000000011001001011010000001001000010000000000011000111001100000110",0,1449.0708484403133,"b10001000101011100011100100001100010101110100001110000010011001000010110001011000",16,8,0,-1,1.109969825972908,280.14678632534617,98.88561357179908,4.808055138961683,139
837,"b10000000001000100010001100011010001001000001000100000010000000111000000100000000",0,1300.046942931143,"b10001000101011100011100100001100010101110100001110000010011001000010110001011000",23,9,0,-1,0.748101934711623,227.72137911927467,417.511142985026,1.1709999355245206,139
838,"b00100010001000001101100000001000010000000000000000010000000000000110000110011000",0,977.8971064774655,"b10001000101011100011100100001100010101110100001110000010011001000010110001011000",24,8,0,0,1.0981757751082455,506.0225329014537,295.00787388965847,5.234602437731361,139
839,"b00000000000000000001000000000101100000000011110100000001100000000100100000000000",0,1762.2397804857019,"b10001000101011100011100100001100010101110100001110000010011001000010110001011000",26,7,1,0,0.6930189172432158,155.94227446142597,239.5234802507639,0.2475133342127018,139
840,"b00000000000000000000011000000001010000101001101000100011100101001110010000000000",0,1766.0944666044277,"b10001000101011100011100100001100010101110100001110000010011001000010110001011000",17,4,1,0,0.744725242159064,203.70376409355194,7.689659868169192,1.311589222654076,139
841,"b00000000000000000001000000010000010001100001101010010001100001000000000110000000",0,2031.1821529285603,"b10001000101011100011100100001100010101110100001110000010011001000010110001011000",24,7,1,0,0.7588951388712689,323.0543258609303,35.7900480403792,4.501865646489726,139
842,"b00010010001101001010000000000001010000101110101000010000100111000110100000100001",0,4025.4957615577728,"b10001000101011100011100100001100010101110100001110000010011001000010110001011000",10,3,0,0,0.7048309745466975,298.5681302369609,467.54780447991664,2.4851606797772163,139
843,"b00000110000110100000001100100000111010000110100010100010110011000110000100011101",0,1882.5805285042288,"b10001000101011100011100100001100010101110100001110000010011001000010110001011000",15,12,0,0,0.8450866625031469,137.62156885392437,22.560885632681153,5.5821970943191594,140
844,"b00000100100111100000000000100101111000000110010000001000010011000010000000010000",0,2206.1354317811133,"b10001000101011100011100100001100010101110100001110000010011001000010110001011000",21,10,0,0,0.7879605519380796,258.7730722008474,129.19460668319311,6.377179488926929,140
845,"b10000000101000000001000110000101010011110000001010010010011000010000100000000000",0,1412.3985817095033,"b10001000101011100011100100001100010101110100001110000010011001000010110001011000",16,5,0,0,0.80235771469659,141.23884052731955,469.70806848489156,4.129047271184675,140
846,"b00001000100010000010000000001101000011110000101000000001111000000000010000000000",0,2149.697520299809,"b10001000101011100011100100001100010101110100001110000010011001000010110001011000",19,5,-1,0,0.725866295960401,348.2777408212814,392.96062669143475,2.929426915691841,140
847,"b00000000000000001000000000000000110011000001000000000000010000000000000000000000",0,3284.8326335505662,"b10001000101011100011100100001100010101110100001110000010011001000010110001011000",30,5,0,-1,0.7261499978700791,458.47305524227096,233.2582092392954,3.968683519190283,140
848,"b00001000000000100000001000000001110010000111001000000000000000000001000000000100",0,1459.4954627708219,"b10001000101011100011100100001100010101110100001110000010011001000010110001011000",23,4,0,0,0.6819859415806782,298.09693095475075,159.52970474252928,3.9123680007108206,140
849,"b00000000000000100000000100000000000000000000000010000000000000000000000000000000",0,3610.907412816582,"b10001000101011100011100100001100010101110100001110000010011001000010110001011000",29,0,-1,-1,0.675842036492328,43.782416310343706,365.5849857900223,6.237037050945492,140
850,"b00000000001000010000101111001110011011100111001110000000010000000000000000000000",0,1677.8088792123567,"b10001000101011100011100100001100010101110100001110000010011001000010110001011000",19,9,0,0,0.7684574805729586,200.59850867447145,425.7580142217373,6.23375592857424,140
851,"b00001000000010000010101000111100010110000000001100000001110001100001100000000000",0,1709.2553581744005,"b10001000101011100011100100001100010101110100001110000010011001000010110001011000",19,8,0,0,0.7522347973480678,281.14978028438355,143.09497993064235,5.0891248434377365,140
852,"b01100001000110100000011000000001011000111000011100100000100101000110010000010000",0,2066.6218126088997,"b10001000101011100011100100001100010101110100001110000010011001000010110001011000",16,9,0,0,0.792496828233355,202.8180387294215,71.23155130067772,0.6248616442003458,140
853,"b10001000111011100011100000000000010111000000001010000010010001000110010001100000",0,3911.856379166921,"b10001000101011100011100100001100010101110100001110000010011001000010110001011000",11,4,0,0,0.8735105145087817,209.5424185717044,82.67164021882417,3.8877581214841515,140
854,"b00001100000000111000000000110001000110100100000101011110000001100000001110000000",0,-112.52860689967798,"b10001000101011100011100100001100010101110100001110000010011001000010110001011000",24,15,0,0,0.9170138713977626,285.1630311232781,47.18381301394402,0.37004554826999314,141
855,"b00001000001000000010000011001111001100000000111010100100010000100111000000001110",0,635.7263607666127,"b10001000101011100011100100001100010101110100001110000010011001000010110001011000",21,14,0,0,0.7484675453833076,25.484377011191473,294.1942179313112,3.6736316220335548,141
856,"b00010000000001000000000110000000000000001100001000011000000000001000000000000000",0,1380.911146162691,"b10001000101011100011100100001100010101110100001110000010011001000010110001011000",26,4,0,-1,0.6882274998460575,252.06362702898443,356.6814986441403,1.7382556543947363,141
857,"b00000000000000000010011100001001110010011111101001100000000011000000000010000000",0,1614.1738786056103,"b10001000101011100011100100001100010101110100001110000010011001000010110001011000",18,7,0,0,0.7413826874907637,95.87312606951512,26.44373036375833,2.176713870525887,141
858,"b00000001000000100001001001110000001001000111011100000000100011000100000010000000",0,563.4015795097004,"b10001000101011100011100100001100010101110100001110000010011001000010110001011000",23,11,0,0,0.7316043778681666,102.117340324461,480.6341498426046,4.441534085626024,141
859,"b01101000101010000011001100001101000010110000001000000000000000000100100000010010",0,1474.7049379011132,"b10001000101011100011100100001100010101110100001110000010011001000010110001011000",18,7,0,0,0.8209562584521161,220.47976946024636,150.11537930289109,2.023094129344617,141
860,"b00000000000010000001001110000000000000000000001000000000011100000001110000000000",0,1466.4417444230512,"b10001000101011100011100100001100010101110100001110000010011001000010110001011000",24,4,0,1,0.7569373275139459,316.58481299450244,35.01071536114065,5.2833835129960995,141
861,"b10001000101011000010100000000100010000110100000010000000010001000010110001000000",0,4488.797186253208,"b10001000101011100011100100001100010101110100001110000010011001000010110001011000",12,0,0,0,0.7141504125971722,259.6197672373027,298.5243967159449,5.599504852920824,141
862,"b11001000000011100000100100000000010100000000010110001100101001000010100000001001",0,2292.8759803928892,"b10001000101011100011100100001100010101110100001110000010011001000010110001011000",16,6,0,0,0.8085774077599076,330.3337636888354,30.16735923669456,3.999733148350909,142
863,"b00000000000001000000000100001000000111100000011100000000100000000000000000000000",0,1214.697780948099,"b10001000101011100011100100001100010101110100001110000010011001000010110001011000",24,3,0,1,0.7005199102399199,404.7682204514407,286.1041936410054,5.693061172569227,142
864,"b10100000000100000000000000000000110000000000100001000000000000000001100000001100",0,1537.1334051020795,"b10001000101011100011100100001100010101110100001110000010011001000010110001011000",28,7,0,0,1.2416072678158037,403.4183830098903,291.44416926189757,6.112713761108477,142
865,"b00000000000110100100001110000000001110011111100000110000000011000101010000010001",0,1127.0804176601089,"b10001000101011100011100100001100010101110100001110000010011001000010110001011000",17,10,0,0,0.7587072014238568,126.2686978531471,363.3247780092806,3.6338726953868816,142
866,"b10000000001001100011100110001100010000010011001011011111110010011111000000000010",0,1962.7906984853407,"b10001000101011100011100100001100010101110100001110000010011001000010110001011000",15,15,0,0,0.771290384015662,259.06556161390716,151.46636329603095,2.4704253009447172,142
867,"b00001111000001100000001100000000000000001010000000001110000000000000000000000000",0,1066.3198936903232,"b10001000101011100011100100001100010101110100001110000010011001000010110001011000",26,7,-1,-1,0.7708503346113215,228.41261006147118,70.72535609682855,0.004061181172784763,142
868,"b00000000000000000000000010001000011110000010011000000000100001000000000000000000",0,1162.7803047520115,"b10001000101011100011100100001100010101110100001110000010011001000010110001011000",27,6,1,-1,0.767498222563764,339.22400020760074,31.627609783688563,5.25400834782802,142
869,"b00001000001101100000001000000001010000001111100000100000000011000110000100010000",0,2806.3556247679535,"b10001000101011100011100100001100010101110100001110000010011001000010110001011000",14,2,0,-1,0.7688184536716476,449.8288290317731,44.36908209904422,0.45497570406035837,142
870,"b00000000000000010110000111000001110010000011001000000000000000000000000000000000",0,1502.921058659679,"b10001000101011100011100100001100010101110100001110000010011001000010110001011000",25,6,-1,0,0.6903626113096635,303.4121198376621,350.1620343777853,3.299682723515482,142
871,"b01000000001100001000001100000001111000000100000000000001111100000111110000001000",0,2032.5101365388427,"b10001000101011100011100100001100010101110100001110000010011001000010110001011000",19,9,0,0,0.8505740846155574,22.049775376393452,76.91965269005817,1.863431724513529,142
872,"b00010010000001000010011001000001010000101011100000100000100111000011010000000000",0,4229.445133965325,"b10001000101011100011100100001100010101110100001110000010011001000010110001011000",11,1,0,0,0.7179050909532899,50.18900680541992,303.98929245954844,3.6791599880655843,142
873,"b00000000000000000000000100000000000011010000000111000001010000001000000010010100",0,1011.3140498376825,"b10001000101011100011100100001100010101110100001110000010011001000010110001011000",25,6,1,1,0.7284693846187453,209.58926672651793,295.781704331377,4.924830605510557,143
874,"b00000000101000100000001100001110011000111000000000011001000000000001000010000100",0,886.2881978888221,"b10001000101011100011100100001100010101110100001110000010011001000010110001011000",23,10,0,0,1.0444830539296956,22.282904519054913,334.8792810867189,3.1316829375107087,143
875,"b10000000000001110010000110001001010001000100000000000000000000000000000000000000",0,1642.6959162627566,"b10001000101011100011100100001100010101110100001110000010011001000010110001011000",23,3,-1,0,0.7452299888094581,375.76082830941806,166.77752637965705,4.950554227708711,143
876,"b00110000000011000000000100100000010100000000000000000000000000000000000000000000",0,1505.7079533335495,"b10001000101011100011100100001100010101110100001110000010011001000010110001011000",27,3,-1,-1,0.7029223901172932,122.99202034891981,368.0456022601123,2.339882058364595,143
877,"b00000000110000000000000000000000100000000000100000001100010011000010000001100000",0,623.8130037114574,"b10001000101011100011100100001100010101110100001110000010011001000010110001011000",27,7,0,0,0.9471370296973052,96.07484378788676,222.63712308709324,3.0334369901944798,143
878,"b00000000000000001000000010101000000001100000001110000100101010100000001101000000",0,1019.8289091764375,"b10001000101011100011100100001100010101110100001110000010011001000010110001011000",24,9,1,0,0.7758603553961737,179.58186852801373,139.3216378241158,0.6200554837858241,143
879,"b00000000000000000000000100100000000011100000100111011001111100000011110001000000",0,1598.3772517667198,"b10001000101011100011100100001100010101110100001110000010011001000010110001011000",21,10,1,1,0.7096919151710916,67.62217921917255,242.32432469294622,4.66837356185828,143
880,"b10001000001001100010100000000100010000010100000101000010011001000000100001000000",0,2844.1011799679663,"b10001000101011100011100100001100010101110100001110000010011001000010110001011000",14,1,0,0,0.7773419336966971,100.49940565875883,350.2145308978535,5.216257990607065,143
881,"b00110010000001010000000000000000110000001000000000111000000100000010011000100001",0,2455.487699756462,"b10001000101011100011100100001100010101110100001110000010011001000010110001011000",20,5,0,0,1.2300987565175505,92.89083970287793,201.78341882772148,4.07595843011716,144
882,"b00000000000000000000000000000000000000000000001100000100111000000100001001010000",0,2484.0001446730676,"b10001000101011100011100100001100010101110100001110000010011001000010110001011000",26,4,1,0,0.7199688977575205,147.31252167810555,488.6429995420593,5.117962501482819,144
883,"b10000000101011100011100100000100010000000100000000000010010001000010010001001000",0,3601.182165202121,"b10001000101011100011100100001100010101110100001110000010011001000010110001011000",12,0,0,0,0.8626074351305985,14.866263096949021,40.53541896736882,1.7171220593507153,144
884,"b00000000000010000000000111010000000001100000001100000000101000000000000110000000",0,882.9439901119156,"b10001000101011100011100100001100010101110100001110000010011001000010110001011000",25,6,0,1,0.815823543953992,189.52212456597223,162.1797743733724,3.317402699402704,145
885,"b00000000100000100011101100100101001011000000000010001001001000100001100000000000",0,749.2994532093039,"b10001000101011100011100100001100010101110100001110000010011001000010110001011000",21,9,0,0,0.7338245162218295,209.4053321657119,5.145454053830723,1.5725056648403717,145
886,"b00000000000000000000111110000001100011001111111100000000000000000000110000000010",0,1235.7632862690962,"b10001000101011100011100100001100010101110100001110000010011001000010110001011000",22,10,0,0,0.7458237487698293,301.0631490221211,28.86134744157978,0.7737895996719258,145
887,"b00000010000001010100000000000000110000001101000000111000000010000000000000000000",0,1622.2851036267803,"b10001000101011100011100100001100010101110100001110000010011001000010110001011000",23,4,0,-1,0.7429754673248802,374.920706965143,197.02260890203792,1.6313994477731337,145
888,"b00000001100111000000001100000100011000001111000000100000100001000000000000010101",0,1160.9149418150014,"b10001000101011100011100100001100010101110100001110000010011001000010110001011000",20,8,0,0,0.9151697872269915,11.148458721250561,103.74855687971922,3.428684905025041,145
889,"b00001010001101000000011001000001010000101110101000100000100111000111010100010001",0,1913.7547676948202,"b10001000101011100011100100001100010101110100001110000010011001000010110001011000",4,0,0,0,0.8092290418099833,80.49812385315391,426.8036494149623,1.8733069969604899,145
890,"b00000010000001000000110100000001110000110011100000000001000000000011100000000100",0,1278.7590707703416,"b10001000101011100011100100001100010101110100001110000010011001000010110001011000",21,7,0,0,0.7342764672559576,424.3596220913525,340.307887307356,3.8355700607567806,146
891,"b00001110000000001110000000110000100010100010101010100110011000000001010100000000",0,889.3535214231724,"b10001000101011100011100100001100010101110100001110000010011001000010110001011000",20,11,0,0,0.8181499457219791,319.1544018690499,309.4163899446657,4.972527774749313,146
892,"b10001000101011100010100100001100010101000000001110000010011000000000000000000000",0,4166.905736033794,"b10001000101011100011100100001100010101110100001110000010011001000010110001011000",11,0,-1,0,0.732173253059362,312.40517208529286,282.14650965163446,5.364098114827692,146
893,"b00000000000000000000011000000001111100100110000100110000000101000011000000010001",0,2360.438436391048,"b10001000101011100011100100001100010101110100001110000010011001000010110001011000",16,3,1,0,0.767670597674812,456.83328750235904,118.671864559314,5.507696966122815,147
894,"b10000000000000000010000000010000111000001001100000100000000001000000000000000000",0,1003.6472152141339,"b10001000101011100011100100001100010101110100001110000010011001000010110001011000",25,4,0,-1,0.7386999898732544,394.7115226130915,396.6103500197472,1.3827797377231281,147
895,"b01000000001100000000010000000000000100000000010011100000010000000110000010000010",0,456.6479687627502,"b10001000101011100011100100001100010101110100001110000010011001000010110001011000",26,8,0,0,0.8372556863487725,458.92165495479327,139.93048737919113,4.5026440762086875,147
896,"b00001000000000000010000001000000000100000001100000000110000000100000000000000000",0,1062.6430278514697,"b10001000101011100011100100001100010101110100001110000010011001000010110001011000",28,5,-1,0,0.8096071583173905,275.545968214132,38.35826898025254,-0.06480757510970295,147
897,"b10000000100001000001000000000000010100001000001000010100000001111100110100000010",0,637.926887012459,"b10001000101011100011100100001100010101110100001110000010011001000010110001011000",22,9,0,0,1.3208922406307584,147.79226489048182,231.11353698085446,0.4089132712983551,147
898,"b11001000001001000000000000000111000000111000010110100101010000000101000010000110",0,1331.4981044654203,"b10001000101011100011100100001100010101110100001110000010011001000010110001011000",22,13,0,0,0.8029036003860758,360.94023115667,381.7265168592148,5.785485786749694,147
899,"b00000000000010000000000010000000000011000000011110000001001000000000000000000000",0,1365.9414037301674,"b10001000101011100011100100001100010101110100001110000010011001000010110001011000",26,4,0,1,0.6986788148115468,386.9933736214037,25.966394716472717,0.9196026539388278,147
900,"b00100000000000000000000100000000000011000000000100000000000000000000000010000000",0,1250.5208625602656,"b10001000101011100011100100001100010101110100001110000010011001000010110001011000",29,3,0,1,1.1742028735236354,76.19389155924921,463.46425294765294,4.821586678961788,147
901,"b01101000001001000000000000000101000001000000000110000101110000101111000000000100",0,931.8688720615228,"b10001000101011100011100100001100010101110100001110000010011001000010110001011000",23,11,0,0,0.7695213031815319,209.8850687531596,451.94956904632653,1.2592000489979838,147
902,"b00010100000000000010000000110001000100000010000001001000000000000000001100111000",0,697.1103079674732,"b10001000101011100011100100001100010101110100001110000010011001000010110001011000",26,9,0,0,1.235106576614041,324.63179419539387,380.4270104357836,0.48628413631606254,147
903,"b00000000000000000000000000010000001101000000011110000100010000000001000000000000",0,2782.9325161149086,"b10001000101011100011100100001100010101110100001110000010011001000010110001011000",26,5,0,1,0.7163666193881435,266.80149485503495,80.95631642589511,4.932912827942681,147
904,"b00000000000001100000000011000001111111100111111100000011100000000000000000000000",0,2330.9051486105527,"b10001000101011100011100100001100010101110100001110000010011001000010110001011000",21,11,0,0,0.7056859327751943,491.4996139479126,352.81339943396665,3.462290852927242,147
905,"b10000000101011100010100000001100010000110100001010000010011001000010110001000000",0,4936.066334627204,"b10001000101011100011100100001100010101110100001110000010011001000010110001011000",8,0,0,0,0.7528827557098938,261.15914841392527,463.59468738953194,3.316215074294981,147
906,"b00000000000000001101110001100001100000000010000000000000000000000000000000000000",0,1180.7534255780429,"b10001000101011100011100100001100010101110100001110000010011001000010110001011000",27,5,-1,0,0.7359216251383153,149.83551897894765,96.34206666098589,3.84521995007091,148
907,"b00001100000111000110001100000000111000101111100001110000110011000011010100010001",0,2681.9839432604977,"b10001000101011100011100100001100010101110100001110000010011001000010110001011000",9,8,0,0,0.8924080592503234,446.0229529755904,26.282783115356107,0.7614352214308198,148
908,"b00000000000001100000000100000000000000000000000000000000000000000000000000000010",0,2064.422756419943,"b10001000101011100011100100001100010101110100001110000010011001000010110001011000",29,1,0,1,0.6833681911634881,154.02225936086555,411.01390979738164,2.3677115850734496,148
909,"b00100000000001100000000000000000000000000000000100000000000000001000010000000000",0,1245.807237258946,"b10001000101011100011100100001100010101110100001110000010011001000010110001011000",28,2,-1,1,0.735508558968398,167.585962959416,507.61988397812536,1.8204310715888181,148
910,"b10011001001010000110000000101110000110000100101000000010011100100001000010000000",0,604.4811613608248,"b10001000101011100011100100001100010101110100001110000010011001000010110001011000",19,11,0,0,1.014033072933758,7.048525267756262,77.56461686245231,0.6512746020571596,148
911,"b00110110100011110010000100100101101000000100010001110000000000000011000000010000",0,1104.7389268145994,"b10001000101011100011100100001100010101110100001110000010011001000010110001011000",20,12,0,0,0.8645448397470926,389.3641632906204,325.8828816001072,2.481457422724229,148
912,"b00100000000001010000001000000001111000001100010001010000010001000011000000010111",0,2345.429314457127,"b10001000101011100011100100001100010101110100001110000010011001000010110001011000",19,8,0,0,0.7757967151579842,224.36980340378028,452.88785759650244,4.312660524510035,148
913,"b01000001000110001000001101101011100000000100001110010000100101000111010000000001",0,1989.2276309145004,"b10001000101011100011100100001100010101110100001110000010011001000010110001011000",16,10,0,0,0.7334616512199632,392.75135733098307,493.4835809563516,0.6148194308308108,148
914,"b01000000000100010000100111000000010000110100000001000000011100010000000000000110",0,850.7360828425215,"b10001000101011100011100100001100010101110100001110000010011001000010110001011000",24,10,0,0,0.771130945460107,144.66671288827052,326.1890156158236,6.24762869256773,148
915,"b00100000000011000000111100000011100000001000001010100000100000001010110000000010",0,1293.1809200782902,"b10001000101011100011100100001100010101110100001110000010011001000010110001011000",21,9,0,0,0.7828786825962276,331.95251309481534,493.30476500355115,5.243954807333447,148
916,"b00001010000000000010000011001001110000000111101000100000000100000101000000000000",0,3133.0433455950088,"b10001000101011100011100100001100010101110100001110000010011001000010110001011000",17,3,0,0,0.7669728794943146,259.7642335405255,278.7916758536313,5.422618892059836,148
917,"b00001000000110100100000010000100000100001110100010000000100000000010110000000010",0,1626.6413924234444,"b10001000101011100011100100001100010101110100001110000010011001000010110001011000",23,9,0,0,0.7755108546503819,97.0963510723968,186.96155041595003,4.384100105020966,148
918,"b00000001000110000000011101001000010000001111000010100000000001000000010000010101",0,2383.0745331270264,"b10001000101011100011100100001100010101110100001110000010011001000010110001011000",19,7,0,0,0.795955976882711,122.2867463624113,18.052121026651307,1.9000296441837556,148
919,"b00000000000000000010000000001100000000000000110000110111000001100100000010000000",0,1345.5688508841652,"b10001000101011100011100100001100010101110100001110000010011001000010110001011000",27,9,1,0,0.7021901353135744,474.37815839849503,345.0255524203155,0.2724949752585436,148
920,"b00001000000010000000001100000000000000000000000100100000000000000000000000000000",0,1842.9774222302385,"b10001000101011100011100100001100010101110100001110000010011001000010110001011000",28,2,-1,-1,0.6765565003977702,329.6764156433972,485.3360947279902,1.054829256434393,148
921,"b00110000000001100100001000000101111000001100010001110000000001000111010000010001",0,985.0904511632298,"b10001000101011100011100100001100010101110100001110000010011001000010110001011000",15,7,0,0,0.7910787782537219,186.94587357694058,450.65205935510375,4.646316133601921,148
922,"b00000000000000100000000111100000110111000000011000110001000000000000000000000000",0,1768.1321735140473,"b10001000101011100011100100001100010101110100001110000010011001000010110001011000",26,9,0,-1,0.7357648146420732,28.424937547528256,425.1098620086513,0.3383079719555746,148
923,"b00010000000001000000000100000000100000000000000000000000000000000010000000000000",0,1759.6003361134171,"b10001000101011100011100100001100010101110100001110000010011001000010110001011000",28,1,0,-1,0.7682176182746833,146.94591747682486,111.96124548461307,4.850514113438628,148
924,"b00000000001000000000100110000100110010000100000000000010001001000010110000000000",0,1996.681316073366,"b10001000101011100011100100001100010101110100001110000010011001000010110001011000",20,3,0,0,0.7616214787215033,445.2302955037202,225.1990889464545,0.21132726331463703,148
925,"b00000000000100000000100000000000000000010000111100000001100000000110000000010000",0,621.7165476004998,"b10001000101011100011100100001100010101110100001110000010011001000010110001011000",25,5,0,0,0.7783914887041732,275.8226731832554,97.31319330336896,5.878881453056448,148
926,"b00000000000000000000000100000000010101010000000000010010011000010100000001100000",0,869.6333978221364,"b10001000101011100011100100001100010101110100001110000010011001000010110001011000",23,4,1,1,0.7411091203350207,238.5088769361855,372.58095580313585,2.852476549879236,148
927,"b10110000001010000011001100001110000111100000010000100000100000000101100010000000",0,1451.9721823142445,"b10001000101011100011100100001100010101110100001110000010011001000010110001011000",20,11,0,0,0.9190766058455755,92.07424671154959,202.26780535279286,0.28924416993686486,148
928,"b00000000000000010000001000100000010000101111010000000110001001111111001100001001",0,650.9569452290887,"b10001000101011100011100100001100010101110100001110000010011001000010110001011000",20,12,1,0,0.7387169119910993,308.23166521496813,228.44286206324682,3.7920913300873806,148
929,"b00011000000001110000000000100001000110010100011110100000110000000101001000000000",0,662.2098497446964,"b10001000101011100011100100001100010101110100001110000010011001000010110001011000",22,11,0,0,0.9166925998260416,351.49114006720436,429.29267077392274,2.9227500364995693,148
930,"b00000000000000000000000000000000000000010000000100000000011000000100000011000000",0,2103.00785853817,"b10001000101011100011100100001100010101110100001110000010011001000010110001011000",27,2,1,1,0.7442266160456493,426.7808053843645,160.9790935342011,1.359112963091964,148
931,"b00000000001100000000011001000001000000101010001000110000110001000111010100010001",0,1579.446805280688,"b10001000101011100011100100001100010101110100001110000010011001000010110001011000",11,1,1,0,0.7505593304776138,127.12387073401248,160.19432870443765,3.0972507014598087,148
932,"b10100000001011100000000000000001000110100000010100000100100000000001000000000000",0,900.8203388280517,"b10001000101011100011100100001100010101110100001110000010011001000010110001011000",24,7,-1,0,0.7617070185342972,388.9641795422318,336.59588147265447,6.422052233542235,149
933,"b00000000000000000000000000000010010000000100101000010011110000001011000000000000",0,1288.6003904980512,"b10001000101011100011100100001100010101110100001110000010011001000010110001011000",24,5,1,0,0.6968937857842085,327.9630257472519,328.97598586069324,1.7326040472942705,149
934,"b00000110000100001000001000001101100100001111100010100000100010000111010100110100",0,1629.8009835064158,"b10001000101011100011100100001100010101110100001110000010011001000010110001011000",14,9,0,0,0.8134679433157109,13.871546547512533,172.14101261494628,2.543570826495178,149
935,"b01000001001100000000001001100100011100000000000100000000011000000000110000000000",0,864.4326471361755,"b10001000101011100011100100001100010101110100001110000010011001000010110001011000",23,7,-1,0,0.7679106046305332,320.78509529536507,208.77432688811209,3.867940312879452,149
936,"b00000000010000000000001000000000010011000000101100101100000000000000100000000000",0,2023.2101436131632,"b10001000101011100011100100001100010101110100001110000010011001000010110001011000",27,7,0,0,0.774422418113239,478.00939132578924,116.397252019032,4.4526943169177144,149
937,"b00000001001000000000000000000001110000000011000100000000010000000000000000000000",0,1183.8580809710015,"b10001000101011100011100100001100010101110100001110000010011001000010110001011000",27,4,-1,0,0.741094929642697,354.91033087076096,92.41893357760169,2.3488188057667623,149
938,"b00000000001011100010100100000100000000010100001000000010000001000000010001111000",0,3062.9159135078385,"b10001000101011100011100100001100010101110100001110000010011001000010110001011000",15,1,1,0,0.6808838487574671,158.88371479732197,422.27369740353197,5.205924748926019,149
939,"b00000000001101000000011000000001010000101110101000110000100111000011010100000000",0,1538.537888030447,"b10001000101011100011100100001100010101110100001110000010011001000010110001011000",9,0,0,0,0.7213941741070923,321.1023371831285,324.2882221481563,2.9193166171198426,149
940,"b10001000001111100000101100001001111100100100001110000100000000010000000000000000",0,1533.3361290884577,"b10001000101011100011100100001100010101110100001110000010011001000010110001011000",16,7,0,-1,0.813763225539393,423.2161206797664,61.84694681612434,5.53551205314699,150
941,"b11100011011110000111000001101000100000000000101010000000010001011001100000100000",0,858.6549530940789,"b10001000101011100011100100001100010101110100001110000010011001000010110001011000",22,16,0,0,1.0336079106047968,113.29499686167685,215.6875651437143,4.236611058363941,150
942,"b00000000110001100010000111100000011000100010011111111011100001111000000010000000",0,523.7174432996411,"b10001000101011100011100100001100010101110100001110000010011001000010110001011000",21,18,0,0,0.8622202783079828,497.8818624580856,149.77370298267465,0.3752509089631405,150
943,"b01000000001001100000000100000010010000100000000011000100011000000010000000000100",0,1625.9830091322306,"b10001000101011100011100100001100010101110100001110000010011001000010110001011000",22,5,0,0,0.7451024524142705,141.9836502256416,288.60169084572897,2.833341151444601,150
944,"b10000000000000000000000000010000010101001001001001100001110111000100000100000000",0,286.3435603742157,"b10001000101011100011100100001100010101110100001110000010011001000010110001011000",22,8,0,0,0.8118684798566512,86.28607014627258,424.38730782672104,2.596211227447543,150
945,"b00000000000000000000110000000011010100000111001000000000000000000001000000000100",0,1307.940131168505,"b10001000101011100011100100001100010101110100001110000010011001000010110001011000",25,5,0,0,0.7201085162348073,211.95204351537043,99.83061344221309,5.435869299428223,150
946,"b00000000000000000000001000000001100000000101111000000001000000000000010000000000",0,1610.015911159012,"b10001000101011100011100100001100010101110100001110000010011001000010110001011000",25,3,1,0,0.6911965810481209,137.8366347997412,378.30364426353407,1.4230792073900602,150
947,"b00110000000001101000001111010000010000100000001000000000000100000000000000000000",0,1834.5249713896505,"b10001000101011100011100100001100010101110100001110000010011001000010110001011000",24,6,-1,0,0.7282818215884624,493.89813093630505,309.52067988075044,1.2858927720314228,150
948,"b00000010001001000010011000000001010000000110001000110000100011000011110000000000",0,1206.587671165701,"b10001000101011100011100100001100010101110100001110000010011001000010110001011000",13,1,0,0,0.7890934969127499,244.22847364594313,5.017635293298128,5.067095069910831,150
949,"b01000100000100000011000100000111100001000101001100000100010010101000000000100000",0,604.9565677501043,"b10001000101011100011100100001100010101110100001110000010011001000010110001011000",23,12,0,0,0.805827821386057,245.17312788692487,22.375606315308065,5.377007275394583,151
950,"b10000000001001100000100100000000011000110100000111000100010000010111000000010010",0,1690.2851311700379,"b10001000101011100011100100001100010101110100001110000010011001000010110001011000",17,7,0,0,0.795750078760558,126.02693640343762,429.9442077977063,4.229362403008091,151
951,"b00000010000001100100000000001000100100000001001100011111000001000000000000000000",0,833.8533572843758,"b10001000101011100011100100001100010101110100001110000010011001000010110001011000",24,8,0,0,0.6594810296750978,230.99472515154085,375.76745150046037,4.446139466209022,151
952,"b00000000000000000000000000000001100000000011001000000110000000000000000000000000",0,1424.1476329426475,"b10001000101011100011100100001100010101110100001110000010011001000010110001011000",28,3,1,-1,0.6896286402850155,24.18254240008368,186.66654320039612,2.4790322891679315,151
953,"b00001000000000100010000000000000000000000000000000010111001000010000100000000010",0,574.105175346443,"b10001000101011100011100100001100010101110100001110000010011001000010110001011000",26,5,0,0,0.7255118398940118,74.16502816220978,218.5223540370276,-0.39279110178089904,151
954,"b00000011010000100000100010000000000000000001100000000000000000000001000000000100",0,402.02510269684353,"b10001000101011100011100100001100010101110100001110000010011001000010110001011000",30,8,0,0,0.8612313362455348,408.45367056863347,358.81629706265636,5.278868235140257,151
955,"b00000001000001000000000110000000001100000101100000111001000001100000000100000000",0,552.6711100141263,"b10001000101011100011100100001100010101110100001110000010011001000010110001011000",25,9,0,-1,0.7398110938039201,262.4037788078236,197.34525715439852,2.5967404938855356,151
956,"b00100000000001000000000000000000000100000000011000000000010000000000110000000110",0,2182.806432079386,"b10001000101011100011100100001100010101110100001110000010011001000010110001011000",26,4,0,1,0.7529959016147703,287.36531303042455,326.83287566654263,5.766092454610323,151
957,"b10000000000100000000011100000001110000000010000000000010000000000100100000010000",0,1198.5160850902678,"b10001000101011100011100100001100010101110100001110000010011001000010110001011000",23,4,0,0,0.7584796063459905,209.5146486284622,307.8251867101076,1.2305758938874203,151
958,"b00000000000001001000010100010000111000100001101000000000000100000000000000000010",0,1288.7650939811786,"b10001000101011100011100100001100010101110100001110000010011001000010110001011000",24,6,0,1,0.7216921951556579,58.15346545545921,379.3290367495391,0.563317835683192,151
959,"b10000000000001000100100110011010010101101000011000001001111000101100000000000000",0,1656.8818624927712,"b10001000101011100011100100001100010101110100001110000010011001000010110001011000",20,12,0,0,0.7322125574185099,44.20175606036842,271.5031836693927,2.521575445725227,151
960,"b00000000001000000000000001100011000011000000000110010001110100100110000000000000",0,537.8281171079666,"b10001000101011100011100100001100010101110100001110000010011001000010110001011000",24,9,1,0,0.7334941784053383,399.6570990445089,213.14133101650086,3.543148116923598,151
961,"b00000000001000000000000100000001010000000001000000100000111101000111000110010100",0,1259.5338168704857,"b10001000101011100011100100001100010101110100001110000010011001000010110001011000",20,6,1,0,0.747945593240001,338.8664773225356,396.3418844692155,4.5433790972456665,151
962,"b00100000001101100000000011000000111100110000001100001111111000000010000000100000",0,734.6474852563125,"b10001000101011100011100100001100010101110100001110000010011001000010110001011000",19,11,0,0,0.811182241943137,102.40239387496732,75.100466131761,4.190023082758572,151
963,"b00000000000000000000000000000000000000000000011000011011010001011000000000000000",0,909.2158807485903,"b10001000101011100011100100001100010101110100001110000010011001000010110001011000",28,6,1,0,0.6921794980486703,165.46345487427942,459.3287412773058,4.334792949957257,151
964,"b00000000001100000000111001000000100000001100001000110010101110000111010000010001",0,3761.37410031098,"b10001000101011100011100100001100010101110100001110000010011001000010110001011000",12,3,1,0,0.7585215952393449,246.4542059363151,164.94573396565963,2.4388389721473245,151
965,"b00000010111000000000001001010000000011000101100110010000010010110000000011010000",0,272.7050723699578,"b10001000101011100011100100001100010101110100001110000010011001000010110001011000",23,13,0,0,0.9721151799428881,441.9102454552284,118.3932582719241,2.1129500527702594,152
966,"b11000000100000000000001110001000000000100000000011000000010000000001000000000000",0,917.0659523995355,"b10001000101011100011100100001100010101110100001110000010011001000010110001011000",25,5,-1,0,0.7504888262401467,372.57038099042256,58.52743021754622,3.031155395901469,152
967,"b00000000000000000000100100000000111000000000101100000000000000000000000000000000",0,1912.0035330354042,"b10001000101011100011100100001100010101110100001110000010011001000010110001011000",27,3,1,-1,0.741426722923441,406.0351412990806,210.85387418730113,-0.12702917306783995,152
968,"b00010011100010100000011000100011011000001010011010110000100001000110010000110010",0,632.6949487718985,"b10001000101011100011100100001100010101110100001110000010011001000010110001011000",15,11,0,0,0.8758900564399063,499.1902911330873,219.37343608408491,0.40411846059507,152
969,"b00001100000011011011000100000000001001100000010000000000000000110000000101000000",0,817.1846199131,"b10001000101011100011100100001100010101110100001110000010011001000010110001011000",23,8,0,0,0.797532416902954,399.26674225102363,339.63263342131324,4.935345835434701,152
970,"b00000000000010000000000001100000000111000000010100000000000000000000000000100000",0,1322.5775508372503,"b10001000101011100011100100001100010101110100001110000010011001000010110001011000",28,5,1,1,0.7395035635375082,30.21210454151504,31.958055397714247,0.5724264143086066,152
971,"b00001010000000000000000000000000011000000111010000010000000000000000000000000000",0,1061.594929960766,"b10001000101011100011100100001100010101110100001110000010011001000010110001011000",26,3,0,-1,0.7212226462208503,423.2297410291977,337.93037577381233,-0.5012872557712678,152
972,"b00000000000010100000000011010000011101100000001110000000011100000000110000000000",0,2239.4470094806015,"b10001000101011100011100100001100010101110100001110000010011001000010110001011000",19,5,0,1,0.8445899596215061,506.43432984637514,120.11108183201519,5.1442153713575,152
973,"b00000000100000110000000010000000000100001100010001010100000001000010000000001000",0,1195.2274395004742,"b10001000101011100011100100001100010101110100001110000010011001000010110001011000",25,7,0,0,0.8313676484268477,381.8581219934828,11.658261661876782,4.674443970494519,152
974,"b00000000000100000000001000000000011000000000100000000000000001000000010010000001",0,1414.3421093647519,"b10001000101011100011100100001100010101110100001110000010011001000010110001011000",25,2,1,1,0.7835332200054417,408.4635810852051,444.79288246414876,4.94429241052347,152
975,"b00000000001101100100000001010000111100100000100000000000000000000000000000000000",0,1177.0505183308992,"b10001000101011100011100100001100010101110100001110000010011001000010110001011000",24,5,-1,0,0.758457173417588,252.83493950894277,129.94100409705732,0.6406583422806826,152
976,"b10000000001011100000100000001100010000110100000010000010011001000010010001010000",0,3978.521948844472,"b10001000101011100011100100001100010101110100001110000010011001000010110001011000",11,0,0,0,0.7999362604898203,499.7334208828043,466.632416246324,1.1057517993533965,152
977,"b10000000001000010000100011000000011010000011001010000011111100101101110000000011",0,588.4602530060707,"b10001000101011100011100100001100010101110100001110000010011001000010110001011000",21,16,0,0,1.036853803290243,374.36779723344483,121.25819306038039,5.247324129510089,153
978,"b10000000001011100010001000001100110001110000011110100000010000001101000110000000",0,1542.5497669555657,"b10001000101011100011100100001100010101110100001110000010011001000010110001011000",16,9,0,0,0.9105165165981864,72.0627628698667,108.26406614829291,4.872475623296051,153
979,"b00000000000000000000000000000000000000001100001100000001111000000111000000000000",0,1728.9561019123764,"b10001000101011100011100100001100010101110100001110000010011001000010110001011000",25,4,1,0,0.7196870367299502,109.69890575387237,39.894465530013605,4.453988903813697,153
980,"b00000010001100000010011000000001110000100010101000010000100001000001010100010000",0,1807.7058232715647,"b10001000101011100011100100001100010101110100001110000010011001000010110001011000",12,0,0,0,0.6535304073337247,477.6618797101194,437.78872166394194,3.278968960837136,153
981,"b00000000000000000011000000000000001110000000011100000000100001000010000111000000",0,1731.322495209537,"b10001000101011100011100100001100010101110100001110000010011001000010110001011000",26,8,1,0,0.7438882926633349,367.3017576001877,128.98292584889452,5.251039730482344,154
982,"b00101100000001000110110000000011100000101101001000111000100010000011010000000000",0,1212.1873177369669,"b10001000101011100011100100001100010101110100001110000010011001000010110001011000",15,7,0,0,0.7894826426681907,134.7947218435782,220.39966388278538,0.5173778720419546,154
983,"b00000000000000100000011010000101111010010010100000110000001001000011000100010001",0,1500.7020186356183,"b10001000101011100011100100001100010101110100001110000010011001000010110001011000",17,7,1,0,0.7828461700414783,305.95759787331576,66.42160499528991,1.6152734050335802,154
984,"b00000000000000000000000111001000011011100100001110010000011000000011000000000000",0,1158.454664509509,"b10001000101011100011100100001100010101110100001110000010011001000010110001011000",20,6,0,0,0.69281696879625,492.4979952172758,213.44174087933655,2.334316968911778,154
985,"b00010000000000000000000100000000000000000001100000000000000000000000000000000000",0,1654.3786264704738,"b10001000101011100011100100001100010101110100001110000010011001000010110001011000",30,2,0,-1,0.6666385881914317,378.62720423184464,441.7877367038395,3.4710080036661655,154
986,"b00010010001001000010011001000001011010100110111100100001100100000011010000000000",0,3514.606312162507,"b10001000101011100011100100001100010101110100001110000010011001000010110001011000",11,5,-1,0,0.7543962429171236,299.2261815055836,382.2265700516569,4.471080265027668,154
987,"b00000000000000000000100000000000000000010110000100000100110000000000000000000000",0,968.6332381736503,"b10001000101011100011100100001100010101110100001110000010011001000010110001011000",27,3,0,0,0.801953285788032,148.39894676799005,207.3832642995167,4.46692066587177,154
988,"b10000000001001100011100010001000110000110001111110000110010010000000000000000000",0,2528.078839914421,"b10001000101011100011100100001100010101110100001110000010011001000010110001011000",16,7,-1,0,0.8056823243941631,299.0128838604976,66.53110260070406,0.9514123826008509,154
989,"b00000000001000010000000000001000100000111000100010010100011011000010000000001000",0,931.0217816837376,"b10001000101011100011100100001100010101110100001110000010011001000010110001011000",22,7,1,0,0.8176348938593307,241.88715306874113,20.159718092780956,3.22278266746686,154
990,"b00000000000000000000001000000000011010000111111110110011010011000111000100010001",0,1941.8465047759246,"b10001000101011100011100100001100010101110100001110000010011001000010110001011000",16,9,1,0,0.761677037556047,411.18319893156166,79.29469969480675,0.8816437302081247,154
991,"b00000001000000000000000101000000110000000100000000000000000000000000000000000000",0,1574.9638810952915,"b10001000101011100011100100001100010101110100001110000010011001000010110001011000",28,2,-1,-1,0.6506916346480416,503.6833988213391,200.44817295429868,2.0171525605795866,154
992,"b00000000000000100000000000100000010011000000000110000011010000001000100000000000",0,1577.6215850672686,"b10001000101011100011100100001100010101110100001110000010011001000010110001011000",24,4,0,1,0.7265028360139696,414.39834225771637,27.065989327459693,1.0508865527932798,154
993,"b00000000000000110000000110000000000110000000011100000011010000000000000000000000",0,1249.2393374703854,"b10001000101011100011100100001100010101110100001110000010011001000010110001011000",25,5,0,1,0.7146872295492849,401.50483045322227,91.01027357897996,1.8302502161132417,154
994,"b00000100000011110000001000010100000000000010001100101011000010111000100000000000",0,378.864557727199,"b10001000101011100011100100001100010101110100001110000010011001000010110001011000",24,12,0,0,0.7895453201751278,176.83821634145883,22.42589719179474,2.7803478383593108,154
995,"b00000000000000000100000000000100000000000000111100000010000000000000000000000000",0,2556.3568842646428,"b10001000101011100011100100001100010101110100001110000010011001000010110001011000",28,3,1,0,0.6501044512768067,403.31522126533616,498.3302478915649,1.2250033296963143,154
996,"b01000000001100000000001001000000001100010000110100000011001000001111000000011000",0,636.9051886835148,"b10001000101011100011100100001100010101110100001110000010011001000010110001011000",23,11,0,0,0.7622810918635997,175.56200220509822,279.06037633124623,5.086695860169541,154
997,"b00000000000001010000110100000010000110000001101110000100111000000011100000000000",0,700.6488656220379,"b10001000101011100011100100001100010101110100001110000010011001000010110001011000",21,9,0,0,0.8506834201772034,505.0812002437997,119.89534003092764,3.7596584617451887,154
998,"b00000000000000000000000000011000000000000000100000000010000001101110000000111000",0,1523.709531248981,"b10001000101011100011100100001100010101110100001110000010011001000010110001011000",27,7,1,1,0.7640601555412497,461.2140476405768,337.568521668234,1.7741698389717375,154
999,"b00100000000100000000011000000000000001000000011100000010010000100000010000000110",0,718.2995628648994,"b10001000101011100011100100001100010101110100001110000010011001000010110001011000",26,8,0,1,0.7322348859597877,391.15415479994596,469.5008758213809,6.2399659249873185,154
1000,"b10001001101011100001100000001100010100000000001010010010010001000010100001001000",0,3051.4193184053133,"b10001000101011100011100100001100010101110100001110000010011001000010110001011000",10,2,0,0,0.8740333104607575,384.1367468757795,176.26938174044273,3.9783676305859457,154
1001,"b00000000100001110010000101001111000111100000000100100001010000000100100010000000",0,1535.97492873449,"b10001000101011100011100100001100010101110100001110000010011001000010110001011000",19,9,0,0,0.7380140637924416,346.10794855875264,313.45488266117314,0.8638458125585584,155
1002,"b01000000001100100000000010100000001000000100000010000000011000010000100001000000",0,1243.758043445754,"b10001000101011100011100100001100010101110100001110000010011001000010110001011000",24,6,0,0,0.7641612773224703,429.18179608985906,267.13499708525103,1.244943681121373,155
1003,"b00000000000000000000000001000000000100000101111000000100000001010000000000000000",0,2142.227136595826,"b10001000101011100011100100001100010101110100001110000010011001000010110001011000",28,6,0,0,0.6801540093904535,461.5490380703153,314.163098489522,2.2270121502409035,155
1004,"b00010000000001000000000010000010111000001000000000100110100000001001000000000000",0,1610.541623693103,"b10001000101011100011100100001100010101110100001110000010011001000010110001011000",24,6,0,-1,0.7345641913893927,12.172590295259868,153.75735852228172,2.4798613667392866,155
1005,"b00000000000010000000000111100000111110000110111000001111100011111110100100100000",0,550.3747656714801,"b10001000101011100011100100001100010101110100001110000010011001000010110001011000",19,17,1,-1,0.81361954070814,304.55898800589944,413.92437800186593,5.730841529240893,155
1006,"b01000000001000000100100101100010110000000001100010000010100000010000000000010000",0,572.4409686426695,"b10001000101011100011100100001100010101110100001110000010011001000010110001011000",25,10,0,-1,0.8121019606652491,349.69615822166975,368.6214410577235,2.595723338935324,155
1007,"b00000000000001011010001100000000100000000000000000000000000010000000000000000000",0,1948.5879301976206,"b10001000101011100011100100001100010101110100001110000010011001000010110001011000",27,3,0,-1,0.7426818217797171,353.2851607960668,39.07924911499023,1.5099960538232624,155
1008,"b00000000000000000000000000000000010011000100011100000111000001000000000000000000",0,1250.2711310163868,"b10001000101011100011100100001100010101110100001110000010011001000010110001011000",25,4,1,0,0.7372838610303094,507.87361783690454,414.77674539950976,3.1964165449791366,155
1009,"b10000000000100000000010001000000010000000000101100000011000000000010000000011000",0,1276.395210862969,"b10001000101011100011100100001100010101110100001110000010011001000010110001011000",24,5,0,-1,0.7314746324372674,493.37781548993706,421.722348307656,3.9228902688823206,155
1010,"b00100000000011000000001100000000000001100000011010000000000000000000010000000000",0,1649.3571239696328,"b10001000101011100011100100001100010101110100001110000010011001000010110001011000",24,3,0,1,0.7444547063507174,353.24687869343535,118.4228788022174,3.2274724041727323,155
1011,"b01000000000000100000100001000000010000000100010110000010111000000010000000000000",0,1740.9982350425971,"b10001000101011100011100100001100010101110100001110000010011001000010110001011000",22,4,0,0,0.7576530174150422,64.13645335810398,21.227230982211587,5.241486431944399,155
1012,"b10000000000000000000000110100000000100000000010000001011110001000000100100000000",0,1304.5732460831218,"b10001000101011100011100100001100010101110100001110000010011001000010110001011000",25,7,0,0,0.929848305054785,483.0907840239352,473.3613858777735,2.0239173933177987,155
1013,"b10001000101000100011100100000100010001100100010000000010001001010000010001000000",0,4318.969844927322,"b10001000101011100011100100001100010101110100001110000010011001000010110001011000",13,2,0,0,0.7249108502942591,429.2658213862666,386.70350442300213,5.741698243529106,155
1014,"b10000000001000000011011110000000100000000000000010000001111000000100000000010000",0,1584.3540557955853,"b10001000101011100011100100001100010101110100001110000010011001000010110001011000",23,7,0,0,0.7987979632157031,297.9471400808596,351.7667666909094,1.8984966890086539,156
1015,"b11111000100001000010001101001010000111110001011000000011100000011101100001000000",0,740.2557149555646,"b10001000101011100011100100001100010101110100001110000010011001000010110001011000",17,15,0,0,0.8645157696670882,243.68865022606613,66.90462037895506,4.932659320340016,156
1016,"b10001000001011100000101100001100000101100100011100000010011000000000000000000000",0,3554.757493844236,"b10001000101011100011100100001100010101110100001110000010011001000010110001011000",13,2,-1,0,0.7548100259588004,217.76105411022064,106.0739837916786,2.497404445927657,156
1017,"b00000000000011100010001100011000100010010111110000010101000100000000000000000000",0,1143.356469169611,"b10001000101011100011100100001100010101110100001110000010011001000010110001011000",23,11,0,0,0.696028539651258,204.53497852163113,407.4674610246158,5.434348689918553,157
1018,"b10000000000000000000000100000000011000000000000000000000000000000000000000000000",0,1923.7586528100094,"b10001000101011100011100100001100010101110100001110000010011001000010110001011000",29,1,-1,-1,0.6967455735683208,96.1893184692879,133.3582674352134,2.3741600627629453,157
1019,"b01000000000000010000111100100010010110001010010001001110001100001011100001000000",0,-99.2107519308077,"b10001000101011100011100100001100010101110100001110000010011001000010110001011000",23,16,0,0,0.9201127722415628,384.4133748491785,194.05722918119963,5.364877598054814,157
1020,"b00100000000010000000000000000000000100000000011100000000000100000000110000000010",0,1241.9813983309416,"b10001000101011100011100100001100010101110100001110000010011001000010110001011000",26,4,0,1,0.7315286327149566,491.6489690624693,179.20151763292228,1.1005660219029156,157
1021,"b01000001000010100000011001100011111000001010101110000000100000000110010000000001",0,2143.267780649836,"b10001000101011100011100100001100010101110100001110000010011001000010110001011000",17,9,0,0,0.7686220655390139,375.30971512258105,393.0007200926702,3.387946965617797,157
1022,"b01000000000100000000101110000000010100110100000111000001011100000111100000000100",0,603.0982223379832,"b10001000101011100011100100001100010101110100001110000010011001000010110001011000",19,10,0,0,0.8484374800392851,458.57646080883745,260.9408332924159,3.725009489549895,157
1023,"b00000000000010000000100001000001111100000100110010000100000000000000000000000000",0,972.7653205155466,"b10001000101011100011100100001100010101110100001110000010011001000010110001011000",26,7,0,-1,0.6969282181703329,78.88755523446437,333.4218714719563,3.216491975525896,157
1025,"b00000000000001000001001000100011110100000000011100110000100101000101010000000001",0,2169.119466053481,"b10001000101011100011100100001100010101110100001110000010011001000010110001011000",17,6,1,0,0.7869573743475361,404.03236164571916,280.2637766718348,0.5636023465152393,157
1026,"b11000000001100000000000010000000000100000000001000000000110000000010000001000000",0,2379.327237143284,"b10001000101011100011100100001100010101110100001110000010011001000010110001011000",25,4,0,-1,0.8573344074923992,148.82352987113308,158.96497635757058,4.414320452820991,157
1027,"b00000000000010000000011000000000000000000000001100000000110000001100111000000000",0,1183.9852766593276,"b10001000101011100011100100001100010101110100001110000010011001000010110001011000",26,6,1,0,0.7302315432122468,91.42986703332448,239.90327144909458,3.312383714889445,157
1028,"b00100000000010000000000000000000001111000000111100000000110101010000100000000000",0,1315.9065071293585,"b10001000101011100011100100001100010101110100001110000010011001000010110001011000",24,8,0,0,0.7261127024632662,420.66332515152044,412.32562930334996,5.585832548137423,157
1029,"b00000000000000001000000001000000000001000000001100000100010000000000000101000000",0,1843.6655973384552,"b10001000101011100011100100001100010101110100001110000010011001000010110001011000",27,4,1,0,0.730900567610065,105.38559415807498,293.11618367191136,2.892863734069712,157
1031,"b00000000000010000000000000000000000001100000000110000000001000000000000000000000",0,2402.9947885309016,"b10001000101011100011100100001100010101110100001110000010011001000010110001011000",26,0,0,1,0.7110009253824199,442.9114948921296,154.027550032598,5.635509487315482,157
1032,"b00000001000000001100000001010000011100000111111001111111010101011000000000000000",0,251.81632403247028,"b10001000101011100011100100001100010101110100001110000010011001000010110001011000",22,16,0,0,0.719150813159141,32.79921102967532,137.9268085040104,5.560548349880433,157
1033,"b00000000000000000000001010000000001011100100101000000110100000000000000000000000",0,2177.7258332665297,"b10001000101011100011100100001100010101110100001110000010011001000010110001011000",26,6,0,0,0.6787404244074828,196.11623425509936,181.7513445815039,5.410571592380503,157
1034,"b01000000000000000000100010000000011100001000001000100001010000010100010000000001",0,947.568087909308,"b10001000101011100011100100001100010101110100001110000010011001000010110001011000",25,8,0,0,0.9159072680771495,24.060724106361786,146.07845833701154,2.5456812568136016,157
1035,"b10000010101000000000001000000000110000000000001100000000110000000001000000000000",0,1512.1486499051034,"b10001000101011100011100100001100010101110100001110000010011001000010110001011000",25,5,-1,-1,0.7403920117501418,406.25550060619554,7.06344585426252,1.2059362628151522,157
1036,"b10000000000000000010100110001000010000010100010101000000000000001001100000000000",0,1378.417464884675,"b10001000101011100011100100001100010101110100001110000010011001000010110001011000",22,5,0,0,0.7426026299682229,101.70580460921578,258.7154747672703,4.855210961217411,157
1037,"b00000000000100000000100000000001110110100011001100000000010000000000000000000000",0,1501.067658917864,"b10001000101011100011100100001100010101110100001110000010011001000010110001011000",25,6,0,-1,0.6828465508450764,235.14224701721508,376.6073691073109,4.888420769579344,157
1038,"b00000000000010000000001000000001011110000000110000000110000100000100110000000101",0,1183.8722397708016,"b10001000101011100011100100001100010101110100001110000010011001000010110001011000",24,9,1,1,0.7290206852339374,423.27718998047885,405.87385723722554,0.6835044015991057,157
1039,"b00000000000000000000101000000000001000000000111000011101110001110000000110000000",0,1675.29554396283,"b10001000101011100011100100001100010101110100001110000010011001000010110001011000",25,10,1,-1,0.7206398210257697,109.27985532873959,219.40362540100506,2.3532940751739417,157
1040,"b00000000000000001000000000000101000010010100001101000010000001110000000001000000",0,1404.0816806500814,"b10001000101011100011100100001100010101110100001110000010011001000010110001011000",24,6,1,0,0.7262481891822088,266.03480590768413,239.18579377933423,4.009661798377671,157
1041,"b00000000000000000000000100000000111100001110010100000111010000110000000011000000",0,931.5802453936267,"b10001000101011100011100100001100010101110100001110000010011001000010110001011000",24,10,1,-1,0.7163711378752871,62.42771687942223,351.4440788818515,5.655832510015565,157
1042,"b00100000000010010000110001000000001001000110000010000011100100000010000000000000",0,1077.1967608011964,"b10001000101011100011100100001100010101110100001110000010011001000010110001011000",25,9,0,0,0.7585297104734567,246.2553077513913,62.88000551936138,3.681323558283072,157
1043,"b00100000000000000000000000000000000001000000001100000010000000000000000000000000",0,2539.3984957209736,"b10001000101011100011100100001100010101110100001110000010011001000010110001011000",28,1,0,0,0.7779096487658358,476.27882832607463,203.61832124584646,2.188280208596238,157
1044,"b00011100010010000100101010000011001001001010000000100101001100000010010000000001",0,2082.4506582074437,"b10001000101011100011100100001100010101110100001110000010011001000010110001011000",21,12,0,0,1.1791637042894456,271.0153134883663,467.9565652744224,1.4142297893056892,157
1045,"b00000000001001000000001000000000000101000100000110000110101101000110000000000100",0,2196.5666721046227,"b10001000101011100011100100001100010101110100001110000010011001000010110001011000",21,6,0,0,0.7934444808953667,432.17242177633136,121.75343142335231,0.8726230264588853,157
1046,"b00000000000000001101000000101010000000000110010100000000001000000000000000000000",0,571.7226114052513,"b10001000101011100011100100001100010101110100001110000010011001000010110001011000",27,6,0,0,0.7338159618973811,406.88257385633005,256.52855730437557,1.0563953258342629,157
1047,"b00000000000000000010000000011000000101101000011100100111111010010010000000000000",0,970.127137654013,"b10001000101011100011100100001100010101110100001110000010011001000010110001011000",21,9,0,0,0.7193072482964105,137.88343361022348,52.088739431293014,5.1315629392747315,157
1048,"b00000000000010000000001001000001001000000000100000110000000000000001000000000100",0,1094.4847013794356,"b10001000101011100011100100001100010101110100001110000010011001000010110001011000",25,3,0,0,0.7291653920517841,389.0218577565803,412.11055965229497,5.541046309682109,157
1049,"b10000000001000100100111110001100110000100100000111011100101000000001100000000010",0,1417.822574128808,"b10001000101011100011100100001100010101110100001110000010011001000010110001011000",18,12,0,0,0.8084148981490584,373.48405207429107,60.7581667231807,3.400936945476526,157
1050,"b01000000001100000000101111000000011000000000000010000000001100000010100000000110",0,1010.3811384175192,"b10001000101011100011100100001100010101110100001110000010011001000010110001011000",24,9,0,0,0.7287897267211304,423.3546662388078,481.7556256443621,4.65850755300581,157
1051,"b10000000000000000000011000100100010000000000001000000011100000000110000000001000",0,1236.6902396853363,"b10001000101011100011100100001100010101110100001110000010011001000010110001011000",25,6,0,0,0.7152722976699257,166.7818113879809,465.59317514603816,0.5373359839841911,157
1052,"b00000000000000000000000110000000000111110010011100000110000000000000000000000000",0,1644.2578034349758,"b10001000101011100011100100001100010101110100001110000010011001000010110001011000",24,5,0,1,0.7090747934692242,456.5460693796707,485.1876087590178,0.5235629504216313,157
1053,"b00000000100000000011000000000100011001100001001000011110110000111000000010000000",0,958.9057926756341,"b10001000101011100011100100001100010101110100001110000010011001000010110001011000",22,10,0,1,0.7474623277273937,314.5044477155242,284.87749491764424,3.171994139768925,157
1054,"b00000010000000001111000000001100000000000000010000000011000000011100000110000000",0,901.8012688375358,"b10001000101011100011100100001100010101110100001110000010011001000010110001011000",27,10,0,1,0.7046225408401395,359.62178479242385,324.80664615840703,0.5098141779351465,157
1055,"b10001000001001100010100100001100010100011100011111000110011011000110000010000000",0,2816.4786119253204,"b10001000101011100011100100001100010101110100001110000010011001000010110001011000",10,7,0,0,0.8126858373417163,70.8572049868309,496.6817279751018,4.150504408482221,157
1056,"b10000000001000100000001110000000100001101000000010000110011000101100000000000000",0,704.9243986078594,"b10001000101011100011100100001100010101110100001110000010011001000010110001011000",22,8,0,-1,0.9746499529276571,66.36072808324145,139.3751238572521,3.37401354331052,157
1057,"b00000001000000001011000010001100011000110001100111000110110011001101000100010000",0,757.5710912915338,"b10001000101011100011100100001100010101110100001110000010011001000010110001011000",19,14,0,0,0.7513335424231204,53.46117250250761,223.46822815345078,2.8632166051891312,157
1058,"b01000100001101100000000100001101010100010000011101100000011000000101000010000010",0,1479.636130484731,"b10001000101011100011100100001100010101110100001110000010011001000010110001011000",19,11,0,0,0.8430937078161563,151.041108480571,114.82585986881304,1.1495030767572563,157
1059,"b10001000001011100010000100001100010101010100011110000110110011000111000010010010",0,2138.0223725866367,"b10001000101011100011100100001100010101110100001110000010011001000010110001011000",9,8,0,0,0.8877032179554265,45.73133780424039,467.85358394251745,1.313015821337801,157
1060,"b00000000000000000000000100000100000010100000000000001000000001000000000000000000",0,1596.494531997519,"b10001000101011100011100100001100010101110100001110000010011001000010110001011000",28,2,0,0,0.7022483551234733,203.19309201499289,234.0653669726941,6.341082816922718,157
1061,"b00000000000000000000010100000001110000000100011000000110010000010011100000000100",0,805.4114928636789,"b10001000101011100011100100001100010101110100001110000010011001000010110001011000",24,8,0,0,0.7401074518585348,280.4496927528899,80.77724850339588,1.357902159451589,157
1062,"b00000000000000000000000000000000000010100111011000000001000000000000000000000000",0,2316.1610519843157,"b10001000101011100011100100001100010101110100001110000010011001000010110001011000",28,4,0,0,0.7110372277571527,250.92533875854332,74.09804191539007,1.8061659225236082,157
1063,"b00000000001100010000100011100000001000100000100000100000000000000000000000100000",0,1227.9834578600712,"b10001000101011100011100100001100010101110100001110000010011001000010110001011000",26,6,0,0,0.804505265887614,262.51317799052254,76.50487926670762,3.223919015132884,157
1064,"b10000000001100000000011111000000011101100011000100000100100000011000000000100000",0,678.5787831038575,"b10001000101011100011100100001100010101110100001110000010011001000010110001011000",24,13,0,-1,0.759584579483557,472.1820741642666,425.03774853722524,4.3032701920553205,157
1065,"b10000000001001100000000011000000010001110100000110000010001001000110110001010000",0,1974.3074870050255,"b10001000101011100011100100001100010101110100001110000010011001000010110001011000",13,3,0,0,0.749058814561639,287.5790557272835,431.3118143717448,3.4605046837322586,157
1066,"b10000000001011100010000100001100000000010000011101100100100010000000100010000000",0,1873.4956858129985,"b10001000101011100011100100001100010101110100001110000010011001000010110001011000",19,7,0,0,0.8286189182058166,306.2607884968797,189.13834816919615,4.431700497198725,157
1067,"b00000000000000110000010101000000001100000000000000000000000000000000000000000000",0,1570.2448978221237,"b10001000101011100011100100001100010101110100001110000010011001000010110001011000",29,4,-1,-1,0.7231968907578484,108.81149560902132,161.6474716322212,0.32696002013784825,157
1068,"b10001000101011000011000100001000010111110100001000000010001001010010010001001000",0,2023.8750124501994,"b10001000101011100011100100001100010101110100001110000010011001000010110001011000",8,2,0,0,0.7365960794797947,132.59980641624142,440.32226310244874,6.159117496327143,157
1069,"b00000000000000000000001100000000111000000000000000000000000000000000000000000000",0,1364.9556572220108,"b10001000101011100011100100001100010101110100001110000010011001000010110001011000",29,2,-1,-1,0.6595028303987411,131.4558353659101,140.62286938129444,1.1721795869501241,158
1070,"b00000000000000000100000000011001110001000010001110000001110000000000100000000000",0,1620.654591757981,"b10001000101011100011100100001100010101110100001110000010011001000010110001011000",24,7,0,1,0.7215240665297162,328.7698333112935,270.76957885874253,0.5611643916353599,158
1071,"b00000000000001100000011110000000110110000010100000000010000000001000000000000000",0,1074.5748964530192,"b10001000101011100011100100001100010101110100001110000010011001000010110001011000",25,7,0,-1,0.6789940775020841,50.93152058576267,152.9744911953357,4.119274889300572,158
1072,"b10001000100011000011000100000100000011110100101010000010010000000000000000000000",0,3287.124208823451,"b10001000101011100011100100001100010101110100001110000010011001000010110001011000",15,2,-1,0,0.7105833154303237,164.06190724436067,283.8429919932482,1.8647857696315757,158
1073,"b00000000000000000000001000000011100000000111110000000011110000011100000000000001",0,1884.0041809218953,"b10001000101011100011100100001100010101110100001110000010011001000010110001011000",23,8,1,0,0.7473649848107596,114.24972327646583,213.61112550677674,5.841332806934725,158
1074,"b00000000000000010000000000010000000000000000000000000001100000000000010000000000",0,1360.105770190777,"b10001000101011100011100100001100010101110100001110000010011001000010110001011000",30,3,1,1,0.6507109927033093,238.3888568178394,363.0336467351761,0.977297605617044,158
1075,"b00000000000000001000000000000000010001100000000000000010000000001110000000000000",0,1075.1394399523583,"b10001000101011100011100100001100010101110100001110000010011001000010110001011000",27,3,0,0,0.7002207436499308,485.9083438996346,468.0595191217238,2.4480727595746288,158
1076,"b01000000000010100000001001000000011100000000000100000000010000000011000000000000",0,1565.100544297573,"b10001000101011100011100100001100010101110100001110000010011001000010110001011000",25,5,-1,-1,0.7141122443845928,28.79372713846319,87.21487711257294,3.8049571671830433,158
1077,"b00100000100110100000110000000100000000000000000000000011000000001000000000000000",0,1022.6833730286094,"b10001000101011100011100100001100010101110100001110000010011001000010110001011000",26,5,0,0,0.7555964773758796,78.22706530883127,368.81152768678305,5.035118166333106,158
1078,"b10001000000010101010000000011000000000000000001000000010000000000000000000000000",0,1114.5579113476372,"b10001000101011100011100100001100010101110100001110000010011001000010110001011000",24,2,-1,0,0.6936354397983452,347.7894231236114,428.9845709251205,1.4498645182987884,158
1079,"b00000000000001000000100110000011110000000110000111000000011000000000010000000000",0,1033.2748372117803,"b10001000101011100011100100001100010101110100001110000010011001000010110001011000",22,6,0,0,0.7148295005112807,109.29100459939819,431.97843626212807,5.436087907340832,158
1080,"b00000000100000001000000000101001100000001001000000000100000000110000000001000000",0,544.2833565909665,"b10001000101011100011100100001100010101110100001110000010011001000010110001011000",29,9,0,-1,0.7390810838800432,363.1698537945817,189.5875659543544,2.6359535448297864,158
1081,"b00010000000001000000000001000001111000000001000000000000000000000000000000000000",0,2119.062832720534,"b10001000101011100011100100001100010101110100001110000010011001000010110001011000",26,2,0,-1,0.7122220313455749,188.33671857291986,157.82153079989448,2.0182126288444593,158
1082,"b01000101000100100000010000000000110000101000000010100000100101000100010000010001",0,1261.711755954413,"b10001000101011100011100100001100010101110100001110000010011001000010110001011000",18,5,0,0,0.7755675012630442,175.8036026642882,198.1032329159102,1.5920361395399976,158
1083,"b00000001000000000000000100000000110000000000000000000000000000000000000000000000",0,2311.1050855847534,"b10001000101011100011100100001100010101110100001110000010011001000010110001011000",30,2,-1,-1,0.7110285097048645,498.3403288641181,163.47351681629405,0.500444487908746,158
1084,"b00000000000000000000000000000000000001101100001000000001110000111100000000000000",0,1379.8933960373624,"b10001000101011100011100100001100010101110100001110000010011001000010110001011000",26,6,1,0,0.7196785499749794,131.14077548211293,365.1266508649109,3.4247605706732434,158
1085,"b01000000000110000000100111000000101100000000011100010011011000001011010000000010",0,1494.8969184116554,"b10001000101011100011100100001100010101110100001110000010011001000010110001011000",21,12,0,0,0.7587387318939892,6.541309224773464,105.21419557114788,5.4711628707860065,158
1086,"b00000000001000100000111000000001000100011010000000001000000101000010110100000000",0,1701.9367771445147,"b10001000101011100011100100001100010101110100001110000010011001000010110001011000",21,6,1,0,1.1071744416779488,94.04312780876757,364.9778254306842,3.121306721887956,158
1087,"b00000000000000000110000000110100001000100001110100110101000001000000000000000000",0,1005.2335487731915,"b10001000101011100011100100001100010101110100001110000010011001000010110001011000",26,10,0,0,0.766772944236743,58.30516748616158,494.7827712044413,4.998299967843998,158
1088,"b00000000000110000000001101000000010100000000100000000000000000000000000000000000",0,1615.5751164044018,"b10001000101011100011100100001100010101110100001110000010011001000010110001011000",27,3,-1,-1,0.7603247917916671,503.1121823065152,366.43265654728947,2.4741432997046235,158
1089,"b00000000100000000010000000000000110000000000000000011000000001100000010000000000",0,993.3829439759454,"b10001000101011100011100100001100010101110100001110000010011001000010110001011000",26,3,0,0,0.7402232941835046,499.44250919507897,253.0822665550021,1.6005633725213095,158
1090,"b00000000101011000000100100000100000101010000001010010010111001000010110001110000",0,3877.474725546863,"b10001000101011100011100100001100010101110100001110000010011001000010110001011000",11,3,0,0,0.8893516803374777,82.326096595214,202.30328420400966,4.4568272075219255,158
1091,"b10001000111011000011100000000100000100010100011110000010011001000011000001000000",0,3484.9947865228582,"b10001000101011100011100100001100010101110100001110000010011001000010110001011000",10,3,0,0,0.8148442067854464,318.51460539633877,213.5821248850521,0.6843462367211266,159
1092,"b00000010000000000010001001001010110011011100011001100001100000000000000110000000",0,572.3431216971185,"b10001000101011100011100100001100010101110100001110000010011001000010110001011000",20,9,0,0,0.6781773859596946,85.2151089310646,405.09853106737137,5.1955862356006435,160
1093,"b00000100000100000000110000100100100000001111110011110000100011000000010100011100",0,1207.937524446295,"b10001000101011100011100100001100010101110100001110000010011001000010110001011000",17,10,0,0,0.9969173142755582,320.97459343223096,69.6799595983074,5.219104003208926,160
1094,"b00000000000000000000010010000001001001100000000110000001011000000000000000000000",0,2364.3633097086367,"b10001000101011100011100100001100010101110100001110000010011001000010110001011000",26,5,1,1,0.7053020638814074,199.53275735882562,465.49727783541084,2.255254204644088,160
1095,"b00000000000000000000010000100000001001100100001011000100000000000000000000000000",0,1039.9141457631033,"b10001000101011100011100100001100010101110100001110000010011001000010110001011000",27,5,0,0,0.7164664347392069,208.57461539379165,480.616868497265,2.655194793784606,160
1096,"b10001000001011000111000000001000000011100000000110000110111000000000100000000000",0,1162.0647885027306,"b10001000101011100011100100001100010101110100001110000010011001000010110001011000",16,4,-1,0,0.7993303528124771,369.94951718352564,198.75110995270484,1.4492842796875998,160
1097,"b00000000000000100000000000000000001000000000011000000001100000000000010100000001",0,1348.3321911669589,"b10001000101011100011100100001100010101110100001110000010011001000010110001011000",27,4,1,0,0.7267472324959174,294.72725676943327,189.71038903677336,5.894558266348763,160
1098,"b00000000000000000000000000000000000011110000001000000000011000000000100000000010",0,1346.9000235062763,"b10001000101011100011100100001100010101110100001110000010011001000010110001011000",25,2,0,1,0.7370507898705057,463.4370246358976,159.51835293603062,0.8828844435313372,160
1099,"b00001000000001110000100000000000000100000010000100000000011000110000000000000000",0,1090.9534030456975,"b10001000101011100011100100001100010101110100001110000010011001000010110001011000",24,4,0,0,0.6787056454335788,378.11932934648314,339.3779631690857,3.356562440449612,160
1100,"b00000000000000000000000100000010100000101000100110110001101101000001000000000001",0,2072.665618566738,"b10001000101011100011100100001100010101110100001110000010011001000010110001011000",21,6,1,0,0.7129252329602068,35.01207551009782,278.02595209019785,2.1527485512636146,160
1101,"b00010001100100100000001101100100011000001111000010110000110001000010000100010101",0,2054.3009413898667,"b10001000101011100011100100001100010101110100001110000010011001000010110001011000",16,11,0,0,0.952328464368507,201.64155893880965,114.15624290230691,4.062654521354926,160
1102,"b10000000001000000000100000000000000110000000001100000000011000100000000010000000",0,1724.3256448307266,"b10001000101011100011100100001100010101110100001110000010011001000010110001011000",24,3,0,-1,0.8079659733331587,443.39224171281114,245.8061569181193,0.8794551799735477,160
1103,"b00000000000000000000010101011100011010000000100000000000000000000000000000000000",0,1289.8934413266957,"b10001000101011100011100100001100010101110100001110000010011001000010110001011000",28,6,-1,1,0.7033714174450434,191.31979827403276,482.8921653019244,2.88618905443667,160
1104,"b00000000000000000000000000000000011111000001000100000000000000000000000000000000",0,1788.7764774960197,"b10001000101011100011100100001100010101110100001110000010011001000010110001011000",28,3,0,1,0.6732011226819341,265.8661258666213,394.16285225686534,5.214100087882831,160
1105,"b00000000000010000000001001000000001000100000001000000111000000000100000000000000",0,881.9583525958772,"b10001000101011100011100100001100010101110100001110000010011001000010110001011000",27,5,0,0,0.7121395377025532,484.4269433226845,186.87341856472284,2.353570922149607,160
1106,"b00000000000000000100010000000010111000000000100010000000000000000111000000000110",0,648.7019718065842,"b10001000101011100011100100001100010101110100001110000010011001000010110001011000",25,6,0,0,0.7395829115734749,367.1625613005265,379.7442368069709,4.925808853448391,160
1107,"b00000000000000000000000000000000100000000000000000000100101011001100000000000000",0,1548.5664986936436,"b10001000101011100011100100001100010101110100001110000010011001000010110001011000",27,3,1,-1,0.8079375319169719,477.30113109127507,204.27167974199568,0.26064986178788496,160
1108,"b00000001000000000000000001110100000110000000011000001100000001010000010000000000",0,802.2195189521725,"b10001000101011100011100100001100010101110100001110000010011001000010110001011000",27,9,0,1,0.7203502208007253,98.21961495118744,118.96229280396805,4.93934325758781,160
1109,"b00100000100010100001001100000001101000111111001100110000010001100011010010010000",0,1052.346506774668,"b10001000101011100011100100001100010101110100001110000010011001000010110001011000",17,13,0,0,0.8369758031670864,451.0453859939827,94.44800661546563,4.398812628014046,160
1110,"b01100000000100000000100010000000011100000000000000000000011000000001100000001100",0,769.147073167934,"b10001000101011100011100100001100010101110100001110000010011001000010110001011000",25,7,0,0,0.7593018852468131,503.7250289673553,311.2630996947541,4.096790390274773,160
1111,"b00011010000000000000000000100000000011000001111000001110000011100000001000000000",0,581.5070718110399,"b10001000101011100011100100001100010101110100001110000010011001000010110001011000",25,10,0,-1,0.736938872893741,385.3650360107422,227.8650077955257,5.9800421953833105,160
1112,"b00000010001000000000011001000001000000101111100010100000101010110011000000000000",0,2876.8861671281247,"b10001000101011100011100100001100010101110100001110000010011001000010110001011000",16,5,0,-1,1.0818750230621035,200.20610122910813,39.67334758102624,5.296313056230084,160
1113,"b00000000000000000000000000000000000000000000000000000001100000000000000000100000",0,1610.4104245720132,"b10001000101011100011100100001100010101110100001110000010011001000010110001011000",31,2,1,1,0.6960217697930978,125.29202919193212,214.051046522286,2.8310100068970385,160
1114,"b00000000000000000000000010000000001110001110001000000000000000000100000000000000",0,1462.1419174214234,"b10001000101011100011100100001100010101110100001110000010011001000010110001011000",27,4,0,-1,0.7447732362636175,473.0522113655427,153.58104307033616,0.41487521769822006,160
1115,"b00000000000001000000000010010000010111000000111000000001110000000000000000000000",0,917.8505082190597,"b10001000101011100011100100001100010101110100001110000010011001000010110001011000",26,7,0,1,0.6978669969833398,366.3150156656901,307.6484831633391,0.30577527165444784,160
1116,"b11000000001100010000000011100100000000000000000111001000000010100000000011000000",0,488.10427861163316,"b10001000101011100011100100001100010101110100001110000010011001000010110001011000",26,11,0,0,0.9235463618068196,127.64192990417278,51.316774016101974,1.0711559701534181,160
1117,"b11000000001011100011000100000101000000110100001010000010111001000010010001000000",0,2321.2857056068196,"b10001000101011100011100100001100010101110100001110000010011001000010110001011000",11,3,0,0,0.9807678913613621,230.04859758741003,56.17892528224636,5.625710025350163,160
1119,"b00001000000110001000011011100001010000000000000000000000000000000000000000000000",0,1404.75168526733,"b10001000101011100011100100001100010101110100001110000010011001000010110001011000",25,4,-1,-1,0.7410801058565323,399.1990857088113,197.59525719493755,4.5134602737980245,161
1120,"b00000000001000000000011100000000110010000000100000110000000001000010000000010000",0,1892.8606269444308,"b10001000101011100011100100001100010101110100001110000010011001000010110001011000",21,2,0,-1,0.7391055420949254,233.80555681718556,280.6086570073839,1.700365634752702,161
1121,"b00000000000111100000000000000011000010111100011000000011101000000000100000000010",0,799.5604231207203,"b10001000101011100011100100001100010101110100001110000010011001000010110001011000",22,9,0,0,0.8114410578588337,112.14408891246184,25.176760224735034,0.916212898461142,161
1122,"b00010000000001000000000000111000000000100001011110000110000010000000000000000000",0,541.3904815569874,"b10001000101011100011100100001100010101110100001110000010011001000010110001011000",25,7,0,0,0.7440187681978617,232.00526354671302,422.24801306631053,1.801589616535409,161
1123,"b10001000101001100011100100000100010101110100001000000010011001000010100001010000",0,5392.877822833854,"b10001000101011100011100100001100010101110100001110000010011001000010110001011000",6,0,0,0,0.9105554724417334,361.2967605807976,364.36511391163776,5.115854528673278,161
1124,"b00000000000000000000001000000000000000000000001100000010000000000000000000000000",0,2028.9413571752273,"b10001000101011100011100100001100010101110100001110000010011001000010110001011000",29,1,1,0,0.7003790587552221,366.688697223785,133.67950595240214,0.5981225579495497,162
1125,"b10000000000000000010110000001001011100110000110100010011000000010000000000000000",0,781.1571794880376,"b10001000101011100011100100001100010101110100001110000010011001000010110001011000",22,8,0,0,0.8623180359949424,359.4089565305273,128.68091283485492,1.1740287619804053,162
1126,"b00000000000000000000001000000001100000100110100000100001100101000111100000000010",0,1953.796255458306,"b10001000101011100011100100001100010101110100001110000010011001000010110001011000",18,3,1,0,0.7233370044372859,320.2955690206751,376.7942472855921,0.9559163216711979,162
1127,"b00000000000000000000000100000001011000000100010000110000000000000011000000010100",0,1684.5730185165758,"b10001000101011100011100100001100010101110100001110000010011001000010110001011000",24,4,1,-1,0.6938908417969013,327.1119942626953,347.3002946166992,1.7997451274114018,162
1128,"b00000000000000100000010000001100000000011001000100001100010001100101000000000100",0,616.0569180884852,"b10001000101011100011100100001100010101110100001110000010011001000010110001011000",25,9,0,0,0.7321276702737978,435.6314252754607,397.1651694086285,3.5455917723435286,162
1129,"b00000000000100000000000111000000011000000101000010000001000100000111110000001010",0,846.545266872162,"b10001000101011100011100100001100010101110100001110000010011001000010110001011000",23,9,1,0,0.751580040862173,38.59492396847637,464.94307287342116,0.6259055880139619,162
1130,"b00000000001110000001001110001000110000000000000110000000000000000010100000000000",0,1332.1669476289107,"b10001000101011100011100100001100010101110100001110000010011001000010110001011000",22,4,0,0,0.8381322345207235,477.9516134597548,54.83535511409817,1.3640244797184256,162
1131,"b00000100000000100000000110101100010011000000000000000000000000000000000000000000",0,1428.247173064562,"b10001000101011100011100100001100010101110100001110000010011001000010110001011000",26,4,-1,1,0.6785653129410404,303.04345725454937,191.20414924621582,4.530984126116652,162
1132,"b00000000011100000000000000100001000011010001000100100110010000000000001000000000",0,1447.1882167712993,"b10001000101011100011100100001100010101110100001110000010011001000010110001011000",28,11,0,0,0.9244152562073537,362.9706185406917,353.5091542119565,2.150547448317053,162
1133,"b00000000000000010000000001000000000100000000000000000000000000000001000100010000",0,2371.1058346528757,"b10001000101011100011100100001100010101110100001110000010011001000010110001011000",28,2,1,1,0.718854703957661,299.27468046555384,337.36157505745393,1.8211209942917232,162
1134,"b00000000001000000000010011000000000111100100001010000000000000000000000000000000",0,1215.5004626524446,"b10001000101011100011100100001100010101110100001110000010011001000010110001011000",25,4,0,0,0.7097211774798606,100.5295192480297,334.13643147679096,3.7941617068457507,162
1135,"b00000000000000000000000000000000000101000000110100010010100100000000000000000000",0,919.2397675610805,"b10001000101011100011100100001100010101110100001110000010011001000010110001011000",28,5,1,1,0.7774722203559877,42.017662827749845,62.938110454503445,5.8634777256010135,162
1136,"b00100000000100000000010111000000011100001101000011000010001100000011010000000110",0,710.0049019556815,"b10001000101011100011100100001100010101110100001110000010011001000010110001011000",22,12,0,0,0.7081390113945415,322.2116339536449,313.2547940989632,3.655647463440847,162
1137,"b00000000001101000010011001000001010000101110100000000000000011000000010100010000",0,1896.6020939080029,"b10001000101011100011100100001100010101110100001110000010011001000010110001011000",13,0,0,0,0.8201852519007443,144.06854905732794,381.4387529095169,4.428920296465917,162
1138,"b00000010000000001000000010000000000010001000000000001110000000000000110000000001",0,233.67610178875648,"b10001000101011100011100100001100010101110100001110000010011001000010110001011000",28,7,0,0,0.7533743914228662,60.66729060609964,326.6570944074313,0.7478947939001577,163
1139,"b00010000000001000000000110000000000001001000001110000000001000000000000010000011",0,1206.6547932863332,"b10001000101011100011100100001100010101110100001110000010011001000010110001011000",25,6,0,0,0.7799711798055828,103.36068504162101,306.51989892474364,1.285655615755115,163
1140,"b11000000000011010010100010000100010000000100001110000001101000110101100000000000",0,769.5731834287709,"b10001000101011100011100100001100010101110100001110000010011001000010110001011000",19,9,0,0,0.7878192937545472,315.30412108528026,85.82307779489139,6.190175780386543,163
1141,"b00000000000000000000000000111000000101000000000000000000000000000100000000000000",0,1664.4458858364037,"b10001000101011100011100100001100010101110100001110000010011001000010110001011000",29,3,-1,1,0.712972822544155,345.92759109018874,488.4117709646198,5.615802892406061,163
1142,"b00000000000101000000000111110000011101000001100000010100000000010000000000000000",0,932.668002950815,"b10001000101011100011100100001100010101110100001110000010011001000010110001011000",26,10,-1,-1,0.6958811044354873,233.32764870111197,326.6678469605241,1.7720437042807773,163
1143,"b01000000100110100010001100100101111000001111100010100000100001001000000100100000",0,707.2796030960786,"b10001000101011100011100100001100010101110100001110000010011001000010110001011000",18,12,0,0,0.7531036111125919,469.8474317795428,29.296951565500034,2.113012529485589,163
1144,"b00000000000010010001011101000001000000000100000000010001110000000101010000000001",0,856.199616013811,"b10001000101011100011100100001100010101110100001110000010011001000010110001011000",21,6,0,0,0.7878969621781587,179.73353411934593,19.011458606430978,5.3109369841892455,163
1145,"b00000001101011100111100100001000000111000000000100110011000001100000000000000010",0,884.1708270509199,"b10001000101011100011100100001100010101110100001110000010011001000010110001011000",17,8,0,0,1.075279076333339,139.53675901805255,410.4843838739057,0.2273303838395315,163
1146,"b00000001000000101000000000010000110110000000100000000000000000000000000000000000",0,833.905710976511,"b10001000101011100011100100001100010101110100001110000010011001000010110001011000",29,6,-1,1,0.6864134147858542,481.11038882233373,262.0400277662647,3.3625550663890893,163
1147,"b00000000100100010000001000000001010100000000001000001000001011001000001000101110",0,378.3545918506431,"b10001000101011100011100100001100010101110100001110000010011001000010110001011000",25,11,0,-1,1.1920457916277856,14.141147523123687,348.3501759466724,3.124236306163668,163
1148,"b00000000010000000000111000000001100000001110000000000000000000000000000000000000",0,1360.9409841851882,"b10001000101011100011100100001100010101110100001110000010011001000010110001011000",25,2,-1,0,0.8078276073198811,481.9307458802363,35.9408197163681,1.696336835165402,163
1149,"b00000000000011100000000000000000000000000000001100000000001000000000000011000000",0,2912.6216001778757,"b10001000101011100011100100001100010101110100001110000010011001000010110001011000",25,1,1,1,0.7900090115640233,365.94407190837387,134.75891289481385,6.17103135370713,163
1150,"b10001000101011100011000000000101110001100000011100000000101000000000000000000000",0,1497.8466010343213,"b10001000101011100011100100001100010101110100001110000010011001000010110001011000",16,4,-1,0,0.7742877685549421,378.23088869489357,467.65991953645795,0.14566639938446688,163
1151,"b10000000000011000000101100001100010111100000010110000000010000000000000000000000",0,1127.9327328079023,"b10001000101011100011100100001100010101110100001110000010011001000010110001011000",18,3,-1,0,0.7773401583791251,415.9277640027002,18.613598900430198,0.8711754223498196,163
1152,"b00000000000000000000000001000100000111000000011100000111010000010100000001100000",0,778.4866315407581,"b10001000101011100011100100001100010101110100001110000010011001000010110001011000",24,8,1,0,0.765979303875561,49.83051867765539,466.91184050616096,2.560813934939856,163
1153,"b00000000000000010000100001000000010001001000011100000000000000100000000000000000",0,800.1740171041232,"b10001000101011100011100100001100010101110100001110000010011001000010110001011000",27,5,0,0,0.6972044826581789,263.9457158512539,89.01947254604764,0.12937168998651588,163
1154,"b00000000000010000000001000000000101100100000010001000000000100000000000000000000",0,991.6306411911593,"b10001000101011100011100100001100010101110100001110000010011001000010110001011000",28,5,-1,1,0.7637782344778289,488.61370957662047,36.01342762121173,2.2000394423871343,163
1155,"b00000000000000000000000011000000001101000000010110000001010000000011100000000000",0,1235.0234855277631,"b10001000101011100011100100001100010101110100001110000010011001000010110001011000",25,6,0,1,0.6644234451228109,89.16225533576528,230.57416013243852,2.18221055304773,163
1156,"b00001000000010000000110000000010100000000000001100000000000000000001110000000010",0,1105.2346279206192,"b10001000101011100011100100001100010101110100001110000010011001000010110001011000",25,5,0,0,0.8470730433513206,362.11910654497854,365.2509064667942,2.0212642795370233,163
1157,"b00001000001001000000000000001001010100001111100000100000100001000010000000011011",0,1053.8452006003,"b10001000101011100011100100001100010101110100001110000010011001000010110001011000",17,5,0,0,0.8385208126996637,497.1633517152993,419.37067315246253,5.681206819683508,163
1158,"b00000100000001000000000000000000000000010110111001001000000000000000000000000000",0,1212.8553694135724,"b10001000101011100011100100001100010101110100001110000010011001000010110001011000",27,5,0,0,0.7193436236496783,69.19565182506378,118.46615834816795,2.960067764162134,163
1159,"b00000000001000000000000000000000000001000000000000000000000111110001000000110000",0,1807.5087108017012,"b10001000101011100011100100001100010101110100001110000010011001000010110001011000",26,4,0,0,0.9309787245536386,303.62473785654174,322.15759842014114,3.337785313068715,163
1160,"b10000000001000000000010000001000000011010011100001000011000001000000000100110000",0,895.482718122507,"b10001000101011100011100100001100010101110100001110000010011001000010110001011000",24,9,0,0,1.1835674043314024,11.948324120920311,179.65286330018418,4.098470903844213,163
1161,"b10000000000000000110000000001100000000100011100111000110110101001000000001001000",0,830.5114544474104,"b10001000101011100011100100001100010101110100001110000010011001000010110001011000",20,9,0,0,0.9191748568423269,198.57508086633123,362.3238511948608,1.1609861906378265,163
