"Cluster ID","Binary String","ID","Match Score","Exact String","False Negatives","False Positives","Row Shifts","Column Shifts","Fit Quality","X Position","Y Position","Theta","Group Number"
0,"b00000000000000000000000010100001011011001111111000000111000000000000000000000000",3,3538.348193855739,"b01001000001010100001000001000000001010010000010010000000000001111000011100000000",13,11,0,0,0.7280097714973855,245.38275779482325,253.95339002562565,1.2361598877693614,0
1,"b00100000000000000000000100000000111010000000101111000011111100001000000000000000",3,2197.346923098594,"b01001000001010100001000001000000001010010000010010000000000001111000011100000000",15,14,0,1,0.7749191002366081,211.47499241648921,464.8845739155137,5.188318195567115,0
2,"b00001000000001000000011000000000000100000011000010111000110000010111100000000100",0,4486.209646884799,"b10001000101011100011100100001100010101110100001110000010011001000010110001011000",21,8,0,0,0.8443693152491427,261.60612664892335,258.9731143364567,3.6499839375446026,0
3,"b00010000000001010000000110010000001100000000110000000011000000000000000010000000",2,5058.277961430672,"b10111011111001011111000111010001100000111000010000110001000000110000010110011100",27,4,0,0,0.791710934632962,15.418334737794753,70.64016231054116,0.3386783109143924,0
4,"b00110000001001110010000111000110000100011000011000010001000001000001110110001100",2,4223.709093428146,"b10111011111001011111000111010001100000111000010000110001000000110000010110011100",17,8,0,0,1.002992383607829,253.25102388097883,303.5031778863136,3.301012855586511,0
5,"b00100001001000000010000010001010001100011010111000111111110011111110001010101001",2,3428.7217599971173,"b10111011111001011111000111010001100000111000010000110001000000110000010110011100",14,13,0,0,1.039211363921557,98.1595960276503,396.5396475645479,4.618972224126965,0
6,"b00000000000000000000000010100001001111000000110000000000000000000011000000000100",3,3768.755149508019,"b01001000001010100001000001000000001010010000010010000000000001111000011100000000",15,8,0,0,0.7705118974257287,18.099213414075898,100.99462451195059,4.21835482520493,0
7,"b00100001101000000100000100110100111011101011011000001111111110111010001110011100",2,1750.5416318753673,"b10111011111001011111000111010001100000111000010000110001000000110000010110011100",13,16,0,0,1.2737492069238776,440.819198169178,432.2548415347698,3.913601155900449,0
8,"b00000000000000000000001100000000110000000011110010001011000011011000000001100000",1,3223.4174098198046,"b11001110101000111111000000100000101111000111010100001000111100110000111001100000",23,5,1,-1,0.7455915614522445,345.702310679808,143.4364224649635,0.23542596282418432,0
9,"b11001000001000100000000000110000100111010001010010001111011000110001100000000000",1,5503.1778058328455,"b11001110101000111111000000100000101111000111010100001000111100110000111001100000",18,7,-1,0,1.032564749432189,154.30734913361107,119.98869737258693,0.5229367699117589,0
10,"b00000000000000000000000000000000100000001111000000110011000001000111000000011000",3,4217.819862357988,"b01001000001010100001000001000000001010010000010010000000000001111000011100000000",13,9,1,-1,0.7306776145626555,344.2739121664949,426.8627789041821,1.4489948233259944,0
11,"b01011000100100000111000000001101101100011110110000011111010011110010001011010000",2,1417.9580936121295,"b10111011111001011111000111010001100000111000010000110001000000110000010110011100",14,13,0,0,0.9493575436955292,430.144248512323,497.6886919492726,3.583841138251005,0
12,"b01110000000000110000000000000000111011000111101100010000000000100001111100000001",3,2091.1056316617237,"b01001000001010100001000001000000001010010000010010000000000001111000011100000000",11,16,0,0,1.0060288166150524,124.50567795576588,4.8965852188487204,4.926231633615954,0
13,"b00110000000000001111000110000100011001101000111100010011100111100011101111000000",2,1511.3249008163077,"b10111011111001011111000111010001100000111000010000110001000000110000010110011100",16,13,0,0,0.967799057809757,461.6370543007188,294.3074505682801,3.3338801558559465,0
14,"b00000000000000000000000000001100011001100001011000100111100001110000000110000000",3,3370.1947901659205,"b01001000001010100001000001000000001010010000010010000000000001111000011100000000",13,13,1,0,0.8196453878569305,410.4895176219001,187.59041585107852,0.10929046425411107,0
15,"b00000001101000000100000010001100001000010000001100001001100011001000001111000000",2,5075.187480871711,"b10111011111001011111000111010001100000111000010000110001000000110000010110011100",16,1,0,0,1.0903334835981469,38.08885383572024,334.2156416752694,5.593792624749116,0
16,"b01000000000110000000000000000001001100001000111100000111111000010010000000000000",3,3752.6726310549748,"b01001000001010100001000001000000001010010000010010000000000001111000011100000000",14,14,0,0,0.8076949775350288,239.66843634242977,249.9321195391953,5.890726762863931,0
17,"b00110001101010000110000010000000001100011100110100011011000111011000011011001100",2,4341.42327214394,"b10111011111001011111000111010001100000111000010000110001000000110000010110011100",11,7,0,0,1.126121746977001,219.87046823904015,334.73182033472915,3.6128353849036525,1
18,"b01000000000000000000000011100001111111000000111100001001100001000000001100000000",3,2778.9692276940327,"b01001000001010100001000001000000001010010000010010000000000001111000011100000000",11,13,0,0,0.8315750864218558,404.09430795918905,479.9265940953275,3.7102310426576177,0
19,"b00000011100000011110000011000000011100000010100000001011100011101100100000010000",3,3469.9532202235528,"b01001000001010100001000001000000001010010000010010000000000001111000011100000000",9,15,0,0,0.7809823186914212,97.87937852238883,203.1500879536436,0.06848522820422986,0
20,"b00100001001000000110000000001100011100011000111110000111000001010000010010001100",2,2970.3135505164964,"b10111011111001011111000111010001100000111000010000110001000000110000010110011100",17,7,0,0,0.8888520025053646,448.17122397708926,247.9400397264594,2.964781063582279,1
21,"b00000000000000000000000000000000011001011111110000011100100001011001000000001101",3,3843.6648838285,"b01001000001010100001000001000000001010010000010010000000000001111000011100000000",13,15,1,0,0.7793665260447499,157.12635562640133,294.54765140003155,5.041019808475079,0
22,"b10000000001100000010010000001000000000010100000001001000001100110000010000100010",1,2133.028932643574,"b11001110101000111111000000100000101111000111010100001000111100110000111001100000",25,6,0,0,1.0877959754554174,332.830855695996,112.2124726709761,5.5395734049901595,0
23,"b00011000100001000000001000001011110000100111110001011011100001110000100100001110",0,3761.95135923398,"b10001000101011100011100100001100010101110100001110000010011001000010110001011000",17,15,0,0,1.240151536599904,436.691932794534,63.80419831560824,2.4774944017727005,0
24,"b01000001100100100010000010001011000000110010001110011011100011011110010000001101",2,3542.2042238089725,"b10111011111001011111000111010001100000111000010000110001000000110000010110011100",16,11,0,0,0.8518918232547983,19.90331190162235,21.11317136729205,1.1610020400766636,1
25,"b00100001101000000100000010000000001000011000000000001011100001001010011111011000",2,6589.113233907767,"b10111011111001011111000111010001100000111000010000110001000000110000010110011100",13,0,0,0,0.9083249345532457,220.77324467445104,240.04410688712264,0.0662826684795767,1
26,"b10101001010011010010001100001001111100100000011100100011010000001001000100000000",2,1320.0479141212772,"b10111011111001011111000111010001100000111000010000110001000000110000010110011100",20,12,0,0,0.9907844604496554,82.90396913688335,79.33824504629506,2.990968579665142,2
27,"b01000000100110000000001001110011000111000010000000111000000100000000010011100000",1,1725.0935005824404,"b11001110101000111111000000100000101111000111010100001000111100110000111001100000",24,10,0,0,0.8758724345853014,50.75253522026597,365.17778568361166,1.7256952664749574,0
28,"b00110001100000000110000010011100000001101100000110011110100011111110011010001101",2,6270.357944871514,"b10111011111001011111000111010001100000111000010000110001000000110000010110011100",9,7,0,0,0.8674809813634033,131.04240253889222,21.749695612778343,3.1903855111501427,2
29,"b00010110000000001100000001110101000000110111001000001110000000001000001100000000",3,2065.104637118682,"b01001000001010100001000001000000001010010000010010000000000001111000011100000000",14,17,0,0,0.9020203135159329,284.3764471999628,275.88351154489857,2.9584583499016377,0
30,"b01010001101000000110000000001100001000011000010000011111000111111011110111101100",2,2773.451235312398,"b10111011111001011111000111010001100000111000010000110001000000110000010110011100",11,9,0,0,1.3030707765737373,380.08856827948523,45.72253899386254,3.4444806063776143,3
31,"b10001000000011100000001100000001100111110000101010001001111000000101100000000010",0,1620.289647768386,"b10001000101011100011100100001100010101110100001110000010011001000010110001011000",17,11,0,0,0.7724753725393211,222.44762927553933,91.13388521063108,3.319125235973398,0
32,"b00001000001000110011000011000000001110110000110110001000000011110000101000000000",3,4007.048972731329,"b01001000001010100001000001000000001010010000010010000000000001111000011100000000",5,10,0,0,0.8929737189525168,365.46354363283933,29.33984539546088,5.86746664342913,0
33,"b10000000001000000000011000000001110000000001110010000110000000011000000001000000",3,3955.2717879844504,"b01001000001010100001000001000000001010010000010010000000000001111000011100000000",14,11,0,-1,0.8019768925534548,498.59301241622984,395.80888702789645,1.8764797717602448,0
34,"b00000001000000000111000010001011001001000000000100100011000011111010000010001001",2,2861.447346904056,"b10111011111001011111000111010001100000111000010000110001000000110000010110011100",19,6,0,0,0.7821608841529724,127.35871559054205,288.62545884905165,3.832316029784035,3
35,"b00000000000000000000000100010000011100000100010110010001001001111110110001110000",3,1568.7676382941702,"b01001000001010100001000001000000001010010000010010000000000001111000011100000000",11,15,1,0,0.8287933493893814,403.47389278524486,419.81997075390575,2.595508118108344,0
36,"b00010001101000000110000010000000000100010110000110011101100011111000001011000001",2,4908.663300038774,"b10111011111001011111000111010001100000111000010000110001000000110000010110011100",14,5,0,0,0.8919488772541342,455.8215982053759,310.2764057488031,5.423299417089524,3
37,"b00000001101000000110000000001100001000111100000001001111100111111010011011011101",2,6203.497735366162,"b10111011111001011111000111010001100000111000010000110001000000110000010110011100",8,5,0,0,0.8919152154822115,88.94960875265136,44.67132707778593,5.514371147967089,3
38,"b00111001001000000100000010001000001000010000011110000011100011001000001101001101",2,6704.533795063673,"b10111011111001011111000111010001100000111000010000110001000000110000010110011100",12,2,0,0,1.0092796093666234,235.8327045022966,349.12349840237493,6.193187748518588,4
39,"b00001110001100100000111100111001100000100011110000000000000011110100100100000010",1,2802.1818992506924,"b11001110101000111111000000100000101111000111010100001000111100110000111001100000",14,6,0,-1,0.8124359475118242,241.85713984337457,382.0567819714435,1.410987385621275,0
40,"b00100001101000000111000010001000001000001000000100001001100011011000010110001100",2,5974.004181662037,"b10111011111001011111000111010001100000111000010000110001000000110000010110011100",14,2,0,0,0.8022971794057076,69.27492174307729,307.39546932039315,0.9955049813848136,5
41,"b11000000000000000000000000000000001110000011111010001111001000100000100010000000",3,2865.6689113312905,"b01001000001010100001000001000000001010010000010010000000000001111000011100000000",13,13,0,0,0.878907323678196,22.243302643493255,314.42441977584787,1.2280344565363073,0
42,"b01001100000100100000000001000000011100000001110000000010000000000000000000000000",3,4944.52766320535,"b01001000001010100001000001000000001010010000010010000000000001111000011100000000",13,7,-1,-1,0.7392032276004871,207.8860026716478,386.4563253028794,2.7788412538363882,0
43,"b00101100000100110000000000000100000110000000011010010010001001101000001110000000",3,4158.566861563699,"b01001000001010100001000001000000001010010000010010000000000001111000011100000000",9,11,0,0,0.8568678625727268,69.69692342831212,54.01602198243247,2.624881579932194,0
44,"b00000000000101000000010100000001111111100110111110000010001000011001000000001100",0,3134.975798952274,"b10001000101011100011100100001100010101110100001110000010011001000010110001011000",19,13,0,0,0.8207741905243883,446.6292567814708,32.99546706904235,3.0494615948925166,0
45,"b00110001100100000110000010001111001001011100111000111011100011111110010010100111",2,1637.7164380928518,"b10111011111001011111000111010001100000111000010000110001000000110000010110011100",10,13,0,0,0.9053980038640922,428.4372117587432,484.4758290224855,2.0124107705293506,6
46,"b01110000000011000010000010000110000000001000000000000110000001011001100010000110",2,3352.4097722067295,"b10111011111001011111000111010001100000111000010000110001000000110000010110011100",25,9,0,0,1.1128062694983671,136.9014603436359,216.2947041803179,1.3210171220664098,6
47,"b00000100000101001000011110000000111110000011110000000110000010000001100000000100",3,4260.689128952098,"b01001000001010100001000001000000001010010000010010000000000001111000011100000000",12,16,0,-1,0.7946021474940822,95.37374961523946,181.35163094516312,1.0016306619943514,0
48,"b00100000001000001010000010000011001100101111111010111111101111110110011100000001",2,2147.068116238237,"b10111011111001011111000111010001100000111000010000110001000000110000010110011100",15,16,0,0,0.8923915615998084,431.6644241902543,268.0253459046454,2.002090086132976,6
49,"b10000000101000000000000010000011001110010110011100001101100111110010010000001100",2,2348.9499701098052,"b10111011111001011111000111010001100000111000010000110001000000110000010110011100",18,10,0,0,0.8591352841064445,218.13838187540767,56.56839349839232,5.339719432642388,6
50,"b00000000000000000000000000000000110100000011110000000000000000000000000000000000",3,5837.251209743266,"b01001000001010100001000001000000001010010000010010000000000001111000011100000000",17,5,0,-1,0.7312650141029376,235.39227349694676,59.46903160065546,2.5642154262801213,0
51,"b10000110000110000110011000000000110100100001110111000111110011111100000010110000",1,2811.0480896688377,"b11001110101000111111000000100000101111000111010100001000111100110000111001100000",15,12,0,0,1.092406873354635,21.783793323036964,50.44994631154631,4.149957111947412,0
52,"b00010011100000101110000111000000011001001011101111011110000011000000001000000000",3,2574.3507333019693,"b01001000001010100001000001000000001010010000010010000000000001111000011100000000",10,20,0,0,1.2955867596177246,0.8046252413017076,137.32430287392654,1.3624886310594169,0
53,"b11000000001000001100000001110110001111110000011100001111100001111101010110000000",3,3054.672745687096,"b01001000001010100001000001000000001010010000010010000000000001111000011100000000",6,20,0,0,0.9545755780375267,443.3126503669448,332.8975174639134,0.45939148407457314,0
54,"b00010001101000000110000010001111001010001011111100001111100011110010011111001001",2,4611.987822848208,"b10111011111001011111000111010001100000111000010000110001000000110000010110011100",9,10,0,0,0.8552476716930613,155.23929304173615,281.9159123576763,0.5435004784543986,6
55,"b01000001100100000011000011011000001100001100111000000111100001111110100110001110",2,2664.0852046095433,"b10111011111001011111000111010001100000111000010000110001000000110000010110011100",17,14,0,0,0.8519459487382488,79.13997484639314,20.82587415142881,1.1633383030565012,6
56,"b11010000000011111000111011111101011100010100101000000000011000000000100000000000",3,2013.8752692571538,"b01001000001010100001000001000000001010010000010010000000000001111000011100000000",13,22,-1,0,0.7685164949234653,243.72439076456135,12.814985065613099,1.3488907238702976,0
57,"b00001010011001001100011100010001100011101001110100100100000011111100010100110011",1,4254.428754427402,"b11001110101000111111000000100000101111000111010100001000111100110000111001100000",6,5,0,0,0.924452345371255,115.0799902848391,287.19582306416333,5.776044911163378,0
58,"b00000000001100000000000000000000000000101111000010100011111101111111100000000000",3,2887.347978535407,"b01001000001010100001000001000000001010010000010010000000000001111000011100000000",13,17,1,0,0.810764843641067,88.83881988725506,15.99005560702965,4.469678611383921,0
59,"b00100001010000101001001011110000111111111011111110000001100000001110000011010000",3,1645.013221493575,"b01001000001010100001000001000000001010010000010010000000000001111000011100000000",10,26,0,0,0.9903448952395325,86.12292086235783,185.46149013148985,5.08425985030261,0
60,"b00100001000000011100111111100011111110000000110000000000010100010111001100011000",3,2659.7160791007313,"b01001000001010100001000001000000001010010000010010000000000001111000011100000000",10,22,0,0,1.1139286201440135,132.8466388324678,226.12864595158084,3.3899595652931414,0
61,"b00000000000000000000010010000001100000001110000000111100000011110011001100010000",0,3243.850161728215,"b10001000101011100011100100001100010101110100001110000010011001000010110001011000",18,6,1,-1,0.7882873168402261,215.48588774006836,499.0912805180641,1.4176707684266405,0
62,"b00000000000000111000100111110111010000000000000000000000000000000011100000000000",3,2345.8271462724833,"b01001000001010100001000001000000001010010000010010000000000001111000011100000000",15,12,0,0,0.7717995346699436,89.95398469833887,372.82152632453125,0.8064662867655239,0
63,"b00000000000000000000001100000000000000000000110000000111100000000110010000000000",3,2072.8131717585416,"b01001000001010100001000001000000001010010000010010000000000001111000011100000000",15,7,1,1,0.7607428910712474,481.2547990455223,441.03677107201025,-0.1800418647912788,0
64,"b00000110100001111100001100100110100110000010001000011111011111111111111010011100",3,1333.4363231446682,"b01001000001010100001000001000000001010010000010010000000000001111000011100000000",11,33,0,0,1.052391837402188,482.0761654644281,230.6328786448087,3.011429980185456,0
65,"b10110001001000011111000011111001111100101001110011111000000001101000000111000000",2,2188.2924319824133,"b10111011111001011111000111010001100000111000010000110001000000110000010110011100",13,13,0,0,0.8638134071962412,316.27573928903627,138.9825358733613,0.7750323020675274,6
66,"b00100000000000010000000011000000111111110000110111000110011000110000010110000001",3,2350.7731377986756,"b01001000001010100001000001000000001010010000010010000000000001111000011100000000",9,17,0,1,0.8304975515991746,20.02924966609315,137.04016082196634,5.590179355386167,0
67,"b00000000001101101110011101110001110001000111000000001000000000000000000000000000",0,3486.468302088139,"b10001000101011100011100100001100010101110100001110000010011001000010110001011000",20,9,0,-1,0.7726361041941928,251.5406864719672,29.92389397242595,2.0831808731763832,0
68,"b00110001101100000011000010000110001000011110000100001011110011110000011111000100",2,3899.5499303163137,"b10111011111001011111000111010001100000111000010000110001000000110000010110011100",10,6,0,0,0.9544334415493574,484.52815018123266,185.04667263322668,2.3722164280411553,6
69,"b00000000000000000011000001000100000011000011001100111100000011100100000110110000",3,2045.2050602032093,"b01001000001010100001000001000000001010010000010010000000000001111000011100000000",13,16,1,0,0.799361523860105,136.38062830115246,23.712560520417334,4.52110704856049,0
70,"b00000000010000010001000000001100000011010001011100001100000000010000000000000000",0,3415.59791060355,"b10001000101011100011100100001100010101110100001110000010011001000010110001011000",25,8,-1,1,0.792842248887611,122.13559491070058,447.9021165005938,1.9276409640174876,0
71,"b00000000000011100000001101011100110110110000111111000011110100001110000000010000",0,2882.8801655744082,"b10001000101011100011100100001100010101110100001110000010011001000010110001011000",15,13,0,1,0.78734691627337,213.87541575140915,408.25256083674253,1.5068601521057459,0
72,"b01000000000100000000000000001010111010001101100011010000000100000001010000000001",3,1769.646503539119,"b01001000001010100001000001000000001010010000010010000000000001111000011100000000",14,14,0,0,1.1562574877192533,307.7147859635547,504.6993943631292,3.1219043549425636,0
73,"b00000000001000000000100000000000000000010100000001011111100001110010010110001101",2,3090.0636112182747,"b10111011111001011111000111010001100000111000010000110001000000110000010110011100",19,4,1,0,0.9085085484050729,447.16850808121956,347.628932271434,3.286406180246768,7
74,"b00000000000000100000000011110000011110000011111010000110000000001000000000000000",3,2982.377239517791,"b01001000001010100001000001000000001010010000010010000000000001111000011100000000",12,11,0,0,0.7468046212114751,28.271349756652604,316.3631963706194,5.804305845460256,0
75,"b01010001101100000110000010000000001000010001000110001101100011011000011011101100",2,4187.133758049322,"b10111011111001011111000111010001100000111000010000110001000000110000010110011100",13,6,0,0,0.9244502636862879,304.762607999073,444.88638723253956,2.518173380489412,7
76,"b01001000100000000010000000001000011000001111100101011000000000100000000000000000",3,4038.881091445574,"b01001000001010100001000001000000001010010000010010000000000001111000011100000000",14,12,-1,0,0.826603671805939,90.5851674332821,426.57153682495573,5.412465728687435,0
77,"b00000000000000000000000011100000001110000000001000000000100000110000000011000000",3,2397.2099419593687,"b01001000001010100001000001000000001010010000010010000000000001111000011100000000",14,7,1,-1,0.7566218211751488,367.0648992771824,332.34292208662214,3.350651525807713,0
78,"b00011000001000000110000000001100000000011110110110010111100011111010011011101001",2,5703.195045389178,"b10111011111001011111000111010001100000111000010000110001000000110000010110011100",10,7,0,0,1.033209740398665,342.26250458497816,387.84433004607064,3.4765028693290976,7
79,"b00000000000000011000000001100000001101000000110100000011000000010000000000000000",3,2990.7745206965783,"b01001000001010100001000001000000001010010000010010000000000001111000011100000000",14,8,0,-1,0.8859206748204594,153.5802123958713,195.32343204049266,1.9207683588508084,0
80,"b00010000001001100111000111111101111111111011110000110101000001000100000110000000",3,1016.7827205747428,"b01001000001010100001000001000000001010010000010010000000000001111000011100000000",9,26,0,0,0.8924006553116589,456.00892432428174,245.70898210184316,0.407470687891738,0
81,"b00000000000000000000000110000000001110000010011000000100011000110011000000000110",3,3093.378012544664,"b01001000001010100001000001000000001010010000010010000000000001111000011100000000",14,12,1,1,0.7397936635202936,250.40316382356667,407.5142150276702,3.6173971238303637,0
82,"b11000000001000000000011100000000111000000001100101000111110000000110100000000010",3,3321.6597779438625,"b01001000001010100001000001000000001010010000010010000000000001111000011100000000",13,16,0,0,1.0123895319692926,136.94707608032226,157.81406677425608,4.461571558531822,0
83,"b00000000100110100110011111001000110101001111001101111000111011100011100100001000",0,1434.0819064942896,"b10001000101011100011100100001100010101110100001110000010011001000010110001011000",13,18,0,0,0.858232005491252,23.122480456909155,35.877104900086856,4.382040845939573,0
84,"b00000000001100000000001101100000001110001000011000000111000000001000000000000000",3,1831.6852273537652,"b01001000001010100001000001000000001010010000010010000000000001111000011100000000",13,10,0,-1,0.7910824886929084,474.1663586972365,472.0766748836385,3.0029511098190103,0
85,"b00000010000000001000000000100000000001000000001100000011100010000000000000000000",3,1933.251350449022,"b01001000001010100001000001000000001010010000010010000000000001111000011100000000",16,7,0,-1,0.8132284015233968,52.31382940988143,438.01517080871247,0.32639062138093144,0
86,"b00000000000000000010000000000100010000001001011000110000000000000000000000000000",3,2182.700827426936,"b01001000001010100001000001000000001010010000010010000000000001111000011100000000",15,5,0,0,0.8661803023822737,297.3542641487423,305.15431536713294,4.818679798060385,0
87,"b00000000000000000000000000011100001001111100111110111111100011111110011111101101",2,3893.1947929082653,"b10111011111001011111000111010001100000111000010000110001000000110000010110011100",10,11,1,0,0.8466808519203887,447.825823282342,111.94403081709262,1.2113419482384744,8
88,"b01100000001010100000001011100000001111000000111000000000011000000000000000000000",3,5904.601937663765,"b01001000001010100001000001000000001010010000010010000000000001111000011100000000",11,10,-1,0,0.773763891065877,201.10944288132805,45.97496867785235,2.3734428973932697,0
89,"b00010001000000000110110010001000001000001000000110000001100011011000011111100101",2,5800.713331597232,"b10111011111001011111000111010001100000111000010000110001000000110000010110011100",14,4,0,0,0.8108272970665084,262.47530616065313,107.78918414064532,0.6553170871107368,8
90,"b11000000001010110001000111110000000110000000000000000111000000111100001110000000",3,3031.0366163901776,"b01001000001010100001000001000000001010010000010010000000000001111000011100000000",7,12,0,0,1.0766364644921183,332.2241367291133,419.36036248315355,0.019258269419842752,0
91,"b00110001111000001110000011010001101110000111110000011100000000000000000000000000",3,2205.1323494137723,"b01001000001010100001000001000000001010010000010010000000000001111000011100000000",9,15,-1,0,0.7596263635241484,247.3288650840649,64.88543074929467,1.9614550973366989,0
92,"b11100000000011000000000010000000001101000001111110000000111100000100000000000000",3,3996.473625189533,"b01001000001010100001000001000000001010010000010010000000000001111000011100000000",14,15,-1,0,0.7966989837355843,67.25874033518676,408.46489243326926,4.407100893055324,0
93,"b00000001000000000110000010000110001101011010111100111111100111110001010011000000",2,3556.2476751088425,"b10111011111001011111000111010001100000111000010000110001000000110000010110011100",17,13,0,0,0.8799729310437558,234.57084683815447,252.55692414858802,4.879522078815935,8
94,"b00010110001100001000010000000001110000000001100011000110001100000000001001100010",1,1087.9013929292182,"b11001110101000111111000000100000101111000111010100001000111100110000111001100000",23,9,0,0,1.0236337631461112,389.15154497325045,403.7531241825239,1.2416566810652254,1
95,"b00000000000000000011000001011000001100000111110100001101111011101111001110000000",3,2616.775687113108,"b01001000001010100001000001000000001010010000010010000000000001111000011100000000",10,20,1,0,0.7590295094804641,124.80935330581666,173.3988324584961,4.121631198656091,0
96,"b00110001101000000010000000001010001001001100001100011111110111111111011110001001",2,3442.9700367677633,"b10111011111001011111000111010001100000111000010000110001000000110000010110011100",10,10,0,0,0.9580403809432235,469.3363810458396,182.58292195812683,2.9483353134072603,8
97,"b00000001101000000110000010001010001000011101001100001100100011011000001011100000",2,4520.126090078513,"b10111011111001011111000111010001100000111000010000110001000000110000010110011100",16,6,0,0,1.0843542646747035,275.25160396070584,357.97676168886,3.1199103424179975,8
98,"b10000000000000100000000110000001000011000011111000111111100111100010010100001000",0,1318.0784907942966,"b10001000101011100011100100001100010101110100001110000010011001000010110001011000",19,14,0,0,0.8356818762606216,445.0114437189932,370.6247959455808,1.37988195215105,0
99,"b10000000000101111100011101011110100000011110000000011000000101100000000010000100",2,1728.5000177266766,"b10111011111001011111000111010001100000111000010000110001000000110000010110011100",21,12,0,0,1.069782500062996,63.27087467619516,180.84247577206932,2.5044341560468872,8
100,"b10010001001101101111000111111000011101111001100010110000001011000000000110000000",2,3153.156874060505,"b10111011111001011111000111010001100000111000010000110001000000110000010110011100",16,14,0,0,0.8894170244742905,425.11103067338297,10.605358176163458,4.368015250575237,8
101,"b10110000100000001011000111110000100000001000010001110000000010000010000110011000",2,2377.862989769069,"b10111011111001011111000111010001100000111000010000110001000000110000010110011100",16,4,0,0,1.2213047344086396,97.47428517791057,417.63202805935344,1.3756554836406718,8
102,"b00000000000000000000000001100100011001100101111000110111001111111111010001000000",3,1616.3285345322654,"b01001000001010100001000001000000001010010000010010000000000001111000011100000000",11,21,1,0,0.843215905532914,425.96384519167503,272.69222629316334,3.330368694685882,0
103,"b10000001111000011111010111110000111001011000110011110001000111000000000110000000",2,3738.4800218193614,"b10111011111001011111000111010001100000111000010000110001000000110000010110011100",13,11,0,0,1.0536394929560904,226.56523084866618,333.00813241104703,4.603959160696192,8
104,"b00000000000000000010000000011100001111100000100100001100000011100000001011000000",3,3280.986503222668,"b01001000001010100001000001000000001010010000010010000000000001111000011100000000",14,14,1,0,0.8044605204824987,61.826024169746084,488.2127607213737,4.479338799721362,0
105,"b00000001000000000101000000000000011010000011000000001000000000000000000000000000",3,5736.891653708619,"b01001000001010100001000001000000001010010000010010000000000001111000011100000000",16,6,0,1,0.7996849699259904,322.58946515545745,58.820457199690466,2.187869227308351,0
106,"b01000000001011000000111100000000000000000000100000000010000001000000110000000011",0,2668.028982520054,"b10001000101011100011100100001100010101110100001110000010011001000010110001011000",23,6,0,0,0.9773016205831242,326.360090874769,46.35375064118894,5.389203694114274,0
107,"b00001000000001100000000111100000011110000001011000000000000000000000000000000000",3,2303.0209859173406,"b01001000001010100001000001000000001010010000010010000000000001111000011100000000",13,8,-1,0,0.8109150482410569,256.38236459871615,124.95394446412428,2.9060614145445527,0
108,"b00000111100000011110000011111000000001000011100010111110000011000000000000000000",3,1919.1455226829862,"b01001000001010100001000001000000001010010000010010000000000001111000011100000000",11,17,-1,0,0.860326653705246,469.05138784565776,448.84628672170567,4.271124815596152,0
109,"b01100000001110010000110000100000000000000000110011000000001000000000100000000000",3,2214.367852216141,"b01001000001010100001000001000000001010010000010010000000000001111000011100000000",14,10,-1,0,0.7840489786153236,386.9412642761992,26.240852278338394,0.5001510837653398,0
110,"b00000000000000000000000110000000011011100001111100000010011000000001000000000000",0,2774.8780872338984,"b10001000101011100011100100001100010101110100001110000010011001000010110001011000",23,7,0,1,0.771247450996109,153.4929085712849,436.2174840180397,6.27682417274843,0
111,"b00110100100001011010000110000000101100001000010000110001000100111111000110001100",2,4139.615315595389,"b10111011111001011111000111010001100000111000010000110001000000110000010110011100",15,8,0,0,0.8343296475298467,456.8915475695284,321.1687635331288,3.2796152988960108,8
112,"b11001100101000010111000000100000101000000011000000011000111000110000010001100000",1,4966.0139581183375,"b11001110101000111111000000100000101111000111010100001000111100110000111001100000",12,1,0,0,1.1409292950227088,109.76479128456485,433.34715171745376,0.0681871479020572,1
113,"b01001000001010000001000001000000001010010000011100000000000001110000011100000000",3,6450.582676158433,"b01001000001010100001000001000000001010010000010010000000000001111000011100000000",3,2,0,0,0.9604404399896728,81.73689036176148,229.72205150661185,6.058729632112051,0
114,"b00010011101000001110000010001000001010110000111110011111100011001010000100001101",2,3630.0257764017297,"b10111011111001011111000111010001100000111000010000110001000000110000010110011100",12,9,0,0,0.8791499208110439,421.38966878583193,154.02077157086526,0.9080472726194766,8
115,"b00000111100000011110000011000000011000000111110000001110000000000000000000000000",3,3946.5739103305536,"b01001000001010100001000001000000001010010000010010000000000001111000011100000000",10,11,-1,0,0.7690968718833087,40.51838340195529,8.938510939144475,2.2187766424813438,1
116,"b10000000000101110110001101001101000111001100001100011000100000110000000000000000",3,2281.5650951223797,"b01001000001010100001000001000000001010010000010010000000000001111000011100000000",14,20,0,0,0.779419219150286,75.14941348380881,141.06489676102728,3.4952340519155376,1
117,"b10010100001101010011000111101100011001001000100010100011001111000000001100000000",3,2624.6946384547664,"b01001000001010100001000001000000001010010000010010000000000001111000011100000000",11,22,0,0,0.9335491682778467,277.4301104669593,56.229087308788976,1.2889509573848095,1
118,"b10110001111000011111000011100001110000110000010010010000000000100000000110000000",2,3438.087293220998,"b10111011111001011111000111010001100000111000010000110001000000110000010110011100",13,3,0,0,0.9314017533646316,189.5636997458034,254.22527711023187,2.055569005694017,8
119,"b10100001001001000001000111010001100000111000000001110000000001100000010110000000",2,5318.753601737643,"b10111011111001011111000111010001100000111000010000110001000000110000010110011100",15,2,0,0,0.9677883837587707,102.60886507454899,264.1343183129739,5.714548181516143,9
120,"b11110000101000000110000010000100001000001100001100010001100101010010000111001100",2,3151.0959135967664,"b10111011111001011111000111010001100000111000010000110001000000110000010110011100",15,6,0,0,0.9561044077657368,202.75026035016938,497.4229801446525,3.174064780864925,10
121,"b00110000001001100000001100001011000100000000010000110000110101100011000011000000",0,3631.1171701947906,"b10001000101011100011100100001100010101110100001110000010011001000010110001011000",20,11,0,0,0.8971416968837707,206.37359594128765,88.14523715852502,2.2968244182771764,0
122,"b00100001100000000111000010001100000001111100011110011111100011111011001111101101",2,5530.28455109425,"b10111011111001011111000111010001100000111000010000110001000000110000010110011100",7,10,0,0,0.9068750944432133,313.686983843229,79.48409417065913,2.2084802356360083,10
123,"b00000000001000000010011100000000110000100000000000000000000000000000000000000000",0,3023.725651535523,"b10001000101011100011100100001100010101110100001110000010011001000010110001011000",25,1,0,-1,0.8159106096213592,498.67950205466633,347.72573951872954,3.7492689752271287,0
124,"b00100001101000000100000010001000001000010000000110000001100011010000011101001000",2,7002.589713519175,"b10111011111001011111000111010001100000111000010000110001000000110000010110011100",15,0,0,0,0.8996003657202687,352.9621556626118,223.7943144544536,3.857720468413995,11
125,"b00000000001000000011000111000000011111000110010100010000000001001000000000000000",3,2621.0894995540857,"b01001000001010100001000001000000001010010000010010000000000001111000011100000000",11,10,0,0,0.7957033060137408,226.7148040703256,482.9982316276967,0.4415192234773475,1
126,"b00000010001100001100011100010000111101000011111110000011010000000000000000000000",1,5402.481907215335,"b11001110101000111111000000100000101111000111010100001000111100110000111001100000",19,7,0,0,0.761596485008952,319.385071208031,131.94991411588333,5.403158059082325,2
127,"b00000000000000000000001100010001110100100110001000000000000000000000000000000000",0,1488.43153496281,"b10001000101011100011100100001100010101110100001110000010011001000010110001011000",24,3,-1,0,0.8098540591054011,438.4368183052001,505.20228051531495,5.117737357593814,0
128,"b01010100000001000011010101110101000001111100100000001101110000000100111011000000",0,1826.1362215040751,"b10001000101011100011100100001100010101110100001110000010011001000010110001011000",19,17,0,0,1.3760155254417672,317.8346950062462,195.30206035702992,0.32035931749586377,0
129,"b01000000001101100000000000000011111011110110001111100011000000001001100000000000",3,1862.700767927695,"b01001000001010100001000001000000001010010000010010000000000001111000011100000000",11,18,0,0,0.8410018024494462,283.0279431442125,377.7993020926456,0.35627205432217646,1
130,"b00000000000000000000001000000000000001000100001110000110111101010010010000000000",0,3411.8772294484997,"b10001000101011100011100100001100010101110100001110000010011001000010110001011000",21,5,1,0,0.770274160193878,96.97894096964806,165.24015673379222,4.561327514708671,0
131,"b00000000000000000000000000000001100000001111111110001100110000000011110000000001",0,3577.7304516631357,"b10001000101011100011100100001100010101110100001110000010011001000010110001011000",20,8,0,0,0.7845420060349744,118.21393700083875,183.6248134378643,1.5063632647805516,0
132,"b00000000000111010000001011100000010000000011001000000001100000000001000000000000",3,3335.044661963014,"b01001000001010100001000001000000001010010000010010000000000001111000011100000000",17,13,-1,-1,0.7538728532960487,345.84403910527874,461.2635470420136,4.16611258738291,1
133,"b00100001101000000010000000001110001001111100001110011010100111111010010111011100",2,3158.6943289728324,"b10111011111001011111000111010001100000111000010000110001000000110000010110011100",8,7,0,0,1.016573235947408,479.2830888756531,253.83357373477455,4.157225567432721,12
134,"b00000111100000000110100010010000001110000001010000000101000000000100100000000000",3,4927.843670082992,"b01001000001010100001000001000000001010010000010010000000000001111000011100000000",12,11,-1,0,0.8459584737684117,64.93277717643342,27.238491663481703,1.763414797275852,1
135,"b01100000000000010000000011101000011011000000010001001011001111111011010110000000",3,4229.733346843961,"b01001000001010100001000001000000001010010000010010000000000001111000011100000000",8,17,0,0,0.7839134402115577,106.6705298609304,328.3816378989786,2.704017627185049,1
136,"b11000001100000010000000011001101001000010011011000111111100011111111010110001010",2,2096.7994096335897,"b10111011111001011111000111010001100000111000010000110001000000110000010110011100",15,15,0,0,0.8914718594394584,8.087939404320256,118.97096870714898,4.440224780340125,13
137,"b00100001101000000101000010000111001000011100000011101111101001011011010000001100",2,3355.6555381134376,"b10111011111001011111000111010001100000111000010000110001000000110000010110011100",13,8,0,0,0.8859285129489877,147.71806826846898,4.238079869605933,5.20189644826487,13
138,"b00000000000100111000011111010001111100000100010000000000000000000000000000000000",3,3578.6635770638813,"b01001000001010100001000001000000001010010000010010000000000001111000011100000000",14,12,-1,0,0.7437381467714027,283.48233091329314,3.946213492402809,5.068677599606781,1
139,"b00000000000000000000000000000001111100110010010111000000010000000000000000000000",3,2703.1494305896267,"b01001000001010100001000001000000001010010000010010000000000001111000011100000000",15,9,0,1,0.7597039545838836,244.66142975034884,37.82657245878208,3.878314608025879,1
140,"b00111100100111100000011100001100110000101001000000110000000001000000110110000010",0,1311.9394908727973,"b10001000101011100011100100001100010101110100001110000010011001000010110001011000",17,12,0,0,1.1518295149392073,213.86922651393243,178.6404622267659,0.11765091683986109,0
141,"b01000010000100000010011000011101111011000011111100111111111001111000100011000000",1,481.04148717618494,"b11001110101000111111000000100000101111000111010100001000111100110000111001100000",17,18,0,0,0.8833823679391606,432.40261996621604,504.0331541936566,4.935578210553093,2
142,"b00011100000001111000000000110000000010010001100000001111100000111100011100000000",3,1895.4287557126809,"b01001000001010100001000001000000001010010000010010000000000001111000011100000000",9,15,0,0,0.8944870215000087,321.7849417683279,263.2500117296938,0.9128503500067031,1
143,"b01100000000110000000000000000000000110000101011010011000100100000000000000000000",3,4984.535146839492,"b01001000001010100001000001000000001010010000010010000000000001111000011100000000",14,10,-1,0,0.7856304829084372,479.72418914058323,20.631309402633654,5.295311617498602,1
144,"b00100000100001000000000010011100011001100000111100001111100011001011001010100000",2,1105.9968326194723,"b10111011111001011111000111010001100000111000010000110001000000110000010110011100",19,11,0,0,0.7986601526149137,162.7413958429047,426.68626068928563,0.1477173779776012,13
145,"b00000000000000000000000011000000001111001000100100000000000000000000000000000000",3,3228.401353433497,"b01001000001010100001000001000000001010010000010010000000000001111000011100000000",17,7,0,-1,0.7395579207210551,26.68898427954274,114.39874833494753,2.9685404719153574,1
146,"b00000000000000000000111000000011011110010111001111001000110000000000000000000000",3,981.0800157347811,"b01001000001010100001000001000000001010010000010010000000000001111000011100000000",16,17,1,0,0.8143188029950286,175.99400628442785,203.93542843044054,3.1758509246236595,1
147,"b00000000000000000000000000000001000000000000000000000011010000011111100000000110",3,3909.051933294185,"b01001000001010100001000001000000001010010000010010000000000001111000011100000000",14,7,1,0,0.7650048159567486,447.11544304310337,76.9599292928753,2.6776576575433078,1
148,"b00010000001100110000000001000100110110000110011111111000100001111000000001100000",3,2503.3180287708083,"b01001000001010100001000001000000001010010000010010000000000001111000011100000000",9,18,0,0,0.9680045118696081,339.4534900974163,338.6764534263871,4.817718725115807,1
149,"b10010000000000000100000100001010011000010111001110011111000000000000000000010000",0,2127.9462589452755,"b10001000101011100011100100001100010101110100001110000010011001000010110001011000",21,10,0,0,0.8317722771557825,65.7164221515668,379.03999560942583,0.7960407489099738,0
150,"b00110001101000000100000000001000001100011100000100001111100011010010011101001100",2,7648.100922345841,"b10111011111001011111000111010001100000111000010000110001000000110000010110011100",10,2,0,0,0.9336446500783994,223.5343368713685,42.639747347627505,5.755409515999039,13
151,"b00010000101000000111000011010001101101000011000100011111010011011010010000001101",2,2986.0211965568324,"b10111011111001011111000111010001100000111000010000110001000000110000010110011100",17,13,0,0,0.9235763759136851,425.3294586846562,139.05014857314387,-0.013855225780212865,14
152,"b00000001100000010111000000001100110000000111100000111100001010000000001000000000",3,3133.6711673256104,"b01001000001010100001000001000000001010010000010010000000000001111000011100000000",13,15,0,0,1.0149153228881767,304.1547735599877,49.45075677646057,5.050483251146913,1
153,"b11111000001101101011000011111100110000000100000000000000000000110000000111000000",3,1899.237039301372,"b01001000001010100001000001000000001010010000010010000000000001111000011100000000",10,17,0,0,1.110747391140046,364.80468488555755,411.7417517175942,4.260259134424558,1
154,"b00000000000000000000000000001100001001011010101100011000100011110010011111001101",2,4465.517847199695,"b10111011111001011111000111010001100000111000010000110001000000110000010110011100",15,5,1,0,0.9110720813187431,351.11326934598014,386.2853441053774,1.8187515918539485,14
155,"b00000000000000111110000010001000011110000011100000000100000000000000000000000000",3,3664.365497227686,"b01001000001010100001000001000000001010010000010010000000000001111000011100000000",13,9,-1,1,0.8186233580798163,217.55416391338417,390.304931421337,5.066011701317654,1
156,"b01100000101111001001001110000000101100000011010000000100011000010000000000100000",3,3321.916334149414,"b01001000001010100001000001000000001010010000010010000000000001111000011100000000",12,16,0,0,0.8609431957207793,49.02005719949108,389.86243898552635,4.710181859441343,1
157,"b10000000001001000000000110000000010100000101101001000111110001101001100010000010",0,1869.590675793019,"b10001000101011100011100100001100010101110100001110000010011001000010110001011000",20,12,0,0,0.8795661478982055,457.6663589255496,211.32339844131914,0.9777313346353962,0
158,"b00010001100000000110000010001011001100111100011101110011100011111010000101001001",2,2942.4941763264683,"b10111011111001011111000111010001100000111000010000110001000000110000010110011100",12,10,0,0,1.0920983582482784,154.73021125543113,126.49192111541183,0.11623379710693485,14
159,"b01000000001000000000000000000100000000010000000000000011000000011011010010000000",3,2675.1246592376947,"b01001000001010100001000001000000001010010000010010000000000001111000011100000000",13,6,0,0,0.8919691771025774,25.078112268976856,4.098338703723792,6.401228951046235,1
160,"b00000000000000000000011100000001010011100100101110010011000011000010101100000010",0,1735.4683979203792,"b10001000101011100011100100001100010101110100001110000010011001000010110001011000",19,10,1,-1,0.8357503652869556,387.1172599624826,431.10281511558804,1.5261388489054717,0
161,"b01010100010101111101000100100001110110000110011000111000000000010001100011000010",1,1429.2207227930435,"b11001110101000111111000000100000101111000111010100001000111100110000111001100000",18,13,0,0,0.8349327317639504,445.95307126264316,241.6220916103805,1.6918608257532575,2
162,"b11000001000100000000110001000000000000000001100011010111001100110000000001010000",3,1464.9788980865187,"b01001000001010100001000001000000001010010000010010000000000001111000011100000000",14,16,0,0,1.1628836568541119,395.69764675141414,491.70761281295535,1.200647674550393,1
163,"b00000000010000001111100001110010001111000111111100011110000001110000000100000000",1,3358.666867712367,"b11001110101000111111000000100000101111000111010100001000111100110000111001100000",18,11,0,0,0.9178178406463477,472.4151465884205,376.0568553796844,5.655361799173649,2
164,"b00000000001000000000000001000000000000000000011000100000000000010000000001000000",3,2344.5205369923715,"b01001000001010100001000001000000001010010000010010000000000001111000011100000000",15,3,1,-1,0.7610894566389028,327.1299072469245,247.35223765369253,3.2550383948036536,1
165,"b00000000001000000000000000000000000100001101111000100001000000000000000000000000",3,3336.913758234205,"b01001000001010100001000001000000001010010000010010000000000001111000011100000000",15,6,0,-1,0.7629719201178518,28.116156720804806,70.05500688090845,3.838787441245135,1
166,"b00110001101000000110000010001110001000011100000100001101100011011011011101101101",2,5089.72264440921,"b10111011111001011111000111010001100000111000010000110001000000110000010110011100",7,5,0,0,0.9258093309069353,177.878114015722,490.0937244808224,3.602496780703441,14
167,"b00000000110000000011110011000100100100011111111110110110100001111110010000011100",3,1859.1349299329509,"b01001000001010100001000001000000001010010000010010000000000001111000011100000000",9,26,0,0,0.9635495660390098,186.09303987744343,453.0557493818812,5.222283389809288,1
168,"b00001000000110011000000001111000000011000001101110000000101101000111110010010010",3,2115.120767723927,"b01001000001010100001000001000000001010010000010010000000000001111000011100000000",11,20,0,1,0.9690915108319909,352.8545575432102,373.15207880326835,0.8116057820784784,1
169,"b00000000000000000000111110110001110111110111101101100001000100000100010000100000",0,1788.7652209344596,"b10001000101011100011100100001100010101110100001110000010011001000010110001011000",18,14,0,0,0.8317237370783449,168.7642358163989,194.21341362202833,1.694951200545105,0
170,"b01000000001100000000001100000000110000000111011110011000111100000011110000000010",1,2732.8996356847215,"b11001110101000111111000000100000101111000111010100001000111100110000111001100000",21,10,0,0,0.835993299510908,460.42094475047503,247.8706701326503,3.143754534907422,2
171,"b01011000100000000010000010000011000100010011010000111100100001110000010011001100",1,1423.8545611928034,"b11001110101000111111000000100000101111000111010100001000111100110000111001100000",22,12,0,0,1.06766080457234,405.93002625584705,467.0981507009332,4.120716120851268,2
172,"b00000010100000001011000110010000000110000011111100011111000001110000000000000000",3,3369.8432437774773,"b01001000001010100001000001000000001010010000010010000000000001111000011100000000",13,18,0,0,0.7523798898175375,277.2616923608992,167.76154430801859,4.312984536100714,1
173,"b00000000001000000000101000000000010000001100000000101001100000000101100000000100",0,2101.7111474501776,"b10001000101011100011100100001100010101110100001110000010011001000010110001011000",23,5,1,-1,0.7676606453468315,204.67224462543655,20.967828558889778,4.242021694339196,0
174,"b00010000001000000010000000001010000000011100000100100000100001011000010011101001",2,1342.628864530425,"b10111011111001011111000111010001100000111000010000110001000000110000010110011100",20,4,0,0,1.2520242511970905,0.6987679513022963,391.33503603114724,5.18612469866801,15
175,"b00000000000101111000001100000000111000001001110000111111000101111100001000000001",3,2890.4667384068257,"b01001000001010100001000001000000001010010000010010000000000001111000011100000000",11,20,1,0,1.1877619325378463,409.968601362999,155.91219026117219,5.814727860077664,1
176,"b00100010101000000001000010001100011000111000000110000011100011011010001101001100",2,4363.514923388788,"b10111011111001011111000111010001100000111000010000110001000000110000010110011100",12,4,0,0,1.0320722089473229,8.270566029365732,140.5756437538793,4.547556574437197,15
177,"b00001001000000110110100001100000000001000000000100001001101001100001110000011010",3,1696.3122793738266,"b01001000001010100001000001000000001010010000010010000000000001111000011100000000",12,16,0,0,0.9825267192130929,59.676467582695466,505.06531865256176,0.8125837269694112,1
178,"b00000100000001100100010000001000000001110000001011000100000000000000000000010000",0,5304.198070981814,"b10001000101011100011100100001100010101110100001110000010011001000010110001011000",23,5,0,1,0.7811320392831234,245.9718313175699,410.6457920157391,3.5449268851360736,0
179,"b00001010000000001000000000111000000000001100001000111000000000100111000000000100",0,2545.0809082008827,"b10001000101011100011100100001100010101110100001110000010011001000010110001011000",22,7,0,-1,0.8755923245186941,158.36611624114323,387.9639570293621,0.9375872900696088,0
180,"b00000000000000000000000000001100000001110000111100000101100000110000000000010000",3,2055.952559288605,"b01001000001010100001000001000000001010010000010010000000000001111000011100000000",15,11,1,1,0.7717356166877556,353.05238694516896,102.33372035598411,1.8101927658566987,1
181,"b00010001000000001100000010001000001001001000001100100111100011111010011010001001",2,3323.4585296466084,"b10111011111001011111000111010001100000111000010000110001000000110000010110011100",13,4,0,0,0.9298162590835511,400.916550245685,416.4691572414471,5.0498977103977545,16
182,"b00011000000011101100001101110010111100010011100110100000110001000000000000000000",0,2176.991123141516,"b10001000101011100011100100001100010101110100001110000010011001000010110001011000",20,15,-1,0,0.8392552424325508,41.01827009913838,11.398646062575512,2.749230716414514,0
183,"b00000000000001000000000111001001111110000001011000000001000000011000000000000000",3,2517.1905130776995,"b01001000001010100001000001000000001010010000010010000000000001111000011100000000",13,11,0,0,0.7498814050373362,0.20890093154842476,344.8317960381508,3.881641287097615,1
184,"b00000000000010000000100000011111111001100011110110001001001111110100000111100000",0,1903.5616202761926,"b10001000101011100011100100001100010101110100001110000010011001000010110001011000",20,19,1,0,0.9413110786381571,140.26419766116265,467.8262230724101,1.3932301645562104,0
185,"b00001001001110100111001100000011111000011111000100011000000001100001010110001000",3,2921.193296032421,"b01001000001010100001000001000000001010010000010010000000000001111000011100000000",8,20,0,0,0.9049603169879278,215.69789453262834,312.4769667103834,3.704124775797073,1
186,"b10000100000001110100111111000000110000001000001100101100010000111100000000100000",1,4595.307222671307,"b11001110101000111111000000100000101111000111010100001000111100110000111001100000",24,14,0,-1,0.7703602320674267,289.57489345434544,204.65879490953034,3.982662723123436,2
187,"b00000000000000000010000000000001101000000110010100111011110011111111110111111101",2,2555.694942415363,"b10111011111001011111000111010001100000111000010000110001000000110000010110011100",15,12,1,0,0.8261741463846884,380.3838610939994,78.1318848163059,4.131132334489928,17
188,"b00000000000000000000000101000000000010000000001110000101001100000000110000000000",3,1915.8612975614421,"b01001000001010100001000001000000001010010000010010000000000001111000011100000000",15,8,0,1,0.7435749415696439,422.2735398744282,0.9253512725234032,3.890997101492176,1
189,"b00000000000000000000100000010000000011110000000001001000111011111110110001100000",1,2663.8201698868643,"b11001110101000111111000000100000101111000111010100001000111100110000111001100000",22,8,1,0,0.77223047829554,222.17681245584353,282.6075109185868,2.454880601656547,2
190,"b00000000000000000000100010000000111111110111110110110010100000001000000000000000",3,3654.1029558006085,"b01001000001010100001000001000000001010010000010010000000000001111000011100000000",13,16,0,0,0.7516738734951336,185.58043791583765,139.6237795221917,4.132577395577508,1
191,"b00000000000000000000000000000000000000000001100000000010000000000000000000000001",3,3908.5617448459416,"b01001000001010100001000001000000001010010000010010000000000001111000011100000000",17,2,1,0,0.7313719173951968,464.55657707909296,10.703369835564953,0.332453983594315,1
192,"b00000000000010110000001101000000001110001010111000000000000000000000000000000000",3,3495.158890751482,"b01001000001010100001000001000000001010010000010010000000000001111000011100000000",13,8,-1,-1,0.7476406766485518,179.36096178869073,204.6692835446377,4.895401428811299,1
193,"b00000000000000000000000000000100000011100000010100011000100011100000000100000000",3,1598.2259898457023,"b01001000001010100001000001000000001010010000010010000000000001111000011100000000",14,8,1,0,0.768633042312008,15.866022012773385,468.45189067324105,5.344745925071797,1
194,"b10111001101000000111000010000100001000001100000110100001100011010100011110000000",2,4043.581150430354,"b10111011111001011111000111010001100000111000010000110001000000110000010110011100",13,5,0,0,0.9746440968280996,91.99545857740237,176.95311591022875,6.013438876048102,17
195,"b00010000000111100000111110111001100110000111111011111011111101111111110011000100",0,2399.0713334582697,"b10001000101011100011100100001100010101110100001110000010011001000010110001011000",12,26,0,0,0.9584089957337018,82.70310535388133,38.56982687935163,2.6196603290319125,0
196,"b00000000000000000000000001110000001111101110111111011010001000011000001101000000",3,2141.4632785765943,"b01001000001010100001000001000000001010010000010010000000000001111000011100000000",10,17,1,0,0.8153352648988644,285.005307285074,372.1532001473209,1.4739165303639565,1
197,"b00000000000100000110011000110001001100001100110001100011010011101100001110110010",3,1876.138810029857,"b01001000001010100001000001000000001010010000010010000000000001111000011100000000",8,19,1,0,0.9238201131246104,425.3376569322499,184.0586833160691,1.648613456373093,1
198,"b00000000000000000000000110100000011100000000110000001111000001111000001110000000",3,4838.010756382854,"b01001000001010100001000001000000001010010000010010000000000001111000011100000000",11,11,1,-1,0.7611257068809176,450.47715349195556,332.1530813410715,0.891920157649217,1
199,"b10110100001001101000001111001101100100110100001110010101110010111100000110010010",2,1803.363319617395,"b10111011111001011111000111010001100000111000010000110001000000110000010110011100",16,17,0,0,1.3940828285981326,418.2429565450705,231.25413806642055,5.29104921761645,17
200,"b00000000000011110000000111100000101110000000110000001000000000000000000000000000",3,1870.7349969910274,"b01001000001010100001000001000000001010010000010010000000000001111000011100000000",13,9,-1,0,0.7993103900705519,489.04899426261346,467.8150051226958,3.8426664803162494,1
201,"b01000000000011010000100111110010000000100100000011011000000001100100000000010010",3,2205.591993558181,"b01001000001010100001000001000000001010010000010010000000000001111000011100000000",13,16,0,0,0.8509642587218854,39.321378083428236,247.9426962034708,4.450832598003942,1
202,"b00001110000001111100001001101100001110010000011111000001101000000000010000000000",3,2709.2285024663065,"b01001000001010100001000001000000001010010000010010000000000001111000011100000000",10,17,-1,1,0.8343543976484232,217.69266142085928,343.077994161273,4.306090295684503,1
203,"b01000110000000011000000000100000100001000100001010001010100011000000010111001101",1,2325.987782270016,"b11001110101000111111000000100000101111000111010100001000111100110000111001100000",23,10,0,0,0.8908975906410069,288.3416824835211,239.62993581328215,1.4287200540491147,2
204,"b11000000001010000000001011111100110111110001011110000011011000011001100000000100",0,2367.128755408381,"b10001000101011100011100100001100010101110100001110000010011001000010110001011000",15,15,0,0,0.8080140893578186,102.1237527473393,119.94218257528578,4.414235877650709,0
205,"b00000000000000000000000110000000001000000010110000001100011000000000010000000011",3,3614.595934381602,"b01001000001010100001000001000000001010010000010010000000000001111000011100000000",15,9,1,1,0.7223891629621589,33.69140152081206,256.5682923271601,0.8577131964308969,1
206,"b00000000001100000000011001000000101110001111111000111100100000000000000001000000",0,4490.35456698233,"b10001000101011100011100100001100010101110100001110000010011001000010110001011000",18,8,0,-1,0.7479783297123633,137.50754624708048,42.002028614218844,2.9065395640019642,0
207,"b01001000001000000001000001000000001100010000010001000000000011001000111100100000",3,6281.038934381753,"b01001000001010100001000001000000001010010000010010000000000001111000011100000000",6,5,0,0,1.0763210543329287,245.92185491671785,78.53353120147975,5.0144086917146895,1
208,"b00000000000000110000000010101000011010100001000111000011000100001001000000000000",3,2214.5578289500554,"b01001000001010100001000001000000001010010000010010000000000001111000011100000000",14,13,0,1,0.7315554973394073,265.529920233478,215.06783341591768,1.3338512631721042,1
209,"b00000011000001111000000111100000011111001111111110011101011110110010100000000010",1,1808.3444411184446,"b11001110101000111111000000100000101111000111010100001000111100110000111001100000",15,16,0,0,0.8409288190631097,417.52031227677844,439.78105323974864,5.209504782104997,2
210,"b00010000101001000111000010011000001000010000000111001111011011111100011110000001",2,4010.447009580906,"b10111011111001011111000111010001100000111000010000110001000000110000010110011100",13,9,0,0,1.0680120655596217,488.24565011374614,68.41354769566883,5.225032390159459,17
211,"b00110001101000001111000011001001011110010100110100001001100011110000001101001100",2,2591.719137805787,"b10111011111001011111000111010001100000111000010000110001000000110000010110011100",11,9,0,0,1.0358343876388236,501.767779764315,43.01099209296994,5.742443927813838,17
212,"b00011001101100000110000010011000001100010110111010001111111011011110011111101101",2,2683.7306967787326,"b10111011111001011111000111010001100000111000010000110001000000110000010110011100",7,13,0,0,0.9659923506388695,471.47412149825396,429.1981791234031,1.0798656266099613,17
213,"b10010110111001011001100111000000111000011011010000010001000000000010010010000000",2,4308.565026845221,"b10111011111001011111000111010001100000111000010000110001000000110000010110011100",15,7,0,0,0.8985580497803104,20.800429310852255,330.6427652596051,1.4265433471482254,17
214,"b10100001001000000000111011000000001000010010000010000001011000000111100000010000",3,2743.1231118447326,"b01001000001010100001000001000000001010010000010010000000000001111000011100000000",14,16,0,0,0.8910590682051697,26.390798594303813,357.25115130034726,2.6988241150108907,1
215,"b00011000000011100000100001001000111000100001110110000000001000000000100000000000",0,2372.925624900681,"b10001000101011100011100100001100010101110100001110000010011001000010110001011000",20,7,-1,0,0.8620362837272397,45.177115697675795,422.4471335625054,4.582452432362473,0
216,"b00010000010011100010001111011000001110000000100000000000001000000000010000000000",3,3200.546192256267,"b01001000001010100001000001000000001010010000010010000000000001111000011100000000",13,12,-1,1,0.7599462491178312,471.28079622677575,223.8561329969871,1.3431198893699166,1
217,"b00000011000000000010000010001100011001010010011100110111100011111010001110001100",2,3307.674437574344,"b10111011111001011111000111010001100000111000010000110001000000110000010110011100",15,10,0,0,0.8668245104045024,318.1590410155233,383.9975065520444,2.1187124003380764,17
218,"b00000000000000110000000011001101110011110111111100111111000011110000000110000000",3,2909.4559134733586,"b01001000001010100001000001000000001010010000010010000000000001111000011100000000",10,23,0,0,0.9495148738316216,145.83771306949802,109.52300733112484,4.453184431837197,1
219,"b00000000100000001110000001110000011100000011010000111000000000000000000000000000",3,4071.1213220111113,"b01001000001010100001000001000000001010010000010010000000000001111000011100000000",12,9,-1,0,0.9205823216503443,246.4169435427975,180.3803106473573,2.1172907235589644,1
220,"b00001100000001110000001111000000111100000011111100111001111111100001100000000010",0,2727.1970193763605,"b10001000101011100011100100001100010101110100001110000010011001000010110001011000",16,17,0,0,0.9274993851796337,97.58814022039525,330.2355231854346,3.0930779673187105,0
221,"b00000001001101000010011101000000111000100100100000110000100111000011010100010001",0,7109.273002542098,"b10001000101011100011100100001100010101110100001110000010011001000010110001011000",8,3,0,0,0.8199438060660147,72.35613260273709,122.76620685401106,4.370179629640239,0
222,"b10110000001011000110000000000011000101100001011110000111111100001011100000000010",0,2450.8009765021734,"b10001000101011100011100100001100010101110100001110000010011001000010110001011000",16,14,0,0,0.8510619181566498,130.08738442596686,159.97293069985682,5.2326394012615385,1
223,"b01100000000011000000000111000000001110000000111000000001000000000000000000000000",3,8420.848797538485,"b01001000001010100001000001000000001010010000010010000000000001111000011100000000",13,8,-1,0,0.7615857450618296,380.6843757685444,21.566594061065413,1.08738928618591,1
224,"b00111100000010010000000000110100001111010100011100000111001001111101111100101100",3,3665.677068057898,"b01001000001010100001000001000000001010010000010010000000000001111000011100000000",6,22,0,0,1.1495571798425879,432.64941918840265,214.89278914297842,4.604000829417306,1
225,"b00000000001000000000000110001000110010110011111111011111101000111000001011000000",3,2295.206714752121,"b01001000001010100001000001000000001010010000010010000000000001111000011100000000",10,21,1,0,0.7956212195265815,277.68041112518165,129.78328390561222,1.090084561012456,1
226,"b00001000000011110000000111000000111111001000000100010000000000011000110001100000",3,1901.0578986236028,"b01001000001010100001000001000000001010010000010010000000000001111000011100000000",10,14,0,0,0.8225600902907275,158.51837548877214,275.0842032997602,0.5976519866334591,1
227,"b00010001000000000011000010001011001100100010001110000111100000000000000000000000",3,2420.54633502854,"b01001000001010100001000001000000001010010000010010000000000001111000011100000000",15,15,-1,0,0.7717237974096979,275.47185452171976,387.80104797002457,4.2465863618984985,1
228,"b00110001101000000100000010001000001000010100000100000011100001000110011111001101",2,5677.918590460691,"b10111011111001011111000111010001100000111000010000110001000000110000010110011100",11,1,0,0,0.9792547894689156,130.9060594165633,240.10024743193281,4.681845249344937,17
229,"b00110001101000000110000000001100001000011100000000001111100111011010011111000100",2,5018.382563440815,"b10111011111001011111000111010001100000111000010000110001000000110000010110011100",9,3,0,0,0.8799743555222646,36.35530330806787,230.3321429123201,2.8203074139875293,18
230,"b00110000101000000100000010001000001000010100000110000011100011111000011111111101",2,4682.561114170441,"b10111011111001011111000111010001100000111000010000110001000000110000010110011100",7,1,0,0,0.929140067551806,165.17316917090955,428.77359060230145,4.076112131120433,19
231,"b10000000000001111000000001110000000111100000001110000001011001000110000011000000",3,2867.2625956852557,"b01001000001010100001000001000000001010010000010010000000000001111000011100000000",14,18,0,0,0.937747159384772,211.460842506354,214.7330755961149,5.264478691483454,1
232,"b11000000001000011100000001111100000011000000011100000011100001111100000111010000",3,2941.832105858633,"b01001000001010100001000001000000001010010000010010000000000001111000011100000000",9,18,0,0,0.9191819530618512,465.7242908516494,189.12379975400478,5.521543596969749,1
233,"b00100011111001001011000100010001100000101000000000010001000000100000000110011000",2,7174.061635934582,"b10111011111001011111000111010001100000111000010000110001000000110000010110011100",13,0,0,0,0.9043156804641364,264.66819373919935,143.69814624851327,3.1624227733871404,20
234,"b00100000101010111010000001100000000000110000000000100011000000011100010000000100",3,3429.227926535288,"b01001000001010100001000001000000001010010000010010000000000001111000011100000000",11,12,0,0,0.8737159178190768,195.76585141325876,146.30996642091282,3.030261372368911,1
235,"b00001000000001100010000100000100000001110001101110001001010000100100100000000000",0,3275.320924807298,"b10001000101011100011100100001100010101110100001110000010011001000010110001011000",18,6,0,1,0.748764781430125,219.0595723878047,114.19064706797667,4.570130161827688,1
236,"b00000000000000000000000000000100001110110001100110001111000000111000000010000000",3,3840.6791990889715,"b01001000001010100001000001000000001010010000010010000000000001111000011100000000",12,11,1,1,0.7480532862720679,0.8251793176713197,58.46909645886154,1.3325954797586737,1
237,"b01001010100000110001000001100000101001000100000000001000111000110000111001100000",1,4456.6807303516725,"b11001110101000111111000000100000101111000111010100001000111100110000111001100000",13,1,0,0,1.0772585008851174,243.569828501076,330.6444579219738,4.08213966130781,2
238,"b00001000010000000010000001000000000000000001100000001100000001000000000000001000",3,2940.403571517795,"b01001000001010100001000001000000001010010000010010000000000001111000011100000000",16,7,0,0,1.0399157921514386,245.71186794806155,303.5284411672754,3.9784905619372912,1
239,"b00000001100000000010000010000010001100011000110101111111100011110000000110001000",2,4812.339496563529,"b10111011111001011111000111010001100000111000010000110001000000110000010110011100",18,9,0,0,1.0006543417975753,428.82203907541424,75.90079706148776,4.914763240056384,21
240,"b00100000001000000010000110000100001001001100111000000111100101111011010111000000",2,4387.676814532711,"b10111011111001011111000111010001100000111000010000110001000000110000010110011100",17,9,0,0,0.8668556399070851,195.82380281707302,85.02715137876795,3.5444587838028347,21
241,"b00000001101110011110001110001100110000010110000000000010000000011100000000000110",3,1593.4966184011378,"b01001000001010100001000001000000001010010000010010000000000001111000011100000000",14,20,0,0,0.8838809790060632,306.2278306981279,422.34978598335186,1.8010128695884742,1
242,"b00000000000000000000000100110000000110000011000001001001110001110000000000000000",1,2673.9169671933287,"b11001110101000111111000000100000101111000111010100001000111100110000111001100000",26,5,0,0,0.7815571908269889,501.911695088527,321.8589838752451,3.4736505916511407,3
243,"b01110001000011000001011110001011110000111100001100110000000101000011010000110001",0,3204.2878610375756,"b10001000101011100011100100001100010101110100001110000010011001000010110001011000",12,12,0,0,0.9845195999230164,62.06435123795965,291.6618680385605,5.973482571288585,1
244,"b00000000100011011011100101111010001100010001001000001000100001000000000011000000",0,2233.2706853838927,"b10001000101011100011100100001100010101110100001110000010011001000010110001011000",19,11,0,0,0.8768745647724916,107.62071622170097,222.8019533468361,5.886726716116763,1
245,"b00000000000000010000000000001000000100110011111100100111110011111111000111100000",2,5313.491445480453,"b10111011111001011111000111010001100000111000010000110001000000110000010110011100",21,14,1,0,0.8494653163308199,502.5048251048491,185.07746720744336,1.3456399280159186,21
246,"b10110011111000001111000100110000110000011011110000011111000000100000010110001000",2,5420.371241323732,"b10111011111001011111000111010001100000111000010000110001000000110000010110011100",11,8,0,0,0.8741135608925079,141.64470162679004,374.8178716346287,1.6896463047809767,21
247,"b00010000001000000100000010000000000000001000000010001111100011011000011110001001",2,5977.799513858903,"b10111011111001011111000111010001100000111000010000110001000000110000010110011100",16,1,0,0,0.8356332233902616,102.54124915678128,147.82082971424322,6.04706150346906,21
248,"b00000000000100000000011100000011010000010110011111011111111011110010110111000001",2,1624.1797727476987,"b10111011111001011111000111010001100000111000010000110001000000110000010110011100",18,16,1,0,0.8236934284821573,476.31511346408587,434.6641880967567,2.7162596574869804,22
249,"b00100001101010000011000010001100001000101100010100001100100011010011010111001101",2,4141.308766491084,"b10111011111001011111000111010001100000111000010000110001000000110000010110011100",12,7,0,0,1.0481815268757655,52.04083817994053,272.14044349843806,0.2738801860555471,22
250,"b00000000001100000000011001100011111100001110010000000000110000000000000000000000",3,3427.0936915657876,"b01001000001010100001000001000000001010010000010010000000000001111000011100000000",14,13,-1,-1,0.7399386149661978,477.9734301977385,31.61784579490769,3.6772452044794286,1
251,"b00000000000011000000010000000001001110000100110000000000000000000000000000000000",3,3130.8095389949926,"b01001000001010100001000001000000001010010000010010000000000001111000011100000000",15,6,0,-1,0.7773911874413781,296.2263539419525,9.405903506837163,0.714862593543798,1
252,"b00110000101100000110000000001100001101001100110100001111110000111000011111100000",2,2008.433523603796,"b10111011111001011111000111010001100000111000010000110001000000110000010110011100",13,9,0,0,0.918743523678776,45.060807643704905,19.523679998672627,5.948875624878511,22
253,"b00000011000110000000011000000000101010101111101001110001110101100111110000010001",0,5240.867142129657,"b10001000101011100011100100001100010101110100001110000010011001000010110001011000",10,10,0,0,0.8234228368676305,408.9942804979373,260.7116908430228,4.4323821790419995,1
254,"b10110001111001011111000111111000101100011000010001010001000001100000000110001000",2,3537.390418288029,"b10111011111001011111000111010001100000111000010000110001000000110000010110011100",9,6,0,0,0.8846729320819761,440.27007762954366,341.73071732815987,4.513044459976541,22
255,"b00010000000011000000000000101010001011000010111110000001001000000000000000000000",3,2832.35883984632,"b01001000001010100001000001000000001010010000010010000000000001111000011100000000",14,12,-1,0,0.7442706440693642,114.67631407236593,459.7394345623747,0.5017846907346237,1
256,"b00000000000000000001000010000001101111101110111101000100111100000000000000000000",1,3528.0527963350146,"b11001110101000111111000000100000101111000111010100001000111100110000111001100000",22,8,0,0,0.7804555030766681,142.18531223399285,186.13871541826472,3.0636794578902635,3
257,"b10000000101000011000000111100000000110011110100000000011110001111100000000010000",3,1885.1679629306632,"b01001000001010100001000001000000001010010000010010000000000001111000011100000000",11,18,0,0,0.9091430723948855,25.25103038538392,496.79382689450716,0.5045904711488021,1
258,"b00000000000011000000000100000000000101100000000110000000000000000000010000000000",0,4166.91439303765,"b10001000101011100011100100001100010101110100001110000010011001000010110001011000",23,0,0,1,0.7547006088705573,160.39223117932596,113.9062525118635,2.21572588816411,1
259,"b00011000000000110000000110000010001011110001101111000111000001111100001011000000",3,3244.4777527514207,"b01001000001010100001000001000000001010010000010010000000000001111000011100000000",8,18,0,0,0.9969008590740496,381.81618686201335,126.37415705913904,6.235756488491585,1
260,"b01100000000100011000000000100001101111100000000110000000011100001110111000110000",3,2138.63585791532,"b01001000001010100001000001000000001010010000010010000000000001111000011100000000",12,19,0,0,1.1188100286973612,16.829430393268293,456.4508068259263,0.8573679192122654,1
261,"b00000000000000000000110010001101101000100101011110011111110111111111100111101000",2,2274.229924921225,"b10111011111001011111000111010001100000111000010000110001000000110000010110011100",15,16,1,0,0.8062207718167003,490.51482177700956,275.66124051791365,2.1246993015354723,23
262,"b10011000000000101000011011110110000001001100010011010011000011000000001100100010",3,2219.555200455536,"b01001000001010100001000001000000001010010000010010000000000001111000011100000000",11,20,0,0,0.9941968545725554,146.42725153937965,177.8041125419675,3.865446722586499,1
263,"b00000000000000000000101100001110011001100011110110000111111001110110110100010000",0,2578.800276446551,"b10001000101011100011100100001100010101110100001110000010011001000010110001011000",15,14,1,0,0.8533040991622509,385.7703612821437,66.38342450713861,4.116685254280265,1
264,"b01000001100001101101000011111010110000011000011000110000100011100000010011001100",2,3607.7504476257727,"b10111011111001011111000111010001100000111000010000110001000000110000010110011100",16,11,0,0,0.9459465363194669,174.18457056701516,12.687820331636441,5.615916967973555,23
265,"b00000000000100000000010000011100001000111100110000110010000100100110001111001001",0,1554.6537135879912,"b10001000101011100011100100001100010101110100001110000010011001000010110001011000",19,12,1,0,0.9916871470169943,220.1181560294905,368.8853022757541,3.9262936717216324,1
266,"b11000100000000000011000000100111011110000110111000011011111001100001100010000100",1,1852.5837652038972,"b11001110101000111111000000100000101111000111010100001000111100110000111001100000",18,13,0,0,0.9510750255005765,164.95718646124314,64.00978457878485,0.6141038037093403,3
267,"b00000000000000000100000000001000111001000011100010011110100011110000001110000000",3,3620.4439193899666,"b01001000001010100001000001000000001010010000010010000000000001111000011100000000",12,15,1,-1,0.8777522558653531,497.2502749366348,361.5028415858531,5.4286173316095265,1
268,"b00000000000000000000000000000000000000000000011110000011100000111000000000000000",3,2620.7247477991796,"b01001000001010100001000001000000001010010000010010000000000001111000011100000000",14,5,1,1,0.7444218726460455,428.75177049666075,166.0411869144966,0.015576582074896816,1
269,"b11001000001110000010011000000001110100000101100000011110001101100101110000000100",0,2573.94305872694,"b10001000101011100011100100001100010101110100001110000010011001000010110001011000",15,12,0,0,0.9641785061506634,219.61380864811017,302.72603914405573,3.608708048966372,1
270,"b00000000000100000000011000000001100000000110000100000100000000111111000010111001",0,2246.248811758758,"b10001000101011100011100100001100010101110100001110000010011001000010110001011000",20,8,1,0,0.8283961068401627,64.77269798395334,426.455028797597,3.6649482877180306,1
271,"b00110001101000000000000000001000001000010000000110001111100011111000011111001000",2,5873.573155236027,"b10111011111001011111000111010001100000111000010000110001000000110000010110011100",11,1,0,0,0.9217262715948609,358.46885184530885,171.75460173802347,3.6168873619922595,23
272,"b00000000000000010000000001000000011100000000111000000001000000000000000000000000",3,5136.019176898354,"b01001000001010100001000001000000001010010000010010000000000001111000011100000000",16,6,0,0,0.7141072402511717,198.71726394130258,240.37855748571332,2.741654985742539,1
273,"b01001000110000000111000011011111001100010100110110011111100011111100001110001101",2,3622.6978280482335,"b10111011111001011111000111010001100000111000010000110001000000110000010110011100",10,14,0,0,0.898208179687844,87.29089300482825,8.487817658746298,0.5924073898946864,24
274,"b11000000001110110011001111000000101110000001011000111111101011110000100010000000",3,1899.2727583519145,"b01001000001010100001000001000000001010010000010010000000000001111000011100000000",7,22,0,0,0.9577429391199609,486.6349367050139,100.87757341747245,2.7497236433363836,1
275,"b00110001101000000110000010001000001000001000100110001111100011000010010100001101",2,5884.6798163879175,"b10111011111001011111000111010001100000111000010000110001000000110000010110011100",12,3,0,0,0.8814808018349933,488.4900937484313,167.63017608498515,0.5635118679359927,24
276,"b10010001000001011111001111110001111001100011110000110011000001100000110110001000",2,3635.8362076537887,"b10111011111001011111000111010001100000111000010000110001000000110000010110011100",11,11,0,0,0.9601057778015676,265.72050158110494,396.20608316297285,4.203583736633773,25
277,"b00000000100100010011011001000100000000001101111000111111100000110010010000000000",0,2559.869676899313,"b10001000101011100011100100001100010101110100001110000010011001000010110001011000",18,12,0,0,0.8325723279109623,20.283839687880914,172.86922901989283,5.779970717431633,1
278,"b00010000101011000101100000011110001001010000000001111000000011000000000000110000",3,1890.877078000019,"b01001000001010100001000001000000001010010000010010000000000001111000011100000000",13,17,0,0,1.2096183295534433,351.36981423325244,472.7276806886955,2.1148100841920225,1
279,"b00000000001011000010100100001100111000010101110010000110110001011111100001000000",0,3500.100714423957,"b10001000101011100011100100001100010101110100001110000010011001000010110001011000",14,11,0,0,0.7958538442426605,200.35383004640707,271.2577937738974,4.859852166019223,1
280,"b00101110000000011000001011100000010110000100010000011011001111100100000000010000",3,2616.838960442784,"b01001000001010100001000001000000001010010000010010000000000001111000011100000000",12,19,0,0,0.7726380765254579,250.4577214914247,187.996480801418,3.3310655040759167,1
281,"b00000011100011111110000011111010000001111000110100000000001000000000000000000000",2,5016.921701235956,"b10111011111001011111000111010001100000111000010000110001000000110000010110011100",21,9,-1,0,0.8632443319722436,475.7240534725845,101.37245846046878,0.5600065876171001,25
282,"b01001000100100000010010011001111000000000011000010111110110011111011010000111100",2,1857.2528483652754,"b10111011111001011111000111010001100000111000010000110001000000110000010110011100",17,15,0,0,0.9427787747376056,469.4347838252645,390.2165789386877,4.354389574853262,25
283,"b00000000000000000000000011111000001111100110101111010010011011001000100100000000",3,2301.697180073926,"b01001000001010100001000001000000001010010000010010000000000001111000011100000000",12,19,0,0,0.76325238915225,166.2985149792391,340.37178896330784,2.756220434667723,1
284,"b00000000000000000000000000100001100100001100011000111000100011000000000010000000",0,2423.000933603369,"b10001000101011100011100100001100010101110100001110000010011001000010110001011000",22,5,1,-1,0.749750112623606,163.25312890032546,193.4919476022132,0.6612412914961185,1
285,"b11011000001001101111000111101101111100000010000011110000000111000000000110000000",2,2219.14003129958,"b10111011111001011111000111010001100000111000010000110001000000110000010110011100",18,14,0,0,0.879041980645411,277.18945347550454,89.14977595370581,4.141359722439335,25
286,"b10100000001001011110000101111101110101000011110000110101000011000000000100000000",3,1763.6670578335975,"b01001000001010100001000001000000001010010000010010000000000001111000011100000000",10,21,0,0,0.833627266382528,231.62318444285623,95.60302644358039,4.943357588015418,1
287,"b01110000111001011110100111110001111000111110010000010000000011100000010110001100",2,4785.209848725047,"b10111011111001011111000111010001100000111000010000110001000000110000010110011100",9,9,0,0,1.187050860501086,429.05181844754946,169.5080026186611,3.228276817819088,25
288,"b11000000001000010000100011110100001001000000000001100100000100111000000010010000",3,2708.7314364344193,"b01001000001010100001000001000000001010010000010010000000000001111000011100000000",12,14,0,0,1.3469191648662835,427.911223504586,315.4499913185894,5.643421445078426,1
289,"b00100010100110000110011111000000111000000000000000110000000001000000000000000000",0,3241.396861166466,"b10001000101011100011100100001100010101110100001110000010011001000010110001011000",21,7,-1,0,0.7968411966854939,355.8445428624517,244.70402144759868,2.9040261456992145,1
290,"b00000000000000000000000001100000000111110000011110000000000000000000000000000000",3,3364.069626960983,"b01001000001010100001000001000000001010010000010010000000000001111000011100000000",14,6,0,1,0.7786111506223451,25.234143483473957,60.77617389632077,5.865116138614884,1
291,"b01100001100000000111100001110001100111001111110011111111000000111111100001111110",3,2111.657103198604,"b01001000001010100001000001000000001010010000010010000000000001111000011100000000",7,31,0,0,1.1247030099450355,330.1466903759002,56.234602610819266,1.7433760570825347,1
292,"b00110011101000000110000000001100100000011001000110001111100011110000011110011111",2,4987.786546075027,"b10111011111001011111000111010001100000111000010000110001000000110000010110011100",8,6,0,0,0.9974235863868941,209.89506395057248,183.60783137332754,3.9168511235258894,25
293,"b01000000001000000000000010000000000101110000000100000010000000011000000001000000",3,3229.3698619754464,"b01001000001010100001000001000000001010010000010010000000000001111000011100000000",14,7,0,0,0.8121978292316594,295.39496562787303,324.3357152120954,3.608489725426952,1
294,"b00100000001000100011000010001000001110001000011101000111110000011111100100000000",3,1497.4312472533484,"b01001000001010100001000001000000001010010000010010000000000001111000011100000000",11,19,0,0,0.9370202586851538,494.08973281615164,198.12224147033004,5.000976536217164,1
295,"b00000000100000110010000010001100111100011111110000011110000000110000000001000000",1,2397.8427207511095,"b11001110101000111111000000100000101111000111010100001000111100110000111001100000",21,10,0,0,0.840082636752649,442.9292002610961,114.3345543501273,4.436519698051946,3
296,"b00000000000100000000010000000001110000000110001000110011100011000111000000000100",0,2944.330881521878,"b10001000101011100011100100001100010101110100001110000010011001000010110001011000",16,3,0,-1,0.7867208381337067,113.60384030790753,8.74316795825458,0.423849931279198,1
297,"b00000000000100000000110000000000100000000000000000000001110000001110010000000001",0,1583.840553532218,"b10001000101011100011100100001100010101110100001110000010011001000010110001011000",24,4,1,0,0.858539201667899,93.85297135505124,365.5896122233073,2.369280891369173,1
298,"b01011000100100000111000010001011001001000100010100010111100011111010010110001100",2,3293.914570000275,"b10111011111001011111000111010001100000111000010000110001000000110000010110011100",13,10,0,0,0.8541283976252982,458.50517402307725,66.16916095864035,1.9678586578446693,26
299,"b11001000001011001110100100110100010000010101000000010010111001001111000000000010",0,3058.5969199070923,"b10001000101011100011100100001100010101110100001110000010011001000010110001011000",15,12,0,0,0.871763353397194,293.2758485715031,309.34214166421265,1.5783476814112753,1
300,"b00110001100000000110000000011100001000011000000100111111000011111100011111011001",2,4955.285711424676,"b10111011111001011111000111010001100000111000010000110001000000110000010110011100",9,6,0,0,0.9709259974860702,402.3925943645555,455.70805652632333,3.26739801099828,26
301,"b01001110000100001100001000000000110000001000010001110111100100111011001100010000",3,2206.2602721191643,"b01001000001010100001000001000000001010010000010010000000000001111000011100000000",12,21,0,0,0.892399473908022,66.24353848184361,147.8515066414963,1.3409329645286179,1
302,"b11010000000001100011000011001000011000110000110110000000000011111000000100000000",3,3109.0285739754213,"b01001000001010100001000001000000001010010000010010000000000001111000011100000000",6,11,0,0,0.8556557444777827,437.18341657850476,111.40187283445287,4.886876907431773,1
304,"b11000000000111100000001111000000111111000011111100011110000001111100110000110110",3,2918.9430785075974,"b01001000001010100001000001000000001010010000010010000000000001111000011100000000",7,25,0,0,0.7894327569367969,386.8366017682851,252.22939419442966,3.38633351724192,1
305,"b10011001101001011111100111111101111001001010100011010011001011000000000100000000",3,2593.470631243865,"b01001000001010100001000001000000001010010000010010000000000001111000011100000000",8,26,0,0,1.1060388481154575,142.87565476391399,213.19328990567996,2.223074078920221,1
306,"b00010000000001011110011101111011100011000000000110001110000000111101000001100100",3,1782.1836193377924,"b01001000001010100001000001000000001010010000010010000000000001111000011100000000",11,23,0,0,0.8079279534475923,51.408429680719586,103.26224966733626,5.884094990111148,1
307,"b00000011100000001110000101110000000110000001111000000110000000000000000000000000",3,4119.412774448701,"b01001000001010100001000001000000001010010000010010000000000001111000011100000000",12,11,-1,0,0.8553363235321558,389.1260389592097,80.76683309261615,3.8151310627260564,1
308,"b00010001101000001010000110011011011001010000011100010111100011010100010000011000",2,1958.413670965067,"b10111011111001011111000111010001100000111000010000110001000000110000010110011100",17,12,0,0,1.108932640811654,418.53145381733833,497.7876748600667,1.078547509977279,27
309,"b00000000000010011000011000110000000000100001001000000101100010000111110101011010",3,2164.8462812397993,"b01001000001010100001000001000000001010010000010010000000000001111000011100000000",10,15,1,0,1.196868875261094,415.10883301577405,195.40164906760486,3.8811394337266156,1
310,"b10001000001111000010000100001100111001110111000111101111110011100111100010000010",0,1530.159915915033,"b10001000101011100011100100001100010101110100001110000010011001000010110001011000",11,17,0,0,0.8695835368136129,64.06966425808096,29.782548791224094,2.3859695889914616,1
311,"b00100001101000000100000010000000001000010010000100011011100001010000010000000000",2,5208.028678467171,"b10111011111001011111000111010001100000111000010000110001000000110000010110011100",20,2,0,0,0.9636034143287632,219.67163815969985,213.25423428092571,5.862875260154118,27
312,"b01000011000000001100000000000111001100010110110100011111010001111111010111101110",3,1368.4911303227357,"b01001000001010100001000001000000001010010000010010000000000001111000011100000000",9,27,0,0,1.0189750972841092,328.0636017334433,303.6426880651961,4.691272754909212,1
313,"b00111001101000000110000010011010001000111110011100011111100011111110011011011100",2,4690.9719962467325,"b10111011111001011111000111010001100000111000010000110001000000110000010110011100",5,10,0,0,1.0248811817546892,466.3091502421804,173.63010479001963,0.5975430089182525,27
314,"b00000000100000000001000100000000001111101101010000010000000001000000000000000000",0,2591.2742952947187,"b10001000101011100011100100001100010101110100001110000010011001000010110001011000",24,6,-1,0,0.7736386626735379,393.0655504261051,131.4617696882368,2.6867561577880616,1
315,"b00100011000000000111000010001010011000001101000010001001100111101111011110001101",2,3626.390240602065,"b10111011111001011111000111010001100000111000010000110001000000110000010110011100",12,9,0,0,0.8756291550419943,113.66995820017243,377.90625427811335,2.4990532369452536,28
316,"b00000011001110000110000010001100011001000000110110111111100011111111000110000100",2,3574.6936638375655,"b10111011111001011111000111010001100000111000010000110001000000110000010110011100",14,13,0,0,0.8596555366408914,404.6045609451903,352.18451567522635,2.320010735767898,28
317,"b00000000000000111000001010000010110000000011100000000110001100001011100000000100",3,1434.5078652318962,"b01001000001010100001000001000000001010010000010010000000000001111000011100000000",14,15,0,0,0.8044468549500202,34.106541796312534,227.7490713991234,3.0776193252044464,1
318,"b01100000001101000000011011000000110111000000011110000000011000000000000000000000",3,4734.20677354773,"b01001000001010100001000001000000001010010000010010000000000001111000011100000000",13,14,-1,0,0.7884654211693337,274.3853938883768,144.06200686958056,5.39325293493873,1
319,"b00000000000000000000000010000011111001100011111110000101110000000001100000000000",3,1985.59147148605,"b01001000001010100001000001000000001010010000010010000000000001111000011100000000",14,16,0,0,0.8553962715903187,78.35542597273464,475.9731248882777,2.68803521747477,1
320,"b00101001100111100000011100001000101000000000010110000110000000011110000000110000",3,1632.8245061554867,"b01001000001010100001000001000000001010010000010010000000000001111000011100000000",11,17,0,0,0.8009856915585879,83.82754309276464,442.21278529286053,4.499710679907391,1
321,"b00100001001000100011010011000001001100011000000010001011100011010000010111011000",2,5802.850470790418,"b10111011111001011111000111010001100000111000010000110001000000110000010110011100",15,7,0,0,0.962940033978352,156.42787701711575,302.7746933417353,5.922887668046307,28
322,"b00001000101000000111100011010000001110000110110000011000000000000000000000000000",1,4084.0919635723258,"b11001110101000111111000000100000101111000111010100001000111100110000111001100000",23,6,-1,0,0.7743160932389619,362.469431666972,292.6079297420818,0.524017379202216,3
323,"b00100000001110000000111000000011110000010001111111000010111100000000110000000010",3,3312.528273538925,"b01001000001010100001000001000000001010010000010010000000000001111000011100000000",12,20,0,0,0.8319905976436098,135.5095466200236,290.49690639738577,2.088630004944412,1
324,"b00000000000001110000011111000000011111100100011110000110111000000000110000000000",0,1614.153754166165,"b10001000101011100011100100001100010101110100001110000010011001000010110001011000",16,10,0,0,0.7744799669613932,242.289393596702,476.9387039015498,0.44601403156763425,1
325,"b00110001101000000110000010000100001100011100000110001111100001111000011111111100",2,4739.62745236058,"b10111011111001011111000111010001100000111000010000110001000000110000010110011100",6,4,0,0,1.0687207850619926,464.12727400594684,358.85126587369547,3.8987731688092473,28
326,"b00100001100111000110000110011100011000011100100011001011100011110110101110100000",2,2324.328063822046,"b10111011111001011111000111010001100000111000010000110001000000110000010110011100",12,12,0,0,1.0261686649482575,99.56180220891393,493.3305139451106,5.335604318045627,29
327,"b00101100000000010000101010100010000100110000000101000110010001000001100101110110",3,953.6938446701798,"b01001000001010100001000001000000001010010000010010000000000001111000011100000000",15,22,0,0,1.240512151422861,292.7274717960625,434.15085389991805,1.033567269100486,1
328,"b00010001101000000110000010001010001000011100100110000000000011000000010100000011",2,3338.2786310566585,"b10111011111001011111000111010001100000111000010000110001000000110000010110011100",18,4,0,0,1.2108793936459332,309.7303256955354,380.7955165697181,2.647637016657824,29
329,"b00000000000000001011000011110100001100010000000000000100000000110000000100000000",3,2932.2269029193076,"b01001000001010100001000001000000001010010000010010000000000001111000011100000000",12,8,0,1,0.7595827909903446,484.62462581255534,488.06195975102645,3.8642478586780644,1
330,"b00001000010000001001000111101000011000100001111100000001110011110001001110001010",3,2083.0030471240725,"b01001000001010100001000001000000001010010000010010000000000001111000011100000000",9,20,0,0,1.1279118184680756,287.6215033601097,451.3718585331927,0.3882513124260363,1
331,"b00001100001100000100011100000001101011110010111100000100000011111000010010011010",1,5414.32879418754,"b11001110101000111111000000100000101111000111010100001000111100110000111001100000",11,6,0,0,1.0400034181402689,93.8989208169476,357.8373958401458,4.233492378965464,3
332,"b11001100000100001000000110100000001110000000000110000000010100000000100000000000",3,3444.451292192918,"b01001000001010100001000001000000001010010000010010000000000001111000011100000000",14,12,-1,0,0.8260586849361522,129.99358115812436,438.75473545865196,4.427070257352593,1
333,"b00000001100000000110000010001110011100011001011000011011000011111000001111000000",2,3750.666959052931,"b10111011111001011111000111010001100000111000010000110001000000110000010110011100",15,8,0,0,0.7884827561830129,17.424532258517534,395.0375269388278,2.407938811996899,29
334,"b00000001110001011111011111100111111100010111110000011100000000000000000000000000",3,2875.5169944961635,"b01001000001010100001000001000000001010010000010010000000000001111000011100000000",9,21,-1,0,0.8376967929871982,240.37836422996344,174.31055405712814,2.4928195128417543,1
335,"b00000000000001000010000001100000001110000000001000000000000000000000000000000000",3,3393.7708488682547,"b01001000001010100001000001000000001010010000010010000000000001111000011100000000",16,5,-1,0,0.7275145853614652,452.9701645614959,211.92258891999535,4.845087085120708,1
336,"b00110100110001011011001111010000110000001000011000100000000000100000010010001000",2,3754.7057008059983,"b10111011111001011111000111010001100000111000010000110001000000110000010110011100",15,4,0,0,1.1388899416945137,381.1356333624866,213.07483565037464,5.99768796186739,29
337,"b11000000001011000000000100000000000110000000001100000000111000000110001000000000",0,1664.5431696171054,"b10001000101011100011100100001100010101110100001110000010011001000010110001011000",21,5,0,-1,0.8383156167349355,167.97794750410407,121.80977547208224,3.3100053496049107,1
338,"b10000100001100010001011111001100110010001100010010000001000001000110010010001000",0,2237.2476072067393,"b10001000101011100011100100001100010101110100001110000010011001000010110001011000",19,14,0,0,0.8372916632234839,339.17191134006185,170.46510837606363,1.0570184653211838,1
339,"b00000000000001000010000111011010111110000101101111011011111011111111000111111001",2,1802.9970595612199,"b10111011111001011111000111010001100000111000010000110001000000110000010110011100",14,20,1,0,0.8711592419226938,492.2223453546674,87.48982785579393,0.37003329537646656,29
340,"b01000000001011110010000110000000000011010000000010001000000001100000001100000000",3,2303.7876095298398,"b01001000001010100001000001000000001010010000010010000000000001111000011100000000",8,7,0,0,0.9044469980406484,468.68655688476565,311.24122806396485,-0.2529672770525807,1
341,"b10010000101000000100000010000110001000011001100000001011100011011000011110000000",2,5882.588774419668,"b10111011111001011111000111010001100000111000010000110001000000110000010110011100",15,4,0,0,1.0453431317044466,208.111355154349,442.90509369188646,2.9532458949233,29
342,"b00000000001000001010010000110001111000001111101000000010000010000100000100000000",0,6034.481798055845,"b10001000101011100011100100001100010101110100001110000010011001000010110001011000",18,6,0,-1,0.7674014944372574,142.50995304386157,394.54100118410867,3.2270165571709977,1
343,"b00110000101000000110000010001100001001011000001110011101100011111000011000101000",2,3626.5153563439953,"b10111011111001011111000111010001100000111000010000110001000000110000010110011100",12,6,0,0,1.1029765757536398,156.96753996434745,470.7089136385143,6.010458444127591,29
344,"b00000000000011000000001111100001110000011101000001110000000101000101010000010000",0,2524.259459764161,"b10001000101011100011100100001100010101110100001110000010011001000010110001011000",16,7,0,0,0.8261862765516911,235.1828936612357,195.72281175290604,5.175524554461877,1
345,"b10000000001100100000010000000000000111000000000011000000001000011000000000000000",3,3808.0071353103694,"b01001000001010100001000001000000001010010000010010000000000001111000011100000000",13,7,0,0,0.7697482494017686,336.26935611061015,297.139006139039,3.660628331439318,1
346,"b00110000000010100000000000110000001101100010000110001000011101100010110001000010",3,1701.897878329355,"b01001000001010100001000001000000001010010000010010000000000001111000011100000000",12,17,0,1,1.0045189835935384,229.51673436448206,308.57444359693545,5.546528483346438,1
347,"b00000000100000000111110011000111100111110011011100111110100011111111010000001100",3,1405.114267414996,"b01001000001010100001000001000000001010010000010010000000000001111000011100000000",9,29,0,0,0.828957398724624,485.7279333590821,51.63611817740625,5.200083662771538,1
348,"b00100100000001100110001110000011010000000101001101010000000001000100010000010001",0,3332.879782355969,"b10001000101011100011100100001100010101110100001110000010011001000010110001011000",19,10,0,0,0.9351218142794204,113.9951753484417,233.48798175063726,6.12157158676777,1
349,"b00000000000000000000000001000000001100010110010111000000111100011101100001100000",1,3365.0576412851074,"b11001110101000111111000000100000101111000111010100001000111100110000111001100000",22,7,1,1,0.7520723873341075,103.35402070249914,366.8662743030723,3.9117258562284762,4
350,"b00010001110001111110000111100011100101101110010010010000000001100000000000000000",2,3673.0048343610515,"b10111011111001011111000111010001100000111000010000110001000000110000010110011100",17,9,-1,0,0.9493368490194235,473.97019552704614,56.2304285097267,2.3817330455787094,29
351,"b00011000101101000011001000010000001000111100001111000001001011010110001101000000",3,2023.6417631175493,"b01001000001010100001000001000000001010010000010010000000000001111000011100000000",9,19,0,0,0.9628212901020102,59.68103534125867,194.77913625937083,5.684760636666363,1
352,"b00100000100011001010000111011000010010011000110000001111000000000000110000000001",3,1862.3583876196317,"b01001000001010100001000001000000001010010000010010000000000001111000011100000000",12,17,0,0,0.854514557251494,117.60894575119019,333.99199061044834,0.478496996723529,1
353,"b00000000000110000000001111000000111111000001111110000000001000000000100000000000",3,3733.5501479296563,"b01001000001010100001000001000000001010010000010010000000000001111000011100000000",13,14,0,0,0.7796447527085781,171.48193448129288,462.34458487780535,3.1030850267938987,1
354,"b00101100000100001110011001110001111011001111100100110000000001100000000011000000",0,2343.8957590389546,"b10001000101011100011100100001100010101110100001110000010011001000010110001011000",16,14,0,-1,0.8776129240763811,424.5374465401181,301.69040661437316,3.2492696172450297,1
355,"b00000000001010000000101100000000000001000000001100000110011000000000100000000000",0,3442.0923086752828,"b10001000101011100011100100001100010101110100001110000010011001000010110001011000",21,2,0,0,0.7263556290086215,431.62701584776426,361.9623205349428,4.41872448113522,1
356,"b01000011000000111110001011110001101111000110000100001000011000010000111001000001",1,4167.883518075739,"b11001110101000111111000000100000101111000111010100001000111100110000111001100000",12,7,0,0,1.0272019466310394,387.21368056703113,447.42053039854545,3.2343750741557207,4
357,"b11000110000101000000001010000100001100010001101001000100000000001100000001010000",3,1751.6458825370667,"b01001000001010100001000001000000001010010000010010000000000001111000011100000000",15,17,0,0,1.320036882829356,371.98072561136155,285.28418550368895,4.580608328391055,1
358,"b00000001000000011100000011100000101110110110110000000111000011000000000100000000",3,2701.125607853789,"b01001000001010100001000001000000001010010000010010000000000001111000011100000000",12,16,0,0,0.777858253132582,407.780686715251,390.08560231887884,3.6024239878559583,1
359,"b00000000000000000010000000001000011001000100001100111000000000110000000011000000",0,2351.4300837101864,"b10001000101011100011100100001100010101110100001110000010011001000010110001011000",24,7,1,0,0.7512217898889842,250.28313398670554,377.4157860148715,3.8223740525371364,1
360,"b01110001001100000100000000001100001001011100000100011000100011101001011111101101",2,4491.022762054149,"b10111011111001011111000111010001100000111000010000110001000000110000010110011100",10,6,0,0,0.984532589924279,402.2635220359438,191.30068401802663,2.595944551833445,29
361,"b00000000000100000000001000000100011011110000001100000000000000000000000000000000",3,2717.7708671882588,"b01001000001010100001000001000000001010010000010010000000000001111000011100000000",16,8,-1,1,0.7612107995750036,376.67065657343494,82.55345076172061,0.6206932405957467,1
362,"b00000001001011011111100011101101111001001010000001011010000100011000000000000000",3,4054.4306214412863,"b01001000001010100001000001000000001010010000010010000000000001111000011100000000",10,20,-1,0,0.7973788938465814,213.85696698778423,326.7872841640046,2.9293999425809316,1
363,"b00000000000000100000000010000001111100000111110000001111100000111000000000000000",3,4531.299335011907,"b01001000001010100001000001000000001010010000010010000000000001111000011100000000",13,14,0,-1,0.7581360361248217,94.07387381639946,53.97218058232826,0.9388341187613037,1
364,"b00011001001100001111000111111110111100001000000001110001000011000000000110010000",2,3733.8025059813017,"b10111011111001011111000111010001100000111000010000110001000000110000010110011100",16,11,0,0,0.9322304811611599,383.90913655713183,276.872610244274,3.67812438802441,30
365,"b00010000001011100001001111000000001110010000111001000000001000111000001100000000",3,4958.924923117532,"b01001000001010100001000001000000001010010000010010000000000001111000011100000000",5,10,0,0,0.7690072850735086,346.7737621357058,168.82071660396505,0.6882650353388384,1
366,"b00110001101000000010000000001000001000010000000110001111101011010000011111001111",2,6577.338951006034,"b10111011111001011111000111010001100000111000010000110001000000110000010110011100",11,4,0,0,0.9308278652486386,43.50836156934369,61.96225646851052,4.933210608047215,30
367,"b00000000000010011000000100000000111000001100111000000001110100000111010000010001",0,3316.273995012975,"b10001000101011100011100100001100010101110100001110000010011001000010110001011000",18,8,0,0,1.2647221434770584,162.2009035397544,346.91860289090755,5.751264329892731,1
368,"b00000001100000000001000010001011001000001101000110010101100011011000010101001101",2,3130.32707523285,"b10111011111001011111000111010001100000111000010000110001000000110000010110011100",15,6,0,0,0.8813797028084017,30.383090828087134,492.38566265042124,2.988764124740457,31
369,"b00010000100001000011011111100000101110000010110000000000000010000000001000000000",3,2913.2027881873328,"b01001000001010100001000001000000001010010000010010000000000001111000011100000000",13,14,0,0,0.8394800900528175,470.13516774905327,385.7541104830228,1.528563291032473,1
370,"b00000000000000000000011111101001111100111111110000010001000000000100110000000000",0,3354.504816116727,"b10001000101011100011100100001100010101110100001110000010011001000010110001011000",18,11,0,0,0.7925000543565947,314.430555730264,29.561361770820813,-0.05336865533134153,1
371,"b00001000000110000000000101000000000010010000000010000000000001111000011100000000",3,7938.28442333021,"b01001000001010100001000001000000001010010000010010000000000001111000011100000000",6,2,0,0,0.8067073184925456,191.1059546237055,301.63405583764586,4.718032938258579,1
372,"b00000000001011000110100000011000001001100000100110101111010100111110010001100001",1,1490.1930918653325,"b11001110101000111111000000100000101111000111010100001000111100110000111001100000",18,12,0,0,0.8925206123088093,327.1805370752606,295.41041433304224,1.7667967170678405,4
373,"b00000000000000000001000000000100000000110000001000000010000000111000000000000000",3,2514.928586288667,"b01001000001010100001000001000000001010010000010010000000000001111000011100000000",14,4,0,1,0.7952330544245111,320.75905813427806,137.56331816503513,6.241546372077328,2
374,"b01010000001001101111000111111000000100101000111011110001000001100010000010000000",2,2588.580067962503,"b10111011111001011111000111010001100000111000010000110001000000110000010110011100",17,11,0,0,0.9904381107701458,399.05463572293144,54.25026522055081,0.8054759348999017,31
375,"b01000000001000000001001000000100001010000000000010000000001001101000011100000000",3,5507.9420203106165,"b01001000001010100001000001000000001010010000010010000000000001111000011100000000",7,3,0,0,0.9115464909165284,167.8153325872416,77.32325849342037,2.572893994904608,2
376,"b00000101000000100010111101100011110001101100000000000000000000000000000000000000",0,1539.7592099721712,"b10001000101011100011100100001100010101110100001110000010011001000010110001011000",22,8,-1,-1,0.7552392751012006,156.1583248052459,54.40096900393335,0.6224948541477902,1
377,"b00000000000000000000000000000010001000000000011000010000110001100001000000000000",3,1490.6674407794112,"b01001000001010100001000001000000001010010000010010000000000001111000011100000000",15,6,1,0,0.768887679316686,172.47929379308647,355.81093954254675,4.548354115321233,2
378,"b00000000000000000000000011001000011100000001010001111000010000110000110000000001",3,2990.175422526158,"b01001000001010100001000001000000001010010000010010000000000001111000011100000000",13,12,1,0,0.8493687812880172,137.84938129389062,331.8814553674662,3.369307749090125,2
379,"b00000000000000000000101000000001111000000111101000000001100000010000000000000000",0,4629.561611748843,"b10001000101011100011100100001100010101110100001110000010011001000010110001011000",23,5,0,-1,0.8368053205188378,3.325121791260558,38.37024378944003,3.244620197913605,1
380,"b00110001101000000011000010001100001000011100000100000111100011011010010011011101",2,7245.715800477812,"b10111011111001011111000111010001100000111000010000110001000000110000010110011100",8,3,0,0,0.8594776856852807,62.50721033102839,102.39245737494913,2.0545090849857335,31
381,"b00000000100000100011000010000111000000010010011100111011100011111010010000001100",2,3986.22569407248,"b10111011111001011111000111010001100000111000010000110001000000110000010110011100",18,10,0,0,0.8356821199297856,162.95360026041666,92.90408140206043,-0.049601844678835896,32
382,"b00000000000000000000000010001010000000111100100110001101100011011000011111001101",2,5939.587373405454,"b10111011111001011111000111010001100000111000010000110001000000110000010110011100",14,4,1,0,0.7778159689510212,347.3490567054613,344.8158933338604,0.5001045031909352,32
383,"b00110101100001011011000100110001100000010000010000110000000011000000010010001000",2,4998.8605125939575,"b10111011111001011111000111010001100000111000010000110001000000110000010110011100",16,4,0,0,0.9501894191124746,125.24179698116275,323.4469488682107,-0.07613369092694727,32
384,"b00001000000110001101011100010000100001100000011110001111110011100000001010000000",1,3160.0350472501855,"b11001110101000111111000000100000101111000111010100001000111100110000111001100000",20,12,0,0,0.8803628123602264,115.73823152956061,282.9987986935325,4.207939557061694,4
385,"b00000000000000000000000000010000000110000000011100001100110001110000000100000000",3,4194.554194810974,"b01001000001010100001000001000000001010010000010010000000000001111000011100000000",13,8,1,0,0.7549181452857908,213.91142663383735,138.48626701812543,5.206899034432741,2
386,"b00000000000000000000000000010000000001000000010010000011000000000000000000000000",3,2808.4124223015806,"b01001000001010100001000001000000001010010000010010000000000001111000011100000000",17,4,-1,1,0.7088343929760688,249.7347079808448,246.113823709971,1.0519058414591278,2
387,"b00000000000000000000011001010101111110001111111100011111110000011101000100000110",0,2859.6518866914876,"b10001000101011100011100100001100010101110100001110000010011001000010110001011000",16,17,1,0,0.8288763714855991,133.90772242055246,145.02769020050428,2.0850812281851034,1
388,"b00010000001011011011100111111100011111100000000100011101000000110011000001110000",0,1431.912587389977,"b10001000101011100011100100001100010101110100001110000010011001000010110001011000",15,17,0,0,0.8886387918876114,416.4128436747805,449.2837510862167,1.215669817248838,1
389,"b00111001101000101110000000011100001001001000000110011111110001011110000001100111",2,4015.8672231420605,"b10111011111001011111000111010001100000111000010000110001000000110000010110011100",11,10,0,0,0.9546424979115808,489.1879575754648,151.7646583684269,6.236293286149317,32
390,"b00000000000000000000001101110000110111001101110000001101000001100010000100001100",3,1280.9207467426222,"b01001000001010100001000001000000001010010000010010000000000001111000011100000000",13,18,1,-1,0.8622093551025515,442.4307259088055,78.3940773469395,5.826233677454593,2
391,"b00000001000000001110000111111000011011100011111000101111101111110110010010001000",3,1815.0613282488064,"b01001000001010100001000001000000001010010000010010000000000001111000011100000000",9,27,0,0,0.834037389072806,232.88480227701186,69.31489916526307,2.2312864987008547,2
392,"b00110001100000000110000000001000001000001100000000001011100011011010011100001101",2,6465.13299351386,"b10111011111001011111000111010001100000111000010000110001000000110000010110011100",12,1,0,0,0.9390276741329672,230.84718739654605,143.8007915037453,6.186056158017733,32
393,"b00110100100000110000000000000000010010010101110000110100000000001000001000011110",3,1048.9929308925143,"b01001000001010100001000001000000001010010000010010000000000001111000011100000000",13,16,0,0,1.3310850138625507,82.27066978577143,482.7062181990886,0.8017261490314926,2
394,"b00000000100000110000110111000011111100001101100101110011011000000000000000110000",3,1302.595466618727,"b01001000001010100001000001000000001010010000010010000000000001111000011100000000",11,20,0,0,0.8759396514525263,447.96308359905015,141.46105055296835,4.491216307193567,2
395,"b10000001001001110101100001011100101101010011001010100100001001111000000111101000",3,2164.4752894698904,"b01001000001010100001000001000000001010010000010010000000000001111000011100000000",7,22,0,0,1.4135548038315215,430.36271032940743,305.8620149836194,3.3380135603225636,2
396,"b10010011101001111111000111111111111100001000010000100100000000100000010110000100",2,1703.2031336623295,"b10111011111001011111000111010001100000111000010000110001000000110000010110011100",10,9,0,0,0.8932317665738737,399.81032298610114,134.18606699076065,5.673570145211771,33
397,"b00000000101011011110100111110100011110000011111100111111100001110000000001000000",3,2832.6986073152634,"b01001000001010100001000001000000001010010000010010000000000001111000011100000000",10,27,0,0,0.8408344209079694,426.86572334658206,387.01135854781063,5.761698856536592,2
398,"b00000000000001100000001000000000111100000001100000010010110000000011000000000000",0,3571.249575063772,"b10001000101011100011100100001100010101110100001110000010011001000010110001011000",23,6,0,-1,0.7712062633193069,205.87089241803702,411.9412798800711,3.576688469913381,1
399,"b00111010000010001000000001101100001111000110011110000001111100000111110010010010",0,2669.2433417445345,"b10001000101011100011100100001100010101110100001110000010011001000010110001011000",16,17,0,1,0.8304567387993249,453.4313901519125,168.06124925410148,0.17492792938916496,1
400,"b00000000000000000001000000001100110110110011110011001111101100111011000001110000",3,2812.4718364931823,"b01001000001010100001000001000000001010010000010010000000000001111000011100000000",11,22,1,1,0.7790958712015996,385.69459423116155,60.4249209537281,3.0393032872647794,2
401,"b00000000000101100000000000011000001001101000100010001001111011110110111101000011",3,1439.71393380801,"b01001000001010100001000001000000001010010000010010000000000001111000011100000000",10,20,1,0,0.8911346791637531,198.80228119329425,378.4704619331889,0.7778393846828413,2
402,"b00000000000000000110000000001000001100101100011000001111100011111110011111101101",2,2868.839918881872,"b10111011111001011111000111010001100000111000010000110001000000110000010110011100",13,8,1,0,0.856022203903073,432.1484359565977,460.54213418050705,-0.002177167528513399,33
403,"b00000001100000000111100010000111000000011100110110001011100000010010001110001100",2,3973.609699594721,"b10111011111001011111000111010001100000111000010000110001000000110000010110011100",15,7,0,0,0.897464261350177,179.02147078688128,229.94887023521713,1.5180470452874182,33
404,"b00100000101000000110000010011101010011010011001100011111000011111000001111000000",2,2160.093513014428,"b10111011111001011111000111010001100000111000010000110001000000110000010110011100",15,11,0,0,0.9582732067033205,221.55761279895285,366.0559963657308,1.9397139574397482,33
405,"b00010001001000001111000110011100001000111100110000000001100011011110010111011111",2,4351.15642345271,"b10111011111001011111000111010001100000111000010000110001000000110000010110011100",9,9,0,0,1.1422291002443081,484.9694298734108,289.50649143444105,5.69812144010106,33
406,"b00000000000010000000000000100001001100001101110000000000010000111000000010000000",3,2690.8250153420713,"b01001000001010100001000001000000001010010000010010000000000001111000011100000000",14,10,0,-1,0.7639111449521839,59.0645119275784,235.87617223403032,2.059637740009373,2
407,"b00010000100001000100000000000000001101000001110110000111000000000000000000000000",3,3188.226218658833,"b01001000001010100001000001000000001010010000010010000000000001111000011100000000",13,9,0,1,0.7408814114760077,131.43519307044096,324.3321535407887,5.448264418521504,2
408,"b00111000101111101110000000011100100000001110110110001011110001011100000110100100",2,2352.0569572096133,"b10111011111001011111000111010001100000111000010000110001000000110000010110011100",18,18,0,0,0.972637288164231,81.32067265718727,2.0226186732550655,2.871241863500816,33
409,"b00000000000000000000000000000000000000000001001110001000111100110000001001000000",3,4212.528799697417,"b01001000001010100001000001000000001010010000010010000000000001111000011100000000",15,9,1,0,0.741208417393958,175.58632946093024,347.7148398629713,2.4357334047931802,2
410,"b00000000000100000000001011000000101110000000111110011110110001111000000111000000",3,4519.385956263966,"b01001000001010100001000001000000001010010000010010000000000001111000011100000000",9,16,1,0,0.8100060271235074,92.18602563004467,364.2210069097867,0.34518962318806157,2
411,"b00000001000000010000000001110010111111000000011000000010100010011110000001011000",3,3980.76710515816,"b01001000001010100001000001000000001010010000010010000000000001111000011100000000",13,18,0,-1,0.7504342665167815,182.6706841738238,68.38685244827208,1.1224236540396841,2
412,"b00000000000000000000000010000000001111001100011000000011010000010011000000000000",3,2570.1718772500362,"b01001000001010100001000001000000001010010000010010000000000001111000011100000000",14,10,0,-1,0.745860653304174,135.26360882211614,265.6218729460681,2.5994221605880137,2
413,"b00000000000000000000000000000000001101000000010111010101000010111000001000000000",3,5432.836370476631,"b01001000001010100001000001000000001010010000010010000000000001111000011100000000",12,8,1,0,0.7853330743458548,139.20859208355733,135.2300490435432,0.665581621132346,2
414,"b00100001100000000000000010001000001000011100000110001001100011011010011110001100",2,7490.523128986736,"b10111011111001011111000111010001100000111000010000110001000000110000010110011100",11,0,0,0,0.8472327148276844,230.27772293389444,7.511428554631286,2.3307965828219546,33
415,"b00000000100100000011000011000011000100010011011100111111100011111000000000000100",3,2020.441852507225,"b01001000001010100001000001000000001010010000010010000000000001111000011100000000",11,20,0,0,0.8497258143998072,396.4783163132935,233.4083753336502,1.000667575926022,2
416,"b00110001101000001110000011011000001000011100000100001000000011011000000111001101",2,5106.112590478324,"b10111011111001011111000111010001100000111000010000110001000000110000010110011100",11,3,0,0,0.9394609387626631,123.26851528319621,198.7919504242138,5.614964190243232,34
417,"b00000000010000000000000011000100001110000010011100000111100000011100000000010000",3,2056.3983003748444,"b01001000001010100001000001000000001010010000010010000000000001111000011100000000",13,13,0,1,0.8290508820166738,136.14532922399988,44.162886865872665,2.492578851621536,2
418,"b00000000000010000000010000000010000010100001001110000110010000110001100001000111",3,2085.8668880305986,"b01001000001010100001000001000000001010010000010010000000000001111000011100000000",15,16,1,0,0.7863498165323443,95.48804867607097,301.15264839811766,5.530218681754393,2
419,"b00110001001000000110000010000001001100011101010001001111111111111010001111000001",2,4005.435712788013,"b10111011111001011111000111010001100000111000010000110001000000110000010110011100",11,10,0,0,0.9654823208219543,381.2570807298293,256.3189837194511,1.1537818718171198,35
420,"b00001000000000101000011110000001111000001111100000110000000001000010000000000000",0,3003.464054794901,"b10001000101011100011100100001100010101110100001110000010011001000010110001011000",18,6,0,-1,0.7453272969219457,306.05753938444366,327.91308855826065,0.9186160672778683,1
421,"b00000000000000100000000001100100111011000111101000110000000001000000000000000000",3,3370.178746309545,"b01001000001010100001000001000000001010010000010010000000000001111000011100000000",14,12,0,0,0.7480567044308758,301.86003691707793,136.6324635985772,1.9376086219958788,2
422,"b00000000100000000110001111000001011100000011000000001000000000000000000000000000",3,2217.9993259355515,"b01001000001010100001000001000000001010010000010010000000000001111000011100000000",13,8,-1,0,0.7455221845073693,390.26357592656575,279.4308530510354,5.374206880822809,2
423,"b00000000000000000000000000000000001100100000110111000111011000011000000000000000",3,2431.9622696954175,"b01001000001010100001000001000000001010010000010010000000000001111000011100000000",14,10,1,1,0.7646294564171697,293.47144810434736,40.06474511513109,5.704108161412396,2
424,"b00000000000001010011001100000000100110000110000000011100001000110000000001000000",1,2890.8226724766855,"b11001110101000111111000000100000101111000111010100001000111100110000111001100000",23,5,0,0,0.7864010561140474,494.1824248661755,36.78370321597751,0.5774073009567975,4
425,"b00110001111001011111000111111000100000101000010000110001000001100000010110001000",2,7285.839812755893,"b10111011111001011111000111010001100000111000010000110001000000110000010110011100",8,3,0,0,0.8918268665751541,283.8158402425158,295.4522220926555,4.752772802874722,35
426,"b00000000000000000000100000000000000000000000100000000010001001100101100000111110",3,2273.423274718489,"b01001000001010100001000001000000001010010000010010000000000001111000011100000000",14,9,1,0,0.7686803880608719,408.33540195259997,56.812995041057626,1.1503192763249894,2
427,"b00001110001001101001110000110011101111001111111110011100001110100000001000000100",1,2490.8097530225946,"b11001110101000111111000000100000101111000111010100001000111100110000111001100000",13,14,0,0,1.3985762514279723,113.82028736347905,6.57046914602101,2.380483163638427,4
428,"b10000000000000011000000000110000101011110010000000010000000000000000000001000000",3,2606.71564680926,"b01001000001010100001000001000000001010010000010010000000000001111000011100000000",16,11,0,0,1.1524460795166331,499.8264966205872,16.26970086170949,6.167009631128557,2
429,"b00000000000000000000010110000001000011000001100110000100111000000001100000000010",3,3465.8709980941676,"b01001000001010100001000001000000001010010000010010000000000001111000011100000000",15,13,1,1,0.7581732849361885,142.69434498487226,403.6240272637327,0.15253794521621145,2
430,"b00000000000000000000000011100000000111000000100010000111000000111000000000000000",3,3433.029598900385,"b01001000001010100001000001000000001010010000010010000000000001111000011100000000",13,8,1,1,0.7459759551534098,354.03929844916155,419.40685626965217,1.9211250773488222,2
431,"b11111000111111111111000011000001100000111100000000110000000011000100110011011000",2,3505.5194519657243,"b10111011111001011111000111010001100000111000010000110001000000110000010110011100",10,10,0,0,1.1664231852454772,488.15001923608355,229.56311815536176,3.3804117064907677,36
432,"b01000110001001111011111111111111011011110011111111001111100000111110000011111110",1,1799.6220534060626,"b11001110101000111111000000100000101111000111010100001000111100110000111001100000",9,26,0,0,1.1659111916928482,392.5108270093095,183.87145574062995,1.5961980750328213,4
433,"b00010001101000000111000010001010001100001100100000001111100011111010011110001100",2,7647.259086629054,"b10111011111001011111000111010001100000111000010000110001000000110000010110011100",10,6,0,0,0.8914686167850231,133.01922558521304,190.72119850136053,0.8832689779117713,36
434,"b00000000000001000000000010000000011000000001100000000010000000000000000000000000",3,3285.1536018678007,"b01001000001010100001000001000000001010010000010010000000000001111000011100000000",16,4,0,0,0.767176151743463,263.0842976795886,239.6284239302942,2.6073326921852575,2
435,"b00000000000000000000000000010000000000110000100000010111000011011110000000011000",3,2887.6057421189107,"b01001000001010100001000001000000001010010000010010000000000001111000011100000000",15,12,1,0,0.8393300829578192,44.26951088425393,155.73845215684244,3.871688265170645,2
436,"b00110001101000000010000000000000001000010000100000001011000011011010010001001100",2,4749.208038803483,"b10111011111001011111000111010001100000111000010000110001000000110000010110011100",17,2,0,0,0.9714032433414131,379.3927123327219,386.486418685623,2.7761908974528593,37
437,"b00110000101000000011000010001100011000011100110100001111100011111010011110000001",2,6403.1567162886995,"b10111011111001011111000111010001100000111000010000110001000000110000010110011100",9,6,0,0,0.882895159225931,250.8552910227368,73.11251924552975,4.9475816762862195,37
438,"b10110010110001010011000111110000100000111000010000010001000011100000010110000000",2,6064.815273809909,"b10111011111001011111000111010001100000111000010000110001000000110000010110011100",11,3,0,0,1.0453013187512046,238.8785566626743,74.14777894473659,2.8331202831075757,38
439,"b00000000010000001011010000110001111100010001000000000010000000000010000000001110",3,2755.2649224007228,"b01001000001010100001000001000000001010010000010010000000000001111000011100000000",11,11,0,1,0.8170778009259981,324.48121191109993,138.03463591098523,4.012404217438091,2
440,"b00000000010000000000000000010000011000000000111000000000000000000000000000000000",3,3045.808561966485,"b01001000001010100001000001000000001010010000010010000000000001111000011100000000",16,4,0,1,0.7516716580748208,443.76361452902165,235.23158188848535,2.5852453726721247,2
441,"b00000000100000000110000000100000101110001110101101111111110111111000000000000000",3,1990.743831365181,"b01001000001010100001000001000000001010010000010010000000000001111000011100000000",12,22,0,0,0.826859461733824,125.86383194462866,175.61871583604733,3.5297205833388454,2
442,"b00000000000000000000011111100001111111010001101100010000000000000000001000000000",3,4407.271570857996,"b01001000001010100001000001000000001010010000010010000000000001111000011100000000",14,15,0,0,0.7633782037343848,155.870409923668,173.4719861547125,6.026351355816267,2
443,"b01001000000101100000000000000000011101100000001011000010011000010001000010000100",3,4602.486887384321,"b01001000001010100001000001000000001010010000010010000000000001111000011100000000",13,14,0,0,0.8536289852554526,204.3219253777446,268.733388169052,2.9625986171036267,2
444,"b00110000000001000010000110000001011111001000110100010111100101111111010111000100",2,838.7389967360546,"b10111011111001011111000111010001100000111000010000110001000000110000010110011100",17,15,0,0,0.9040207321633187,504.664909152442,108.34446423486756,4.276783299208892,39
445,"b00100001100000000111000000001011001010000000100000011110100011010000011110001100",2,3072.264019232207,"b10111011111001011111000111010001100000111000010000110001000000110000010110011100",18,8,0,0,0.9368275131053937,211.17222806519152,487.42655366386464,0.3777512303644883,39
446,"b00110001101000000110000010001010001000001100000110001111100011011010011111001001",2,5542.705083835637,"b10111011111001011111000111010001100000111000010000110001000000110000010110011100",7,3,0,0,0.8611116142896876,353.6442728464227,450.48059502605486,1.6586649751257867,39
447,"b00010000101000000001000011011101001000011100111100001111100111111100011100001100",2,2883.2062878516367,"b10111011111001011111000111010001100000111000010000110001000000110000010110011100",11,10,0,0,0.914697109301058,469.1127344552908,103.07220114394468,5.984305755056074,40
448,"b00000000010000011111001001111010111111101101111000011101100001100000000000000000",3,1938.032706416373,"b01001000001010100001000001000000001010010000010010000000000001111000011100000000",10,23,0,0,0.8167879603981272,144.46243902049,169.83763300626612,0.9450774962010472,2
449,"b00000000000000000110000010000000001000001000000011010001110001100000000000000000",3,3744.37950330834,"b01001000001010100001000001000000001010010000010010000000000001111000011100000000",15,9,0,0,0.7498593803799941,168.47275295531114,240.65966088246492,1.6271004121897277,2
450,"b00000001000000011000001010010000111111100011110000000010000001000000100000111110",1,2179.8886997728805,"b11001110101000111111000000100000101111000111010100001000111100110000111001100000",20,9,0,1,0.9046575325664755,422.74494970418704,235.87007416906025,2.482942414924768,4
451,"b00000000000011000000000111110000000111000010011111000001001100000001010000000000",3,3298.1837478856924,"b01001000001010100001000001000000001010010000010010000000000001111000011100000000",13,15,0,1,0.7645603032856665,458.8485866364124,254.48122123448988,5.1436158975061845,2
452,"b00000010100011001000111000001101110000000111000000010000001000000000000000000000",0,2817.972824207207,"b10001000101011100011100100001100010101110100001110000010011001000010110001011000",22,8,-1,0,0.7297551501045242,239.85130750925444,279.57878120171495,1.9671217266440557,1
453,"b00110001101000000110000010000100001000011000000100001111100001111100001111000000",2,5496.870195202644,"b10111011111001011111000111010001100000111000010000110001000000110000010110011100",12,3,0,0,0.8230382259854789,73.7211975852979,353.0571228001955,3.6492978391848228,40
454,"b00000000000000000000010101001111110100001110111000000000000100000000010000000000",0,3329.262285103582,"b10001000101011100011100100001100010101110100001110000010011001000010110001011000",20,6,0,0,0.7602476396559645,377.9170882103286,219.66343674421728,4.767715489069044,1
455,"b00000000000100100000011010000000000000000000000110000000000000010000000000000000",3,1859.4982931582886,"b01001000001010100001000001000000001010010000010010000000000001111000011100000000",16,5,0,0,0.8979500847315932,131.6924185775929,268.1157594380489,4.262504173675355,2
456,"b10100000001000001000000010000000011001000000111000011111100111111011011111101000",2,3997.4653644172445,"b10111011111001011111000111010001100000111000010000110001000000110000010110011100",15,11,0,0,0.8738153016791608,298.1765671277378,243.4328372856122,2.275942344562047,41
457,"b00000000000000000000000000000000000000001011111000001111100000000000000000000100",3,5266.086931669322,"b01001000001010100001000001000000001010010000010010000000000001111000011100000000",15,8,1,-1,0.7473828987210884,171.62139796960298,51.57828905468498,5.2251333481907825,2
458,"b01100000000010000000000001100000000001110000000111000000000000000000000000000000",3,7017.869680381413,"b01001000001010100001000001000000001010010000010010000000000001111000011100000000",14,6,-1,1,0.7834980622480565,414.60509474554254,23.6555830280113,2.275919054175553,2
459,"b00010001101001000110000000000100001100001100110001011101101011110110010000000001",2,2280.918891470584,"b10111011111001011111000111010001100000111000010000110001000000110000010110011100",17,10,0,0,0.8491925213688102,294.4554123311836,480.61844791803196,2.814646572185473,41
460,"b00111000001000000110000010001000001000010100010110000011100011101000011111001101",2,4704.140397785998,"b10111011111001011111000111010001100000111000010000110001000000110000010110011100",9,2,0,0,0.8951959696149339,292.4882021952894,232.56735979216603,1.5391181061158772,41
461,"b00110001001000000100000010001000001000011000000100001011000011100000011100001101",2,5484.121456218249,"b10111011111001011111000111010001100000111000010000110001000000110000010110011100",13,0,0,0,0.9872291717296949,396.78544717217625,301.53555086810553,6.086681861685186,42
462,"b00100001100000000111000010001000001000011001100100001111100011111100000111001100",2,4811.359913852541,"b10111011111001011111000111010001100000111000010000110001000000110000010110011100",12,6,0,0,0.9528694626260016,296.97351085976067,87.84052506981199,5.389527413714449,43
463,"b00100001100000000010000010000000011001000001000000001111000111001011000111000000",2,2521.0728973373903,"b10111011111001011111000111010001100000111000010000110001000000110000010110011100",21,7,0,0,0.8668087268443831,6.697207229754488,294.2431074862472,0.6776179207633927,43
464,"b11100011100110001110110000010011010110001111011010000110011100010000001000110000",1,1514.5543950159513,"b11001110101000111111000000100000101111000111010100001000111100110000111001100000",17,16,0,0,1.0562154275476563,399.0321694448086,313.12061480039716,1.3481586738994147,4
465,"b00000010000000100001000000000000001100000000110000011011000000000000000000000000",3,2041.1765256303856,"b01001000001010100001000001000000001010010000010010000000000001111000011100000000",15,7,-1,0,0.8314227269187191,284.5679352262127,155.71294252765713,6.216806937081056,2
466,"b00000000000100010100011010110110110010000011100000011100000001000011000100001011",1,2317.7374193512096,"b11001110101000111111000000100000101111000111010100001000111100110000111001100000",21,11,1,0,0.8152787764786962,13.044560292237739,27.406927703751144,0.8837268793576778,4
467,"b00000000000000000000000000000000001000001100001100001000000001100000000000000000",3,2297.72910189954,"b01001000001010100001000001000000001010010000010010000000000001111000011100000000",16,5,1,0,0.7304606103253023,51.83742118589125,156.36518154843316,3.2245788911201854,2
468,"b00001000000001100000000110000000001000000000000000001110000000000000000000000000",3,1929.5357157421104,"b01001000001010100001000001000000001010010000010010000000000001111000011100000000",16,6,-1,1,0.8019017863298494,318.73699758909504,500.55843202150004,5.521608961802756,2
469,"b01000000000110001100000000011001000011111010111111111111111111111000010000000000",3,1927.5706544933378,"b01001000001010100001000001000000001010010000010010000000000001111000011100000000",8,25,0,0,1.01122494281388,423.7843401119918,31.299446912374954,2.002778839991298,2
470,"b00010000000101010000111010001011110111111101001111001100100001000011000000000000",0,2232.528394573265,"b10001000101011100011100100001100010101110100001110000010011001000010110001011000",16,15,-1,0,0.8889535472915446,38.88176126895314,285.23847521596633,2.019405572971536,1
471,"b00000000000000110000000011101000001111100000011010010001100001111110000010011000",3,2293.0838836607873,"b01001000001010100001000001000000001010010000010010000000000001111000011100000000",9,16,1,0,0.8354391758693371,365.9557533996946,288.76062487439884,5.613427592729976,2
472,"b00111111000100000100010000000100000000010000100000001011100011001110010111001101",2,5150.99255135136,"b10111011111001011111000111010001100000111000010000110001000000110000010110011100",14,6,0,0,1.0834670911259832,296.38404843218916,99.4358243289964,1.6913489130147634,43
473,"b10010010001101100000111110001111111111000011111110000001111110000100110100001100",0,2279.4486768717475,"b10001000101011100011100100001100010101110100001110000010011001000010110001011000",13,22,0,0,1.0494076526789988,238.2033031161647,20.862158192523303,2.1484880498078818,1
474,"b00010010001100000000000110001000111001111101100001010000000000010000000011000110",0,1467.7176931918248,"b10001000101011100011100100001100010101110100001110000010011001000010110001011000",21,13,0,0,1.0040630636960939,188.1832545605447,412.03167463594804,1.5852091240910444,1
475,"b00000000000110000000010001100011000010000000000000000000000000000000000000000000",3,5312.832561791211,"b01001000001010100001000001000000001010010000010010000000000001111000011100000000",16,5,-1,-1,0.7437773416464424,285.18757776948235,231.09954306610072,3.622113100344657,2
476,"b00000000000000000000000000000000000000000100110000111000000000000110000000010000",0,3622.3466885354596,"b10001000101011100011100100001100010101110100001110000010011001000010110001011000",25,2,1,-1,0.7710183181603834,397.5566088161908,275.486289530549,3.6087163898976815,1
477,"b00000000000000000000000000000100000110000001110110001111010001110000000011000000",3,4841.876764559536,"b01001000001010100001000001000000001010010000010010000000000001111000011100000000",13,12,1,1,0.807121951684463,4.487772157735339,264.2022557643017,4.821988550021884,2
478,"b01101000000110000000111000000011010001110000100110001000000010110000000001000000",3,4498.184637885373,"b01001000001010100001000001000000001010010000010010000000000001111000011100000000",12,15,0,0,0.8145518145605933,230.46049204580726,432.7401005948606,4.109539749599287,2
479,"b00000000000011000000001000000000000011111001100001000000000000000000000000000000",3,5840.310906463143,"b01001000001010100001000001000000001010010000010010000000000001111000011100000000",16,8,0,0,0.7641660339509153,237.25079972424822,118.01872335868717,3.566466799407391,2
480,"b00000000110000001011000000001000001100000011110100011101100011111000000010000100",3,4544.245825150025,"b01001000001010100001000001000000001010010000010010000000000001111000011100000000",11,17,0,0,0.7904089501522026,207.5319456690443,280.98052946026445,5.935172000658357,2
481,"b10000000001100000000010010000000110110000011011010010100011101000000110000001000",3,2811.1085303060586,"b01001000001010100001000001000000001010010000010010000000000001111000011100000000",15,19,0,0,0.8170261385899711,370.058170221319,217.24035789656847,2.5248180475370194,2
482,"b00110001101000000011000010101101000100100100001110001111101011111110010110000001",2,3619.2040967877306,"b10111011111001011111000111010001100000111000010000110001000000110000010110011100",11,10,0,0,1.0359881379455438,379.35595267305405,7.136860961419683,4.850390060113966,43
483,"b00000000001000000001111111000110111111011011111000001100000000000110110000000010",3,1921.0045203611107,"b01001000001010100001000001000000001010010000010010000000000001111000011100000000",11,22,0,0,0.9747084899010278,393.15809794569185,189.89027170457217,1.332824935207375,2
484,"b01000000000110000000000111000010011111001100111000000000000000000000000000000000",3,3411.7696235926433,"b01001000001010100001000001000000001010010000010010000000000001111000011100000000",13,11,-1,-1,0.7833763649109818,266.714370974417,58.234701293590156,1.8256790072370608,2
485,"b10000000000000000000000000110000001110000000000000000000000000000000000000000000",3,1804.1957272762595,"b01001000001010100001000001000000001010010000010010000000000001111000011100000000",17,4,-1,0,1.0794841229812018,328.1434308262498,284.1186841269241,3.9273274034027095,2
486,"b00100000000011010000001111001011111100001100111100110001110100000110010000000001",0,2619.8930789578462,"b10001000101011100011100100001100010101110100001110000010011001000010110001011000",14,13,0,0,0.7944724342771833,504.4657994083755,257.4299614917592,4.2299476731164285,1
487,"b00010011101000000110000010000100001000011100000100001111100011011100011100001101",2,4185.110358930177,"b10111011111001011111000111010001100000111000010000110001000000110000010110011100",10,4,0,0,1.212766145934463,163.12183207814758,359.1991308556285,3.772417218492008,43
488,"b00000000001000000000000000000000010000001011100000001110000000110111000010010110",3,4738.49677819146,"b01001000001010100001000001000000001010010000010010000000000001111000011100000000",11,10,1,-1,0.7988992722452184,9.048824737475513,206.20939703632126,5.668223552093616,2
489,"b10010001101000000111000101101101110000001000110000010001100001000110001100011000",2,3231.4176901549954,"b10111011111001011111000111010001100000111000010000110001000000110000010110011100",17,10,0,0,0.9673085643332406,106.36272208670205,355.50479475626867,2.1499046421767902,44
490,"b01100000001000110001000110100101011101101101001100000111110011111100010111000100",2,2422.1006340931926,"b10111011111001011111000111010001100000111000010000110001000000110000010110011100",15,16,0,0,0.9407449437446268,464.1425026256519,272.1095337479109,3.3115679643433573,44
491,"b01000011000000001110000100001000010001000000001100000011000110010110010101001100",2,2656.084735557799,"b10111011111001011111000111010001100000111000010000110001000000110000010110011100",21,9,0,0,0.8727255316440679,110.43064148941977,239.2170279151115,2.3121657597375354,44
492,"b00010000001001000111000000000100001000111000100001001011100011111100001101100000",3,3840.7386058085244,"b01001000001010100001000001000000001010010000010010000000000001111000011100000000",9,17,0,0,1.1461178917929757,194.9535687491781,260.93582077977663,5.961868290843514,2
493,"b00000000000000000000000000001000001110110010011001000000000000000000000000000000",3,3197.85066614315,"b01001000001010100001000001000000001010010000010010000000000001111000011100000000",15,6,-1,1,0.8469249390763951,416.49325519078104,158.21645254186265,4.237332154056432,2
494,"b00000000111101100011110000011010111111001111111000111100110100100010000000000000",0,1476.1972030401357,"b10001000101011100011100100001100010101110100001110000010011001000010110001011000",15,18,-1,0,0.9274728075048162,104.30489379068105,447.62565912537366,3.135624306320345,1
495,"b00000000000000000000000100000000000000000000000000001000000000110000000000000000",3,3632.7885629982416,"b01001000001010100001000001000000001010010000010010000000000001111000011100000000",17,2,1,0,0.740694686240854,356.5888409017572,84.21630771111006,1.3460037249227348,2
496,"b10000000001100000010010000000001111000000011100000001110000000111000110000100000",3,3113.4672674443273,"b01001000001010100001000001000000001010010000010010000000000001111000011100000000",13,15,0,0,0.8972933360102021,415.0968170091034,220.55097161620293,2.6958724599670543,2
497,"b00011000000001100000000110011000001100000000110000000000000000000000010000000000",3,2701.419510111879,"b01001000001010100001000001000000001010010000010010000000000001111000011100000000",14,8,-1,1,0.7693246676958961,355.02929969655474,251.33351468913955,4.983663744957251,2
498,"b00001111100000110011000000011101101001101110001110001111100011111110010110001101",2,2332.314874806949,"b10111011111001011111000111010001100000111000010000110001000000110000010110011100",10,15,0,0,0.9398537432270876,470.8794270763921,59.41070783440098,0.20025953147711578,44
499,"b00100000001000000000100000000000101100000011111100000010011100000000010000000000",3,3111.9356658156426,"b01001000001010100001000001000000001010010000010010000000000001111000011100000000",13,11,0,0,0.9004917206071712,191.24708322281006,383.68741322011704,1.6654931395620616,2
500,"b11000000001000000110000000000000010010000011110000000001001010101001000011100000",3,2206.77339652683,"b01001000001010100001000001000000001010010000010010000000000001111000011100000000",12,13,0,-1,1.3712500048119147,362.82263263808926,461.96693698656554,0.44214187988702486,2
501,"b00000000000000000010000000001000011000100001110000000110000000010000000000000000",3,5610.902589073667,"b01001000001010100001000001000000001010010000010010000000000001111000011100000000",14,6,0,0,0.7601543758634283,72.49856519405421,97.50540870901445,1.7829392183028794,2
502,"b00110000000111100000010111001000011111100000111000000000001111110000001000000000",3,2222.242939264509,"b01001000001010100001000001000000001010010000010010000000000001111000011100000000",9,17,0,0,0.7888981920704158,215.86039392200064,50.84657910004695,1.2602037432860487,2
503,"b01000000001000000000110110000001101110000010011000001010110000000011100001000000",3,1457.5918479472382,"b01001000001010100001000001000000001010010000010010000000000001111000011100000000",13,16,0,0,0.8041945401129527,96.73162049627156,383.39751639823794,4.72978430363116,2
504,"b00000100001010010111011000001111101100110110000001111101000011011110100010000000",0,2263.3942208423186,"b10001000101011100011100100001100010101110100001110000010011001000010110001011000",17,19,0,0,0.9242836868061459,284.83053911655225,182.28216006382286,1.4802347349785112,1
505,"b00010001001010000010000010001001011000010010001100011011110111011000011101001000",2,2440.1419423075204,"b10111011111001011111000111010001100000111000010000110001000000110000010110011100",15,9,0,0,1.0594124978981945,24.832226597008393,472.7206386211244,5.862327370042206,44
506,"b11000000001111000000011100000000111111000011111110000011111000101111110000000000",0,2240.106043966214,"b10001000101011100011100100001100010101110100001110000010011001000010110001011000",15,17,0,0,0.9072034788314349,334.3393696220881,182.0306443376891,0.4028005393576851,1
507,"b00011001100001111011011100110011010000001110000000000000000000000000100000000000",3,1645.7670279353674,"b01001000001010100001000001000000001010010000010010000000000001111000011100000000",13,16,-1,0,0.7998903808371279,380.070263673638,376.06603767663876,3.3675562052740773,2
508,"b00000010000000001010011111110001110100000000101001110010100011101010000001000000",3,1524.163750151789,"b01001000001010100001000001000000001010010000010010000000000001111000011100000000",14,22,0,0,0.9279986906677996,263.97896426335177,364.5491702478788,1.5246891099129594,2
509,"b00000010000100001110111111111101111110000111011111110110111111110000000011000000",0,545.2323548000734,"b10001000101011100011100100001100010101110100001110000010011001000010110001011000",14,25,0,0,0.9574789527252214,368.238046142188,406.5255047137087,4.529407416251234,1
510,"b00000001001000000110000000001000001000011100000010000011100011001010011111101001",2,3610.7513867882126,"b10111011111001011111000111010001100000111000010000110001000000110000010110011100",13,2,0,0,0.8835157238660797,190.08562174343888,355.3052131328524,3.542065724495382,44
511,"b10111000011001011011000111111001000000001000000011110000000011100000000110000000",2,5895.107461149636,"b10111011111001011111000111010001100000111000010000110001000000110000010110011100",14,6,0,0,0.8293724337533347,156.13930930152253,215.4048411949147,2.7464125499130088,45
512,"b00000000001000010001110001100111010011000111100110001111110000011101100000000000",3,1499.1253403416802,"b01001000001010100001000001000000001010010000010010000000000001111000011100000000",12,23,0,0,0.8641046897488655,82.44815462048294,475.6807322995007,3.7509645227135002,2
513,"b01110001101100000111000010001100001000001100001110000011101011010010011111001100",2,4193.649589465233,"b10111011111001011111000111010001100000111000010000110001000000110000010110011100",8,6,0,0,1.1674265737352918,324.927767757255,493.8671514869193,3.16256552435361,45
514,"b01010000001000000000011101000000110100000000001010000000100000000010000000000000",0,2677.514671623142,"b10001000101011100011100100001100010101110100001110000010011001000010110001011000",22,4,-1,-1,0.8091121385145278,110.33506982884238,159.55163108599794,5.3162361284026725,1
515,"b00100011000000000010000100001000011101101000110100000101100011111111111111011111",2,3298.187988275469,"b10111011111001011111000111010001100000111000010000110001000000110000010110011100",13,14,0,0,1.0787015956433181,501.3930495893637,91.60063331949954,2.0463083446727452,46
516,"b10000000001010110011000001000000000010010000000111011100000011110000010000000000",3,2538.5376110834786,"b01001000001010100001000001000000001010010000010010000000000001111000011100000000",7,9,0,0,0.8784193995370936,23.79269247599015,57.00069819999967,1.3811034044769506,2
517,"b00111001101000000110000010001110001000011110000010001111100011111000011111101100",2,6590.1671425186305,"b10111011111001011111000111010001100000111000010000110001000000110000010110011100",5,5,0,0,0.948858678657913,370.6680134854968,51.62172026879357,3.2943929952130473,46
518,"b00110000001100000000111000000000111000000011100100001111010000000000110000000011",3,1679.440726656081,"b01001000001010100001000001000000001010010000010010000000000001111000011100000000",13,17,0,0,0.8573800454647648,498.5491297343404,346.1047414918581,1.2001182369276195,2
519,"b00100000000010000000011000000101111100111011110011010110000100001001010010000000",3,2103.8037638158366,"b01001000001010100001000001000000001010010000010010000000000001111000011100000000",11,19,0,0,0.7994593353811086,218.4923287679792,14.281238050078525,4.6345418934805975,2
520,"b10110000000011010000011111100011111111101111000000010000110000000000000000000000",0,3101.22504273726,"b10001000101011100011100100001100010101110100001110000010011001000010110001011000",18,14,-1,-1,0.8288485126818173,261.0321714105358,5.095775952143601,3.215824941329175,1
521,"b01100000100000000110000100001100010001000011011000001111100111001010001110000000",2,1814.4995394740247,"b10111011111001011111000111010001100000111000010000110001000000110000010110011100",20,11,0,0,0.8182644865503009,333.68041964939664,403.5604868729909,2.452079207092408,47
522,"b00000000101000000001000010001011000000010010000100100011100011111000010000001001",2,5393.667349974199,"b10111011111001011111000111010001100000111000010000110001000000110000010110011100",19,5,0,0,0.8901820345614204,100.24448209004088,338.2428297557179,1.1147166277747833,47
523,"b00100000000010000000000100000001011000000001111000010100110000100011000000000001",0,1587.5983144443242,"b10001000101011100011100100001100010101110100001110000010011001000010110001011000",23,9,0,0,0.7657512089216851,219.6487762829719,458.95220752425195,4.861426567213279,1
524,"b00000110000000010011000000000000000000000110110010000001100011000000000100000000",3,2068.4646217110435,"b01001000001010100001000001000000001010010000010010000000000001111000011100000000",14,10,0,0,0.7562316793676345,267.03197239316137,349.6031356873157,3.7453251289555203,2
525,"b00000000001000000000000010000000111000000001000000000010100000000110000000110110",3,2897.3704215878506,"b01001000001010100001000001000000001010010000010010000000000001111000011100000000",12,7,1,0,0.8121463042180725,447.8378628274469,410.2033747093249,1.4608100345319897,2
526,"b10011000100001000111000000001111001011110010110100111111100011111111000010000000",3,1424.1603510535629,"b01001000001010100001000001000000001010010000010010000000000001111000011100000000",9,27,0,0,0.9200475305932486,73.30635087012756,498.35028167583977,1.1095632318339348,2
527,"b00000100001101101100100100110001000011001110011100110111110001010111000000001000",0,1896.989127058377,"b10001000101011100011100100001100010101110100001110000010011001000010110001011000",17,18,0,-1,0.808655403655701,391.743777876525,257.4137950062633,1.8186554116019273,1
528,"b01000000000110000000111001001101100000110011111010000001100100000000000000000000",0,3952.0693658647156,"b10001000101011100011100100001100010101110100001110000010011001000010110001011000",20,10,-1,0,0.8188517756862952,80.50320196052571,145.08000838685496,3.2696591393876884,1
529,"b00001100100001000111000000011100000110110111111111101111100010100000001000000000",0,2333.272287712749,"b10001000101011100011100100001100010101110100001110000010011001000010110001011000",17,17,0,0,0.8591353008273177,137.52634481233807,206.6062176023039,5.900343781094598,1
530,"b00000000001000000000100100000000010000001001100000000011100000000011000000000110",3,3173.0094062527824,"b01001000001010100001000001000000001010010000010010000000000001111000011100000000",13,8,1,-1,0.8114214393961351,12.079527067330519,266.6936539550242,1.1348285523883377,2
531,"b10000000101001000011100100001000000101110100001110000010111001000111110000000010",0,4305.059470439128,"b10001000101011100011100100001100010101110100001110000010011001000010110001011000",8,4,0,0,0.841785640920503,308.96620064046203,265.27861102836255,2.5549673516224116,1
532,"b00000000000001100110000101101100111111110010000100000000001100100000000000000000",0,2339.754530902298,"b10001000101011100011100100001100010101110100001110000010011001000010110001011000",19,9,-1,1,0.78436414715226,365.2767730391653,466.07252362473565,4.829752862310984,2
533,"b00000000001101000000111100001011111011111110000101000110000100000000110000000010",0,1558.3155661271153,"b10001000101011100011100100001100010101110100001110000010011001000010110001011000",18,14,0,0,0.8588884543131002,373.1912419453834,288.82781850685046,4.6737818411439935,2
534,"b00010000000001100000000010000001010100010000001110010100111011011000100000000000",3,2994.827727330367,"b01001000001010100001000001000000001010010000010010000000000001111000011100000000",13,15,0,0,0.8153406743785422,422.2909176181159,409.44869098362733,4.5965085733541375,2
535,"b01000000000011000001001001000000001110010000011001011001000000100000010000000011",3,3275.970583102051,"b01001000001010100001000001000000001010010000010010000000000001111000011100000000",9,10,0,1,0.8812257211510435,268.1424917137654,62.26203964475246,3.7014867194553602,2
536,"b00000000010000000000100000000010000100000000000000000001100000001100000001000000",3,963.5754538466252,"b01001000001010100001000001000000001010010000010010000000000001111000011100000000",17,7,0,0,0.8729934348883465,116.61721995995319,113.04669390695919,3.022420736129148,2
537,"b01000000100000000011000010001011001000011100010010111011100011010000010000001100",2,2391.3764674262393,"b10111011111001011111000111010001100000111000010000110001000000110000010110011100",18,8,0,0,0.9342183318546812,15.486760708145539,444.30385762354143,3.84542424478379,47
538,"b00000000000000000010000000001000000100000001110000000111000000111100000110000010",3,5081.359174087755,"b01001000001010100001000001000000001010010000010010000000000001111000011100000000",13,10,1,0,0.7742754347562809,176.89990765057254,171.60825874832238,3.3411314286105736,2
539,"b10000000001100000010001000000001100000100000011010000000000000000111110000100100",0,2406.7853437786075,"b10001000101011100011100100001100010101110100001110000010011001000010110001011000",20,6,0,0,0.8103078831677816,264.17921877502334,27.418893049532503,5.066184189535607,2
540,"b01100010100000000000110001110001000101000011011110000011001100011100010001101110",1,1496.9267245156564,"b11001110101000111111000000100000101111000111010100001000111100110000111001100000",20,15,0,0,1.2351233935940742,195.81709867049724,247.56610436132212,4.261459124318142,4
541,"b00100011001000000110000010101110001000111100011110011111111011111110011111011001",2,3119.1852766972997,"b10111011111001011111000111010001100000111000010000110001000000110000010110011100",5,12,0,0,0.9819930267523628,494.8631138349692,218.65948107556204,2.586385318884558,47
542,"b00000000000000000000000000000000011000000011101000000110000000000000000000000000",3,3035.6515445736336,"b01001000001010100001000001000000001010010000010010000000000001111000011100000000",16,5,0,0,0.7477828839588188,496.0560029859448,498.7570300454473,6.072913866258766,2
543,"b00000000100000000110100010001011000000010010101110100111100011111000100010010000",2,1859.6354741560242,"b10111011111001011111000111010001100000111000010000110001000000110000010110011100",19,10,0,0,0.90022747248517,263.19206768026646,156.23920243790812,2.8331706796394047,48
544,"b00000000000000000000011000000000100000000001101010001110110011110001100000000011",1,1602.311352807904,"b11001110101000111111000000100000101111000111010100001000111100110000111001100000",24,8,1,0,0.7956473420787843,466.97017500983634,56.19288772367206,3.1126631373500713,4
545,"b00000000000000000000000000000000000111110000111110001000111000100001000000000000",3,2534.3714649561944,"b01001000001010100001000001000000001010010000010010000000000001111000011100000000",14,11,0,1,0.7635303679646651,482.6121519291761,350.65614097284424,4.650183708046381,2
546,"b01100001101011001101101110011100110000111000100110001001000101111100011001111011",2,2487.613654086482,"b10111011111001011111000111010001100000111000010000110001000000110000010110011100",11,16,0,0,1.0308744813753994,64.08366768536665,334.1502239534694,3.364991785801066,48
547,"b01100000101100110110000001100000000010000001101110010000111000000110110000010000",1,2183.0786450948503,"b11001110101000111111000000100000101111000111010100001000111100110000111001100000",20,10,0,0,0.9064554432229689,439.341148673219,188.08032941676439,6.019470229446661,4
548,"b00000000010000010110000001111000001000000001100000011100000000011100000000100000",3,3116.0748812156544,"b01001000001010100001000001000000001010010000010010000000000001111000011100000000",12,11,0,0,0.8356539666354648,53.69589990956749,482.91458471910545,0.2534182857596856,2
549,"b00000000000011010000001000110000011101100000111111011111011000110000000000000000",0,4215.885781835323,"b10001000101011100011100100001100010101110100001110000010011001000010110001011000",20,14,0,1,0.7622573993219737,331.64573259086524,32.12447564643409,3.073354333620712,2
550,"b00011001100000100111000011000100001100000110011110011001101011111010011011101101",2,2650.474376018275,"b10111011111001011111000111010001100000111000010000110001000000110000010110011100",9,11,0,0,1.0623588669603152,44.97699928580456,432.53491055602416,4.653128608627146,48
551,"b11110000010000110111000011001001100000100000110000010001000000100000010110001100",2,4876.185929668271,"b10111011111001011111000111010001100000111000010000110001000000110000010110011100",14,4,0,0,0.8940664473012981,426.10839573797915,368.40346664000447,1.5660605050686216,48
552,"b00000000000000000000001100000000110010000011100000010111100010010110000001010000",0,3605.5507254645904,"b10001000101011100011100100001100010101110100001110000010011001000010110001011000",21,8,1,-1,0.7756520475120259,333.7578148421651,330.64407633765956,4.740485313414979,2
553,"b00000000000111001110010001101001010110000100011000000000100000000011010000000000",3,3993.4457493564614,"b01001000001010100001000001000000001010010000010010000000000001111000011100000000",12,14,0,0,0.7818137005146163,39.36351569943073,88.54798112859456,4.049828746059557,2
554,"b00000001011110011111111100100000110111110011011010001111111000101101000000110000",1,1515.4471977969852,"b11001110101000111111000000100000101111000111010100001000111100110000111001100000",14,18,0,0,1.166640852015871,252.05208159754517,13.628604933735444,4.044641481441024,4
555,"b00000000000000000000000000001000000000110000001011000110010001110000000100000000",3,6846.703588855069,"b01001000001010100001000001000000001010010000010010000000000001111000011100000000",13,7,0,1,0.7778158136878901,144.03993448200563,18.22238801254953,2.1754337758116042,2
556,"b11101100000001110000000001100000000111000000000100000000011000000000000000000000",1,2690.6325883225663,"b11001110101000111111000000100000101111000111010100001000111100110000111001100000",23,3,-1,0,0.7654083865146146,361.807282563945,116.55307100209217,2.519898646288575,4
557,"b00000000001100000100000000100000110010110010001100011110100000000010000000000100",0,1964.3110669261432,"b10001000101011100011100100001100010101110100001110000010011001000010110001011000",22,9,0,0,0.8040739471504662,87.43705929755116,144.88312735311007,6.14223066523175,2
558,"b00000000100000000111000000011100001100100010110000111100000011010000010100000000",3,3135.8510525924094,"b01001000001010100001000001000000001010010000010010000000000001111000011100000000",12,15,0,0,0.8064505450209992,356.8290067303656,169.3171927509843,1.8591938382658215,2
559,"b00000000000000000000000101000001110011100000001110000000011000000000000000000000",0,3091.437758141343,"b10001000101011100011100100001100010101110100001110000010011001000010110001011000",23,4,-1,0,0.7546143445127497,322.2435669917267,252.55454011836682,-0.3376907330414296,2
560,"b00000000100000100000000000010101100110001110001000111000000000100000000110000100",0,1563.966217592062,"b10001000101011100011100100001100010101110100001110000010011001000010110001011000",23,10,0,0,0.9662388472655473,331.6178043331023,223.1215437641759,3.4426582407261144,2
561,"b11011100000011111100001001001100110100001111110000011100000001111110000010100000",3,1768.0364232813613,"b01001000001010100001000001000000001010010000010010000000000001111000011100000000",9,25,0,0,0.8259773219533789,323.8633917172545,127.86178891050663,0.49162986464597114,2
562,"b00000001100011000110100000011100001100111100000100001111100001111110001000000001",2,4403.690158574759,"b10111011111001011111000111010001100000111000010000110001000000110000010110011100",15,9,0,0,0.8591170733099089,440.9694402908341,281.3933099425284,3.735093894040461,48
563,"b00000000000000000000000010000100001100000001110001001100000001010000000000000000",3,3570.81770921927,"b01001000001010100001000001000000001010010000010010000000000001111000011100000000",15,8,1,0,0.7450721939936475,209.7993698001832,62.68199813487918,2.852642138779561,2
564,"b00000000000000000000100110000011111010001110001000011100000000111000001000000000",3,1856.9660273866007,"b01001000001010100001000001000000001010010000010010000000000001111000011100000000",13,14,0,-1,0.7769073301103762,80.40605403976728,245.37935884157724,-0.33251402370062444,2
565,"b00001000000000100001000100000100000000010000001111000000111000100111110000010010",0,8516.240770717406,"b10001000101011100011100100001100010101110100001110000010011001000010110001011000",17,6,0,1,0.7370903930437623,312.36407686690717,58.74443206588459,0.8313488614201552,2
566,"b00000000000000111000000010000000111000100111100011001111101001111100000111001000",3,2822.4737171395477,"b01001000001010100001000001000000001010010000010010000000000001111000011100000000",11,21,1,0,0.7937413066579365,483.58568477781273,125.86130445790705,-0.025885065428139536,2
567,"b00000000000000000000000000000100011010000000111000000101000000000000000000000000",3,5214.363129716288,"b01001000001010100001000001000000001010010000010010000000000001111000011100000000",16,6,1,1,0.7371327047398406,92.12490976496711,239.2651743655141,2.2346245551170583,2
568,"b00000001100011100110110010001101111100000011100110111011100011111010010001000100",2,3513.8067836781274,"b10111011111001011111000111010001100000111000010000110001000000110000010110011100",14,15,0,0,0.7975070128584658,188.57143217528719,25.326848016334576,3.323564722752139,48
569,"b00000000000000000000000001000000000110000000110000000001000000000000000000000000",3,1935.2295181618179,"b01001000001010100001000001000000001010010000010010000000000001111000011100000000",16,3,0,-1,0.732707490358771,447.01040348994917,183.36942897730916,2.3931747031990724,2
570,"b01100000001000011001110000111001000000000001110000000000000010000000000000000000",3,3716.6446942964158,"b01001000001010100001000001000000001010010000010010000000000001111000011100000000",12,9,-1,0,0.8705251998996818,414.07688175213684,309.08420703188784,0.8225625687726477,2
571,"b00010001101000000110000000000010001000011100000100001111100011010000011110000101",2,4917.171258445163,"b10111011111001011111000111010001100000111000010000110001000000110000010110011100",13,3,0,0,0.959591528123955,116.58321547110876,348.07716716660394,0.8330733667722314,48
572,"b00001101100000100011000001001001100010000000100010000110111000011000110010000011",3,3020.344348722587,"b01001000001010100001000001000000001010010000010010000000000001111000011100000000",10,17,0,1,0.9334514622384888,342.0043739564009,378.96091576013345,0.5812181553050657,2
573,"b10000000000001111000011111101111100110001001000000011000000101100011000100000000",3,1061.1525375204826,"b01001000001010100001000001000000001010010000010010000000000001111000011100000000",13,22,0,0,0.9037437898718399,418.5650668102316,152.7040231254817,3.0988732217647863,2
574,"b00000100100000001110000111110100110000001011111000011100100011110000000100000000",3,3492.32966981967,"b01001000001010100001000001000000001010010000010010000000000001111000011100000000",11,20,0,0,0.7999581671359948,35.931073115654144,140.55355848631527,1.5727295917181117,2
575,"b00000000000111000000001100000000011110000001111000011001000001000000000000000000",3,2939.7437928793724,"b01001000001010100001000001000000001010010000010010000000000001111000011100000000",14,12,0,0,0.7657240637146022,309.24826923898604,149.61897956115143,2.5615892741185924,2
576,"b01111001100100100000000001000000100101001011011000000000110100000000001000111000",3,2210.3805854279353,"b01001000001010100001000001000000001010010000010010000000000001111000011100000000",13,18,0,0,1.3003551591872968,146.7919154923802,323.76959351227816,4.065443796385157,2
577,"b00000000000000100111000011000000000000001100000001111101100011001100011001100000",3,5922.756837994639,"b01001000001010100001000001000000001010010000010010000000000001111000011100000000",13,17,0,0,1.2018731963970712,215.3714518315424,151.60171337845887,0.5880608399729415,2
578,"b00100101011001011011000111100001101000011000010000110000000000000000000110000000",2,3259.1416543626583,"b10111011111001011111000111010001100000111000010000110001000000110000010110011100",15,3,0,0,0.920479216307152,348.79831252339216,308.82183787680236,1.3361180718316987,49
579,"b00000000000000000000000000011000010100001110110010011001100001111101101100000000",3,5037.784094439493,"b01001000001010100001000001000000001010010000010010000000000001111000011100000000",11,15,1,0,0.7686055701749274,234.03519253983552,225.87683322272315,2.9004533824475125,2
580,"b00110001101000000111000010001000001000001100100010001110000001101100011101001100",2,6080.990878509798,"b10111011111001011111000111010001100000111000010000110001000000110000010110011100",13,5,0,0,1.061710525986712,411.7141363718034,120.82215593752568,4.56346953982409,49
581,"b00000100000001001000000111100000001110000101101000011110000000001111011000000011",3,2208.519174868725,"b01001000001010100001000001000000001010010000010010000000000001111000011100000000",11,18,0,0,0.8776897315797617,359.36411807752387,6.292698929471404,1.8680485842029926,2
582,"b00000010000000010000000000110000111011000011000000101100000000100000000000001100",1,3443.2754298371665,"b11001110101000111111000000100000101111000111010100001000111100110000111001100000",25,6,0,-1,0.7843805869444602,317.9263120485273,211.50284436892886,3.4338488847096174,4
583,"b01000100011001011111110110001111110111111111011101100110101100001001010110001010",3,1246.6816885440587,"b01001000001010100001000001000000001010010000010010000000000001111000011100000000",5,32,0,0,1.3202880440296343,358.7427687073764,58.61964759635511,0.055871121959000666,2
584,"b10110000001000001111000110111101100000001000010000010001101100100000000100000000",2,4495.381339209547,"b10111011111001011111000111010001100000111000010000110001000000110000010110011100",17,6,0,0,0.864876634403923,22.944075899967963,152.5432131046047,3.4094553970471133,49
585,"b01100000000011001000001100000011110000001100011101000000110100000111000000010001",0,3666.540926085958,"b10001000101011100011100100001100010101110100001110000010011001000010110001011000",17,10,0,0,0.9497408458633703,176.55942950283944,141.0814238291924,0.27804937672082053,2
586,"b00000000000000000000000000000000011100000001111000000000000000000000000000000000",3,8312.598571079418,"b01001000001010100001000001000000001010010000010010000000000001111000011100000000",16,4,0,0,0.7247695795849342,287.03010350083434,454.05719056556495,5.625383320154505,2
587,"b00000000000000000001000011000000111001100011100000011100000001100000000000000000",3,3018.8328412805286,"b01001000001010100001000001000000001010010000010010000000000001111000011100000000",14,11,0,0,0.7876931923483661,248.86069415140776,374.35871581510173,0.9270038674595973,2
588,"b11000000001011000000001100011000010011100000000100000000010000000001000000000000",0,3277.1991050444967,"b10001000101011100011100100001100010101110100001110000010011001000010110001011000",21,5,-1,0,0.8608986148677314,82.52228698626028,200.00650350269106,0.5019274113566256,2
589,"b10000000010011000111000111000001100111101110000000000000000000000000000000000000",3,3806.3934099340177,"b01001000001010100001000001000000001010010000010010000000000001111000011100000000",14,14,-1,0,0.9060253552374586,151.65605033494768,229.02415127991551,3.2912230720627216,2
590,"b00100000101000000010000000000000001000001000000011010001110101011010000100000000",3,4463.657990128464,"b01001000001010100001000001000000001010010000010010000000000001111000011100000000",12,11,0,0,1.1274354058026987,164.88628212426772,124.33029538845616,3.120832420917268,2
591,"b00111000101000000100000010001000001000011100000110001011100011011100011111100000",2,6675.713939390497,"b10111011111001011111000111010001100000111000010000110001000000110000010110011100",9,2,0,0,0.7880867411187118,22.125913049149037,208.85565267492223,3.686770611876134,49
592,"b00110000001011001110001101111101111000110011000000000011000001001100001100000000",3,1327.1750378290685,"b01001000001010100001000001000000001010010000010010000000000001111000011100000000",10,21,0,0,1.0723743022209888,206.7075564457132,416.7356580405554,0.1724466578791574,2
593,"b00000000001000000000100010000000001100000010111100001000000000010000000000000000",3,1762.7288556207864,"b01001000001010100001000001000000001010010000010010000000000001111000011100000000",15,8,0,-1,0.7893796870114543,347.93879846101316,105.62064644507376,4.975879519702531,2
594,"b00111101101000000110000000001100001100001000100100001001000011011110011111101111",2,4843.445074418754,"b10111011111001011111000111010001100000111000010000110001000000110000010110011100",9,7,0,0,1.1215899811607706,359.3431989664487,73.95048454688452,4.028470496035602,50
595,"b00000000000010100000011111000000101110000011111000011111000001110000000000000000",3,1676.9926785947496,"b01001000001010100001000001000000001010010000010010000000000001111000011100000000",10,15,0,0,0.8432364083166887,320.3710440328102,290.4511596812952,3.195533049343794,2
596,"b00000000000100000000000110000000011011100000001111000000001000000000000000000000",3,7572.970243734313,"b01001000001010100001000001000000001010010000010010000000000001111000011100000000",16,10,0,1,0.7819713339164656,468.22895810890566,36.39144771807725,4.367430253094261,2
597,"b00000010000110001100100000011000010001100001101110110001111000000100010000000000",0,2310.4132191240615,"b10001000101011100011100100001100010101110100001110000010011001000010110001011000",20,12,-1,0,0.9093904040718227,371.3144562268147,29.7148431863254,1.4524767151595066,2
598,"b01111001000101000000011100001100111110100011100000111100000001001001100010111010",3,504.0081132654843,"b01001000001010100001000001000000001010010000010010000000000001111000011100000000",14,29,0,0,1.1488812756612534,322.9832762583375,3.27120941096552,0.15698472287936482,2
599,"b01010001101010011101010011001001111000000001111110001111100011111110110000011111",2,2737.753491779972,"b10111011111001011111000111010001100000111000010000110001000000110000010110011100",10,17,0,0,0.8876587410923745,195.6613202671125,279.0257451275128,0.43964341072485735,51
600,"b01010000100100000000000001000011000100010100011101110001110011101000011111000000",3,1854.852221386047,"b01001000001010100001000001000000001010010000010010000000000001111000011100000000",9,18,0,0,0.9878948294958759,466.2855780274921,300.56708023971134,5.022629682180904,2
601,"b00000000100000000110000001100000001110000000111100101111000000011100000000100000",3,4935.565417138435,"b01001000001010100001000001000000001010010000010010000000000001111000011100000000",12,14,0,0,0.7971386634021522,297.1693490996531,23.399319551893207,1.3549748982115157,2
602,"b00100000000100000100100000000000001100000011000001000111001100000011100000000100",3,2057.0422335171265,"b01001000001010100001000001000000001010010000010010000000000001111000011100000000",14,13,0,0,0.8567108799398624,0.6902144111231289,174.9365875208799,4.379965529743983,2
603,"b01000000001010000001001001000000001000010000000011010000001100110000010001000000",3,3835.5980799794906,"b01001000001010100001000001000000001010010000010010000000000001111000011100000000",8,6,0,0,0.8599973737268112,263.9446111251406,153.18704652177527,2.9274715151854656,2
604,"b10110100111001011011001111110001111100111000010001110000000011100000010110001000",2,2540.0607629685037,"b10111011111001011111000111010001100000111000010000110001000000110000010110011100",8,9,0,0,0.938485063262827,374.06550883417543,449.39143022915016,4.8766498903330415,51
605,"b00000000101001000100000001100000011100000001100000001110000000100100000000000000",3,2596.416920881451,"b01001000001010100001000001000000001010010000010010000000000001111000011100000000",12,9,0,-1,0.8506619102121316,64.65547031808678,110.43126597035427,3.1160914944613523,2
606,"b10000000000000100000011111010011000001010000000001111000000000100100010000011000",2,1630.968202154325,"b10111011111001011111000111010001100000111000010000110001000000110000010110011100",23,8,0,0,0.9935563230146011,17.393359406853662,467.7072087722296,2.9473480291071077,52
607,"b00000000000000001110101000111001101111100110111100000000001000000011000000000000",1,2682.020006723831,"b11001110101000111111000000100000101111000111010100001000111100110000111001100000",22,10,0,0,0.8107438112099208,193.78756984658932,220.08454395543694,1.0757987903019703,4
608,"b00000001101000000110000011001111001100011110111110010011100011110010010000001101",2,3544.304649531742,"b10111011111001011111000111010001100000111000010000110001000000110000010110011100",11,10,0,0,0.8767271095788916,451.06315922946055,145.3315674745584,3.596976747503869,52
609,"b00000000001000000000100000000010000000001001100000001011000000101111000010000000",3,3938.7442876964706,"b01001000001010100001000001000000001010010000010010000000000001111000011100000000",13,9,1,-1,0.7570273651290927,155.78779320640066,12.085682081066428,2.6881186147278706,2
610,"b00000000000010000000000000000000001000000000100000000000000001000001000100000000",3,1929.2996846519136,"b01001000001010100001000001000000001010010000010010000000000001111000011100000000",15,2,1,-1,1.0869639003048932,131.17905643474344,58.378874577924854,3.0543563049633495,2
611,"b00000000000000000100000000000001101000001111010000110000000000000000000000000000",3,3790.956458310804,"b01001000001010100001000001000000001010010000010010000000000001111000011100000000",13,5,0,-1,0.7293190737433443,182.1526999671969,288.8464015594001,5.997871267299843,2
612,"b00100000000000101000000011000000001100000000010000100001000000000000010000000001",3,3475.9812351125493,"b01001000001010100001000001000000001010010000010010000000000001111000011100000000",15,8,0,0,0.8557858389582345,341.77616677835346,355.17867770680164,4.004989430394923,2
613,"b01011011000001100110000010111100110000001000000000010000000000100001000011000100",2,1398.6020702054695,"b10111011111001011111000111010001100000111000010000110001000000110000010110011100",21,8,0,0,1.0836723403064812,87.1311088428933,66.89719973946407,5.899967677989465,52
614,"b11001000110010100000011011011101111111001111001100110110100011111111100011010110",3,2324.913298509787,"b01001000001010100001000001000000001010010000010010000000000001111000011100000000",7,34,0,0,1.3351472733385492,234.43466370937654,31.861341790458923,5.06003999601128,2
615,"b00100000001110100000111011100000011111100000111111000100000000010011100000000000",3,2216.1747378404684,"b01001000001010100001000001000000001010010000010010000000000001111000011100000000",10,19,0,0,0.8431959637893529,271.0161600587912,364.84799091133686,5.861976901764893,2
616,"b00000000000000000000000000000011110000001111110000011011100000000000000000111010",3,2874.71927113091,"b01001000001010100001000001000000001010010000010010000000000001111000011100000000",12,12,1,-1,0.9286827165338158,98.21851297848006,416.1782667815473,0.6173377326594919,2
617,"b00001000000001100011000010100100000001100001001110000110010000001000000000100000",0,1794.8602017112707,"b10001000101011100011100100001100010101110100001110000010011001000010110001011000",19,6,0,1,0.7565021176823572,204.40511637053,371.8515925423909,1.479620989951596,2
618,"b00001000000001100000001111000001000011001000000110000000011000000000010000000000",3,1337.1973839810232,"b01001000001010100001000001000000001010010000010010000000000001111000011100000000",13,10,0,0,0.8445284145566797,447.39836977800843,347.8334076532395,5.920365000359376,2
619,"b00110001001000000100000000001000000000111100011110011111100011101010011111001101",2,4108.4483852462645,"b10111011111001011111000111010001100000111000010000110001000000110000010110011100",8,5,0,0,0.9549992027989882,305.18374586539625,178.1352302120466,1.9626726755972617,52
620,"b01110010001101101111000011110100111100001111100011111001100111100000000110000000",3,1191.9336983890612,"b01001000001010100001000001000000001010010000010010000000000001111000011100000000",9,29,0,0,1.033811618319392,244.56628771400938,492.92809490413475,0.3948395072513194,2
621,"b00000000000000000000000000000001011000001111110000000110100000000101000000001101",3,1381.1273787969637,"b01001000001010100001000001000000001010010000010010000000000001111000011100000000",11,9,1,0,0.7611582766576248,509.05976266003313,82.18298099409334,6.001520230955423,2
622,"b11010010001100000000111100010011001000100000000010111000000010010001000001010100",0,3639.778020882757,"b10001000101011100011100100001100010101110100001110000010011001000010110001011000",19,12,0,-1,1.3288229118915493,56.424624718021796,183.4735513540938,3.7189368616907057,2
623,"b01000000000100000001001000000100000001100000000110000000011000000001000000000000",0,2789.523729885546,"b10001000101011100011100100001100010101110100001110000010011001000010110001011000",24,4,0,1,0.8352755612573531,369.7225630559663,223.58709446776666,2.5588217883618265,2
624,"b00110001101000000100000000001000000000010000000110001111100011100000001111001100",2,3780.759136310887,"b10111011111001011111000111010001100000111000010000110001000000110000010110011100",13,1,0,0,1.0700904755417384,219.03443349408005,59.93052593183143,4.529923355151653,53
625,"b00001000111000011011000110000000100000110000010000000000000000000000110110001110",2,5386.431246974286,"b10111011111001011111000111010001100000111000010000110001000000110000010110011100",17,2,0,0,0.9692271067272153,205.60732533209935,211.06234296649126,1.0176809476841637,54
626,"b00000000000000010000000011000000001100000000110000000010000000000000010000000000",3,5064.693240434291,"b01001000001010100001000001000000001010010000010010000000000001111000011100000000",14,4,0,1,0.7793353620655464,173.48581022089422,161.92443259079857,-0.09985807714636974,2
627,"b00000001100001011000000111000000011000000100010000100000000011000000000000000000",3,2478.3172195445172,"b01001000001010100001000001000000001010010000010010000000000001111000011100000000",13,9,-1,0,0.7914482565171818,416.42148439454166,249.7366089442581,3.705336248150521,2
628,"b00000000000000000000000001000000111110000011111000000100000000010000000000000000",3,3524.3164706945945,"b01001000001010100001000001000000001010010000010010000000000001111000011100000000",14,8,0,-1,0.7719782421602573,285.8499901083775,370.37570045205285,3.4567109583773354,2
629,"b00011101101000001000000001100000101111000111100110000100001100000000000000000000",1,2248.5618378256786,"b11001110101000111111000000100000101111000111010100001000111100110000111001100000",19,6,-1,0,0.8169177071834186,371.79670518326014,450.57139747699165,3.6229897927558357,4
630,"b00010110000011111001000110000000110100010011010011101100110000010010001100001000",3,2280.3369849708,"b01001000001010100001000001000000001010010000010010000000000001111000011100000000",10,21,0,0,0.9110431885538395,309.4561530154587,37.68984762361712,0.04747987184759755,2
631,"b00001000000010110000111000001100010000100011000111011000011110111000110000000001",3,1500.0608767548406,"b01001000001010100001000001000000001010010000010010000000000001111000011100000000",11,20,0,0,0.9712909510322139,333.8146615899034,43.106351084733426,4.347199535622799,2
632,"b00000000001001100110100000011000010000110111100000000110111011011110101100000000",0,1843.491095650562,"b10001000101011100011100100001100010101110100001110000010011001000010110001011000",16,13,0,0,0.8802336825180832,127.4564968744248,165.74564714521637,3.624669247755236,2
633,"b01011001000000011001110111111111011100000110011011111001110011100000001110010011",3,1938.0920922680366,"b01001000001010100001000001000000001010010000010010000000000001111000011100000000",8,31,0,0,1.2760235687770272,152.88773255960444,275.8517976419428,2.4233083678459657,2
634,"b01000000000100100000011101001011010110001000001010000000001111000000000101001000",3,2192.2251352057983,"b01001000001010100001000001000000001010010000010010000000000001111000011100000000",12,16,0,0,1.0942240670456749,237.2514264915202,418.3135952145432,2.8911332928025786,2
635,"b00000000010000000010000011000000001001000011101000000010101000000100000000000000",3,3382.0362505663734,"b01001000001010100001000001000000001010010000010010000000000001111000011100000000",13,8,0,1,0.7859449161072047,173.45408874214766,62.26127086570877,4.308972449898831,2
636,"b01010100001000001000110000000011000000000110110000000000110000000000000000000010",1,1830.7821870021935,"b11001110101000111111000000100000101111000111010100001000111100110000111001100000",27,7,0,-1,0.858318410880637,244.0602601090098,481.72189661868543,5.485555060279724,4
637,"b01000001001100001111010001111011001100011000110000001111000001000000000100001000",3,2005.1496289373247,"b01001000001010100001000001000000001010010000010010000000000001111000011100000000",10,19,0,0,0.9342660292528021,318.38167875556536,5.307224754411735,2.8261147848994277,2
638,"b00000000000000000000011000011101111000001110101000111000110011000111010110001111",0,2246.184903045204,"b10001000101011100011100100001100010101110100001110000010011001000010110001011000",11,10,1,0,0.9690800951590496,39.166386892932756,465.565694056106,4.532956780978872,2
639,"b01001000000000000000001101000000001000010000111000000000000000101000011110000000",3,6115.213742507102,"b01001000001010100001000001000000001010010000010010000000000001111000011100000000",8,5,0,0,0.903726918932103,107.91773741735065,228.89180177724572,1.8460667637014807,2
640,"b00110001100000000110000010001100001101011100110100001111100011111110011111001001",2,4192.169056340208,"b10111011111001011111000111010001100000111000010000110001000000110000010110011100",6,7,0,0,1.0447692160210205,50.1735237288692,23.245701216003805,2.469240055657119,54
641,"b00000000000000000000000000000000011110000001111000000011100000001100000000100000",3,2986.4696324797314,"b01001000001010100001000001000000001010010000010010000000000001111000011100000000",14,9,1,0,0.7292739095442832,288.27902329917566,301.065733735039,4.329773922513275,2
642,"b00000011000000101100000010111011101111000110110110000000111001100101100000010110",3,3529.5806291311346,"b01001000001010100001000001000000001010010000010010000000000001111000011100000000",10,24,0,0,0.8398281159683602,185.51800214703064,170.53960033456715,4.168928957572204,2
643,"b00100001101000000110000000000100001000011100100010000010110011010010001111001100",2,3606.594433568448,"b10111011111001011111000111010001100000111000010000110001000000110000010110011100",13,3,0,0,1.0466814297606233,21.397129152870296,46.9566553649469,3.8637999352169827,55
644,"b00001000000000110000000001100000000010000000000100000000011100000011111000000010",1,2374.0497524555412,"b11001110101000111111000000100000101111000111010100001000111100110000111001100000",24,4,0,0,0.9927692938658313,263.08421767403047,246.25730877535173,4.814656106312283,4
645,"b00100001100111111100011111100001111110000100110101000111111010111111000100100000",3,1287.378929294532,"b01001000001010100001000001000000001010010000010010000000000001111000011100000000",8,31,0,0,1.001031876361559,493.443151770559,204.9854449971636,6.010570797805364,2
646,"b00011000110001000000011000000000111000000111100000010000000000000000000000000000",0,2243.5022120345675,"b10001000101011100011100100001100010101110100001110000010011001000010110001011000",21,4,-1,0,0.8719958751404752,417.0804161941486,244.6984157968827,0.6400346139185487,2
647,"b00110000100000110100011111110000110101000000110000000000001101001110100110010001",0,1844.4459961490256,"b10001000101011100011100100001100010101110100001110000010011001000010110001011000",18,16,0,0,1.0355607693674493,225.88233332448047,344.9933430054755,2.3666552191479497,2
648,"b11110100000001100000000111110100111111001000011010010001000001100000100110000000",2,1637.3657679987075,"b10111011111001011111000111010001100000111000010000110001000000110000010110011100",20,14,0,0,0.8867256397591963,349.9439950098625,109.83667478652877,1.0135435090909215,56
649,"b00000011000000000110011001101001110111100111001000001110000000000000000000000000",0,3484.1338012813767,"b10001000101011100011100100001100010101110100001110000010011001000010110001011000",20,11,-1,0,0.7551103274848687,203.72866597447495,184.53069989593206,4.662708944161825,2
650,"b00010000100010000000000010000000001000010000000110001110100011010000011110001110",2,1953.0345056014783,"b10111011111001011111000111010001100000111000010000110001000000110000010110011100",17,3,0,0,0.9470859149240468,50.340220481908155,463.55978035696927,1.435645537436674,56
651,"b00000001100000101111000011010010000001001101001100000111000001101100000100000000",3,1309.3476492671216,"b01001000001010100001000001000000001010010000010010000000000001111000011100000000",12,18,0,0,0.7907026336512417,248.0390471076447,505.19222112368357,0.730409623786378,2
652,"b00110000101000000000000010001000011000011100000010001001100011011110010110000100",2,5072.0983694071465,"b10111011111001011111000111010001100000111000010000110001000000110000010110011100",13,2,0,0,1.1042607806470977,156.54405245249052,131.817945264875,0.7397422418988719,56
653,"b00101001111001110111000111010001100000000000010000010001000000100000000110001000",2,6663.74499126668,"b10111011111001011111000111010001100000111000010000110001000000110000010110011100",12,1,0,0,0.9168905040439976,305.05491639082226,202.39247035643237,3.720095139018759,57
654,"b00000000000000000000000000000000011101110000011010000000001000010000000000000000",3,4721.010271979321,"b01001000001010100001000001000000001010010000010010000000000001111000011100000000",14,6,0,1,0.7118164726336794,170.6262191969847,272.30070415792903,2.7788268250232786,2
655,"b00000100000000010010100010010010111100111110011000011000000001100000010000000000",3,2993.337142169251,"b01001000001010100001000001000000001010010000010010000000000001111000011100000000",13,17,0,0,0.8421434549468563,97.51890786909159,115.38276347012699,5.561158846015021,2
656,"b01111010000011111100000110010000000000010000001001000000000100000000010000000000",3,2450.407664327948,"b01001000001010100001000001000000001010010000010010000000000001111000011100000000",13,13,-1,1,0.7785593613379292,54.82853098551432,311.84376025077626,4.719108240060752,2
657,"b00110001001000011111000111111100110001101010000100011001000001100000000110001001",2,2037.985397389947,"b10111011111001011111000111010001100000111000010000110001000000110000010110011100",14,10,0,0,1.2184109884472418,410.54067385867165,355.46309964422727,3.628104779108245,58
658,"b00000000000000000110000011110000001111001110001100110000111000000000110000000000",1,2785.0630994946014,"b11001110101000111111000000100000101111000111010100001000111100110000111001100000",21,7,0,0,0.7828432048047353,371.071749256143,440.28713361118224,0.7501149661543118,4
659,"b00000010000000110110001111010000111111001111110000111101000000110000000000010000",3,1680.0545099420196,"b01001000001010100001000001000000001010010000010010000000000001111000011100000000",12,23,0,-1,0.8234863764289299,408.6498605021633,439.269507595258,5.3209670132736475,2
660,"b00010011101000110101000110010001111000011000000000011000000000000000000000000000",2,4530.4054115155195,"b10111011111001011111000111010001100000111000010000110001000000110000010110011100",20,4,-1,0,0.816585454705107,306.796705125737,227.4127694190061,3.0508661656663074,58
661,"b00000000000011110100111110110000011010000001100000000000011000000000110000000010",3,1827.436553107881,"b01001000001010100001000001000000001010010000010010000000000001111000011100000000",13,16,0,0,0.8098367640331957,4.625904862670243,17.239190519479763,3.854449879328487,2
662,"b00000011101101000011000110000001100010001000011000011001000000110000000001000000",2,3351.7153700177964,"b10111011111001011111000111010001100000111000010000110001000000110000010110011100",19,5,0,0,0.8136633280197295,214.82003279035425,261.2249059053777,2.6306509831418126,58
663,"b00100001100000000111000010001100001000011000011100001111100010011000010110001000",2,6765.805036671477,"b10111011111001011111000111010001100000111000010000110001000000110000010110011100",14,5,0,0,0.8347371919670277,183.35558934712554,295.7135845033452,2.4480332274949923,58
664,"b11100000000110000100111000000001111000000110000000111011110000101111000100001100",0,2655.9421178259618,"b10001000101011100011100100001100010101110100001110000010011001000010110001011000",17,15,0,-1,0.9742042308221571,496.7854002123551,294.4097816603773,0.2076805522419868,2
665,"b00010000000011100001011100100001110111001101110000011110000000000000110010000010",0,923.6783652976727,"b10001000101011100011100100001100010101110100001110000010011001000010110001011000",20,16,0,0,0.98910986795626,24.23081030655122,89.42518034179894,3.7893311999969406,2
666,"b01100000000110100000010000100001101111000111110111011001000001101110110100000000",3,3702.576938310187,"b01001000001010100001000001000000001010010000010010000000000001111000011100000000",7,20,0,0,0.8620656481273422,405.7148320205893,234.4102340546512,4.90182533518856,2
667,"b00010000000111000010011100110011111000001110000011111100000101110000010011001000",0,2376.6495522224923,"b10001000101011100011100100001100010101110100001110000010011001000010110001011000",15,15,0,0,1.0627245505638978,435.37209031077714,313.6317308439633,2.7198700141342473,2
668,"b11000000001100000001110110000101111100010001010000000010001000011000110000010010",0,1644.5734380921688,"b10001000101011100011100100001100010101110100001110000010011001000010110001011000",18,12,0,0,0.912156214133507,341.6103959612336,501.6760680972652,1.0073694152280388,2
669,"b01100000001000011000000011100001111111100110011100001000111011110000110001100000",1,5272.092427428375,"b11001110101000111111000000100000101111000111010100001000111100110000111001100000",12,9,0,0,0.8112880178150984,193.65666958984107,159.1286740092161,6.178243226877923,4
670,"b00100000101000000111000000001110001000011100000110001011000000011010000111001100",2,5266.163986664865,"b10111011111001011111000111010001100000111000010000110001000000110000010110011100",13,3,0,0,0.8603444971474389,143.40578471106315,228.91417860699082,2.0871664357131747,58
671,"b00000000100011110110001001010000011000010001000011010000010001000000000000000000",3,3014.7343054797875,"b01001000001010100001000001000000001010010000010010000000000001111000011100000000",12,12,-1,1,0.8845613889740018,209.13542306999534,338.58291479265455,0.36932962734397756,2
672,"b00000000000000010110000001010000011110000100111100000011110000000100000000000000",3,1949.5197426326126,"b01001000001010100001000001000000001010010000010010000000000001111000011100000000",12,12,0,0,0.8095718433153667,300.8891221103098,457.22978429256676,3.0061510881298075,2
673,"b01110001101000000110000010001001001000011000001110001111110001111110001101001101",2,5031.359179629815,"b10111011111001011111000111010001100000111000010000110001000000110000010110011100",8,7,0,0,0.9243445008135915,187.2342400906846,94.11179260752832,2.989453639223949,59
675,"b11101100100001111110001110011101000000100000010000111000000101100011100110011000",2,2374.808287599052,"b10111011111001011111000111010001100000111000010000110001000000110000010110011100",14,12,0,0,0.8611510373591471,467.17959185724317,210.02392823672943,2.769002418021225,60
676,"b00111100100111111011000000001100011111000001111111011111111011111110001100100000",3,2145.3785770938716,"b01001000001010100001000001000000001010010000010010000000000001111000011100000000",5,31,0,0,0.9195518627672085,466.6574755632986,311.12861156716286,4.8412026268575605,2
677,"b00000000000000000000000000000000001111000010111100001000000000000000000000000000",3,3097.656920507749,"b01001000001010100001000001000000001010010000010010000000000001111000011100000000",16,7,0,0,0.7480183893513556,432.07941274374843,450.005874300152,0.348151616595755,2
678,"b00110001100000000010000010000000011000011100000110001111110011011000010110000100",2,3120.8904087534374,"b10111011111001011111000111010001100000111000010000110001000000110000010110011100",13,4,0,0,0.9600972420663879,499.62919759298285,409.17293046731714,2.2469603419634003,60
679,"b00100011100000001010001000110101101111000000011111101110001111101000111100000010",3,2134.4136330245938,"b01001000001010100001000001000000001010010000010010000000000001111000011100000000",9,26,0,0,1.076478833227238,370.92406256313427,246.86756502917467,6.100991795009238,2
680,"b00111001101010000111000010001101001000101100100000001010100010001010011011011001",2,4290.563001514787,"b10111011111001011111000111010001100000111000010000110001000000110000010110011100",10,6,0,0,0.9831297716743287,362.5880186598808,108.60055089354317,1.8853419495794248,61
681,"b10110010011111001101110111111000111000010011011001000000000001000000000010001000",2,2136.820352615946,"b10111011111001011111000111010001100000111000010000110001000000110000010110011100",17,13,0,0,1.2106713095248902,241.71006277014365,395.1246679502653,1.4484253117935002,62
682,"b00000000001100000000010001000001110100000000110011000111111000000000100000000100",3,4137.174416655595,"b01001000001010100001000001000000001010010000010010000000000001111000011100000000",15,16,0,0,0.7604967897413694,368.8858236445221,308.3225505100286,0.6000493429870518,2
683,"b01000000000001000000000111000000011111000001101110000110001000000011000000010000",3,2804.009924645192,"b01001000001010100001000001000000001010010000010010000000000001111000011100000000",14,16,0,0,0.7835265657414553,290.7046599031226,303.9475084101203,6.271073761348975,2
684,"b00100001101000011010001111100000000000110000000000110000000001000000100110010010",2,1766.904899747287,"b10111011111001011111000111010001100000111000010000110001000000110000010110011100",19,5,0,0,0.9349580939700411,106.85271885508017,481.89466882643853,4.184296220766516,62
685,"b00000000000100000000110000000011000000001010100100011010110000000000000000000000",0,1863.3351528179066,"b10001000101011100011100100001100010101110100001110000010011001000010110001011000",24,6,0,-1,0.7445420296037841,324.7093898492082,249.9977367342728,4.701644633263301,2
686,"b00000000011100000000000010110100011001001000110000101100000011100000010000000000",3,1563.5659342669167,"b01001000001010100001000001000000001010010000010010000000000001111000011100000000",12,13,0,0,0.7965235544421391,168.95126246868608,189.24838860044244,4.4784804978217485,2
687,"b01000000000100000010001101011000111101100001110011000010010001011011001100000000",3,1754.751776502816,"b01001000001010100001000001000000001010010000010010000000000001111000011100000000",9,18,0,0,0.9197991766089298,174.4127660845222,504.0416968942118,2.1702503627287824,2
688,"b00001000100100110010011110001001111110010111011000010000000001100000000110000100",0,2535.6473720501754,"b10001000101011100011100100001100010101110100001110000010011001000010110001011000",18,15,0,0,1.0278399177337714,449.0004943569256,299.53754987785766,4.917525083755443,2
689,"b01011000001001000000100100101100011100010001100000000001000110000100001100000000",3,3126.7577517839873,"b01001000001010100001000001000000001010010000010010000000000001111000011100000000",12,15,0,0,1.3336840644092318,191.71292667130137,285.34923551153014,5.084143471089007,2
690,"b01101000111000000000000001111000001011000000011100000001110000000011000010011100",3,3057.895996048299,"b01001000001010100001000001000000001010010000010010000000000001111000011100000000",12,18,0,0,1.1391119954227198,258.2579657763226,199.5830044531264,0.5500128265590376,2
691,"b00000001110001001111110001110000001100100010110010011001100011100100001100000000",3,2439.926619266841,"b01001000001010100001000001000000001010010000010010000000000001111000011100000000",10,21,0,0,0.8404169766911254,442.2768376663289,442.16290175091257,2.231774743854216,2
692,"b00000000000000000100000000000000011100000000110000000000000000000001000000000000",3,3816.7676372787655,"b01001000001010100001000001000000001010010000010010000000000001111000011100000000",15,3,0,0,0.7351497613083082,376.80232790783276,115.87664742386475,2.1259342676784554,2
693,"b00000000000001011000000010010000001001001100011000100001000010000000000000000000",3,2167.9313595650265,"b01001000001010100001000001000000001010010000010010000000000001111000011100000000",13,8,0,-1,0.816243263058779,37.39358673135091,101.00928645806025,2.5585788189728484,2
694,"b00110000101000000111000010001111001101011100011110010011110011111010001111000000",2,4928.22939713575,"b10111011111001011111000111010001100000111000010000110001000000110000010110011100",9,10,0,0,0.9345925418249469,409.9283291274057,138.48692884106111,4.3540716511711075,62
695,"b00000001001000000100000010001011001000011001111100000101100000100010010010000001",2,3330.927653236161,"b10111011111001011111000111010001100000111000010000110001000000110000010110011100",20,7,0,0,0.903679969634215,108.42864172799247,336.83057782208476,2.401019728566863,62
696,"b10100111111001011111000110000001101000110000010000110011100001100010000010011100",2,4006.9477154285096,"b10111011111001011111000111010001100000111000010000110001000000110000010110011100",8,6,0,0,0.9317633739848451,117.24555733006406,48.96017045632317,0.9433575846605577,62
697,"b01100110000010010000000001000100000000110000011001011010010111111111011111010000",3,1544.6257044841404,"b01001000001010100001000001000000001010010000010010000000000001111000011100000000",7,20,0,0,1.0733332342405841,492.93177994773373,237.41543007164935,2.409153466116687,2
698,"b11101000000110000010011000001001110100000001100000011111001101100101000000001000",3,1286.9349883299979,"b01001000001010100001000001000000001010010000010010000000000001111000011100000000",14,23,0,0,1.177511349199237,488.676944296474,381.6599657319109,3.835446360184603,2
699,"b01000000000000000011000000101010000110100111100100000010000000010000010000000000",1,1739.1881883523256,"b11001110101000111111000000100000101111000111010100001000111100110000111001100000",24,5,0,0,0.7917855887268456,488.6254196432657,258.9959236282682,-0.021276237301132817,4
700,"b00000000000000100000000111100000000001110011000111000000011000110000000000000000",3,3984.4535942536604,"b01001000001010100001000001000000001010010000010010000000000001111000011100000000",13,11,0,1,0.7683293233777062,247.90567524732032,258.42702499749623,4.610930723763254,2
701,"b00100000000011000000001100000000110000000000000100000000111010000000100000000001",0,2311.108537458074,"b10001000101011100011100100001100010101110100001110000010011001000010110001011000",24,6,0,0,0.8584139569193152,338.71800868211244,285.5995134583707,2.7058548500104935,2
702,"b00000000000110001100000000110000010001100001000110000000110001001110101110000011",1,2149.951303625167,"b11001110101000111111000000100000101111000111010100001000111100110000111001100000",22,10,1,0,0.8024368494426944,322.91825524645805,425.4027401912442,3.581283226883939,4
703,"b00000000000000000000000000000000001010000000110000000001000000000000000000000000",3,3891.4639486084575,"b01001000001010100001000001000000001010010000010010000000000001111000011100000000",16,2,0,0,0.6984592948030823,378.4242857209929,391.5786438547211,0.9759091521797223,2
704,"b00000000000000000000000000000000000000010011111111001000111000110010000000000000",3,5831.2280785946805,"b01001000001010100001000001000000001010010000010010000000000001111000011100000000",14,11,1,1,0.7101712521730725,100.55547040189836,103.79762943614978,0.4790181460232367,2
705,"b10010000000010110000010001100001001110000000111000000010000000000000000000000000",3,2507.5746357331273,"b01001000001010100001000001000000001010010000010010000000000001111000011100000000",13,10,-1,-1,0.7743953393107794,20.035080281673277,162.37295245423434,5.400215753906464,2
706,"b11100000000111000000001101100000000111100010000001000000001000000000000000000000",3,2893.682717208586,"b01001000001010100001000001000000001010010000010010000000000001111000011100000000",15,13,-1,0,0.8101898435586525,378.0015815314729,149.8940863095563,2.2450062271949047,2
707,"b01100000001010000001100000000000001100000000010010000000000000101000111100000000",3,4166.253441643078,"b01001000001010100001000001000000001010010000010010000000000001111000011100000000",7,4,0,0,1.0228985919654137,122.84369671035498,222.61380912176426,3.5736982264021115,2
708,"b01000000000101100000111100110001100011010110001111011011111000000000000000000100",0,1145.50455340036,"b10001000101011100011100100001100010101110100001110000010011001000010110001011000",19,16,0,0,0.8272553614804673,239.22897336832412,332.78805014985073,6.4120443128083355,2
709,"b00100001100000000110000010001100001010010110100100001111100011011010011111000101",2,5755.3059205218715,"b10111011111001011111000111010001100000111000010000110001000000110000010110011100",9,5,0,0,0.9223092363781692,301.5917993081875,82.01098492318452,1.4364341305923594,63
710,"b00000000100000111010000011000011011000000000001110101111111011111011000000000000",3,2049.3054126243956,"b01001000001010100001000001000000001010010000010010000000000001111000011100000000",11,21,0,0,0.8789172052075829,496.74852973343593,277.4170012635211,2.6262150164937985,2
711,"b00100000001100000000000010010000000110000000110000010011000000011000000001000000",3,2644.4503460491433,"b01001000001010100001000001000000001010010000010010000000000001111000011100000000",14,10,0,-1,0.9221650517974743,6.529445919106187,437.47421181463164,2.977845964129498,2
712,"b00000011001000000110000100001100010000100011100010110110001001000000000001000000",0,2983.938601460849,"b10001000101011100011100100001100010101110100001110000010011001000010110001011000",20,9,0,0,0.9372181509480301,476.6301874024479,79.10192261393114,5.187609917590136,2
713,"b00111001101000000110000010001110001100011100011110001111110011111100001110000100",2,4960.36184605252,"b10111011111001011111000111010001100000111000010000110001000000110000010110011100",7,8,0,0,0.9499494890466877,165.89482895593258,383.44218708961256,4.937752888855784,64
714,"b00010001101000000110000010001000001000011100000000010101100011010110011110001001",2,5035.36069335321,"b10111011111001011111000111010001100000111000010000110001000000110000010110011100",13,4,0,0,0.9727990161487899,225.96473841208152,325.7120585751301,0.47959363037559527,65
715,"b11000000001110010000111101100001111111110011111001001111011000000001100001000000",3,2281.980401607707,"b01001000001010100001000001000000001010010000010010000000000001111000011100000000",11,28,0,0,0.8438929182006287,214.38668446757336,78.621470577033,5.589238209088107,2
716,"b10011000011100111101000111110001110000101000010011110001000011100000010110000000",2,4698.872955795972,"b10111011111001011111000111010001100000111000010000110001000000110000010110011100",11,8,0,0,0.843322905320344,352.06946851624457,120.55006122547856,3.548942154301014,66
717,"b00101001101000000110000010001000001100010100011110011111100011010010011101001101",2,7589.306302259711,"b10111011111001011111000111010001100000111000010000110001000000110000010110011100",8,6,0,0,0.8058386610192876,34.24675217584226,215.39267852185583,1.541325833486163,66
718,"b01100000000110110000000100000000000100000000111000000011111111000000000100000000",3,1615.647066895978,"b01001000001010100001000001000000001010010000010010000000000001111000011100000000",13,14,0,0,0.801094476331596,452.0511863783594,55.888655386829825,4.819109436700507,2
719,"b01000000001011000000011100000001100000010100111110000001111000000001000000000000",0,2482.6088170127723,"b10001000101011100011100100001100010101110100001110000010011001000010110001011000",21,10,0,0,0.8387620413703003,197.40079155177742,375.6158957471452,3.7201582844816037,2
720,"b00110001101000000111000000001100001000011100000010001011100000011000010111001101",2,6200.914336778151,"b10111011111001011111000111010001100000111000010000110001000000110000010110011100",10,2,0,0,0.9646610782944502,320.551711160021,88.67819558420489,0.07861823161124885,67
721,"b01100001001000000100000011001100111011000001111100001011100000110010010010001101",2,3176.6643990010443,"b10111011111001011111000111010001100000111000010000110001000000110000010110011100",15,10,0,0,0.9572516006504947,404.49215066221336,59.87946505847532,2.876984220392699,68
722,"b00110001000000000110000010001010001000001100010100001011100011001010010110101101",2,6086.107297535263,"b10111011111001011111000111010001100000111000010000110001000000110000010110011100",12,4,0,0,0.8471923791224385,291.67722168860485,292.8426018191898,1.5656860495345115,68
723,"b00000001000000000010000010000100001000011000000100001111100011110010011111001100",2,5171.225449628989,"b10111011111001011111000111010001100000111000010000110001000000110000010110011100",13,2,0,0,0.8165743419120095,177.00690080297684,323.59844860819015,3.990774596791703,69
724,"b00000000000000000001000000000000001111000001111100001110000000110000000000000000",3,5199.981132635453,"b01001000001010100001000001000000001010010000010010000000000001111000011100000000",13,9,0,1,0.7429320154940156,237.88295849881004,186.25846488535234,3.8613126171693715,2
725,"b00100001001000000100000010001010001000011000000010000111100001010110011111001101",2,6749.526027245918,"b10111011111001011111000111010001100000111000010000110001000000110000010110011100",12,3,0,0,0.9363931183311608,389.3208384463965,321.5499286043318,1.1382660423407547,70
726,"b00111000101000000110100110111100100100011110001110011111110001111110011111111101",2,3015.85322047866,"b10111011111001011111000111010001100000111000010000110001000000110000010110011100",4,14,0,0,1.1063353954251376,57.1573949451716,16.31588690281376,1.4512921956835512,71
727,"b10110000111001001111000100011000100100011000010000110000000000100000000000001000",2,7140.142598176746,"b10111011111001011111000111010001100000111000010000110001000000110000010110011100",15,2,0,0,0.8388357486318527,270.07980972604497,126.42808584282513,5.270435295246957,71
728,"b11000000001111100000011111111100111111110011111011000111111000000100000000001000",3,2689.2207771992476,"b01001000001010100001000001000000001010010000010010000000000001111000011100000000",9,29,0,0,0.8411318924594791,347.1789764477179,66.88185077470266,4.4333831564054,2
729,"b00000000000000000000000000000011000000000011000000000011000000000100000000000000",3,5991.258749292331,"b01001000001010100001000001000000001010010000010010000000000001111000011100000000",15,3,1,-1,0.7194375821170379,161.37724820937885,151.94114866171816,0.29705311836439313,2
730,"b00100000101010000001000010001111001000001110010100101111100011010010111100001111",2,5146.2791481799595,"b10111011111001011111000111010001100000111000010000110001000000110000010110011100",12,10,0,0,0.879625416605856,158.64422429093835,202.2177783965606,4.358243548961527,72
731,"b00000000100001110011001111010101111011001111101000010000000000000000000000000000",0,1833.9266774200764,"b10001000101011100011100100001100010101110100001110000010011001000010110001011000",19,12,0,0,0.7622314225839947,193.38923278618634,213.95287330486798,0.5385043832042544,2
732,"b00000000000001101011000110000000000101100000010110000000000000000000001000000000",0,1668.86031037286,"b10001000101011100011100100001100010101110100001110000010011001000010110001011000",22,4,0,0,0.8484254848705646,199.54794601524733,370.8463074236285,5.26696176642243,2
733,"b00000000000000000000000001100100011010001101101000111011000101100010010000000000",0,2289.1107571197226,"b10001000101011100011100100001100010101110100001110000010011001000010110001011000",20,9,1,0,0.7902521148113889,97.6330996426669,294.6431640367978,5.507395894119695,2
734,"b00000000101000000110000000001100001000010100000110001111100011110010011011001001",2,5893.13514775461,"b10111011111001011111000111010001100000111000010000110001000000110000010110011100",11,2,0,0,0.8269810355836346,19.207672527966988,343.3457761361488,3.180960089249453,72
735,"b01000011010010001110111100011000111111100001111000000110000001111000010001111010",1,2410.9241200317833,"b11001110101000111111000000100000101111000111010100001000111100110000111001100000",9,10,0,0,0.9644121670365358,427.7962294843986,468.32968600265787,0.9260575973190588,4
736,"b01101111100100000001000001100000111111100111110110001111001111111100011111010110",3,3422.0298466176637,"b01001000001010100001000001000000001010010000010010000000000001111000011100000000",4,30,0,0,1.0875951037646752,340.8051407578245,79.47992889123326,0.8621362878914116,2
737,"b01010001100000100001000010000101100000010000001110111101100011111000011111011100",2,3049.5532767961035,"b10111011111001011111000111010001100000111000010000110001000000110000010110011100",12,9,0,0,1.0882962090937025,92.46293776063565,407.82322984291136,5.997597730900846,73
738,"b00000000000000001000111101000011111110001111110000010111000000000001100000000000",3,3116.6646376228455,"b01001000001010100001000001000000001010010000010010000000000001111000011100000000",11,17,0,-1,0.7574091157798959,97.05765571538832,122.94026380218972,3.2860942944309386,2
739,"b00000000000000000000001000101100001000110000100000000011000010000000000011000000",3,1458.6398292636818,"b01001000001010100001000001000000001010010000010010000000000001111000011100000000",16,10,0,0,0.8168585636366069,321.46465739532147,94.32270618035693,3.7786472168981122,2
740,"b00000000111000000000100111010101000101011111011001110111111011000111000110010000",3,3811.674991266669,"b01001000001010100001000001000000001010010000010010000000000001111000011100000000",7,24,0,0,1.0849392083981657,250.8728838838899,212.91997468774656,5.454390630042639,2
741,"b00000000000000101100000111000000011100001101110000000110000000000000000010000000",3,5129.714672757225,"b01001000001010100001000001000000001010010000010010000000000001111000011100000000",12,10,0,0,0.916546292464988,366.5567088919035,165.4507628416467,2.548622631749298,2
742,"b00110001111001011011000111010000111000001000010000010001000000000000000010000000",2,4384.68391341284,"b10111011111001011111000111010001100000111000010000110001000000110000010110011100",15,2,0,0,0.915988200913471,411.63207724047555,275.88836330774234,1.5815775516317934,73
743,"b10011001111000001011010001100011100000011000000011111001000001100000000110010101",2,1616.8916364827523,"b10111011111001011111000111010001100000111000010000110001000000110000010110011100",13,8,0,0,1.0520125195007828,102.79049170883822,463.69198652208036,3.3261542552084746,74
744,"b00000000000000000000110011000000001000000000000110011100110011000110000101000001",2,2205.034485687556,"b10111011111001011111000111010001100000111000010000110001000000110000010110011100",24,7,1,0,0.7857644316086244,13.292892037663655,383.411799453923,2.9287696320541663,74
745,"b00000000000000000110000000001100001000011000000100001111100001011010011111001101",2,3744.1918805625037,"b10111011111001011111000111010001100000111000010000110001000000110000010110011100",13,2,1,0,0.9604869330513518,176.88805069529204,473.571700643228,4.118937843842634,74
746,"b10110101111000011011000110000000100100111000010000010001000000100000000010001000",2,3181.977274605425,"b10111011111001011111000111010001100000111000010000110001000000110000010110011100",13,2,0,0,0.9869115851262972,191.6246107562666,414.46022391278194,0.29463844123675875,75
747,"b11011000001100011111000011111100110000001100001000011001000011100000000111000000",2,3038.7206020965705,"b10111011111001011111000111010001100000111000010000110001000000110000010110011100",17,12,0,0,0.9478506904047803,30.12978270155208,55.935112184151116,0.5028969387436177,76
748,"b00000000000000010000000001100000000110110110000000010000000011000000000000000000",3,2533.0907264309008,"b01001000001010100001000001000000001010010000010010000000000001111000011100000000",15,8,-1,0,0.7354750767869767,243.06650350839578,254.74980969306134,1.901606668462748,2
749,"b01100000000110000000000001100000011111000000011000000000111000000000000000000000",3,2749.4249975265566,"b01001000001010100001000001000000001010010000010010000000000001111000011100000000",13,10,-1,0,0.7511047807558597,74.67076391983755,465.15399460620625,0.7942250715828049,2
750,"b10100000001011011111110111011001111111010000111000000001100000110000000001100000",3,2779.875650161551,"b01001000001010100001000001000000001010010000010010000000000001111000011100000000",9,24,0,0,0.9769643082719001,29.831462662881947,109.66354297244045,1.2592065974170121,2
751,"b00000000000000000000010000000000000110000000011000000000010000000001010000000010",3,2679.1867657105645,"b01001000001010100001000001000000001010010000010010000000000001111000011100000000",15,5,1,0,0.8219344552644036,127.69434789051834,62.014719189550405,5.963051367528106,2
752,"b00000000000000000000001100000000110011000011111100000100010000010000000000000000",1,3469.0833149844284,"b11001110101000111111000000100000101111000111010100001000111100110000111001100000",24,3,0,1,0.7519275267876896,93.74335812091074,383.4933053810638,1.796907112061843,4
753,"b00110001111011011111100111111000011110000001110110101101111101110011100011100100",3,1505.0992634536876,"b01001000001010100001000001000000001010010000010010000000000001111000011100000000",8,36,0,0,1.1658374778414626,310.7260559526529,48.486443559788114,2.740116760617939,2
754,"b01001100000000001110000000000101111110000111110100010001101001100001110001100000",1,5507.258573278605,"b11001110101000111111000000100000101111000111010100001000111100110000111001100000",14,8,0,0,0.9237301168001257,221.04149824322866,138.42837089759655,4.62547411515726,4
755,"b11011000001001111011001111111000110101001111000011010001000001100100000110000000",0,3105.3681776248777,"b10001000101011100011100100001100010101110100001110000010011001000010110001011000",16,19,0,0,0.8399674872566836,225.75063361972443,26.102939601498115,4.285327928593575,2
756,"b00100000001000000010000010001100001001001100011000000011100101011011000111000000",2,4508.252362524776,"b10111011111001011111000111010001100000111000010000110001000000110000010110011100",18,6,0,0,0.8768809968749656,460.70577964112414,126.97052656144193,0.966848342791552,76
757,"b00100000000111110000100111010000011000100000000111000110011100001001100000000110",0,1793.3647797774354,"b10001000101011100011100100001100010101110100001110000010011001000010110001011000",19,14,0,0,0.8669207814368146,341.5149283834218,243.46168551336118,2.0936455159210916,2
758,"b00010010000110110000001011100000000100010000000101000001101000000010000000000000",3,1209.1683870725572,"b01001000001010100001000001000000001010010000010010000000000001111000011100000000",15,14,-1,1,0.8526247637201028,163.22625151042698,440.73148643397076,4.493427641562178,2
759,"b11000000001100000000011000000001011000000001110000001100011100101101100000110000",3,4378.82774252488,"b01001000001010100001000001000000001010010000010010000000000001111000011100000000",11,16,0,0,0.8317948438319004,102.88146902544668,81.06579743842832,2.070079219210599,2
760,"b10110011101000010111000110110011101000011000110001010001000001000001110110001010",2,2032.690445708727,"b10111011111001011111000111010001100000111000010000110001000000110000010110011100",11,9,0,0,1.0251597699576005,126.4192249129196,169.512014796071,4.655983118774817,76
761,"b00000000000000000000010000110000011111000100110100001000000000100000000000000000",1,2188.1220733825253,"b11001110101000111111000000100000101111000111010100001000111100110000111001100000",26,4,0,-1,0.7242454926441567,103.49213292512462,115.71720091743504,0.7129987620447837,4
762,"b00000000000000000000000000000000000000110000110110001111110000111000000011100000",3,6237.985601345405,"b01001000001010100001000001000000001010010000010010000000000001111000011100000000",13,12,1,1,0.7373563139369135,243.32026635136344,445.5464071318742,3.474321696671959,2
763,"b00010001101000000110000010001000001000001100000100000011100111011000010011000101",2,6984.4116605378085,"b10111011111001011111000111010001100000111000010000110001000000110000010110011100",13,2,0,0,0.9939186529416837,165.96179506573137,207.04542355467999,5.470745036305642,76
764,"b00110100000100010010000000000011001000001100000110000000111000000001100100010110",3,1955.1054282551781,"b01001000001010100001000001000000001010010000010010000000000001111000011100000000",11,14,0,0,1.1852202313757063,383.3645997674477,491.5571657944322,4.075960707674902,2
765,"b11000000001110000000000111111000011111100000111111000001111100001111000000001000",3,1830.0838589000384,"b01001000001010100001000001000000001010010000010010000000000001111000011100000000",10,24,0,0,0.8570464637747883,290.78797392857757,105.21842924949881,5.339318345547968,2
766,"b00010001101000000111000010000000011000011100000000001110100001111010011110001101",2,6935.482826061749,"b10111011111001011111000111010001100000111000010000110001000000110000010110011100",11,4,0,0,0.9223944781790712,274.1143186936175,195.24071417158234,0.46455067023564267,77
767,"b00100000000000010000000010000110000000001010111000111110000011010011010010000001",3,1898.7796683219472,"b01001000001010100001000001000000001010010000010010000000000001111000011100000000",12,16,0,0,1.0537253845604082,171.7522721754037,363.47419140611817,5.78875320996627,2
768,"b10001000001000011000010001111111100011110001000011001110000000110101000110010000",3,1240.5573246644174,"b01001000001010100001000001000000001010010000010010000000000001111000011100000000",10,22,0,0,0.9237648578915335,149.48600209554036,468.101656865964,6.153547604121925,2
769,"b00000001001000000110000010000001001100011101111110001011100001111100001110000000",2,3058.885529130181,"b10111011111001011111000111010001100000111000010000110001000000110000010110011100",15,8,0,0,0.8580691835003024,246.0182597799921,176.40034203865775,2.4520124583223595,78
770,"b00000100000110010000000001100100000100000000010100000000010000111000001110100001",3,2365.8321400675295,"b01001000001010100001000001000000001010010000010010000000000001111000011100000000",11,11,0,0,1.169168935067632,322.4964793804974,220.04991522596984,1.3006587795654523,2
771,"b00001000000000000011001011111011001100010111111010011001110000000011010000000000",3,1891.9149236381377,"b01001000001010100001000001000000001010010000010010000000000001111000011100000000",12,22,0,0,0.8232552108603992,58.86954101571427,393.2134226116115,4.518209776246179,2
772,"b00000000000000000000000000000001000111000000010111000000011100000000110000001101",0,1289.6313649832855,"b10001000101011100011100100001100010101110100001110000010011001000010110001011000",23,7,1,1,0.8892403432626533,234.02679160847498,378.9870832265192,1.022031894395238,2
773,"b10110011011000000001000111011001100000111110001110111000000100000000000000000000",2,3280.843977819785,"b10111011111001011111000111010001100000111000010000110001000000110000010110011100",17,8,-1,0,0.8227896203094562,111.09772009957467,83.06737141625001,1.480198951591695,78
774,"b00001010001100000010011101100001011000001101101100111011100111000101110100000011",0,3774.169480855205,"b10001000101011100011100100001100010101110100001110000010011001000010110001011000",7,10,0,0,0.989047312626651,468.0089662840716,96.01731156155951,3.3836715771361794,2
775,"b00000000000010000010001000001000110001000011010100001110001011000000110000000000",3,1459.7604744958116,"b01001000001010100001000001000000001010010000010010000000000001111000011100000000",13,13,0,0,0.8948165511718172,498.0622770979598,482.34245264551663,3.350517203743717,2
776,"b00110001001000000000000010001100001000011100011110001111100011111000011111001100",2,3990.5075646990435,"b10111011111001011111000111010001100000111000010000110001000000110000010110011100",7,3,0,0,1.071435841924462,27.31512751611625,57.53134414856831,4.556983249829518,78
777,"b00100011100010010111000111111101000000111000000011000010000011000000001100010000",2,2844.8484907053344,"b10111011111001011111000111010001100000111000010000110001000000110000010110011100",20,12,0,0,1.2751575004155893,203.99669318297862,30.109319943006682,1.3077161879578028,79
778,"b00000000001000000110010000011000001111110000111111000110011011111100000001000000",1,3014.8350942005354,"b11001110101000111111000000100000101111000111010100001000111100110000111001100000",17,10,0,0,0.8053755991383849,243.57731463756366,26.211494312537454,2.5838635416154556,4
779,"b00000000000000000000000010001000001000011100000110000001000001011100011110101101",2,2060.4065997345024,"b10111011111001011111000111010001100000111000010000110001000000110000010110011100",17,2,0,0,1.275090837828212,236.15346410894318,361.1502056091406,0.45137525151812125,79
780,"b01100000000011000110001101110000111111110001001000001110000001110000001100000000",3,1933.5808359536927,"b01001000001010100001000001000000001010010000010010000000000001111000011100000000",8,18,0,0,0.8192119672570375,488.23554184539137,300.3559025672785,0.6231751935231067,2
781,"b00010001100000001110000110011000011011101000011110000011110011111111010111001100",2,4426.579549125709,"b10111011111001011111000111010001100000111000010000110001000000110000010110011100",10,12,0,0,0.8736410168720574,384.5351840194234,15.31934892359712,3.1134884531248153,79
782,"b00010000000000001100110001100011101111000110111111001000011101100011011000000100",1,1464.9050429823737,"b11001110101000111111000000100000101111000111010100001000111100110000111001100000",17,14,0,0,0.8729641859263408,458.76388579235584,221.24440194025237,1.4201063006531363,4
783,"b00110000100000000010000000001000001000101000000000001111010011011000000000000001",2,3892.4407000393185,"b10111011111001011111000111010001100000111000010000110001000000110000010110011100",22,4,0,0,0.8076474982192619,232.07956884672942,259.06929319835194,6.206109347473728,79
784,"b00001000100000010101001101100001110000001110110011011000001000000000000000000000",3,1732.1691063950288,"b01001000001010100001000001000000001010010000010010000000000001111000011100000000",13,16,0,0,0.837476621855364,22.709244401868734,303.10529005090973,-0.00014848774523801024,2
785,"b01011000001100000000100001110000010110000010001110010001111110000101100010010000",0,1504.1544489066746,"b10001000101011100011100100001100010101110100001110000010011001000010110001011000",17,13,0,0,1.196378918181617,428.2952891634211,23.6282803106822,3.6954599877215566,2
786,"b00000000010000001000000000000000011011000101111100111111100111110000000000000000",3,1959.0219753556523,"b01001000001010100001000001000000001010010000010010000000000001111000011100000000",12,17,0,0,0.8289807837482794,165.90647742679457,444.5290719715535,3.3248661516016846,2
787,"b11000000001101100000000111100000111101000111110011001110001001100000000000000000",3,2560.798134129519,"b01001000001010100001000001000000001010010000010010000000000001111000011100000000",10,19,0,0,0.8676241575758074,60.62458626431716,282.7509577974461,6.224038515476021,2
788,"b00000100010000001000110000100011111011000111101110001111100000010000000110000000",1,1552.029620329402,"b11001110101000111111000000100000101111000111010100001000111100110000111001100000",20,12,0,0,0.9677457407490067,140.2161191894703,389.9371944647466,5.811045789386721,4
789,"b00000000000000000000000011110000011110000001111001001001110001111010001111000000",3,5082.423589915051,"b01001000001010100001000001000000001010010000010010000000000001111000011100000000",9,16,1,0,0.77418580706382,347.1137582498448,42.63818061341229,2.38694090423905,2
790,"b01001000000100111110000000011001001100010100110001001110100011111000001100000000",3,4245.260853612402,"b01001000001010100001000001000000001010010000010010000000000001111000011100000000",7,17,0,0,0.9392406601410509,110.38905524193119,403.2483832351226,1.9165090859179306,2
791,"b00010010000011111100011011011001000000100000100110001111110000010000000101000000",3,987.0226061597493,"b01001000001010100001000001000000001010010000010010000000000001111000011100000000",13,22,0,0,0.8467143661891152,50.40004231296077,482.19266318515,3.989654595051438,2
792,"b00011000101100000001010011001011001000010110011000101111100010101110011011001100",2,1958.4110720347717,"b10111011111001011111000111010001100000111000010000110001000000110000010110011100",13,12,0,0,1.1927127802952733,485.213204395697,249.73517553850732,5.025831708421988,79
793,"b00000000000000110000100011100000011101110000111110000001111010001110000100000000",3,2672.449920970099,"b01001000001010100001000001000000001010010000010010000000000001111000011100000000",11,18,0,0,0.8298592271054616,81.58729543551593,410.18027910581776,4.50525581301352,2
794,"b01100001100010111110011111110011101100001100110000000000001100011111001000111000",3,2262.6295846846406,"b01001000001010100001000001000000001010010000010010000000000001111000011100000000",7,25,0,0,0.9900440646093028,65.89425564534315,47.44863208866286,5.851078595477844,2
795,"b10010000001001011111000111111101110111000000000010100011001011100000001100000000",3,1212.0670800817898,"b01001000001010100001000001000000001010010000010010000000000001111000011100000000",10,23,0,0,0.8914828451191077,444.54754656050045,356.2027967716981,1.0868092058025631,2
796,"b00110001101000000001000010001100001000010100000000011111100011010010011000101101",2,6513.460487792805,"b10111011111001011111000111010001100000111000010000110001000000110000010110011100",12,4,0,0,0.8521306729905251,171.39765219329504,400.60013034369354,4.690738781044021,79
797,"b00000000000010000000000001000000011000011011101100111001100011010110011101001001",2,2589.2026174513458,"b10111011111001011111000111010001100000111000010000110001000000110000010110011100",19,10,1,0,0.8865098572344139,149.68172248556237,399.0478298669669,2.136814369684492,80
798,"b00100000000110100000000100010000000111100001101101011111100000001100001000010000",3,2322.87366672808,"b01001000001010100001000001000000001010010000010010000000000001111000011100000000",14,20,0,0,0.8114788897053367,111.53635483563957,163.74100162829382,1.5797650230716682,2
799,"b00110000100000000011000000001100000100000000100110100011100001101000010110011100",2,2692.464134323168,"b10111011111001011111000111010001100000111000010000110001000000110000010110011100",17,5,0,0,1.0450881174350595,251.54541265265394,467.518461913448,1.6375755962033887,80
800,"b00000000000000000110000000011100000000000000011110111011110011111110001111101101",2,4782.348467325186,"b10111011111001011111000111010001100000111000010000110001000000110000010110011100",14,9,1,0,0.815846423941857,318.9603211788662,96.93956755867774,1.411941685881255,80
801,"b00000000000100000000011001000001111110001111111100000011110000001111110100001110",3,2391.3487031763707,"b01001000001010100001000001000000001010010000010010000000000001111000011100000000",9,22,1,0,0.8164890973677271,484.38154295743385,331.20311111200726,4.18956800557356,2
802,"b00011010001001111000011111111001100111000110010011000000000100000001000000000000",0,1828.756871176367,"b10001000101011100011100100001100010101110100001110000010011001000010110001011000",18,14,-1,0,0.8201869344305708,452.1625007435645,244.65533138621322,0.9310252731002082,2
803,"b00000000000100000111000011000000000110000000111100000001010000000100010000000010",3,2829.906808014516,"b01001000001010100001000001000000001010010000010010000000000001111000011100000000",13,11,0,1,0.7532474369264762,272.7614093148777,97.42001791574938,0.9102128368414598,2
804,"b00000000000000000000000000000000000000000000001111000001101000110000100000000100",3,3007.303527624031,"b01001000001010100001000001000000001010010000010010000000000001111000011100000000",16,8,1,1,0.7990848120783505,367.46754054483273,201.11594409821421,3.7222910013287427,2
805,"b00000000000000000001000000100000011100000000000011010000000101110000000000000000",3,2016.4308403844486,"b01001000001010100001000001000000001010010000010010000000000001111000011100000000",13,6,1,0,0.8480472485239248,224.34107276943982,481.2501914767372,5.091561192137745,2
806,"b00000000110000000000110000000011000000000011100000001001000000000011110000000110",3,3228.3119803219993,"b01001000001010100001000001000000001010010000010010000000000001111000011100000000",12,10,0,0,0.9834086802263402,331.12801042412696,411.73424954103456,1.5806758642719907,2
807,"b00011110001110110000001101000100011000000001100100111111111111110111100000010000",0,787.150381082,"b10001000101011100011100100001100010101110100001110000010011001000010110001011000",13,18,0,0,0.9224960290638958,374.26921483221633,454.06149176988754,4.063666331476151,2
808,"b00000000100000010110000001111011001111101111111100101100000000000000000000000000",3,2516.671388075072,"b01001000001010100001000001000000001010010000010010000000000001111000011100000000",10,17,-1,0,0.8072270342198001,133.9701762186314,467.0831012778182,1.9141082580066895,2
809,"b00001000001100110000011011000101001110010100011101111110000110111000010000000000",3,2053.840664252538,"b01001000001010100001000001000000001010010000010010000000000001111000011100000000",7,19,0,0,0.8533550378973098,379.19097376635403,39.761648683681024,6.085740442900631,2
810,"b00100000100000000110000010011000001000100000000100000011110011111100000111000010",2,4396.044142080701,"b10111011111001011111000111010001100000111000010000110001000000110000010110011100",18,6,0,0,0.8488988702585238,273.82518980092516,6.803133973884752,0.3154300448235865,80
811,"b00000000000000000000000001110000000000000111000000111000000011111011101111000000",3,4111.941645362402,"b01001000001010100001000001000000001010010000010010000000000001111000011100000000",12,14,1,-1,0.8265868461725905,441.3584501455951,406.0409810906214,4.6015624606381085,2
812,"b10011000000000100000000010000011001001100010001000110110100101111110000110000100",2,1679.751662346057,"b10111011111001011111000111010001100000111000010000110001000000110000010110011100",22,13,0,0,0.8853420509393729,266.49696689476457,484.2009314728446,4.82529002121481,80
813,"b00000001101000000111010010001111000000011000000010111111100011111110011111001001",2,4519.998869820853,"b10111011111001011111000111010001100000111000010000110001000000110000010110011100",9,9,0,0,1.070408767604941,277.852250224214,43.138117188108,5.164627350918696,80
814,"b00000000000000000000000000000000000000000001111110110111100000110100100000000011",3,3452.526702676777,"b01001000001010100001000001000000001010010000010010000000000001111000011100000000",14,13,1,0,0.8783084077492163,191.6315805913534,380.86559879383043,4.381790054842529,2
815,"b00000001000000011110000000101100110110000001100000010010000001110000001100000000",3,1354.5864239311716,"b01001000001010100001000001000000001010010000010010000000000001111000011100000000",13,15,0,0,0.8963441384516871,331.8419453966184,506.9365206992696,4.090028132898117,2
816,"b11010001000000000000000000101001000101110000101110000000110000000000001110000000",3,1680.7153379536164,"b01001000001010100001000001000000001010010000010010000000000001111000011100000000",14,15,0,0,1.1897092135113658,211.9445293604492,416.17667624057776,0.40524565071065505,2
817,"b00000000000000000000001111000000010000000001100000001110110001001111100001000010",3,2522.7681453883524,"b01001000001010100001000001000000001010010000010010000000000001111000011100000000",14,15,0,0,0.9659223351192838,410.4593123609192,447.13302806551604,0.2829895591585057,2
818,"b01110000000011010000011010001101111100110000000100000001001001000100001100000000",3,2839.866261252614,"b01001000001010100001000001000000001010010000010010000000000001111000011100000000",12,18,0,0,1.0052204651572423,142.97444912204995,275.26540276340046,0.8488715425180051,2
819,"b00000000000000000000110010010001101001001101101100001110100001111100001100000000",3,1935.8200145224937,"b01001000001010100001000001000000001010010000010010000000000001111000011100000000",12,18,1,-1,0.8125138580077532,32.05557362792922,109.92944292461438,0.5529745554334682,2
820,"b00001000100000100010000000001110011101100000101110100110110000100001110000010000",0,3576.8722406288553,"b10001000101011100011100100001100010101110100001110000010011001000010110001011000",14,8,0,0,0.8247827653817235,197.49943554892042,234.4970020066437,-0.6041008735482164,2
821,"b10110000111001100011000111010001110100111000010010010000000001000000000010001000",2,4466.259198615311,"b10111011111001011111000111010001100000111000010000110001000000110000010110011100",14,5,0,0,0.9590693496333906,104.15312305295699,130.01430565835727,4.33944393563595,80
822,"b00010001001000011111000111101001100000000000110011100001000011000000000100000000",3,5180.427036565118,"b01001000001010100001000001000000001010010000010010000000000001111000011100000000",12,17,0,0,0.8320188127969659,91.47181368595886,214.64610029181293,0.5547590277307752,2
823,"b00110000000000110000000000010000000000110000011111000011100001001000000010000000",3,1451.7867581102344,"b01001000001010100001000001000000001010010000010010000000000001111000011100000000",13,12,0,1,1.0040333393401668,373.87290909311537,9.795976427117866,1.026543350432008,2
824,"b10001000001011001000000000000000000110110010111011000101110001101000000010000100",3,4792.614003276198,"b01001000001010100001000001000000001010010000010010000000000001111000011100000000",9,15,0,0,0.9714209348060938,47.96542637358678,344.8107936035694,0.3676958709384498,2
825,"b00000001100000111101000010000100001001001001001001000111100001111100000111000000",3,3988.690099508585,"b01001000001010100001000001000000001010010000010010000000000001111000011100000000",10,18,0,0,0.8748911275075729,165.2784440938418,322.9027667127633,6.064558668143901,2
826,"b00100001000000000100000000001100001100011100011000001111100011111110001110101101",2,3272.65327520306,"b10111011111001011111000111010001100000111000010000110001000000110000010110011100",11,6,0,0,0.927614713973558,63.17912554607711,277.34366165377526,4.038416566898605,80
827,"b00000000000000000000010000000011000000001011111000111011111000001111000000001100",3,2835.3807756273686,"b01001000001010100001000001000000001010010000010010000000000001111000011100000000",12,16,1,-1,0.7603796754323308,211.33028001579987,352.8581208051767,3.254413252380896,2
828,"b01100110000011110000101100000010000100001100010011000000000111000000000000011010",3,2162.3718809747215,"b01001000001010100001000001000000001010010000010010000000000001111000011100000000",13,18,0,0,1.0842148255276893,223.41630858785004,312.56233731824955,2.661234383397354,2
829,"b00000000000100000000011100000011101100000110011000000111010000000111100000000000",3,1731.9769895831928,"b01001000001010100001000001000000001010010000010010000000000001111000011100000000",13,15,0,-1,0.7396640399698143,508.02619090542606,173.19211699821153,1.7638600474240782,2
830,"b01000000000001110000000010000000010000101110110001111111111101001111110000000001",0,1467.0758542425124,"b10001000101011100011100100001100010101110100001110000010011001000010110001011000",15,14,0,0,0.817545518794477,358.9668329320725,139.50571767473377,2.6529788680624904,2
831,"b00110000000000000000000110000000010110000000000100000000011101100000110100000000",0,793.9015495134217,"b10001000101011100011100100001100010101110100001110000010011001000010110001011000",23,7,0,1,0.841469454404617,5.002647296977493,140.3281799086085,1.6990083339982065,2
832,"b00000000000000000000000000000010110011110110011110000011001000001000000000000000",0,3765.412824900572,"b10001000101011100011100100001100010101110100001110000010011001000010110001011000",22,7,0,0,0.7761184763167656,1.5634327471275986,103.90954139302875,3.7780815630180173,2
833,"b00000000000000000000000000000000000110001000111000110011100001111100000111000000",3,3918.5285379738525,"b01001000001010100001000001000000001010010000010010000000000001111000011100000000",12,12,1,-1,0.8440008158731979,433.11157484977474,198.495931056238,6.117371483286286,2
834,"b00000000000000000000000111100000111111000110000110000100000000110000001000000000",3,3516.9281516256024,"b01001000001010100001000001000000001010010000010010000000000001111000011100000000",12,11,1,0,0.7637712057018075,252.17153113133048,363.982174924252,1.1464842137089717,2
835,"b00011000100111010000111001001011111110100110001111011000011000110000000010000010",0,1640.0499239045007,"b10001000101011100011100100001100010101110100001110000010011001000010110001011000",17,19,0,0,0.9791452640804669,140.71058281647848,424.836526198127,3.20779381138796,2
836,"b00010010001000110000001111011100111100111011101101111111001001111111001101111110",1,1163.4429503487422,"b11001110101000111111000000100000101111000111010100001000111100110000111001100000",13,24,0,0,1.4813782076319923,397.53764121272695,138.37636976520818,0.5859625443034231,4
837,"b01000110001111111000110111010110000011010000001110000000000100000000010000000000",3,1448.0459645142125,"b01001000001010100001000001000000001010010000010010000000000001111000011100000000",10,17,-1,0,1.0569883919315548,357.2852444384952,472.7433012227757,5.735526015334583,2
838,"b00000000000000111100011011100000000100000000000000000110001000000000010000000000",3,3144.1215684814583,"b01001000001010100001000001000000001010010000010010000000000001111000011100000000",14,9,-1,0,0.8205184176185112,50.275507366760834,407.2740348774295,2.5248974822570798,2
839,"b01000000100000000010010001001101000000010111000000111100100011111010010000001101",0,2849.835984327856,"b10001000101011100011100100001100010101110100001110000010011001000010110001011000",18,13,0,0,0.8465430389604326,167.85817759947986,97.21934395058798,1.2798610155108099,2
840,"b00110001101000000100000010001000001000000100000110001111100001010010011001011101",2,7564.416086132784,"b10111011111001011111000111010001100000111000010000110001000000110000010110011100",10,1,0,0,0.8803408999602302,261.44968536814554,284.4166704697012,4.054810872129648,81
841,"b00100000111111111011111011100001000111000110000110000000001100000000000000000000",3,3445.0688446970053,"b01001000001010100001000001000000001010010000010010000000000001111000011100000000",12,21,-1,0,0.8036603904601135,17.711505911871186,158.22282540187084,0.5175878526332824,2
842,"b00000000001100000000010000000000101000000111010000011111100000000001100000000000",3,1568.065932929351,"b01001000001010100001000001000000001010010000010010000000000001111000011100000000",13,11,0,-1,0.766031394824554,76.74699705455085,481.2438377008846,4.6182694082680715,2
843,"b10110001001001111011000111111001110100111000011000010001100001100000010110001100",2,5295.775894337043,"b10111011111001011111000111010001100000111000010000110001000000110000010110011100",8,8,0,0,0.9390601794155141,117.72302184270175,194.13951485242646,5.566927490304929,82
844,"b00000001001011100110001100101100010101110000010110110101111101110000000100011000",0,1885.286769610756,"b10001000101011100011100100001100010101110100001110000010011001000010110001011000",12,14,0,0,0.9471594233284426,448.7262154872218,53.97294407558496,0.7107622046778552,2
845,"b00111000101000000101000010001001001000011100000110001111100010011100001111001100",2,7447.2640884076745,"b10111011111001011111000111010001100000111000010000110001000000110000010110011100",9,4,0,0,0.8746070874556944,195.2026892121154,115.22355610108649,5.675107783278482,83
846,"b00000000000000100001000000000101001010010000001110000001110000011000000010000000",3,1919.5723229758082,"b01001000001010100001000001000000001010010000010010000000000001111000011100000000",11,8,0,1,0.8643358903816047,344.73950320529286,128.71320728701332,0.602005149627016,2
847,"b00000011100000000110000000000000001000001001100100011110100011111000000000001001",2,6602.88850146374,"b10111011111001011111000111010001100000111000010000110001000000110000010110011100",20,6,0,0,0.8386242024225115,156.26878513803652,77.34702784624804,4.508351459713284,84
848,"b00010000100011001011000011000001101000011110000000111000100100000001000000000100",0,4960.455654086706,"b10001000101011100011100100001100010101110100001110000010011001000010110001011000",18,9,0,0,0.8683202349680134,16.056811070696817,239.3265930827606,2.494288514355941,2
849,"b10111000001111100111001110111100000000001000010001110000000001100000000110000100",2,3577.4078761366327,"b10111011111001011111000111010001100000111000010000110001000000110000010110011100",16,9,0,0,1.0775153693796238,336.16380281887103,52.99425684741854,1.161251829452925,84
850,"b10100000001011100000001100000000100000010000000001000000010000010100100011000010",3,3071.9049070798333,"b01001000001010100001000001000000001010010000010010000000000001111000011100000000",14,13,0,0,1.3783954697947656,8.70407781222919,245.34554335585585,2.512079400618868,2
851,"b00000000000000000000000000010000000001000001010000000100000011110000001011000000",3,3433.539692658813,"b01001000001010100001000001000000001010010000010010000000000001111000011100000000",14,7,1,-1,0.7767293215173456,474.108220882299,290.48386139565326,2.352981234111552,2
852,"b00110001101001100110000011011110101001011111111100011111100011111110000101001101",2,2908.388953882412,"b10111011111001011111000111010001100000111000010000110001000000110000010110011100",7,16,0,0,0.9682804486388521,474.12445499398615,143.23458878185082,1.5156875869240891,84
853,"b00000000000000000011000000001000000101000010011110011101111001111110000111000000",3,2930.546113002699,"b01001000001010100001000001000000001010010000010010000000000001111000011100000000",11,18,1,0,0.7827368380478417,293.3495300837397,227.3303347105478,3.0151996578866305,2
854,"b00000001110000000110000110000000011100000001100000000000000000000000000000000000",3,3950.8192200011963,"b01001000001010100001000001000000001010010000010010000000000001111000011100000000",13,6,-1,0,0.7332431018286671,397.41411620796197,424.8962410991327,6.171442293316798,2
855,"b00000000000000000000000001101100000110100111000111010000010000010000000001000000",3,2212.49491588612,"b01001000001010100001000001000000001010010000010010000000000001111000011100000000",15,13,0,0,0.7667028655651188,325.6099634798802,194.49889237419364,5.633950859941493,2
856,"b11000100001000110001000011110100001111000000010000000111000001111000000110100000",3,3461.502345736217,"b01001000001010100001000001000000001010010000010010000000000001111000011100000000",6,14,0,0,0.9573810371202617,432.54285302519753,158.60706801015843,2.4386864344510943,2
857,"b00010001001000000101000010001110001000011100000110011100000011010000001100111100",2,3272.440428525184,"b10111011111001011111000111010001100000111000010000110001000000110000010110011100",14,5,0,0,0.9902200449898481,27.907699605433372,374.5118611084967,2.245934510035541,84
858,"b10001110001111110001101000100000001111101101111101001101111010110011000111110010",1,2866.747171400927,"b11001110101000111111000000100000101111000111010100001000111100110000111001100000",11,19,0,0,1.1005751021382164,39.77207800011396,173.89305630056052,1.1800354504837856,4
859,"b00110000111000010011101100011000000000101000001100000001111000000011001101001100",3,4682.350432373835,"b01001000001010100001000001000000001010010000010010000000000001111000011100000000",12,21,0,0,1.491985191959567,94.94942947195717,151.04923597793046,4.404287658131289,2
861,"b00000111011100001100010100011000101011000001110100101100000001111100010101110011",1,7850.669518923123,"b11001110101000111111000000100000101111000111010100001000111100110000111001100000",5,4,0,0,0.8726545674320461,379.89203744828984,311.7915692055259,3.7940415749936407,4
862,"b01000000000000000100000010111001000111100000011110011100111000110000000000000000",3,3263.7665633968454,"b01001000001010100001000001000000001010010000010010000000000001111000011100000000",13,17,0,0,0.7527475281529921,44.04074467690001,46.06542142506196,3.1208300054851597,2
863,"b00000000000110000011000000001000000000000000001100000000011100000000110000000000",0,6297.336693928266,"b10001000101011100011100100001100010101110100001110000010011001000010110001011000",22,2,0,1,0.8285778529539162,128.685711700937,462.13517665277465,0.42312089953451915,2
864,"b01001000000111000001011100100101100010001110111000010001000101000011010000010000",0,2356.3543597899443,"b10001000101011100011100100001100010101110100001110000010011001000010110001011000",13,9,0,0,0.8261589310724072,330.5112960355789,109.12774102102158,1.0029054873237118,2
865,"b00000000000000100000000011001100001110110000100000000000100000110000000010000000",3,2478.935649838338,"b01001000001010100001000001000000001010010000010010000000000001111000011100000000",12,8,0,1,0.7784548197068258,36.4710488157729,350.58716885921046,0.857188821509154,2
866,"b10010011111000001011001111011001110000011000011000110001000001100000000010000100",2,3617.6467380711447,"b10111011111001011111000111010001100000111000010000110001000000110000010110011100",11,5,0,0,1.0153785417772145,166.85154027719764,447.19402610249915,5.850530787676009,84
867,"b00110000000000001100000001101100001011101100011000000011001101011011001010000000",2,2331.287676700703,"b10111011111001011111000111010001100000111000010000110001000000110000010110011100",19,10,0,0,1.0199964786513596,318.1425023839614,332.52698649327897,2.1895570977894385,85
868,"b10000000000000000000000110000110001001101000111000011111101111111111000010000000",3,1230.020141604186,"b01001000001010100001000001000000001010010000010010000000000001111000011100000000",13,23,0,0,0.7936647663167502,401.9483644428695,447.66463563267865,3.7454088865150803,2
869,"b10110110101001110011100110001010110000000101101000001110100000110000110011101100",2,1672.5876220239843,"b10111011111001011111000111010001100000111000010000110001000000110000010110011100",17,17,0,0,1.2946440308966853,391.5013088872565,8.225094160663655,3.0173797229397286,85
870,"b11000000001110000000101100000000110010000000101111000010011000000001110000001010",3,2010.285652623771,"b01001000001010100001000001000000001010010000010010000000000001111000011100000000",13,18,0,0,0.9037503311571818,71.70768644455624,181.17700599276526,1.6961569550242304,2
871,"b00110110110010100001001110000000010110110101000000010000000010000000001001000000",3,1406.2439536383254,"b01001000001010100001000001000000001010010000010010000000000001111000011100000000",13,17,0,0,0.8662848495815444,442.56034419798544,211.53761463412746,4.305760489333341,2
872,"b00000000100000000110000000000000011100000001000000011101000001100001000000000100",3,3536.03475442628,"b01001000001010100001000001000000001010010000010010000000000001111000011100000000",13,9,0,0,0.7801668978470693,277.30576775712285,387.3483149881643,3.0155806296879666,2
873,"b00010001101000000011000010000000001000010100000110011111100011011010011011101101",2,5839.357043250596,"b10111011111001011111000111010001100000111000010000110001000000110000010110011100",10,5,0,0,0.9711992898577759,406.9500371402889,225.02327262977502,1.8742785276479872,85
875,"b00110001001000000110110010011100001000111000100100111001100000110110000111000000",2,1936.3572814377565,"b10111011111001011111000111010001100000111000010000110001000000110000010110011100",15,9,0,0,0.9269209543407422,440.61131563126446,395.66948309840654,3.1173295642444208,86
876,"b00000001101000000010000000001010001000001000010100001011100001011010010111001100",2,6543.093705559917,"b10111011111001011111000111010001100000111000010000110001000000110000010110011100",15,3,0,0,0.9701933188108463,11.272307637260486,157.4270104525222,1.0855969263731646,86
877,"b00010000001100010000111000000001111000010001100000000001111000000111110000000010",3,2344.1564664743646,"b01001000001010100001000001000000001010010000010010000000000001111000011100000000",10,15,0,0,0.8577912632748673,356.89868815184633,137.35466460745772,0.5874294608837987,2
878,"b10110000100001011111001100111100011000101000110000011001000011100000000110000000",2,1482.7392940219415,"b10111011111001011111000111010001100000111000010000110001000000110000010110011100",16,10,0,0,1.0931278520048953,191.57333299344637,491.1256003202894,1.5153960834711784,86
879,"b00001000010000001101000000110000100110000011100000011000000001111000110010000000",2,2414.2375588133245,"b10111011111001011111000111010001100000111000010000110001000000110000010110011100",24,10,0,0,1.0874868536979136,438.2756276629874,480.9435504808375,2.632049531346937,86
880,"b00001010000000011111011111111001111111100110011110011100111000110000101000110000",1,4002.9346792342403,"b11001110101000111111000000100000101111000111010100001000111100110000111001100000",10,15,0,0,1.014836596037028,60.563129233225894,21.44274887916731,0.4418789155221811,5
881,"b00110000000001100100000000101110000110000001111100000111111010111000000011000000",0,491.2076959119047,"b10001000101011100011100100001100010101110100001110000010011001000010110001011000",21,17,0,0,0.8763774177958615,440.71818739251813,72.76483495943829,5.074478214935393,2
882,"b00010000101110000011001000001110000001011010001100011011100011111111011111000101",2,3912.713550585606,"b10111011111001011111000111010001100000111000010000110001000000110000010110011100",11,12,0,0,0.9671551351015094,382.8746628491261,85.40836473993748,0.9038537407022311,86
883,"b00000000000000000000010001100100000100110000010110000010111000000110000000110010",3,1333.5226069645096,"b01001000001010100001000001000000001010010000010010000000000001111000011100000000",14,14,1,1,0.8060965299168932,362.31701841901895,405.1223527766132,4.321490278835393,2
884,"b00100011100000010011000101011001000000111000000001010001000001100000010110001100",2,2712.636419750568,"b10111011111001011111000111010001100000111000010000110001000000110000010110011100",14,3,0,0,1.2379545714622193,227.19455727800369,368.8939595737838,4.257271825102848,86
885,"b10110011111001110011000111010001100000111000010001010001000001000100010110111000",2,6026.346251562014,"b10111011111001011111000111010001100000111000010000110001000000110000010110011100",7,5,0,0,0.9473978759537149,39.51665377142632,344.7230380468977,0.8006656097260736,87
886,"b00000000001100000000000000000011011000000011111100000001110000000001000000000000",3,7469.540563264903,"b01001000001010100001000001000000001010010000010010000000000001111000011100000000",13,10,0,-1,0.7306953356333591,275.3011495999663,269.4265299139273,3.700456843742602,2
887,"b00000000100000000110000010000011011110000000110000000110000000000000000000000000",3,4004.859303201424,"b01001000001010100001000001000000001010010000010010000000000001111000011100000000",12,7,0,0,0.7575596135796352,154.37351556331149,243.86433474080374,0.05830614026834443,2
888,"b00000000000000001011000011111000101111110011101100011110000011000000000110000000",3,2200.5207778942126,"b01001000001010100001000001000000001010010000010010000000000001111000011100000000",12,21,0,0,0.8325764930624202,248.45271280217548,457.9865629871585,2.294434223464781,2
889,"b11010000101100000000011000000001110100000011100001001111001100100100110001001110",1,978.8642858893803,"b11001110101000111111000000100000101111000111010100001000111100110000111001100000",21,15,0,0,1.046948610973191,467.0447451403274,100.3180629453333,0.4968897100055973,5
890,"b00010000101000000100000010000011001001011000010100000011100011000000011110000101",2,4849.13732525265,"b10111011111001011111000111010001100000111000010000110001000000110000010110011100",16,4,0,0,1.0519733987108106,382.4333778731082,185.96054290659225,5.76943540627306,88
891,"b00011000000001101000000011100000011110000001111000000101000000000000000000000000",3,1798.42461999411,"b01001000001010100001000001000000001010010000010010000000000001111000011100000000",13,12,-1,0,0.7249579530892376,370.33229939401014,364.77672783305087,6.0107222561521105,2
892,"b00000000100001000000000000000000011100000001100000000100100000100100010100010000",3,1062.859833347574,"b01001000001010100001000001000000001010010000010010000000000001111000011100000000",13,8,0,0,0.9168444098418134,310.6298574915712,199.9974412488221,2.751008910847445,2
893,"b00000010001001001010011111000001111000101100011000010000100000000011010000010000",0,5474.460161257289,"b10001000101011100011100100001100010101110100001110000010011001000010110001011000",12,5,0,0,0.768920074051699,368.8615586691949,151.54212845531032,0.05255702327620651,2
894,"b00111001101000000000000010001000001000011100000100001011100001111000011111001100",2,6697.257704088222,"b10111011111001011111000111010001100000111000010000110001000000110000010110011100",8,0,0,0,0.9301343593938685,16.57833336421809,192.6477786204143,5.005436220675414,88
895,"b00000000000000100000000011010000001000000000100000000011000000110000000110000000",3,5903.729673575152,"b01001000001010100001000001000000001010010000010010000000000001111000011100000000",13,6,0,1,0.8899666903676671,268.3692119821915,228.56680315261514,2.7991128491589508,2
896,"b10010000101000000110000010001001001000010000100100110011100011111000001111000000",2,5588.096273536012,"b10111011111001011111000111010001100000111000010000110001000000110000010110011100",15,6,0,0,0.9212892345314233,206.84283650630724,14.390447400009792,2.7174684390560673,89
897,"b00010001000100000010000000001100001000011100000100011100100011111011011111011100",2,5056.572847327056,"b10111011111001011111000111010001100000111000010000110001000000110000010110011100",11,5,0,0,0.929854013731322,377.6570631634885,296.87071070192815,3.6675364613186083,89
898,"b00001001100000000110000000001011001000010100000100010011000011011100010001001100",2,5182.520522755655,"b10111011111001011111000111010001100000111000010000110001000000110000010110011100",17,5,0,0,0.908482471528702,262.2578887654394,176.29943849692384,2.4003713042082486,90
899,"b01100000001100000000100011110000011111101101111111110000111100000010110000001000",0,2609.366019479121,"b10001000101011100011100100001100010101110100001110000010011001000010110001011000",16,18,0,0,0.8551016335124321,267.15156883739655,50.491710909264704,2.5772085646196974,2
900,"b10000001100000000110000011001000001000010001011100111101100011100010000010001100",2,2548.431974530154,"b10111011111001011111000111010001100000111000010000110001000000110000010110011100",18,9,0,0,0.8992132192298091,53.047341833173675,442.6450136674816,6.052443333261635,90
901,"b00000000000000000000000000000000001110001011111100011100110001100001100000000000",3,3599.1438179477045,"b01001000001010100001000001000000001010010000010010000000000001111000011100000000",14,14,1,0,0.7413806607389297,391.24206532973227,313.2741833720993,4.576508041448541,2
902,"b00000000010000000110000011010000110010110100110101111011110000010000000000000000",2,1568.455655916129,"b10111011111001011111000111010001100000111000010000110001000000110000010110011100",22,10,0,0,0.7893058059557512,281.84422453212625,396.5797445934525,2.525627441750988,90
903,"b00000110000010010000001100000000000000000001010001100111110010000100110000011001",3,1591.869432287489,"b01001000001010100001000001000000001010010000010010000000000001111000011100000000",11,14,0,0,1.0608328324627756,109.50579381295594,291.62712530452757,4.197745144994357,2
904,"b00001110000111111000001111100000011001100000000011000000001100000000010000000000",3,3254.7302758524875,"b01001000001010100001000001000000001010010000010010000000000001111000011100000000",12,16,-1,1,0.8322331896113959,272.70702570826336,181.30309375129798,2.2044061378986948,2
905,"b01101001000100000000001000011001000101100010010000101000000010010000001000001000",3,3308.156874626396,"b01001000001010100001000001000000001010010000010010000000000001111000011100000000",14,15,0,-1,1.087108533923417,82.40118473011167,120.22280562454313,0.38726641484030555,2
906,"b00000000100000011010010000000000001110000000110000000000000000000000000000000000",3,4190.659168877845,"b01001000001010100001000001000000001010010000010010000000000001111000011100000000",13,4,-1,0,0.7613050339298922,252.08788445251244,267.452306493165,0.5302411961479729,2
907,"b00000000010000000001000000001100011000000001101000001100000000111000000000000000",3,7250.016190371345,"b01001000001010100001000001000000001010010000010010000000000001111000011100000000",14,9,0,1,0.7553812398120113,76.81490333751998,291.9672972203777,3.573035029284665,2
908,"b00000000001000000000000000000000000111000011111100011000011100000011101011000000",1,1237.0491491863504,"b11001110101000111111000000100000101111000111010100001000111100110000111001100000",21,6,0,0,1.0439347465254365,337.9256720215998,491.59578020533206,6.390020504291521,5
909,"b00000000000000000000000010000001011100000001111000000111000000110000000000000000",3,3297.0083142411063,"b01001000001010100001000001000000001010010000010010000000000001111000011100000000",14,9,1,0,0.7443740657545609,60.99589064669423,266.6748219980675,3.9350039135377264,2
910,"b00000001000010000000000110001000011000010011000100111011001101111100010100000000",3,3442.5352827354664,"b01001000001010100001000001000000001010010000010010000000000001111000011100000000",10,16,0,0,0.7831238930010527,258.23065133437336,66.2308860403806,5.850230226754908,2
911,"b00000000001100000000011000000000110000000001111001000011110100000110000000011000",0,3184.1626380757207,"b10001000101011100011100100001100010101110100001110000010011001000010110001011000",19,7,1,0,0.8260965930635069,303.3754920431748,163.50597344651052,0.1839927230284027,2
912,"b00000000011100000000100000000010110000101111000011001100000100001000000001100000",1,2498.9731079066028,"b11001110101000111111000000100000101111000111010100001000111100110000111001100000",24,8,0,0,1.0895732507217804,118.03207810629111,313.24909447467275,0.2993737028454082,5
913,"b00000000010000001101000000111100010110000111000010000000000000000000000000000000",3,3437.4914852152533,"b01001000001010100001000001000000001010010000010010000000000001111000011100000000",16,12,-1,1,0.7626193306748932,6.502602018255543,149.354232698504,1.6446809147916288,2
914,"b00111001101001000110000010011100011001111000000110011011110011011110011101011101",2,2811.7340363261906,"b10111011111001011111000111010001100000111000010000110001000000110000010110011100",4,9,0,0,1.006648108391687,393.29287995215003,120.52887286023473,1.0290432963416136,90
915,"b01000000001110010000110111000001011101110000110111000011010000001001000000000000",3,3175.033478816176,"b01001000001010100001000001000000001010010000010010000000000001111000011100000000",10,18,-1,0,0.7849900340298408,295.21908413639085,214.60285513954815,2.0753739276618672,2
916,"b00000000001001000000101110111000001111100000000110000000001000000001100000000000",0,3202.034591759655,"b10001000101011100011100100001100010101110100001110000010011001000010110001011000",20,7,0,0,0.8173128752492564,238.57789562404557,492.82659748256606,0.717115882106655,2
917,"b00011000000000000000000001000000000000000100000000001000001100000001110000000000",3,1713.7943821622525,"b01001000001010100001000001000000001010010000010010000000000001111000011100000000",17,8,0,1,0.8596790155058366,299.5336718692958,462.1859724732079,1.8451100423652393,2
918,"b00000000000000000100000000001000000000111100000111111100111011101010011111001101",2,4752.3808833510675,"b10111011111001011111000111010001100000111000010000110001000000110000010110011100",14,7,1,0,0.8562054154725539,214.21102796861211,103.82204893953941,1.8922044905211135,91
919,"b00000001000000000000010001100011001110000000110000000100000000000000000000000000",3,2853.1032535384165,"b01001000001010100001000001000000001010010000010010000000000001111000011100000000",15,8,-1,-1,0.7418110979079008,416.5347234726472,85.29935116584635,5.662503162719506,2
920,"b00011001100000000001000010001101001000000010001110011111100011111110001100011001",2,6041.39808321509,"b10111011111001011111000111010001100000111000010000110001000000110000010110011100",11,7,0,0,0.8200754882500465,352.5799637077513,27.828800148751892,0.928143258441525,91
921,"b00000000000000000000000001100000011100000010111000000111000000010000000000000000",3,2312.009755719864,"b01001000001010100001000001000000001010010000010010000000000001111000011100000000",15,9,0,1,0.7897003434714063,163.9970502329105,334.8914079234761,5.087556981290861,2
922,"b00000101110000000110011011100001101100011111000001001000000000000000000000000000",3,4844.653382460896,"b01001000001010100001000001000000001010010000010010000000000001111000011100000000",11,14,-1,0,0.760004787622529,395.49488276264805,282.3613747975635,6.018151591852305,2
923,"b01000100001111100000100000000000001110110100111111000001111010010111100000010110",3,1915.0326980989253,"b01001000001010100001000001000000001010010000010010000000000001111000011100000000",9,23,0,0,0.9880776453222324,347.70599334984394,266.8935074684414,3.7318820917156987,2
924,"b00001110000100100011000000001000000000001100000001001011100111111100000111001011",3,1694.1751757869615,"b01001000001010100001000001000000001010010000010010000000000001111000011100000000",11,20,0,0,1.3559096246611553,471.97073605514885,402.43390327513686,1.8360705329941087,2
925,"b00000000000010011000011111110000100011100010000011000100000010000000000000000000",1,3818.364298020602,"b11001110101000111111000000100000101111000111010100001000111100110000111001100000",24,7,0,0,0.7851824504312325,405.94668871077357,266.2212426497753,0.9533337989917751,5
926,"b11000000000010000000011100000001110000000110011010001001101100000010000000011010",0,3074.110647264494,"b10001000101011100011100100001100010101110100001110000010011001000010110001011000",20,11,0,0,0.890825809671135,332.87792956038265,201.46285903163252,6.077565217808196,2
927,"b01100010000110111000000011111001001111000000111100000110000000001000000000000000",3,2386.9225851958386,"b01001000001010100001000001000000001010010000010010000000000001111000011100000000",13,19,-1,0,0.7562663390230516,354.34477379545797,310.8780416694587,1.6019858093572223,2
928,"b01100000001110010000011011011100101011110001001000000000110000000001000000000000",3,1986.8629196680267,"b01001000001010100001000001000000001010010000010010000000000001111000011100000000",12,17,-1,0,0.7934004762254562,314.45601161993505,48.98261353215409,-0.022894003862687334,2
929,"b00000000000000010000000011000000011011000000000000000000000000000000000000000000",3,4909.146400411013,"b01001000001010100001000001000000001010010000010010000000000001111000011100000000",16,4,-1,0,0.7260353794417039,175.11983411823545,2.233233872001937,0.26785801750764604,2
930,"b00001100000000110000001100010000100011010000000100000010000000110000001001000000",3,5267.86211535955,"b01001000001010100001000001000000001010010000010010000000000001111000011100000000",12,10,0,0,1.0769409392634717,173.55606296340633,119.65483598533424,2.000201626620192,2
931,"b00000000001011000000101000000001100100000111011110011111110000000110000000000010",3,1497.0838923751674,"b01001000001010100001000001000000001010010000010010000000000001111000011100000000",12,18,1,0,0.8483215866951197,343.5466236863031,489.77461166622004,4.868369827075604,2
932,"b10000011000110101100011100010000111001000011100000101000000000011000000011010000",1,4328.07312829005,"b11001110101000111111000000100000101111000111010100001000111100110000111001100000",18,8,0,-1,0.9437718299422776,365.34939592928885,181.18547013771538,0.6122748768115296,5
933,"b00110000101000000001000010011001001001111100000110001111100011011010011000001001",2,3396.5107359583103,"b10111011111001011111000111010001100000111000010000110001000000110000010110011100",11,6,0,0,0.909531161369292,313.00381151548993,193.86174159560733,4.759291367706904,91
934,"b00011000001001100011000110011101100011111110011100011101100111110010001001001000",0,1313.7733194712218,"b10001000101011100011100100001100010101110100001110000010011001000010110001011000",14,20,0,0,0.861159126356888,144.83422095408665,114.7696055643151,0.8465108822620042,2
935,"b00010000001001000000111001000001111010000011111100011111110000000010000000000000",0,2707.189120982768,"b10001000101011100011100100001100010101110100001110000010011001000010110001011000",17,11,0,-1,0.7490165345285498,193.50106800136282,254.76355041860373,-0.022191359740916117,2
936,"b00000000000000000000000000011001100011001110001000111000100011000000000110000000",0,1677.4469827807268,"b10001000101011100011100100001100010101110100001110000010011001000010110001011000",20,6,1,-1,0.7745132079552801,401.5406800457013,480.79297185498615,0.7250336666267637,2
937,"b00100010000011000000000000011100000101100110010110001000000100100000110000001011",0,2378.8604138534297,"b10001000101011100011100100001100010101110100001110000010011001000010110001011000",19,10,0,1,1.0532833950112621,17.872851033502695,374.2578377735372,0.2981026971740869,2
938,"b10000000000111000001010100011000001101100000101100000000000000000000000000000000",0,2149.8423032596843,"b10001000101011100011100100001100010101110100001110000010011001000010110001011000",21,5,-1,0,0.8772401254999552,491.520099040649,102.4425604166199,2.3697947658475016,2
939,"b00000000000000000000010000000001100100001000010000000000110000000011001000000000",3,4893.996171244006,"b01001000001010100001000001000000001010010000010010000000000001111000011100000000",15,7,0,-1,0.7435652974873896,90.20828558820058,281.2390213757402,5.246986494167039,2
940,"b01000000000000000000001110000000011100000011111110000011110000000111100000010000",3,2265.146693253888,"b01001000001010100001000001000000001010010000010010000000000001111000011100000000",12,16,0,-1,0.8679761125606148,234.13238206494407,388.66776711778357,0.8500116517467017,2
941,"b01001000001010000001000001000000001010110000000000000000000101101000011100000000",3,9744.202309866729,"b01001000001010100001000001000000001010010000010010000000000001111000011100000000",4,2,0,0,0.8846446038432141,337.19309282460955,249.73348802817011,0.5993917719496297,2
942,"b00000000001000000000110000000001001110000110111000000010100000000010000000000000",3,4719.416659776603,"b01001000001010100001000001000000001010010000010010000000000001111000011100000000",15,11,0,-1,0.736836279526947,212.82110069365132,158.11825965884688,2.488267812270732,3
943,"b10010001000000000000100011000111001100011010001000111010100111110010010001100000",3,1601.3894762287316,"b01001000001010100001000001000000001010010000010010000000000001111000011100000000",12,22,0,0,1.3535527536770764,59.65310650023957,481.0377042395762,4.99389854805907,3
944,"b00000000010100001100000000100000000111000000110000000010010000011000000000000000",3,2147.157524195679,"b01001000001010100001000001000000001010010000010010000000000001111000011100000000",14,9,0,1,0.8119861278841305,21.992581977579942,17.090229909542984,3.7709849160748714,3
945,"b00110001101010000100001000001010001000011100100110001011100010011000011111001101",2,5533.66464758391,"b10111011111001011111000111010001100000111000010000110001000000110000010110011100",8,4,0,0,0.8785852727962548,241.2617077840415,130.26820330906403,3.7358829617219063,92
946,"b10100000001000000000111000010011100010000110000000011001000011001111100011000100",0,2262.9498985954483,"b10001000101011100011100100001100010101110100001110000010011001000010110001011000",19,13,0,-1,1.038979040329807,363.0274050856922,139.36665179998033,2.4691730910536167,2
947,"b00000001100001000100000000001110001000000100000110011110110001100000000000000000",2,2349.252368076348,"b10111011111001011111000111010001100000111000010000110001000000110000010110011100",22,5,0,0,0.771671712907366,63.00119458371753,295.9970389668738,3.1839065113463283,93
948,"b00000000000000000000101100000000001000000000011100000000001101111000001101000001",3,3037.782573934086,"b01001000001010100001000001000000001010010000010010000000000001111000011100000000",11,9,1,0,0.8522726725261344,352.29325320147973,298.86173617339125,1.2837277299940466,3
949,"b10011000100000000110000010000011001000010100000000001100000011000000011111001100",2,2530.7302641685146,"b10111011111001011111000111010001100000111000010000110001000000110000010110011100",18,5,0,0,1.2862400719570775,60.1460800724461,416.8088550901393,0.6109939273042584,93
950,"b00100000000000110000101111110000001111100000111101000000010000100001010010001100",3,1817.055349726686,"b01001000001010100001000001000000001010010000010010000000000001111000011100000000",12,20,0,0,0.8251752053741045,393.3562898860636,389.5960433202159,5.065854665926276,3
951,"b01000000001100000000100111000000010000000001100000000011101000001111110000000010",3,2759.9814255555602,"b01001000001010100001000001000000001010010000010010000000000001111000011100000000",12,14,0,0,0.7824338255236005,80.05774265692767,337.5488431205871,4.1274146550224105,3
952,"b10000000001100010011011001000001100100000110011001000001100000000000000000000000",0,4015.3964806625054,"b10001000101011100011100100001100010101110100001110000010011001000010110001011000",20,7,-1,0,0.8095079639220569,334.41838584085457,160.93856745519096,0.7117141433948526,2
953,"b01000001001000000001000100001100100000001110101100001111100011011000011001001100",2,5184.554086268241,"b10111011111001011111000111010001100000111000010000110001000000110000010110011100",16,8,0,0,1.0615074439886263,26.125246900256375,276.6660332309298,5.953152387183673,93
954,"b01000000000111000000111111000011111100100111111111000011111100000111110000000010",0,2217.2067777711172,"b10001000101011100011100100001100010101110100001110000010011001000010110001011000",13,19,0,0,0.8276524815234333,490.22954220940085,92.97016070085414,1.5545174860655213,2
955,"b11010000001111000000011110001011110000000000001001010001101100100000000001110001",0,2063.623019402319,"b10001000101011100011100100001100010101110100001110000010011001000010110001011000",17,13,0,0,0.8581456620142439,189.56181180418793,238.2090365847262,0.33313532312562444,2
956,"b00010100000000000010010000000001100100001000011100111111110001110011010010001101",2,1083.8558552021273,"b10111011111001011111000111010001100000111000010000110001000000110000010110011100",20,13,0,0,1.0473134083604518,128.4468896250524,220.8134183686355,0.8856222772523903,93
957,"b00100000000011000000000000000001100001100000101110000011110000000110000000001000",0,3516.4146558259185,"b10001000101011100011100100001100010101110100001110000010011001000010110001011000",21,7,0,1,0.8474509736718235,453.1577601533187,31.363218886915007,4.6123462048140915,2
958,"b11001000000100100000001001000100001010000000101110000000011000000000000101100000",3,3477.617745030681,"b01001000001010100001000001000000001010010000010010000000000001111000011100000000",11,11,0,0,0.986402537753199,110.92526491103506,195.876156991714,5.51180077211667,3
959,"b00100001101000001100000010010001001000011100100010011111100001111000111110101100",2,2581.8332477575145,"b10111011111001011111000111010001100000111000010000110001000000110000010110011100",10,7,0,0,1.122398614835608,166.55487076804337,497.8720640231848,5.9702922148357676,93
960,"b11010000000010100011001011100000001111100000010010000000001001111000001100000000",3,5032.452965311625,"b01001000001010100001000001000000001010010000010010000000000001111000011100000000",4,10,0,0,1.008054880350229,286.5162994188601,427.2533147750588,3.6916518025059224,3
961,"b00000000000000000000000000000000000111100000001110000000000001010100000110000000",3,4938.252426532833,"b01001000001010100001000001000000001010010000010010000000000001111000011100000000",14,7,1,0,0.7806177061687746,339.56288688813265,102.78592486858287,3.8569825252486414,3
962,"b00100001101100000100000010011100011001111100001110001101110011011010001101001100",2,5369.876708705563,"b10111011111001011111000111010001100000111000010000110001000000110000010110011100",9,8,0,0,0.9212813869657562,352.1532495702078,60.623065556282604,2.863261498817514,94
963,"b00010001100000000100000010001000001000001100001010001010101011001000001010101001",2,6009.669353315105,"b10111011111001011111000111010001100000111000010000110001000000110000010110011100",16,3,0,0,0.8022791763826778,71.30110341752335,137.7717561152403,1.5416807844731162,95
964,"b10000110001110011011011101110101101111000011111100001000001000000000100000000000",1,2939.0863932564844,"b11001110101000111111000000100000101111000111010100001000111100110000111001100000",15,11,-1,0,0.8050412632850374,481.1204305472866,280.5716261866621,4.0810642981943674,5
965,"b00000001110000011000000011000000011011001001101000001101000000111100000000111000",3,3161.152588224968,"b01001000001010100001000001000000001010010000010010000000000001111000011100000000",10,16,0,0,1.2040290701757588,457.61248979781135,109.57725918019003,6.190379206996502,3
966,"b01110000110100000000100000101000011111110001111011000001000000100001000001010000",3,1469.5551488294532,"b01001000001010100001000001000000001010010000010010000000000001111000011100000000",12,20,0,0,1.2073852687142301,277.1696390107071,475.97643256394247,-0.004329504530992781,3
967,"b00110000001010000000101110110000001110000010001100001100111100000000110000001000",0,2040.072603315794,"b10001000101011100011100100001100010101110100001110000010011001000010110001011000",20,13,0,0,0.8574862902796553,194.94171542155803,331.5496644156892,4.076548804714866,2
968,"b00000000100000100000000001100110110101000011110110110000111001101011001000000010",3,1435.1599514248887,"b01001000001010100001000001000000001010010000010010000000000001111000011100000000",11,20,0,0,1.10478031533947,3.82510494742602,496.576624772161,1.18993961709387,3
969,"b00000000000000010000000000000000011111000101011110011100111011000010000000000000",0,1791.6523018000282,"b10001000101011100011100100001100010101110100001110000010011001000010110001011000",21,10,0,0,0.7664816816281841,382.00446859511567,455.78427637074503,2.420440546226586,2
970,"b00110100000001110000000010000000110000010001011000011100000001001000001100100010",3,2411.127431309913,"b01001000001010100001000001000000001010010000010010000000000001111000011100000000",12,15,0,0,1.1360563558781582,83.10456249344014,338.91790043055454,3.9834108119745855,3
971,"b00100001000101111100100001100000000011100001101011011000011101000010110000011000",3,1024.4546341052114,"b01001000001010100001000001000000001010010000010010000000000001111000011100000000",13,24,0,0,1.2163328563682678,326.90507766253546,289.72881185132997,0.41803041772243843,3
972,"b00100001101100000111000010000011001001000110001100001111100011110000010110000101",2,2327.3110329854408,"b10111011111001011111000111010001100000111000010000110001000000110000010110011100",14,9,0,0,0.9280214251798926,371.6793315642322,10.904568857884149,2.6701073839141647,95
973,"b01001000001011100001000001000100001111010000011110000010010011110000001101000000",3,4493.564778320624,"b01001000001010100001000001000000001010010000010010000000000001111000011100000000",2,10,0,0,0.9530264507133075,459.8653401656288,40.27306844831233,3.7636138969961417,3
974,"b01101001000000000000000000001101110100010001010000110100000001001001100100001110",3,2525.9971266107586,"b01001000001010100001000001000000001010010000010010000000000001111000011100000000",12,17,0,0,1.2460501968462427,278.4747401913559,412.1041290333109,1.7467768821370653,3
975,"b00000000000000000100000000100010110001110111010111100001100101111100001110010000",3,1782.6098761910796,"b01001000001010100001000001000000001010010000010010000000000001111000011100000000",10,19,1,0,0.9132491209433403,468.03582842570233,409.6189018540593,6.032054241354566,3
976,"b00110000101000000111000000011101000000011100000110011101100011111110001001100000",2,4335.537429937142,"b10111011111001011111000111010001100000111000010000110001000000110000010110011100",13,8,0,0,0.9513757971248578,327.4833641814106,181.0017540120801,5.588122211662923,95
977,"b00000000000011100000000010000000011011000000001000000000000000000000110000000001",3,3326.1885192050286,"b01001000001010100001000001000000001010010000010010000000000001111000011100000000",14,7,0,1,0.7430742030607933,415.5517241832684,78.29770101617545,3.8083684148038186,3
978,"b11000011000110001000110011000000001100000000110000000000000100001011000010110000",0,1070.9584725744953,"b10001000101011100011100100001100010101110100001110000010011001000010110001011000",23,13,0,0,1.1152415226069148,61.70143026089222,114.09191573064504,3.8385543678848935,2
979,"b00011000000111111100010000011100001100110000110011000000000100000000000000000000",3,3139.4992498376973,"b01001000001010100001000001000000001010010000010010000000000001111000011100000000",12,15,-1,1,0.7697118777231009,12.306177901688672,15.71829107621571,3.8353986060562875,3
980,"b01000000000000001000001001000100100011100010000100011000000000000000000111000000",3,2122.50945527089,"b01001000001010100001000001000000001010010000010010000000000001111000011100000000",15,12,0,0,1.1332693976588621,328.352014070108,435.85135164429016,3.8741221855074213,3
981,"b00110001100000000101000110001100001000011100000100001010100011011000010111100000",2,5860.648819058706,"b10111011111001011111000111010001100000111000010000110001000000110000010110011100",12,3,0,0,1.1486801536110098,23.003110272689952,167.49199324309058,5.527276940188704,95
982,"b00000001101000000000000010001100011100001000110100001001000011011000010111001000",2,4887.3184299838,"b10111011111001011111000111010001100000111000010000110001000000110000010110011100",16,4,0,0,0.8683029983109168,95.87562637477947,267.5437340156955,3.5215936648161645,96
983,"b00000100000000000000000011100000001111000100000100000000010000000000000000000000",3,4046.807068019376,"b01001000001010100001000001000000001010010000010010000000000001111000011100000000",16,8,-1,0,0.7286337342492846,359.48859029563295,216.46046703453453,3.2751661482818877,3
984,"b00000000101000000010000010001111000000010110101010111111100011110111010010001101",2,3208.7067313805946,"b10111011111001011111000111010001100000111000010000110001000000110000010110011100",14,11,0,0,0.8842652746041522,342.9182869646135,256.9305882679474,0.5747639548771153,96
985,"b00000100000101001100110011110010000111110000000111000100010001000011110100000111",3,1989.1691981555755,"b01001000001010100001000001000000001010010000010010000000000001111000011100000000",12,24,0,0,1.3091233217299487,273.92455340373067,94.75473533776676,0.8058505164807568,3
986,"b00010000000000100000000110000000001100000001101011000000111000000011101000000000",3,1405.695756669431,"b01001000001010100001000001000000001010010000010010000000000001111000011100000000",15,14,0,0,1.0284394666969927,98.0513988195797,505.7373870575358,3.8320399239413945,3
987,"b00000000000000000000000111101100000000100000000000000000000000110000000000000000",3,5208.160122070509,"b01001000001010100001000001000000001010010000010010000000000001111000011100000000",16,6,1,1,0.7339735288743763,172.17276468560493,289.0765876159369,0.4504041197418328,3
988,"b00110100001000000000000011100000001111000100000001001001111011000011111110001010",3,2510.2896550338137,"b01001000001010100001000001000000001010010000010010000000000001111000011100000000",11,21,0,0,1.0574001504430344,70.07608916104712,284.3679351017665,1.1486615241601323,3
989,"b00001001100000000110000010001011001100011110010110111011100011101011011111001101",2,2106.9640914180563,"b10111011111001011111000111010001100000111000010000110001000000110000010110011100",7,9,0,0,1.0770213798964055,185.19874291536584,493.98999067426803,2.292349981813886,96
990,"b00000000000000000000000011000000001110000000111100010000110001001000000001000000",3,4814.3188956307895,"b01001000001010100001000001000000001010010000010010000000000001111000011100000000",13,9,1,0,0.7718666471974424,243.92427420498166,89.330693894391,4.897284441704768,3
991,"b00000000000010000000001000000000000011110000000111000000000000110000000000000000",3,3902.2635968204554,"b01001000001010100001000001000000001010010000010010000000000001111000011100000000",13,5,0,1,0.8250079265373381,456.1614810557681,420.1548952926458,3.913572245497525,3
992,"b10000000111000010111101101111011100111101110000110000000000000000000000001000000",0,1535.6205539830971,"b10001000101011100011100100001100010101110100001110000010011001000010110001011000",17,13,0,0,1.2733022487956003,326.44207984506147,281.30784977601644,5.308968885019976,2
993,"b00000000000000000100000000010001000000000000001010110100011101001111110000110000",3,1350.3005993632428,"b01001000001010100001000001000000001010010000010010000000000001111000011100000000",13,14,1,0,0.8711724922014333,101.1588681418793,441.39145254648196,2.5961812084253024,3
994,"b00000000000000001000000000000000000000000000010000001000011011110111101111010011",2,5558.2734756559985,"b10111011111001011111000111010001100000111000010000110001000000110000010110011100",23,7,1,0,0.8596278330475463,486.13793911438535,22.8260005018201,3.7741129944303244,97
995,"b00000010100000100011010010010001101011010010101000011100100011100000001100000000",3,3221.4331055896305,"b01001000001010100001000001000000001010010000010010000000000001111000011100000000",10,17,0,0,0.7777100205301859,186.2835493230108,2.5192536103328527,2.019641457558059,3
996,"b00000000001000000000000000000000100000001110000000010000000000000011110000000110",3,2212.9567835125035,"b01001000001010100001000001000000001010010000010010000000000001111000011100000000",14,7,1,0,1.0334740416986905,13.855002752970904,373.4103313535452,3.883546795934609,3
997,"b00000100000000110010000000010000000010000001010000011101000001000000000000000000",3,3318.714828405844,"b01001000001010100001000001000000001010010000010010000000000001111000011100000000",15,9,0,-1,0.7429986390761019,96.0674551411679,211.31030678178706,0.09661972285409828,3
998,"b00000000000000000001000000000000011000000001110000001110000000010000100000000000",3,2031.6807178048984,"b01001000001010100001000001000000001010010000010010000000000001111000011100000000",15,7,0,0,0.7717416276194259,452.3990357126002,258.21739735656513,2.7675883836876434,3
999,"b00000000010000001100001011111000111000101111000010001100000000011100000000111000",1,1577.2230202237038,"b11001110101000111111000000100000101111000111010100001000111100110000111001100000",20,10,0,0,0.9555475126949962,260.12526542139415,437.83673981528244,4.835240310576198,5
1000,"b00100000001111000000001111100000111111100000001110000000010000000001000000000000",3,3241.9151769012187,"b01001000001010100001000001000000001010010000010010000000000001111000011100000000",13,16,-1,0,0.7522767633621243,194.7640687965427,354.38289428556516,3.7830587490293803,3
1001,"b00110001101000000100000000000000000000000100000110001001100010001000011011101101",2,4583.180813437311,"b10111011111001011111000111010001100000111000010000110001000000110000010110011100",15,1,0,0,0.9406043697659928,246.64427818405102,313.00613451281197,3.00728588826435,97
1002,"b00000000001100100011011101100001100000011110100100010011110100000000010000000000",0,3477.4395670419353,"b10001000101011100011100100001100010101110100001110000010011001000010110001011000",16,9,0,0,0.7990409935995616,311.37243941306906,343.2590315102612,2.3641224802018783,2
1003,"b00100001100000000010000000001000001000011100000000000001100011011110011111100000",2,6861.740440765694,"b10111011111001011111000111010001100000111000010000110001000000110000010110011100",16,3,0,0,0.8695420341327674,108.3813728258045,35.644138134440574,2.6738062029791974,98
1004,"b00010000101000000010000000001110000000011100000100001011100011001010001111001101",2,3768.549651134616,"b10111011111001011111000111010001100000111000010000110001000000110000010110011100",12,2,0,0,0.931353755258046,232.32507695445886,305.0048643010202,5.62645883660239,98
1005,"b10100000000010011000100011000010001111010000000001010000010001001000000000000010",3,3635.9962302504455,"b01001000001010100001000001000000001010010000010010000000000001111000011100000000",12,13,0,0,1.1535988930433732,273.3923171620801,454.8419077086365,2.651784204479197,3
1006,"b00000000000000110000000010000000010111100111111110000000001000001000100000000000",3,2399.8847253544373,"b01001000001010100001000001000000001010010000010010000000000001111000011100000000",14,14,0,0,0.7472414564701536,195.25397793071693,211.1531896545556,6.175229481124971,3
1007,"b11000000101100000000011001100001100100000001100001011111000100100001100010001000",3,1667.419449126953,"b01001000001010100001000001000000001010010000010010000000000001111000011100000000",13,20,0,0,1.2396382146232823,311.22098398086035,446.2398373719046,5.71722991546376,3
1008,"b00000000000000000000001101111010000110110001100000011100000011000100000100000000",3,1636.479946103576,"b01001000001010100001000001000000001010010000010010000000000001111000011100000000",14,15,0,0,0.8007339404886139,291.27562820569744,475.70649947444247,4.055887425241379,3
1009,"b00000000000000000100000000000000000000001000110000110010000011001000000000000000",3,4250.163198779597,"b01001000001010100001000001000000001010010000010010000000000001111000011100000000",14,5,0,-1,0.7208454065368112,19.05071513977918,222.18998355865477,5.393059309959301,3
1010,"b00000010000000001010000001100001100000001110001000000000000000000000000000000000",0,2524.4931265404202,"b10001000101011100011100100001100010101110100001110000010011001000010110001011000",23,2,-1,0,0.7366499664009021,126.90232199674878,291.6758808500215,2.6893250723809086,2
1011,"b11110110001101111111011111111101111111000111101110101111111011011011100110110110",3,1481.1145611329632,"b01001000001010100001000001000000001010010000010010000000000001111000011100000000",6,46,0,0,1.1862107059606766,56.68196499361144,9.446713410737226,2.1718093266334835,3
1012,"b00001101000000110100000001100000001100000011100000011100000000000000000000000000",1,6716.037558617316,"b11001110101000111111000000100000101111000111010100001000111100110000111001100000",25,5,-1,1,0.7812642216335965,52.3895929270325,14.513391972161848,5.466415571904126,5
1013,"b00000000000000000010000000001100000101100000001010000010000000000000000010000000",0,5473.569163579284,"b10001000101011100011100100001100010101110100001110000010011001000010110001011000",23,1,0,1,0.7395699050179936,123.3413399699474,119.83932072233807,4.62133723201468,2
1014,"b00000000000000000000100000011001000001100000100111001111110011111111011111001110",2,1994.0538725572164,"b10111011111001011111000111010001100000111000010000110001000000110000010110011100",16,12,1,0,0.8401292928351073,329.9188798221829,28.90353431092021,4.793582307778876,99
1015,"b00110011111000011011000111111000000001000000100000010010010000100001010010011000",2,3360.645302221509,"b10111011111001011111000111010001100000111000010000110001000000110000010110011100",15,7,0,0,0.8438541771537816,366.1683298754471,390.15740302947995,3.8460777557463337,99
1016,"b00001000000001000000000011000000001000001001100000000000000000000000000000000000",3,3161.1286870941203,"b01001000001010100001000001000000001010010000010010000000000001111000011100000000",16,5,0,-1,0.8218503873792177,365.3283839703444,133.29405876119444,3.6482443057100156,3
1017,"b00010000100001100010000011001011001100010000010100011011100011011000000001111001",2,2540.5157742268443,"b10111011111001011111000111010001100000111000010000110001000000110000010110011100",17,10,0,0,0.853389413119074,61.08707588600854,203.5052960496077,1.1520253570159418,99
1018,"b00000000000001110000001000000000000001100011110010000100111100000000000000000000",3,2570.2585188457415,"b01001000001010100001000001000000001010010000010010000000000001111000011100000000",16,13,0,1,0.7618608088097913,263.0566725910541,57.99871634248809,2.212679020459838,3
1019,"b00100000001000000000111101000001111110100111001111001001111000101101000000100000",3,1407.9941728742797,"b01001000001010100001000001000000001010010000010010000000000001111000011100000000",12,24,0,0,0.7968331461514394,384.27692655617295,438.5238191253563,4.336382998296445,3
1020,"b00011000001000000010000000000010001100001100100001001001110001110110001110000000",2,2865.330740393638,"b10111011111001011111000111010001100000111000010000110001000000110000010110011100",20,7,0,0,0.9218452359533333,133.0311964619518,235.35083827202925,4.335400504558321,99
1021,"b00001001100000000110000010001010001000010011001011110111101011101100010010011000",2,2692.1772449836053,"b10111011111001011111000111010001100000111000010000110001000000110000010110011100",16,11,0,0,0.9535270528801224,35.038099403493796,449.6573078883599,5.1730136727645855,99
1022,"b00010000100000000000000011100000010000001100000000111000000001110000010010001100",2,4130.017320564242,"b10111011111001011111000111010001100000111000010000110001000000110000010110011100",23,5,0,0,0.8290512129125504,145.57858875584265,70.533977793156,0.7758206657511142,99
1023,"b00110000101000000111000010001100001000111100111010101111100011111111011111001110",2,5748.647657914623,"b10111011111001011111000111010001100000111000010000110001000000110000010110011100",6,11,0,0,0.973095394688189,455.48172886916814,235.12412648672708,5.617768236790116,99
1024,"b00010000001000000000000000000011001000001000001000000111100111111111011110001000",2,2125.6420024140107,"b10111011111001011111000111010001100000111000010000110001000000110000010110011100",18,7,0,0,0.9174385729217694,299.02460706651914,80.60742898714744,3.6157658875909657,100
1025,"b00011001001000000100000000001000000000001100000100001111100011111000011111001001",2,6041.375387122649,"b10111011111001011111000111010001100000111000010000110001000000110000010110011100",11,1,0,0,0.877944269246147,128.0138773424872,208.42675042952217,4.063406773273067,100
1026,"b01000100001111110000000110000000011000000110000110000000111101100011110001100000",0,2748.2512302058867,"b10001000101011100011100100001100010101110100001110000010011001000010110001011000",16,12,0,0,0.8618540945537287,306.8377738682352,334.6507167048308,3.1094234008820907,2
1027,"b00000000001011000000000111000000111100000011110110000011001100001111000001000110",3,2642.5301496945485,"b01001000001010100001000001000000001010010000010010000000000001111000011100000000",11,19,0,0,0.8223543922844362,126.93640415080657,341.89648056030273,6.193141401297202,3
1028,"b00000000000000000000000001000000000110000000111000000010010000000000000000000000",3,1621.1318695738182,"b01001000001010100001000001000000001010010000010010000000000001111000011100000000",16,5,0,0,0.7491778869028426,194.54848811085657,457.58785566691836,2.1001344075288846,3
1030,"b01100000001100000000000110000000100000000111110000000111110000000111100000000100",3,3277.631004997769,"b01001000001010100001000001000000001010010000010010000000000001111000011100000000",13,16,0,0,0.7585223167852839,240.8320948277892,338.6715956872829,1.6912457916623251,3
1031,"b00000000100010000110100010011100001100000000111000010011000001110100001100000000",3,2328.6634208267933,"b01001000001010100001000001000000001010010000010010000000000001111000011100000000",11,15,0,0,0.8251515974753978,275.22014649494383,139.77914214691558,1.1948173153518917,3
1032,"b00000000000011100000000111000000100110000110111000000000000000000000000000000000",3,2112.2725213622307,"b01001000001010100001000001000000001010010000010010000000000001111000011100000000",14,9,-1,0,0.7605053608963245,330.9053464331481,435.8283774863164,1.6616974522693915,3
1033,"b00100001101000001110000000011010011000111100000000000011100011011010010111001000",2,5107.871750266438,"b10111011111001011111000111010001100000111000010000110001000000110000010110011100",12,5,0,0,1.1329231678112324,51.24169273403048,66.54104664234335,0.5280682890906605,101
1034,"b00000000100000000111110000011111000101100110111100110011100001100000000010000000",0,1743.0058040595086,"b10001000101011100011100100001100010101110100001110000010011001000010110001011000",18,14,0,0,0.8336255115716835,291.11946390170624,1.8170720712676567,2.493686894340714,2
1035,"b00100001001010000000000010001000001000001100000100110010100011011010010010000100",2,4606.311390928036,"b10111011111001011111000111010001100000111000010000110001000000110000010110011100",17,3,0,0,0.9762164818842144,56.356179070963556,335.9417643963868,5.08692635973976,102
1036,"b10010000100000000001000000001010001000001000000100001001101011011000010001001000",2,3546.1394409324785,"b10111011111001011111000111010001100000111000010000110001000000110000010110011100",20,4,0,0,1.0774087172298317,60.85307474845522,356.45263384650735,1.3349463833036288,102
1037,"b00010000001101111011000111110100111110001110010011110001100011000000010100000000",3,1342.2487778815223,"b01001000001010100001000001000000001010010000010010000000000001111000011100000000",8,23,0,0,0.8697139814503642,480.45228779822503,10.553364129309614,3.288400549941259,3
1038,"b10000000001011100010011100001011111011110001111111000011110000010010000000001000",0,3681.431735686778,"b10001000101011100011100100001100010101110100001110000010011001000010110001011000",13,14,0,0,0.8623699163462075,178.99337947615385,223.5138030778625,4.601492728921892,2
1039,"b00000000000000010000000001000000001000000000000100011000110001100000000000000000",3,2524.3298038080356,"b01001000001010100001000001000000001010010000010010000000000001111000011100000000",15,6,1,0,0.7652327917162072,148.38568856007072,268.7081778758553,0.3212873815181988,3
1040,"b01011000100001100000100000000111101000010000110100000110010000011001000001101100",3,4049.960647789172,"b01001000001010100001000001000000001010010000010010000000000001111000011100000000",11,18,0,0,1.3158553012143095,344.76358586132955,216.82971558272106,5.410121423371737,3
1041,"b00000001000000100000000000000100100010001110001000011100000100000000000100000000",0,931.2764900532422,"b10001000101011100011100100001100010101110100001110000010011001000010110001011000",24,6,0,0,0.8768523919187587,137.51224652608235,280.5484800974528,0.9272586302730721,2
1042,"b00010000000100001001010011110011111000110000000000000000000001100000010110000100",2,1351.6605780574096,"b10111011111001011111000111010001100000111000010000110001000000110000010110011100",21,7,0,0,1.0456581612418112,26.608807573486104,381.3411617837789,2.082378290444236,102
1043,"b00000001000000100110000000001110000000000010011000101111100111111011011011001000",2,2231.5387143749454,"b10111011111001011111000111010001100000111000010000110001000000110000010110011100",17,10,0,0,0.9850296299964669,9.128056706912131,392.69223392250115,5.858713004309518,102
1044,"b00010001101000000110000000001001001000001000000100000001100011011010100101001100",2,5231.544636877992,"b10111011111001011111000111010001100000111000010000110001000000110000010110011100",16,3,0,0,0.8669028635985115,93.7402149249453,203.42377839884912,-0.12614842188273057,102
1045,"b00100011000000001110000100001000011100001000011110011100110001111001110011110101",2,2027.453502181836,"b10111011111001011111000111010001100000111000010000110001000000110000010110011100",15,13,0,0,0.9967031962636074,93.5087677445453,420.6192427178458,4.546953393168423,102
1046,"b00000000001001000000000010000000011101000001110100000111010000011001000000000000",3,1983.216375895342,"b01001000001010100001000001000000001010010000010010000000000001111000011100000000",13,12,0,0,0.7899078720091075,135.8121704575174,453.69109383646446,1.7264099389124055,3
1047,"b00010000101000000000000010000000001000011100011100000010100011000000001010000101",2,5795.631411873166,"b10111011111001011111000111010001100000111000010000110001000000110000010110011100",19,2,0,0,0.8787751208316538,69.52671234258945,341.7767400304248,5.7271979254348295,102
1048,"b01000000000101000000000110000000000001110001101100000000100010100000001100000000",3,2658.0679604147094,"b01001000001010100001000001000000001010010000010010000000000001111000011100000000",14,12,0,0,0.8743660356570309,26.510368541008038,267.98704149409,0.8259626674576539,3
1049,"b00001100000000110000001011111111111111010011110100010111001011111000010100000000",3,3151.331206894706,"b01001000001010100001000001000000001010010000010010000000000001111000011100000000",6,24,0,0,0.8170563972873957,421.1483249296045,68.59841137243029,5.878176664620835,3
1050,"b10010000001100011001110000000100100000000011000111100000100111000000110000000010",0,1653.946883885637,"b10001000101011100011100100001100010101110100001110000010011001000010110001011000",22,14,0,0,1.070346173642778,3.8160057806619783,69.26412490025962,2.0138265313053925,2
1051,"b00100000000100000000100010110100000010000001011100000100000000000101100000010100",3,1162.2373431113342,"b01001000001010100001000001000000001010010000010010000000000001111000011100000000",14,13,0,0,1.4330022723190765,507.7501407571351,240.20844469056007,0.6466202027834453,3
1052,"b11100000000111100000000101100001000110000100011000000000000001000000000000000000",3,3854.3118260459496,"b01001000001010100001000001000000001010010000010010000000000001111000011100000000",12,10,-1,-1,0.8143862495829078,493.5281787828524,6.3841814444337235,2.354537164711533,3
1053,"b00001000000000101110000100110001100101001110000000011111000000011101000000000111",3,3845.725750030914,"b01001000001010100001000001000000001010010000010010000000000001111000011100000000",10,18,0,0,0.7845963869754364,57.49824037680792,44.56590844023526,1.8449357598796716,3
1054,"b10000000000000010001010001000101010000100001011100011111110000111111110000000000",3,1200.2269932844251,"b01001000001010100001000001000000001010010000010010000000000001111000011100000000",11,20,0,0,0.8636416949564351,470.1083738274531,504.1695783982583,3.832789243928641,3
1055,"b01000000001001110000000111110101111111110010111000010001101000010000100000000000",3,1576.4193340431368,"b01001000001010100001000001000000001010010000010010000000000001111000011100000000",10,21,0,0,0.8861230345794933,212.4281026314758,343.8561073683865,0.749503109516106,3
1056,"b00010001000000000010000110001100011001100010111100011111000011111010010001101000",2,1625.4772245595616,"b10111011111001011111000111010001100000111000010000110001000000110000010110011100",17,12,0,0,1.432508863829515,433.98121022022997,309.4615984942462,3.2357105542039455,102
1057,"b00110001000000000110000010001100011000011100111110001111100011111010001100101100",2,5723.245906893604,"b10111011111001011111000111010001100000111000010000110001000000110000010110011100",9,7,0,0,0.8271944804794564,370.93694379099924,131.10876014234856,2.4685937551325017,102
1058,"b11000110001110101101010100010000101011000011111110001111100011111000000010100010",1,3186.0109800433697,"b11001110101000111111000000100000101111000111010100001000111100110000111001100000",10,12,0,0,0.8441115949953146,243.10246865954417,64.69829776626803,6.256719272322112,5
1059,"b00010001101000000100000010001000001000011000000100001111100011011000011111000100",2,6309.956071763658,"b10111011111001011111000111010001100000111000010000110001000000110000010110011100",11,1,0,0,0.9313497009546322,327.49047621811764,219.38048621511834,6.040110151802452,103
1060,"b11100000010001100100000011000001001111110000010001000011000000001110000000110000",3,2590.9799733748805,"b01001000001010100001000001000000001010010000010010000000000001111000011100000000",11,17,0,0,1.09601022160071,465.31217541041246,331.3209449108187,2.971825672879859,3
1061,"b00000010000011101010001110001000001100011100000111110000011001110000000010000000",3,1803.1798819908954,"b01001000001010100001000001000000001010010000010010000000000001111000011100000000",11,18,0,0,0.8358015802237672,362.46104933009855,456.8176853919664,0.842423277272144,3
1062,"b00000000000011110000000111100000001111110000111001000000001100100001100000000000",3,2686.9159158111834,"b01001000001010100001000001000000001010010000010010000000000001111000011100000000",11,15,0,1,0.7530124091529441,90.53695601733098,197.77542822326697,5.845468337536003,3
1063,"b10111001010101111110010011110000111100000100011000011000100000110000000011100000",2,1717.6190955407933,"b10111011111001011111000111010001100000111000010000110001000000110000010110011100",16,13,0,0,1.0453392991974462,92.85086338949813,70.38128667884662,2.5333436155905114,104
1064,"b11000000001110000000011000000000000101110010110111000111011100011011000000001000",3,1658.524016815248,"b01001000001010100001000001000000001010010000010010000000000001111000011100000000",11,20,0,0,0.9073642862911814,235.26858899376262,316.4053725859653,5.668087455008424,3
1065,"b00010001100001000111110000011000111111000111111101111101100000100000000000000000",0,1626.7151429309595,"b10001000101011100011100100001100010101110100001110000010011001000010110001011000",19,19,-1,0,0.8102517126635108,198.8706023988296,91.10256604280332,1.0386239205328285,2
1066,"b00000000000000011000000011100001111000001111010000010010000000000000000000000000",3,3366.8369052434127,"b01001000001010100001000001000000001010010000010010000000000001111000011100000000",11,8,0,-1,0.7779774261011548,406.57159790170783,191.07179452892515,2.9283801218604255,3
1067,"b00000000010000000100000111001111110010000111000000011000000000100100000000010000",3,3630.5996268568965,"b01001000001010100001000001000000001010010000010010000000000001111000011100000000",13,14,0,0,0.739788243401155,54.3195119707925,137.77388093403408,4.649771360558013,3
1068,"b00000000000011000000000000010000001100001000110000000000000000000100000000000000",3,2363.902875757716,"b01001000001010100001000001000000001010010000010010000000000001111000011100000000",15,5,0,-1,0.7425826490033097,455.6501480388897,278.87549106301316,5.815558294484754,3
1069,"b00000001100001000111111110001111111100011001100111111111101011110010010010100000",2,2062.8546000251376,"b10111011111001011111000111010001100000111000010000110001000000110000010110011100",14,20,0,0,0.9045739613004524,174.76568284109453,90.03849398909078,4.711734722449053,104
1070,"b00000000110000000010001100010000000010000000111000001111100010001000000000000000",3,3696.7398997615105,"b01001000001010100001000001000000001010010000010010000000000001111000011100000000",13,11,0,0,0.8635020104822589,407.5062255359236,419.2656039259573,6.0172325684166506,3
1071,"b00001100100000001110000000010000000100000111100000110000000001000000000000000000",3,2581.794157036845,"b01001000001010100001000001000000001010010000010010000000000001111000011100000000",14,10,-1,0,0.7806491968354523,369.47870554822555,74.729113743223,2.6374820361677473,3
1072,"b00000000000000000000000000000000001100000000110000000111011000101101000000100000",3,8818.903773883107,"b01001000001010100001000001000000001010010000010010000000000001111000011100000000",14,9,1,1,0.7333512570386974,205.23076320227207,70.57514320714456,5.8510814279547905,3
1073,"b00001000100001111000000111000000000000010001110000001110000011100000000100000000",3,2142.711219001577,"b01001000001010100001000001000000001010010000010010000000000001111000011100000000",11,12,0,0,0.8761248291636021,493.8886826735276,437.03549429086536,0.6680512642313501,3
1074,"b00000000000000000011000010000100101010000011001000001000100000000000000000010000",3,1976.2979592943373,"b01001000001010100001000001000000001010010000010010000000000001111000011100000000",15,9,0,1,0.8228536940368903,158.36422615782854,112.08810519283765,4.914765306899646,3
1075,"b10010000001100011011000111111110110000001000010001100001000001100000000110000000",2,3506.8568006155656,"b10111011111001011111000111010001100000111000010000110001000000110000010110011100",17,8,0,0,0.9231378732777288,126.78780965545218,105.93347126292127,4.655651224457655,104
1076,"b00000011000000100110000010000101011001100001111000110101100111110011010010000000",3,1197.7740995122408,"b01001000001010100001000001000000001010010000010010000000000001111000011100000000",12,23,0,0,0.90389814941749,8.163232942122765,410.4924685393794,-0.01627564986890904,3
1077,"b00000000001100000000001100000000010000010000100001000000000000000001000000000110",3,1350.9602695209537,"b01001000001010100001000001000000001010010000010010000000000001111000011100000000",16,8,1,0,0.9611905951865322,69.59894586069703,372.39562941149853,0.721194841967304,3
1078,"b00010000000111110000111101000000000010000000000100000000000000000001110000000000",3,3044.496443109945,"b01001000001010100001000001000000001010010000010010000000000001111000011100000000",14,11,0,0,0.8090973149045924,89.66821585065563,322.1101781418463,0.4959972391883962,3
1079,"b00000000000100000000100000000000100000000000100000000111100000000001000000000011",3,3307.360958024053,"b01001000001010100001000001000000001010010000010010000000000001111000011100000000",16,8,1,0,0.7910585907940456,174.69993762058473,435.825417812729,4.689499335171677,3
1080,"b00000000000000000000000001000000000011000000001000000010000000010100000100000000",3,4267.906693957097,"b01001000001010100001000001000000001010010000010010000000000001111000011100000000",15,4,0,0,0.7377471227291318,124.83877687086034,203.69131863029426,5.557252342017885,3
1081,"b00000000010001111011100001111000000011100010011100001011011000000010000000001000",0,1659.0075865826257,"b10001000101011100011100100001100010101110100001110000010011001000010110001011000",17,11,0,0,0.8378102183944277,225.56833178336012,281.00148632596324,3.189890899501864,2
1082,"b00000000000110000000001110000001111100100000110000000010000000000001100000000100",3,2086.788913011482,"b01001000001010100001000001000000001010010000010010000000000001111000011100000000",14,12,0,1,0.9116634639716797,420.057880015244,386.12708525174696,5.871425815856476,3
1083,"b00000000110000000110000000000001000101110101011110110110000001011000000000000000",3,3364.5096116646882,"b01001000001010100001000001000000001010010000010010000000000001111000011100000000",13,16,0,0,0.8348029647642055,297.13754882323144,57.86139982051088,0.249020344250989,3
1084,"b01100111001000010000000111000101111001111111111111011111101011110010001110000000",3,1693.5725737673595,"b01001000001010100001000001000000001010010000010010000000000001111000011100000000",7,31,0,0,1.0291239267159003,330.36355602601594,278.2057498407821,2.187256124622343,3
1085,"b00001000011100000001101011110010001011000001110000100001000001000100000010000000",3,1180.9953976965767,"b01001000001010100001000001000000001010010000010010000000000001111000011100000000",11,15,0,0,1.2989380881359784,115.68905103783389,0.5175810060118523,4.642800680242889,3
1086,"b10000000001011000000000101001101111100110111100011100001110000100111110000000010",0,5152.751714561906,"b10001000101011100011100100001100010101110100001110000010011001000010110001011000",15,15,0,0,0.7834534465766028,369.07674410167755,84.57695275423139,1.7117399144094734,2
1087,"b00000000000000000000000000000000001000000001100000000110000000010001100000000000",3,11621.657954460654,"b01001000001010100001000001000000001010010000010010000000000001111000011100000000",15,4,1,0,0.7294490838555298,328.9052594025579,77.31253435543304,4.41571287931015,3
1088,"b00000000101000000011000010000000001000011100000110000111100011111100001111000001",2,3187.8620395020757,"b10111011111001011111000111010001100000111000010000110001000000110000010110011100",14,4,0,0,0.959352995844612,354.7059775316284,107.79730947651068,6.116308305128007,104
1089,"b00001000000001110000000011100000000110000000000011000000001100000000100000000000",3,5519.12983250827,"b01001000001010100001000001000000001010010000010010000000000001111000011100000000",14,9,-1,1,0.7509248891264477,202.58687437593548,61.702608281490846,5.711151572894449,3
1090,"b01001001100110100010111100001001000000110011111000000100001001110000000000000000",3,1629.3097569854158,"b01001000001010100001000001000000001010010000010010000000000001111000011100000000",10,17,0,0,0.9186094817844667,317.9980302121258,261.66868298790854,0.9151164191005405,3
1091,"b00000000000000000000000000000000000100110010111110001000011000000001000100000000",3,1808.1138931319779,"b01001000001010100001000001000000001010010000010010000000000001111000011100000000",15,10,1,1,0.74353025661168,503.4959437035991,489.3428749394771,1.1898876131651752,3
1092,"b00000000100000000011000011010000001100000001110110011111001011111110000010000000",3,4845.879578291748,"b01001000001010100001000001000000001010010000010010000000000001111000011100000000",10,18,0,0,0.852433791082617,491.4876133089416,14.465950767301983,4.854443805074317,3
1093,"b00000000001000010100000101010000010010000000000001001110100001001111100101001000",3,2324.2852874830023,"b01001000001010100001000001000000001010010000010010000000000001111000011100000000",13,16,1,0,0.9621777414828852,333.1618532624765,320.49023576040645,5.222333718370402,3
1094,"b00100001100000000110000010001111001000010011111000101111100011111010010010101100",2,2561.2226526837485,"b10111011111001011111000111010001100000111000010000110001000000110000010110011100",13,11,0,0,1.1372465814559147,418.0557539228141,46.27962918952034,2.3265850794784315,104
1095,"b00010001101000000000000010000100001100111100011100011111100111111111011110001101",2,4729.849317537101,"b10111011111001011111000111010001100000111000010000110001000000110000010110011100",8,9,0,0,0.900044305458669,272.16463748721196,42.59922210215672,5.612272307201094,104
1096,"b00011110101110001101010000000100000000000011100110011110000010000000000000110000",1,1558.592687596611,"b11001110101000111111000000100000101111000111010100001000111100110000111001100000",23,12,0,0,1.0492620721929826,322.17873160933055,20.78090176596412,6.287430140600268,5
1097,"b00000001100000000000110011001100000001011110101000111100000000001100110000110000",0,2905.510451531515,"b10001000101011100011100100001100010101110100001110000010011001000010110001011000",20,13,0,0,1.0037861220202802,95.76749358050405,228.3818818084595,6.057789594721722,2
1098,"b00000100100000000010010111000100110111101001001110010001000000100000000000000000",3,3863.4441538742776,"b01001000001010100001000001000000001010010000010010000000000001111000011100000000",15,18,0,0,0.7774560487360825,285.02440242697725,119.24722414556211,4.238926480057761,3
1099,"b10000001100000000111000010001111001001000010000110111100000011111010010110001101",2,3438.4346597834788,"b10111011111001011111000111010001100000111000010000110001000000110000010110011100",14,10,0,0,0.9932659283869332,255.69729322846285,294.39711640412764,5.88799997421038,105
1100,"b00000000000000000000000000000010110000001011111000111110110010001111000000000100",3,3499.8549182299303,"b01001000001010100001000001000000001010010000010010000000000001111000011100000000",12,15,1,-1,0.7542054833078193,222.2119353742696,235.43311215903415,0.8701919600522339,3
1101,"b00000000000010000000001000000001101000100001001100000001101100000010010000001100",3,3191.7877106922647,"b01001000001010100001000001000000001010010000010010000000000001111000011100000000",15,13,1,1,0.797507384758777,141.60049615945613,50.87709428033432,1.2749706027012828,3
1102,"b00100000000010000011000010001000001100100000011101000000010000100000000011000000",3,2570.6421358544017,"b01001000001010100001000001000000001010010000010010000000000001111000011100000000",14,12,0,1,0.8187291756331155,62.15812887726249,156.8388968911363,3.96337543197647,3
1103,"b01011000100100111111001111111001110000101101110011111101000001110000000100010000",2,2859.8949637902965,"b10111011111001011111000111010001100000111000010000110001000000110000010110011100",12,15,0,0,0.8844732012774955,408.3108789634108,80.53864881253743,1.6169301310951743,105
1104,"b00010001101000000110000010000001001100011110000010011111100011111110011011001001",2,4332.92522020382,"b10111011111001011111000111010001100000111000010000110001000000110000010110011100",9,7,0,0,0.9068143824090494,213.953259605943,249.46293625047977,4.107716380713162,105
1105,"b00010001000000000111000010001010011000011011111100111111100011111010010110001001",2,2654.418941344841,"b10111011111001011111000111010001100000111000010000110001000000110000010110011100",12,12,0,0,0.9035052797886824,460.61673279918995,365.37919239624836,4.942971441986687,106
1106,"b00000000000000000010000001011100001011100000101100000110100011000001001000000000",3,2592.38232426166,"b01001000001010100001000001000000001010010000010010000000000001111000011100000000",14,14,1,0,0.8558300131031338,26.106782724226022,440.0221965511526,6.041544951512661,3
1107,"b01001001001000100000110000011011000100001000000000000000000000000000000000000000",3,2602.204746129963,"b01001000001010100001000001000000001010010000010010000000000001111000011100000000",15,9,-1,-1,0.7212505641202168,364.3259883335659,204.5849363308016,2.9522075106991412,3
1108,"b10010001100000000100000010001011101000111010110000011111111001011001000011000000",2,2379.531835661827,"b10111011111001011111000111010001100000111000010000110001000000110000010110011100",18,13,0,0,0.9158378078744969,150.8346847797044,363.54850509662555,5.708228484047562,106
1109,"b00000000000000111000000010100000011010000000000000000000000010000000000100000000",3,2735.69838620909,"b01001000001010100001000001000000001010010000010010000000000001111000011100000000",15,6,0,-1,0.7905259246227883,162.16288065860147,338.3351903333162,1.160132423068068,3
1110,"b00000010000000001010000000110000001101100001110110001100110000100000110000000000",1,1913.0362732103395,"b11001110101000111111000000100000101111000111010100001000111100110000111001100000",20,5,0,1,0.7532341780513313,330.08010527540375,456.06048006403364,5.686179055394307,5
1111,"b00000000000100000000000000000011001001001111110100110101000000000000000000000000",3,3806.699524465159,"b01001000001010100001000001000000001010010000010010000000000001111000011100000000",14,11,0,-1,0.7927868005950282,88.38338566643908,454.32958584322284,2.419552114671375,3
1112,"b01000000000100000000000000000010000000000000110000011011110100111111010000000110",3,2558.461857809404,"b01001000001010100001000001000000001010010000010010000000000001111000011100000000",13,15,0,0,1.0403016757021546,360.11561380399263,347.8996946904646,1.1390568534867522,3
1113,"b01000000101100011000010001100001110111000011101100000111111000001010000100000010",1,1033.4077498403853,"b11001110101000111111000000100000101111000111010100001000111100110000111001100000",20,14,0,0,0.902531829658168,489.0900312580046,498.74196774265056,4.791128313712679,5
1114,"b01100000000100100000010000000001000110010000010001000000000011000000000100000000",3,1740.4100380018722,"b01001000001010100001000001000000001010010000010010000000000001111000011100000000",12,7,0,0,0.8307379870916062,301.73707178509426,393.9841459082548,0.20772487868049871,3
1115,"b00100001000001000000010100001000011000000001000011000010000100100000110000000001",3,894.1528136572445,"b01001000001010100001000001000000001010010000010010000000000001111000011100000000",15,13,0,1,0.815440668033198,113.11290494113192,488.9103832176016,5.0682300988639,3
1116,"b11110001010011110001011111000001100000011000011000010001000000000000000110001000",2,4767.603958208201,"b10111011111001011111000111010001100000111000010000110001000000110000010110011100",15,6,0,0,0.9216041399849199,41.81953851830391,262.63148848993205,2.638160679416935,106
1117,"b10000000001100000000111101000000111000001111100011000111111000011111010000001000",3,1442.0083176329465,"b01001000001010100001000001000000001010010000010010000000000001111000011100000000",11,23,0,0,0.9612667516921798,489.5127525641972,294.8894945129034,5.006410659025388,3
1118,"b00000001000011000100000100000100001100111100110010111100000001000000001000000000",3,1867.851465186308,"b01001000001010100001000001000000001010010000010010000000000001111000011100000000",12,14,0,0,0.9116123938383617,270.5434628600007,176.22395511107013,4.683274863263776,3
1119,"b00001000001000000000001110000101001000010010001110110111100011011010010010001101",3,2683.925153213896,"b01001000001010100001000001000000001010010000010010000000000001111000011100000000",10,20,0,0,0.9249515817858533,268.46049355605027,213.8613371595322,5.046934131252322,3
1120,"b01100100000100000001011000000100100110000011000000000110000000011000101110001010",3,1454.567639141679,"b01001000001010100001000001000000001010010000010010000000000001111000011100000000",12,16,0,0,1.20205703775526,357.5014620488393,490.8174433753681,1.4717139660802705,3
1121,"b00000011000000000110000000001100000010011100101100011111000011010110011010011000",2,3373.3326032296495,"b10111011111001011111000111010001100000111000010000110001000000110000010110011100",16,8,0,0,1.0088643955362966,299.7945931182235,399.20901950944125,2.043595252474007,106
1122,"b10000000110111000110011011111001000011000000001010000000000000000001100000000000",3,712.1196324104412,"b01001000001010100001000001000000001010010000010010000000000001111000011100000000",13,16,-1,0,0.8660185983967632,24.687651573836234,467.1006867540265,5.596289031444164,3
1123,"b00100101001001111011001111111001000100111000010000100001000001100000010110010100",2,2786.160876467757,"b10111011111001011111000111010001100000111000010000110001000000110000010110011100",11,7,0,0,1.0232307241879057,496.391181607075,437.74016525343825,0.610031612079605,106
1124,"b11000001000001011000000000000100000100010100011110000110010000101100001000000000",3,4736.496778268735,"b01001000001010100001000001000000001010010000010010000000000001111000011100000000",12,14,0,0,1.403561498474327,147.09202823913856,238.92763382603357,3.6435822878087754,3
1125,"b01001100000001110000010111000001011100000000000000110101011101000111100000010000",3,1899.5222689578677,"b01001000001010100001000001000000001010010000010010000000000001111000011100000000",13,21,0,0,0.9330824168460964,327.91202259644626,388.2837165239714,0.4516765021643967,3
1126,"b00000001101000000110000010001110001001001000010110110011100011111010010110001101",2,3790.474261570943,"b10111011111001011111000111010001100000111000010000110001000000110000010110011100",10,6,0,0,0.9951040170142964,84.41585351701217,462.03351060347126,2.2875997974600044,106
1127,"b01000000000011100000000011000000001100000000110000000000000000000000000000000000",3,2491.958872397219,"b01001000001010100001000001000000001010010000010010000000000001111000011100000000",13,4,-1,-1,0.7500315417332307,295.5894355628406,233.01341484547962,5.6716719927040105,3
1128,"b00000000010000000000000000100001111110000001111100000010000000000000010000000000",3,3807.450010787449,"b01001000001010100001000001000000001010010000010010000000000001111000011100000000",12,8,-1,1,0.7871650695024299,383.78599267407,181.8969605775637,1.2279921878035687,3
1129,"b10000000000000101100000111111000000100000000010000000001100000000001000000000000",3,2162.4173080871224,"b01001000001010100001000001000000001010010000010010000000000001111000011100000000",15,11,-1,0,0.7787284351937721,3.2253454496644567,473.78925174765743,4.5877030719607514,3
1130,"b00000000000000000000000011000000011110000001111110001111111000100000000100000000",3,6435.740527736173,"b01001000001010100001000001000000001010010000010010000000000001111000011100000000",12,14,1,0,0.7731439401175815,491.75408473601135,113.04822810582849,1.3552720969237424,3
1131,"b10001001000011110011100111110001111111110011111111001011110000001101000000011000",3,1599.8156067556529,"b01001000001010100001000001000000001010010000010010000000000001111000011100000000",8,31,0,0,0.9409822439877445,236.87095396263553,479.97948499331835,0.8107997155770754,3
1132,"b00110011001001000110000100001000000000011100101100001111100011111110010000001101",2,5486.337079301393,"b10111011111001011111000111010001100000111000010000110001000000110000010110011100",12,8,0,0,0.9390944155646089,390.21963804461,210.77237820528072,0.6316322456815273,107
1133,"b00000000000000000000000100000100100001110010000000000000000000000000000000000000",0,2004.6156036361285,"b10001000101011100011100100001100010101110100001110000010011001000010110001011000",27,2,-1,1,0.8436378356418016,158.7969590250651,155.53582937089223,4.387092250286438,2
1134,"b00110001101000000110000010000000001000011100110100000011100011000010011100000111",2,5754.167918423158,"b10111011111001011111000111010001100000111000010000110001000000110000010110011100",13,4,0,0,0.9420355146883825,307.2534610374172,365.7160491021776,0.7215186475462324,107
1135,"b00000000000000000000000111000000010010000001101100000111000000000110000000001110",3,2369.860342033092,"b01001000001010100001000001000000001010010000010010000000000001111000011100000000",15,13,1,0,0.745317147258057,78.92372601452227,124.32723831689219,3.439009423474026,3
1136,"b00000011001000001100000001100011001100001101100000000000000000000000000000000000",3,2659.8064642603995,"b01001000001010100001000001000000001010010000010010000000000001111000011100000000",12,8,-1,-1,0.7556622284503564,494.66203632002384,177.7498655535278,4.517714771285447,3
1137,"b10000000001000100000110101100001100100000100000010001001110000000011110000000110",1,823.7449678675091,"b11001110101000111111000000100000101111000111010100001000111100110000111001100000",24,11,0,0,0.824182736123738,54.232803984103825,388.76179599286235,2.9224050003954725,5
1138,"b00000000000000000011000000111000001110010011110001011111000011110000001100000000",3,3001.292943381182,"b01001000001010100001000001000000001010010000010010000000000001111000011100000000",9,15,1,0,0.8160470181717153,272.5213110136054,62.556078290518414,4.939715280844411,3
1139,"b00000000000000000000000000000000000100000001010000000101000000000000000000000000",3,3340.6405139487706,"b01001000001010100001000001000000001010010000010010000000000001111000011100000000",17,3,1,-1,0.7003263919507073,270.22748704086155,10.055776268426627,2.6828142355737397,3
1140,"b01001000000011000001000000000100001010000000011001000000000001100000011000000000",3,6173.715554984628,"b01001000001010100001000001000000001010010000010010000000000001111000011100000000",8,4,0,0,0.8651607694584791,198.2016239239276,175.78237482782427,6.100939390706371,3
1141,"b11011000000111000011111001001001111100000011100000011111001101001011110000001100",3,980.4850959898239,"b01001000001010100001000001000000001010010000010010000000000001111000011100000000",10,28,0,0,1.0545515187059828,458.5193542795083,92.89798463447806,5.760441165322668,3
1142,"b00000000000100000000000100000100000011111000011100101001110101111111011110000000",3,2604.4303984747767,"b01001000001010100001000001000000001010010000010010000000000001111000011100000000",9,18,1,0,0.8371022347407068,398.028196733885,65.2996628253159,0.4168774105689824,3
1143,"b00000000000000000000000000100000001100000001111110011111110001111000000111000000",3,3231.8969527156596,"b01001000001010100001000001000000001010010000010010000000000001111000011100000000",11,15,1,0,0.8143503158205729,502.91650388374853,439.2996195962792,2.712413001719451,3
1144,"b11110001001010000010111011000001101100000011000000110010011001001001100100010000",3,2355.96958671037,"b01001000001010100001000001000000001010010000010010000000000001111000011100000000",11,22,0,-1,1.2316997833163006,220.22347917743758,348.8953355111847,4.8673096222910495,3
1145,"b01000000001100000000111100000100000001000001000110000000000000000000000000011001",1,1998.675233273489,"b11001110101000111111000000100000101111000111010100001000111100110000111001100000",25,4,0,0,0.8746483037893186,119.88632430045999,388.5727000184458,4.9981197992415805,5
1146,"b01000000000010000000000001000000001010000000000100000000000001111000011000000000",3,5067.733333937436,"b01001000001010100001000001000000001010010000010010000000000001111000011100000000",8,1,0,0,0.9851368502817787,322.6249458576379,359.81089161291953,0.671251505682461,3
1147,"b00100000101100110110000011111010000110001100000100001111100001111110000011101100",2,1189.4118851466026,"b10111011111001011111000111010001100000111000010000110001000000110000010110011100",14,13,0,0,0.8730931579609444,48.464498147185715,460.75302450457224,2.299165558908056,108
1148,"b01101001101000000000001110000111011001100110111100001110100011111100011110110100",2,1375.1359473002374,"b10111011111001011111000111010001100000111000010000110001000000110000010110011100",12,15,0,0,1.0722916938060612,357.9565379480105,476.41014135159025,0.06098025154702562,108
1149,"b01000000000000001000110000111001101001000001100110000000000100000000000000000000",3,1521.6851393164297,"b01001000001010100001000001000000001010010000010010000000000001111000011100000000",16,13,-1,0,0.7540467255301108,299.02009998831807,190.09640537097866,3.747170849131609,3
1150,"b00000000010110000111011000011000110000000010000000000000000010000000000100000000",0,1390.4323180698282,"b10001000101011100011100100001100010101110100001110000010011001000010110001011000",23,6,0,0,0.8105128022026679,459.9010783103546,352.7678976737749,2.6287113945112885,2
1151,"b00100001000011000110000010001100001000011100000110000011100011011000010111001001",2,6630.504544659303,"b10111011111001011111000111010001100000111000010000110001000000110000010110011100",11,3,0,0,0.8797376500370333,169.157515202123,330.81955180739715,4.121051638478271,108
1152,"b00110000101100000100000011010111111001111101011100001111110101111001011111001100",2,2837.039072216159,"b10111011111001011111000111010001100000111000010000110001000000110000010110011100",9,16,0,0,1.0666669383375658,500.02955935327185,204.3630300056697,5.942778083801677,109
1153,"b01000000000111110000000111111100011010000000001000000010000000111000000010010000",3,1631.3931054085756,"b01001000001010100001000001000000001010010000010010000000000001111000011100000000",10,14,0,1,0.9156886462561701,499.094057546989,481.19198302954726,3.857560015559173,3
1154,"b00111001101000000100000010001010001000011000100010000111100011011010010111001101",2,6667.218735815894,"b10111011111001011111000111010001100000111000010000110001000000110000010110011100",8,3,0,0,0.8443600544619545,81.62828971036436,246.38098674033162,2.380325669327885,109
1155,"b10000000001001000000101110000011101111100111010111001001001100000110000000000010",3,2627.3281185633246,"b01001000001010100001000001000000001010010000010010000000000001111000011100000000",12,22,0,0,0.8285137746834544,109.18283138952285,317.9741793403689,4.573739977704843,3
1156,"b01110000100011100001001100000100010001000111100000010010000000000100111110001100",3,2307.0999881562384,"b01001000001010100001000001000000001010010000010010000000000001111000011100000000",12,20,0,0,1.4778239325801912,147.5514217108787,49.4656554445527,4.670988057831721,3
1157,"b00011000010000000100110010100000111110011111101100000000000000000000000000000000",3,2473.7201119539914,"b01001000001010100001000001000000001010010000010010000000000001111000011100000000",15,17,-1,0,0.8784125294494545,33.28834535673739,308.81691026579887,6.375825322305093,3
1158,"b00000010011000010000100001000110000111010000001110000011100000000100110000011011",3,2127.431235376951,"b01001000001010100001000001000000001010010000010010000000000001111000011100000000",11,17,0,0,1.162496513628389,68.15073087859572,398.23965551008257,0.7214498146737696,3
1159,"b10100000001000000010000010000111000001101000011000010111100111111011011011001000",2,1485.108873169937,"b10111011111001011111000111010001100000111000010000110001000000110000010110011100",17,12,0,0,0.9206247118826619,30.436930555674376,375.2026672815585,5.923658010925644,110
1160,"b01100011001000001110000000001100011000010001100100001011100011101111010001001100",2,4423.565099400003,"b10111011111001011111000111010001100000111000010000110001000000110000010110011100",13,8,0,0,0.8742943811544012,342.6976196106299,19.131896787409268,3.1780974112528395,110
1161,"b00000001101000001101000010000100001000010000011110010111100011110010000101001000",2,5293.20712870648,"b10111011111001011111000111010001100000111000010000110001000000110000010110011100",14,5,0,0,0.8899289688939522,459.34558261514724,47.22843195669374,0.367497105805795,110
1162,"b00010001001000000100000010001011001000011100001100101011100011111000011000001000",2,3187.835754949386,"b10111011111001011111000111010001100000111000010000110001000000110000010110011100",13,4,0,0,1.1584379988522262,277.1036242155164,412.44946489853254,5.47000072471087,110
1163,"b01000111000111110101001100000011100010000110000000001100010000000000000000000000",1,2816.466050779904,"b11001110101000111111000000100000101111000111010100001000111100110000111001100000",23,9,-1,0,0.7750171329178095,82.8321757373684,176.07313664873982,5.174070782851842,5
1164,"b00010001101000000110000010000100001000000000100100001011100011011000011111001101",2,4284.483508816192,"b10111011111001011111000111010001100000111000010000110001000000110000010110011100",11,2,0,0,0.9190692029133075,266.54290719558196,360.97273294433995,6.0724895199013105,111
1165,"b00000000000000001100100010000000011100000001110000111100000001000000000000000000",3,1827.0271971860493,"b01001000001010100001000001000000001010010000010010000000000001111000011100000000",14,10,0,-1,0.7466868265540717,16.91823448991417,496.3156933892042,3.713842120497776,3
1166,"b00100001101000000110100000001000001000011100010100000001100001011010010010001100",2,5333.818758269619,"b10111011111001011111000111010001100000111000010000110001000000110000010110011100",15,3,0,0,0.8842510587767578,293.657277921351,178.16134781964843,1.9864569952102207,112
1167,"b10010000011001111011000111111000111001011010010011100001000011100000010110000000",2,4219.97429358664,"b10111011111001011111000111010001100000111000010000110001000000110000010110011100",13,11,0,0,0.8911515399342131,437.96730974185766,50.91314904106566,5.947806509501643,112
1168,"b00000000000000000100000010000011111000000100000000000000000000000000000000000000",3,6077.41644315265,"b01001000001010100001000001000000001010010000010010000000000001111000011100000000",16,5,-1,-1,0.7266976152909841,160.5740057066629,455.63196384631794,4.219522374531156,3
1169,"b00100000101000000100000010000010001100011000011100001101100010111010011110001101",2,6103.040832526487,"b10111011111001011111000111010001100000111000010000110001000000110000010110011100",12,5,0,0,0.8933680344561664,5.111899331609482,252.25815168957368,4.678652075482834,112
1170,"b00110001101000000110000010011100101000010110000110001111000011111100001111000000",2,5387.60620916356,"b10111011111001011111000111010001100000111000010000110001000000110000010110011100",10,6,0,0,0.9386750878390109,193.48375995210648,137.52969468376702,1.382036879616504,113
1171,"b00110001001000000000000010000000001000010000000110010011100011001010011100001101",2,6386.87559309886,"b10111011111001011111000111010001100000111000010000110001000000110000010110011100",14,1,0,0,0.9756417223073217,293.8247564692814,385.0315799682528,4.6797844686825965,114
1172,"b10110010111001110001000111000000000110111000011000010000100001100000010111001000",2,2522.8321538659634,"b10111011111001011111000111010001100000111000010000110001000000110000010110011100",13,7,0,0,1.0248896680548472,412.91036566397815,484.8038996867809,4.921358679378807,115
1173,"b00000000000000000000000001100100000000100000100000000011100000001111000000100000",3,3049.389345032836,"b01001000001010100001000001000000001010010000010010000000000001111000011100000000",16,10,1,1,0.7347313755904826,325.4092058101814,260.48857394464,3.4142403920457784,3
1174,"b10000000111000010100000111011100101100011110011000111001100011010010000000000100",2,1490.2202114274216,"b10111011111001011111000111010001100000111000010000110001000000110000010110011100",17,12,0,0,1.0379570510577851,411.1734348426966,490.40271314745553,1.476777949010521,115
1175,"b01000000001110000000101000000001101000000000000000100110000000000111000000000000",3,4989.1612985152515,"b01001000001010100001000001000000001010010000010010000000000001111000011100000000",13,9,0,-1,0.8113767298148424,249.96788986123386,266.15622257376083,4.721194431017221,3
1176,"b00110001100010001110011111110011101110000111110000000011001000001111001100111000",3,2084.5865659422184,"b01001000001010100001000001000000001010010000010010000000000001111000011100000000",7,26,0,0,0.9355703962641715,41.5047209495555,420.7998580071648,3.488899827224567,3
1177,"b00000000000000000000000000000000001000111100111000111110100011011011011001000000",2,3862.183761763954,"b10111011111001011111000111010001100000111000010000110001000000110000010110011100",21,8,1,0,0.8236537450086658,290.2923000983248,78.95491774152296,2.3126238776367565,115
1178,"b00000100000001011011000111101000111110000001110000000010000000000000000000000000",3,2289.757538843312,"b01001000001010100001000001000000001010010000010010000000000001111000011100000000",12,13,-1,1,0.7836769937390148,445.2398802322177,403.8577547908379,6.294454730408975,3
1179,"b10000000001001000000000110011010010001000000111001100001001100100001110000000110",0,1964.6425901167727,"b10001000101011100011100100001100010101110100001110000010011001000010110001011000",21,13,0,0,1.4376989832062506,389.44632821462125,121.04552397600006,3.031424546564364,2
1180,"b00110001101000000111000010001100000100110100000100001111100011111110010110001100",2,2792.9103954421753,"b10111011111001011111000111010001100000111000010000110001000000110000010110011100",9,6,0,0,0.99308151588461,469.71321269849,411.5429887262665,5.97238756075024,115
1181,"b00100001001000000000000100000000001000000110000100001111100011111010000110000100",2,8619.542393674254,"b10111011111001011111000111010001100000111000010000110001000000110000010110011100",17,3,0,0,0.8845628614086789,276.3944130791287,117.60267346945932,1.6211907396502447,116
1182,"b00000000001100000000011110010001111000000011111100001100000011110000000010000000",1,4716.462885671692,"b11001110101000111111000000100000101111000111010100001000111100110000111001100000",18,6,0,-1,0.8193393128665786,463.2240338917456,222.94701473964113,4.431844443635537,5
1183,"b00000001100000011110000011000100011000000111000000011010010011010001000001000100",3,3005.338542248979,"b01001000001010100001000001000000001010010000010010000000000001111000011100000000",9,14,0,0,0.817005624086056,505.2764582507566,28.764444563218337,2.789490589144349,3
1184,"b00000000000000011000000001000001000110001110111100010011000000000101100000000000",3,4191.681829326333,"b01001000001010100001000001000000001010010000010010000000000001111000011100000000",11,11,0,0,0.7609457754714303,106.21368492371252,303.1460938783021,0.9068964308830274,3
1185,"b00100000000011000000110000000001000000000000001111001000011000000000001000000000",3,2138.6745285349675,"b01001000001010100001000001000000001010010000010010000000000001111000011100000000",16,11,0,0,0.7917724778231685,174.99721519445612,234.44778672002712,3.2567210654822922,3
1186,"b00100000010010000000000001000000111001101011111100000101111000111000100010000000",3,1618.159823120071,"b01001000001010100001000001000000001010010000010010000000000001111000011100000000",12,19,0,0,1.0791038942401443,456.6812406341951,241.7704228538891,4.040231690852427,3
1187,"b11100000111101000001011101100000111000000001100000000000001000100001100001100000",0,990.6534370659462,"b10001000101011100011100100001100010101110100001110000010011001000010110001011000",22,15,0,0,0.9179514864220559,335.9919828960281,112.29404341286124,6.079326741187218,2
1188,"b01000000100100000011000000001101010100000100000100001111100011011110010000001101",2,1918.2888402455706,"b10111011111001011111000111010001100000111000010000110001000000110000010110011100",18,9,0,0,0.9599226908963742,439.02974308484875,82.54246146682759,1.6871222480578445,116
1189,"b00010001101000111011000111010001100000000000010000010001100001100011010110001000",2,3303.959104307695,"b10111011111001011111000111010001100000111000010000110001000000110000010110011100",14,5,0,0,0.9686596890334134,329.8169694955194,80.7150204702091,3.1666422806234213,116
1190,"b00000000000000000000000000100000000110110000010000000100000000100000000000000000",3,3167.5511194805276,"b01001000001010100001000001000000001010010000010010000000000001111000011100000000",15,4,0,1,0.7449586265186725,302.8829895569398,180.78667165198996,3.928106983439097,3
1191,"b01000000000110000000000001010000000000110000000011000110000000011110000000000000",3,4787.895986813166,"b01001000001010100001000001000000001010010000010010000000000001111000011100000000",12,8,0,0,0.7870261571543019,108.77256121295764,254.40232997979555,0.7597563489952877,3
1192,"b00000000000000000000011000000000001100000000000000000011000000000111100000001111",3,4159.211646335672,"b01001000001010100001000001000000001010010000010010000000000001111000011100000000",14,9,1,1,0.7887727338931435,98.92459695301936,273.0920853085796,2.5869471340511563,3
1193,"b00000000000000000000000001001000011000100011000010000110000000111011100111110000",3,2224.0658776766404,"b01001000001010100001000001000000001010010000010010000000000001111000011100000000",12,14,1,0,0.7851978497222125,101.22941863841581,454.4607986909106,3.1410517243898948,3
1194,"b00000000000000010000001100000000110001100011111110001101100000110000001011000011",1,2643.5805070847155,"b11001110101000111111000000100000101111000111010100001000111100110000111001100000",20,9,1,0,0.8132048658638149,262.82267736007225,171.9769625839715,3.215697423164576,5
1195,"b00010001100000000110000010001001001000101100000100001110100011111011011101001101",2,3393.1179776584677,"b10111011111001011111000111010001100000111000010000110001000000110000010110011100",10,5,0,0,0.9068954881704406,466.4532050951525,368.2084214425977,2.0411603065369004,116
1196,"b00010001100000000010000011001111001000011100001110000001110011101110011111000101",2,3402.5562065158256,"b10111011111001011111000111010001100000111000010000110001000000110000010110011100",10,7,0,0,1.0086315690069594,223.85294193917133,382.94045398083136,1.3401087198742965,117
1197,"b11000001100000000110100000111000010111000001101100000010010000000000000001000000",1,2520.916831917615,"b11001110101000111111000000100000101111000111010100001000111100110000111001100000",23,8,0,0,1.1430836644713878,27.455994955915283,425.853227401938,1.5624325447711835,5
1198,"b00001000000000000100001001000001000001000101011100001110110001000001101000000000",3,1190.3060928713237,"b01001000001010100001000001000000001010010000010010000000000001111000011100000000",13,14,0,0,0.8747708969801562,17.242167979603533,73.50187456458184,2.378657901006312,3
1199,"b10110000000000000001000110110000011011000001000010110000011100100000000010100000",3,1467.4812181150724,"b01001000001010100001000001000000001010010000010010000000000001111000011100000000",14,17,0,0,1.185065622924022,202.74632556273207,412.45670381149444,3.7558912181279496,3
1200,"b00110001101000000100000000000000001000001100000110000001100001011000011100000101",2,5707.57789897745,"b10111011111001011111000111010001100000111000010000110001000000110000010110011100",15,0,0,0,1.0032391805677126,257.3835649563955,241.8287328917337,0.13141775423797186,118
1201,"b00000000000010000010101100011000101001100111110000111111111001111111000000001001",0,2921.414363286644,"b10001000101011100011100100001100010101110100001110000010011001000010110001011000",17,19,1,0,0.7768058775705117,331.87134112797486,127.48770133493173,1.3483261460059406,2
1202,"b00000000000000000000000110000011111000000111111010011111111100100101000000011011",3,1928.9168394782787,"b01001000001010100001000001000000001010010000010010000000000001111000011100000000",10,21,1,0,0.8116978422815584,141.89358478470118,362.5809830862733,1.2525952961565672,3
1203,"b11100000101110000000011001000000110100000001000011010011011000100101000011001000",3,2065.3541798413657,"b01001000001010100001000001000000001010010000010010000000000001111000011100000000",13,21,0,0,1.0910012540839822,10.075823310370467,55.49897515139977,1.407074567729763,3
1204,"b00000000000000000000000000010000000000000000011000001101000001100000001000000000",3,2592.839939766831,"b01001000001010100001000001000000001010010000010010000000000001111000011100000000",15,5,1,-1,0.8112321374646565,476.97589398261766,33.35361536531935,6.158976939264449,3
1205,"b00000001110000000111000011011111111100100100010000100000001011111110001111000000",3,2976.3181450171064,"b01001000001010100001000001000000001010010000010010000000000001111000011100000000",10,24,0,0,1.098066486838447,65.31133324994929,328.61328189893084,3.8765050136290027,3
1206,"b00010011101000000100000010001100001000011100100110000011000011011000011101000111",2,5795.855601159028,"b10111011111001011111000111010001100000111000010000110001000000110000010110011100",10,3,0,0,0.8432112705576429,97.16047575955328,238.7060097141069,0.396271617117795,119
1207,"b00011100000011010000000011000000000110000000001000010000000000000000000000000000",3,2302.903476347994,"b01001000001010100001000001000000001010010000010010000000000001111000011100000000",15,8,-1,0,0.7643397067924994,6.711925473698863,39.81632788446215,1.4375296431476037,3
1208,"b00000111000000111110110001000000001100000000110000000011110111000100110000001000",3,2285.5381178404987,"b01001000001010100001000001000000001010010000010010000000000001111000011100000000",9,16,0,0,1.0506765249577055,197.92096951034557,369.4462717060966,1.2919283199348173,3
1209,"b00001000000000000011000001011000000111110001011110110011101001001000000000000000",0,1922.8107146785142,"b10001000101011100011100100001100010101110100001110000010011001000010110001011000",18,10,0,0,0.8272640339810972,228.9878995256625,72.91995727038774,0.23927895888432382,2
1210,"b00000000000011110000000111000000001100000000000011000000000000000001100000000000",3,4041.3411441374637,"b01001000001010100001000001000000001010010000010010000000000001111000011100000000",14,8,0,1,0.763176198355778,84.59134019451376,135.03915909001856,0.6450467260180417,3
1211,"b00100000101011110000000110000100000111110000010000001010001111000000000001000000",0,1758.581008976737,"b10001000101011100011100100001100010101110100001110000010011001000010110001011000",17,8,0,0,0.8342456375982159,362.6583790448531,269.6621570214613,1.9497340492349888,2
1212,"b11011001111001001101110111110001001011111011100001101100001101101000000111110000",2,2064.8553390797206,"b10111011111001011111000111010001100000111000010000110001000000110000010110011100",12,19,0,0,1.1967742934719,183.06652585929464,98.41156696929453,1.8931100701957364,120
1213,"b00100001000001000010000100000000011000000011000000111110000000011100010000110010",3,1796.6703219062883,"b01001000001010100001000001000000001010010000010010000000000001111000011100000000",11,13,0,0,0.8317216993865173,264.22184777889936,404.682776834347,0.6596293859720577,3
1214,"b00010000001111111111111111111111111011101111111011010001110000000010000000000000",3,1305.3540988278542,"b01001000001010100001000001000000001010010000010010000000000001111000011100000000",9,33,-1,0,0.8223381695959905,492.48577127604625,178.92537472678134,5.004692473837441,3
1215,"b00000000000000000000000000001000100001100010000111011001011011101000001110000000",3,2342.640105496253,"b01001000001010100001000001000000001010010000010010000000000001111000011100000000",13,14,1,0,0.8035171658574466,276.3413374705221,351.9505465581547,2.7454079938695255,3
1216,"b00000000001000000000000000000001010100000001110000000000111000000000000000000000",3,7810.248298025321,"b01001000001010100001000001000000001010010000010010000000000001111000011100000000",15,6,0,-1,0.7430694323432279,396.58323074866985,41.41360463827007,4.331380915839443,3
1217,"b00000000001001000000000010010001011100010100111001000110000000011110000000000000",3,1826.9821081618995,"b01001000001010100001000001000000001010010000010010000000000001111000011100000000",13,14,0,0,0.9625628207524058,185.42515365536576,134.33716136419068,5.187985669060042,3
1218,"b00110011001001000000000011110100001100000110000100001011100100011110100010110010",3,1773.4397139728555,"b01001000001010100001000001000000001010010000010010000000000001111000011100000000",13,24,0,0,1.2447671178688078,264.1722960980799,473.93564963401064,1.806672427565577,3
1219,"b00000000000000010000000000000000111001000001111000000001100000000000000000000000",3,6534.774860246868,"b01001000001010100001000001000000001010010000010010000000000001111000011100000000",15,7,0,0,0.7216816837713599,176.58703690902263,308.6320200044678,0.784320068918025,3
1220,"b01001100000000000000010000100000000000000100000000011000111100110111110000001000",1,2727.894600541159,"b11001110101000111111000000100000101111000111010100001000111100110000111001100000",22,6,0,0,0.843400218344912,59.65045602349607,243.27935201850923,3.680223567886785,5
1221,"b01000110001110011000110011100010001110000001001110010100011100000000100000001000",0,1099.243838998276,"b10001000101011100011100100001100010101110100001110000010011001000010110001011000",21,17,0,0,0.9684138109858269,37.68029389988027,152.33570381032578,5.418439292450552,2
1222,"b10000000000100000000011001100001110100100111100000000000000000000000000000000000",0,1981.022764640613,"b10001000101011100011100100001100010101110100001110000010011001000010110001011000",21,4,-1,-1,0.7687247401849384,236.60475184833606,327.5924494668532,1.6553152713554278,2
1223,"b00010001101001011101000111100001110000011000010001110000000001100000010010000000",2,3613.6486832171227,"b10111011111001011111000111010001100000111000010000110001000000110000010110011100",14,4,0,0,0.9162316307630871,10.924046927134798,481.32005418379384,6.018449107899848,120
1224,"b00010000100001001011000110110000101101001000010000100001000001100001000111001000",2,2462.607743514174,"b10111011111001011111000111010001100000111000010000110001000000110000010110011100",18,7,0,0,0.8947337514951506,117.59903205427979,489.6653003949682,4.989491070940574,120
1225,"b01011000110000011111100011000010011101011001100001000001000011000000001100000100",3,1506.0315503239365,"b01001000001010100001000001000000001010010000010010000000000001111000011100000000",9,19,0,0,1.0282183367765911,18.834901271076323,76.74294482896913,6.069308700632684,3
1226,"b00000011000000000101000001100000001101110001100111000110010001111000000001000000",3,3090.0570390585326,"b01001000001010100001000001000000001010010000010010000000000001111000011100000000",10,15,0,1,0.8023124788701734,441.10379822422595,353.87488939027725,4.824901421764723,3
1227,"b00000001100000000101000000110001111111110101110000001101000000110000001100000000",3,2812.3412227587896,"b01001000001010100001000001000000001010010000010010000000000001111000011100000000",10,17,0,0,0.9748871857962161,115.6163418839778,258.7021042383571,5.793457608966378,3
1228,"b00000001001000000100000010001000001000010100111100011111100011110110111110000000",2,3887.2419375749214,"b10111011111001011111000111010001100000111000010000110001000000110000010110011100",14,7,0,0,0.8955655916578941,288.09990612792967,44.822032127888995,1.7146383767163829,120
1229,"b00000000001000000000101100000000010110000001001000001100110000000011100000011100",3,1094.8087733662794,"b01001000001010100001000001000000001010010000010010000000000001111000011100000000",15,15,1,-1,0.8452171952619869,169.46389191007353,494.8123655725698,0.3781747386887367,3
1230,"b00100001001000000010000010001000000000011100000000001111100011111000010111100000",2,5101.927117212128,"b10111011111001011111000111010001100000111000010000110001000000110000010110011100",15,3,0,0,0.842333084749031,444.2513197042607,178.89130918400068,1.3223593907244457,120
1231,"b00100000000000000000100000001011001000000111001110000001111000001111110000000001",3,2548.6662502250297,"b01001000001010100001000001000000001010010000010010000000000001111000011100000000",13,17,0,0,1.0290571275674272,212.33100847692043,276.2393270410549,0.7674351120098618,3
1232,"b00000000000100101010000011110110000010000000000000000000100000001010000000000000",3,2354.7906904713545,"b01001000001010100001000001000000001010010000010010000000000001111000011100000000",15,10,0,0,1.0562048990096546,40.870409322487376,433.0864182493964,1.6660750856630204,3
1233,"b00100000000111001000000111010000001111000000001110000000011000000011110000001010",0,3476.2521045959543,"b10001000101011100011100100001100010101110100001110000010011001000010110001011000",18,10,0,1,0.7940657121583111,88.52092595230867,112.65931853089701,3.902116199772724,2
1234,"b01011000000000100000001000011000000110000000010000000000000000000000000000000000",3,1541.1967184101914,"b01001000001010100001000001000000001010010000010010000000000001111000011100000000",14,5,-1,0,0.7313992475066186,347.0618087241616,364.9131775126573,0.985788078090569,3
1235,"b00000111000000001011001101000100110000101001010011101111011111100000001100000000",3,2347.2279605958506,"b01001000001010100001000001000000001010010000010010000000000001111000011100000000",11,23,0,0,1.3052117815212294,480.46359376350244,180.07139981222917,6.059498384957786,3
1236,"b00000000000000000000000001000000000110000000011100000101000000101000000000100000",3,4053.536454342213,"b01001000001010100001000001000000001010010000010010000000000001111000011100000000",14,6,0,-1,0.7509974916490131,210.05471924248093,309.2679262373738,3.5615643300425184,3
1237,"b01011000001011000001000011000000001100010000000010000000000001111000001000100000",3,7214.234432205549,"b01001000001010100001000001000000001010010000010010000000000001111000011100000000",5,5,0,0,0.9645546823215503,112.97460522718832,144.97900187993193,3.59220404388918,3
1238,"b00100001001001000100000010001000001000010000000110001111100011011000011110000100",2,5300.913573732851,"b10111011111001011111000111010001100000111000010000110001000000110000010110011100",13,2,0,0,0.9305834246832527,177.77245428490477,328.63330124004966,1.0243365245444944,120
1239,"b01000000000110000000110001111000000010110000001111000000011000000001000000000000",3,2543.239732695474,"b01001000001010100001000001000000001010010000010010000000000001111000011100000000",13,13,-1,0,0.7898461338351751,114.97617761380727,349.0749590841919,4.441519244363089,3
1240,"b00000000000000000000000000000000000000000001110000000001100000000000000000000000",3,3888.8118508958582,"b01001000001010100001000001000000001010010000010010000000000001111000011100000000",17,3,1,0,0.7706528578089703,8.016847744549285,143.0536600796211,4.369408571764648,3
1241,"b00000001000100101100100000100010001110101000110000000011000010000000000000001000",3,1763.4201318454964,"b01001000001010100001000001000000001010010000010010000000000001111000011100000000",12,12,0,-1,0.7992044781779963,499.2527273812571,474.4510217331347,0.8682481793070274,3
1242,"b00000000000000001100000100111000011110001001110000011110000001100000000000000000",3,2536.7007091864207,"b01001000001010100001000001000000001010010000010010000000000001111000011100000000",12,13,0,-1,0.7642438919898525,230.4128882950729,133.1361232008224,1.4888066004505927,3
1243,"b11000000001111000110010011100000010000010001100011000011011101100001100010000110",3,1757.3575833082623,"b01001000001010100001000001000000001010010000010010000000000001111000011100000000",11,22,0,0,0.9145703253775885,170.07333644940718,219.5935676711164,0.6753613085528457,3
1244,"b10000000100101100110111110010111111100001111010000011001001000000110100000001000",3,1019.7734057145524,"b01001000001010100001000001000000001010010000010010000000000001111000011100000000",10,24,0,0,0.9083284721359206,406.7513470177628,358.51842760552654,5.660019181190895,3
1245,"b11110100101100011100000001100000001011000100001100010000111000000001110010010110",3,1550.601004763006,"b01001000001010100001000001000000001010010000010010000000000001111000011100000000",9,20,0,0,1.0699369173113826,104.68210922019281,466.14025797381106,3.2474625642970327,3
1246,"b00000000001000100100010000000001001100001100100010000000110001011000001111111100",2,2793.643682708522,"b10111011111001011111000111010001100000111000010000110001000000110000010110011100",19,7,1,0,0.8034968903814084,63.578650807763836,320.8731333741039,4.839579635588044,121
1247,"b00000000000100000000011000000000111000000001011100000101110000111111010000111111",0,2568.086163877251,"b10001000101011100011100100001100010101110100001110000010011001000010110001011000",19,14,1,1,0.8348975492553877,232.08945088446896,321.16832385372066,2.8161989205821327,2
1248,"b10110001111000011011000110011000110000001000000000010001000000000000000000000000",2,5964.9524296251175,"b10111011111001011111000111010001100000111000010000110001000000110000010110011100",18,2,-1,0,0.7915868300404449,11.522143669509758,170.03875540071164,2.8146704289121907,121
1249,"b00000000000011000000001111000000001100000000000110000000000100000000000000000000",3,4277.195300944216,"b01001000001010100001000001000000001010010000010010000000000001111000011100000000",15,7,0,1,0.740229324724028,255.7239628500305,30.35356169660544,3.8680052791802693,3
1250,"b01101000000100110000000001110000010111110100000011010001100011101100000110100000",3,2528.360076007957,"b01001000001010100001000001000000001010010000010010000000000001111000011100000000",8,18,0,0,0.8995536760096187,170.5691288256005,135.69719651288938,5.227362438316778,3
1251,"b10010001001001011111000111010000001000101010000001010000000111100000000110000100",2,2414.3031007376167,"b10111011111001011111000111010001100000111000010000110001000000110000010110011100",15,6,0,0,1.0350952396308852,52.07661399029671,1.1165383473919357,1.970103704559235,121
1252,"b00110000101000000110100000011101001000001000101110001111100011110000001100000100",2,3543.6437445841048,"b10111011111001011111000111010001100000111000010000110001000000110000010110011100",14,7,0,0,1.1290366664112812,442.9274965135478,298.0312359417249,5.355506688785415,121
1253,"b00011000000000101100001100000100010000000101011000111001000000100000101000000000",3,2046.308808266504,"b01001000001010100001000001000000001010010000010010000000000001111000011100000000",14,15,0,0,1.2676295031609714,398.5135025630832,363.54749658832486,0.12430620458097896,3
1254,"b10000000001110000000001001000000000110000001111100000001110000110110000000000000",3,3191.2891611665586,"b01001000001010100001000001000000001010010000010010000000000001111000011100000000",12,13,0,-1,0.8063952822085698,222.08988771250552,357.29693618989324,3.912901903354583,3
1255,"b00000000000000100100001000000001100100001111001000110000100000000000000000000000",0,3169.5656234895364,"b10001000101011100011100100001100010101110100001110000010011001000010110001011000",22,4,0,-1,0.7590907526754067,90.50936499851409,327.08677853368175,5.794001577013642,2
1256,"b00010001101000000111000010000100000000000000000010001011100011110010010010001000",2,5270.17444155862,"b10111011111001011111000111010001100000111000010000110001000000110000010110011100",16,2,0,0,0.8162682671693374,157.4292709307086,15.0767933563375,4.924967642484831,121
1257,"b00000000000000000000000000100011000010000110011000011001000001100000000100001011",3,2933.037028054911,"b01001000001010100001000001000000001010010000010010000000000001111000011100000000",14,12,1,0,0.7965980515790242,280.33091012184536,353.3418821723451,2.7455899999291544,3
1258,"b00000000000000000000000000000000000000010001011000000111100000001110000000100000",3,2396.1162252909603,"b01001000001010100001000001000000001010010000010010000000000001111000011100000000",15,8,1,0,0.8151341376592561,447.25147577245406,177.19137140233687,1.9803493182670076,3
1259,"b01100100000000011000000000100100101110000111011000001000010001100001111100000011",1,5811.515978551366,"b11001110101000111111000000100000101111000111010100001000111100110000111001100000",17,8,0,0,1.0133891200510372,136.20435764418528,179.30940408409822,5.336123680224317,5
1260,"b00000000000000000000000000000000000000000001000110000101001000100000000010000000",3,5858.17730531542,"b01001000001010100001000001000000001010010000010010000000000001111000011100000000",17,6,1,1,0.7566924795012238,353.10761679642326,88.22912048423497,5.412185956395536,3
1261,"b00000000000000000010000000011100000011101000110001000010000001111001001111000000",3,2779.3315912333046,"b01001000001010100001000001000000001010010000010010000000000001111000011100000000",11,13,1,0,0.9273864042336044,355.6659777151774,335.0501519606181,4.7332473055325615,3
1262,"b00110000000111010000000001000000000000101000101000000010110000001011100100000100",0,2286.3120794592846,"b10001000101011100011100100001100010101110100001110000010011001000010110001011000",20,8,0,0,0.8415935784626916,327.92283654608883,183.65186424943946,0.2913693715338318,2
1263,"b00000000000100000110000001001000011101101110111011001011111100111110001111000000",2,2548.7666583564815,"b10111011111001011111000111010001100000111000010000110001000000110000010110011100",18,16,1,0,0.8313951898378104,303.0238306694451,67.71961664197495,1.540239238680008,121
1264,"b10111100000000001001000111110001000000011000000000010000000001100010010110001100",2,3388.776397634043,"b10111011111001011111000111010001100000111000010000110001000000110000010110011100",16,4,0,0,1.0292229521607952,1.9080777395065138,330.22320783569984,1.588712832059457,121
1265,"b00000000001111000000000000000001100111000010010110001000111001100010100000000000",3,1658.5525200150098,"b01001000001010100001000001000000001010010000010010000000000001111000011100000000",12,14,0,0,0.7781869168288926,106.88511915490179,148.53234392109485,1.7375802750293898,3
1266,"b00000100000000101110001110011011001011100000110010110110000011111011010010000000",1,2183.286907253678,"b11001110101000111111000000100000101111000111010100001000111100110000111001100000",17,13,0,0,0.8656741815414557,336.8657214779324,312.373110555013,2.0842387892516214,5
1267,"b00000000000000001100000001100000001100000000111000000101100001100110001110111000",3,6360.770973007199,"b01001000001010100001000001000000001010010000010010000000000001111000011100000000",12,15,1,-1,0.7923577369882068,135.54726219942526,15.440271486503379,3.8317984682086452,3
1268,"b00000010011000011001011100100100000011001111100110001110111000000000100000000000",3,2033.6322653304599,"b01001000001010100001000001000000001010010000010010000000000001111000011100000000",12,20,-1,0,0.8291492556711207,363.02248311523266,185.77520130308574,5.9839443715243394,3
1269,"b00000000000000000010000000001000001111110010101100001101100001100000101111000000",3,3125.8250032931464,"b01001000001010100001000001000000001010010000010010000000000001111000011100000000",12,16,1,0,0.8008888130648265,475.1670524887538,282.9878536401459,3.119509818704313,3
1270,"b00000000000001000000001111000000011100000000011000000011101000001111110000011111",3,3903.186450624504,"b01001000001010100001000001000000001010010000010010000000000001111000011100000000",11,17,1,1,0.7769159395718449,464.8869802678164,455.47313104478764,0.6794708963149522,3
1271,"b10010011111001011010000111100001110100111100010000110000000001100011000010001000",2,4069.8171486327947,"b10111011111001011111000111010001100000111000010000110001000000110000010110011100",11,7,0,0,0.8837439810278518,207.76859840707158,299.0582369162267,5.364981990193156,121
1272,"b00000000000000000000100000000011100000001011000000000000010000000000000000000000",3,2350.690581923641,"b01001000001010100001000001000000001010010000010010000000000001111000011100000000",16,5,-1,-1,0.739364668532445,64.6370126565178,303.8050136093266,3.8779253001344394,3
1273,"b00000000000000000001000001101000000110110001000011001001000000100110000000001000",3,1793.9615218907381,"b01001000001010100001000001000000001010010000010010000000000001111000011100000000",13,11,0,1,0.8136724699143216,331.49152384077877,504.9716688710158,2.115100093008887,3
1274,"b00000000000001110000001111000000011111001001110110011000001000000000110000000000",3,2254.3411419044064,"b01001000001010100001000001000000001010010000010010000000000001111000011100000000",12,16,0,0,0.8494502158800772,295.50766579044677,405.06916988632054,2.2614733224461934,3
1275,"b00010001000001010110001111100010111011111011100001010100000100110001111001000010",3,1273.7866439193974,"b01001000001010100001000001000000001010010000010010000000000001111000011100000000",10,26,0,0,1.0613269385132313,90.2393615393813,476.16191071663593,4.814815549055952,3
1276,"b00000000000000000001000000010000000011000000001000001111100011111111001111101000",3,3457.345329169177,"b01001000001010100001000001000000001010010000010010000000000001111000011100000000",11,16,1,0,0.8166443951104448,468.3643728686917,366.2463780860973,2.474106675026352,3
1277,"b01000000001100000000000110100000111111000111111100001111111100110001100000000010",1,2502.2093976562783,"b11001110101000111111000000100000101111000111010100001000111100110000111001100000",15,11,0,0,0.8694432303956274,310.02908415141064,457.9833914187205,1.5037744343543218,5
1278,"b00000000000000000000000000000000000000000000000000000000000011001111100000011100",3,3036.604816186222,"b01001000001010100001000001000000001010010000010010000000000001111000011100000000",15,6,1,-1,0.8097728840191367,491.210511164124,283.1112105552086,6.47579151710657,3
1279,"b00000001101000000111000110001110011000001100001100011111100011011010011000001101",2,4022.9829228585554,"b10111011111001011111000111010001100000111000010000110001000000110000010110011100",11,8,0,0,0.8956067977899439,310.4691304369828,373.50305900251,1.6645089544684386,121
1280,"b00000000000000000000000111000000011100000011110000000110000000000000110000000010",3,3050.036838541383,"b01001000001010100001000001000000001010010000010010000000000001111000011100000000",13,9,0,1,0.7387163174599372,266.36673636673413,183.7265493166719,3.1771257037790255,3
1281,"b00000000000000000000000100000000010000001001110000000000000000000011000000000000",3,3557.3049230144825,"b01001000001010100001000001000000001010010000010010000000000001111000011100000000",15,4,0,-1,0.7685708473330476,254.2247072409781,112.53284481096736,5.91434472751498,3
1282,"b10000000000000000000000000100000000111000000000000000000000000000000000001010000",1,2574.5290266684124,"b11001110101000111111000000100000101111000111010100001000111100110000111001100000",30,1,0,-1,1.221858503776756,431.99939448461544,462.5298593937402,2.694675017983217,5
1283,"b10010001101000000111000011001111011100001011010000001001100111110011011111001000",2,2922.8463381897577,"b10111011111001011111000111010001100000111000010000110001000000110000010110011100",12,13,0,0,0.9891276932141984,431.7736944251286,221.169919763721,3.4778472549378616,121
1284,"b00000000000000000000000000011100000011111000111111111111110001111100000111000000",3,4416.470709725441,"b01001000001010100001000001000000001010010000010010000000000001111000011100000000",10,21,1,0,0.8565311075046493,388.28014805896134,115.23442358710223,3.898473278193758,3
1285,"b01001000000000110000011011111011111110111100111111111100011011000000100010000000",3,1360.9155946933424,"b01001000001010100001000001000000001010010000010010000000000001111000011100000000",9,28,0,0,0.934992276259511,233.932545829122,309.9431652698785,5.67439305097186,3
1286,"b01001000001011000000000101000100000010000000001010000000001000111000000101000000",3,5247.8729408139825,"b01001000001010100001000001000000001010010000010010000000000001111000011100000000",8,6,0,0,0.9335553055777648,322.4818695227344,275.2167006965548,3.6199823014136228,3
1287,"b00000000001000000111000010001100001100011000011100001011100011011000001111001101",2,4179.623631292771,"b10111011111001011111000111010001100000111000010000110001000000110000010110011100",12,5,1,0,0.841871156528395,350.7751624711939,187.4557414675859,3.3219671721731654,121
1288,"b00000000101101111111000111111100110000101000000011010001000001100000000100000000",2,3556.1721683042742,"b10111011111001011111000111010001100000111000010000110001000000110000010110011100",17,9,0,0,0.941347707365759,327.6630103904388,48.308231813687804,4.146226971809055,122
1289,"b00000000000000000110000000010000000000000011110000010000000011000000000001100000",3,3409.3285265635677,"b01001000001010100001000001000000001010010000010010000000000001111000011100000000",14,7,0,0,0.7926109942449453,82.4622989299077,355.39275175143075,3.1616121107520696,3
1290,"b00000000000000000000011100000011110100001111111000111111110000110111001000010000",0,3585.706136967788,"b10001000101011100011100100001100010101110100001110000010011001000010110001011000",15,13,1,-1,0.7650490592755734,500.6848407196987,276.9962907467842,5.278215017154636,2
1291,"b01000000001111010000101111000000010001000100000111000001111100000111100000000100",0,1588.1169157869112,"b10001000101011100011100100001100010101110100001110000010011001000010110001011000",18,13,0,0,0.8036680651900182,486.74028636817985,326.65520323690265,3.6898989002992417,2
1292,"b00000010110010001000000000000000001100000011000000000000000100000000000000000000",3,2622.9334841873683,"b01001000001010100001000001000000001010010000010010000000000001111000011100000000",14,5,-1,1,0.7888284784853035,485.41188088387355,269.03211346794575,5.897127673763964,3
1293,"b00000000100000011000000011110100011101010011100100111100100011110000000010000000",3,2132.6615547364636,"b01001000001010100001000001000000001010010000010010000000000001111000011100000000",13,21,0,0,0.923575927044394,15.722657706988285,474.42018564919766,6.05848880892669,3
1294,"b00000001100000000010000000001011001100110000111110110111100011111100000000000100",3,3608.4866447998024,"b01001000001010100001000001000000001010010000010010000000000001111000011100000000",11,20,0,0,0.8164490061666974,470.5595440734588,243.19887723920468,3.9213455354171467,3
1295,"b01010000000000000010100000000111000100010000110100110111110010101010010000001101",0,1896.571277819117,"b10001000101011100011100100001100010101110100001110000010011001000010110001011000",21,16,0,0,1.1076162076745395,216.17559247934398,383.7558803403281,1.9771047902915402,2
1296,"b00000101110001011111000100001001100000000011000000111100000001000000000000000000",3,2825.2776242013006,"b01001000001010100001000001000000001010010000010010000000000001111000011100000000",11,13,-1,0,0.8257748329017454,83.94314725154057,418.68012788209023,1.6901322635820484,3
1297,"b00000000000000000000000000000000100001100110000110000000010000000000010000000000",0,2229.5599790678843,"b10001000101011100011100100001100010101110100001110000010011001000010110001011000",25,2,-1,1,0.8037583909867115,383.7613629761536,290.8149737360987,-0.27997107784026765,2
1298,"b00100001101000000110000000001000001000011000000110001111100011011010001111001101",2,4901.991388305385,"b10111011111001011111000111010001100000111000010000110001000000110000010110011100",9,2,0,0,1.1176898224824527,54.61642478920357,278.51498913457147,0.7922350018934994,122
1299,"b00001001100100000011000000001101001100000110010100101111100011101110010111101100",2,4151.99836187014,"b10111011111001011111000111010001100000111000010000110001000000110000010110011100",13,11,0,0,1.032564545860635,377.2810740548109,206.57793574480732,3.8089843871751867,123
1300,"b00000000111000101111101110110001111000011111100101101100010000000000000000000000",3,2387.7578499191345,"b01001000001010100001000001000000001010010000010010000000000001111000011100000000",9,20,-1,0,0.8573438048028804,291.76266899222946,117.10114155401513,4.92031600811776,3
1301,"b01000111000100000011001000110000101111000000010000001000110000111000111101000001",1,6211.422457701586,"b11001110101000111111000000100000101111000111010100001000111100110000111001100000",15,7,0,0,0.96186338319124,135.48312703990914,101.20462144759033,0.27973926743643984,5
1302,"b01000000000000100000101001001110111111110101111000000011001000000100110000000000",0,2040.0150415868482,"b10001000101011100011100100001100010101110100001110000010011001000010110001011000",17,12,0,0,1.0053752976621018,53.747645616293,23.488447523050322,1.7329914762953218,2
1303,"b00000000000000000000000000110000000011000000011000000001000000011110111100100001",3,4279.412840353329,"b01001000001010100001000001000000001010010000010010000000000001111000011100000000",12,10,1,0,0.7667270883675494,70.50580916860359,159.95343167711906,4.650660784496891,3
1304,"b00000001000011000100111100010010011000100000000110000110011000000000100000000001",0,2454.1115751388797,"b10001000101011100011100100001100010101110100001110000010011001000010110001011000",20,9,0,0,0.8653067775658109,474.7611057182392,301.2937208680785,4.134316485263536,2
1305,"b00000100110000110110000011100000001100000001111000000111000010000000000000000000",3,4874.109842893608,"b01001000001010100001000001000000001010010000010010000000000001111000011100000000",9,10,-1,0,0.9252508073625224,377.9831479002055,286.6103992450104,1.8309723786738772,3
1306,"b00000000000000000000010110010010011000000011001000001000001001111110001100001100",3,3651.4425270862057,"b01001000001010100001000001000000001010010000010010000000000001111000011100000000",12,15,1,-1,0.8888793397191823,141.5747007857337,206.99039269318325,1.4173601656922135,3
1307,"b00000000000000000000000010000000001111010111100111000111111001001000100000000000",0,2638.5701748743268,"b10001000101011100011100100001100010101110100001110000010011001000010110001011000",21,11,0,1,0.8460831123484472,312.23611111243486,224.09892170787114,1.0898582149135576,2
1308,"b01000000000010000001000101000000110000000011011011001100000000000000000000000000",3,1831.5452699945752,"b01001000001010100001000001000000001010010000010010000000000001111000011100000000",13,9,0,0,0.8147047781393052,24.30974307501896,304.55817329490577,3.543242259578312,3
1309,"b00000000000000000000000000000000001000000001101111000010101100000100000000010000",3,5938.751090657692,"b01001000001010100001000001000000001010010000010010000000000001111000011100000000",14,8,1,1,0.7540906401726649,436.91612244743817,14.132614952129696,5.424216371989157,3
1310,"b00000100000010010000000001110000111111000011111000000001101100000001110000000000",1,4976.421052580419,"b11001110101000111111000000100000101111000111010100001000111100110000111001100000",20,8,0,1,0.7436681025403549,318.40181451653166,117.32509022240096,1.0234351858143107,5
1311,"b01110000001100000010000000001010001101101100000100000011100001011111010111001100",2,3607.521707773255,"b10111011111001011111000111010001100000111000010000110001000000110000010110011100",15,9,0,0,0.9659498884683015,362.35588716195724,41.40653952179089,0.4414658633082228,123
1312,"b00000000001111111100110011000000000111000000011100000000100000000000000000000000",3,2411.660915543142,"b01001000001010100001000001000000001010010000010010000000000001111000011100000000",13,13,-1,-1,0.8061183202918452,375.9876727081839,25.591437711492215,4.135346202655574,3
1313,"b00000000000000000011000000010100000111110001100110110111000011111100000110000000",3,2530.6645454478758,"b01001000001010100001000001000000001010010000010010000000000001111000011100000000",10,17,1,0,0.8093861848568755,362.7468429828895,364.4074815020433,1.2641814585626778,3
1314,"b00000000000000000000000000000000000001110001000110000100000001100000000000000000",3,2487.3001317680123,"b01001000001010100001000001000000001010010000010010000000000001111000011100000000",15,5,0,1,0.7614893566093028,162.64051165708563,81.62246519737637,3.52054667002602,3
1315,"b01000110000100010001000000001000110111000001011100000000110000110011111001100011",1,3365.3321954539415,"b11001110101000111111000000100000101111000111010100001000111100110000111001100000",15,8,0,0,1.0580552153222722,158.6340400488473,307.92452435973485,5.1614707904235955,5
1316,"b00001100100000011100001001110000101000000011110000001111100010000110111100000010",3,3455.003363423456,"b01001000001010100001000001000000001010010000010010000000000001111000011100000000",7,17,0,0,1.0737776480990562,227.81113186446538,367.3499831256633,3.9270013495484366,3
1317,"b00110001101000000110000010001100001110011000111100000111100011111100001100001000",2,6428.2358939023725,"b10111011111001011111000111010001100000111000010000110001000000110000010110011100",12,8,0,0,0.8335196808589306,418.8025819652969,34.25352186468057,0.612424544082387,123
1318,"b00000000100000000000000100000000001010000011110000000000000000000000000000100000",3,1832.2176867006174,"b01001000001010100001000001000000001010010000010010000000000001111000011100000000",15,5,0,0,0.7567408190413566,117.00660516867858,19.33057792500669,6.09773505658097,3
1319,"b00000000000100000000000011100000000001111000110110000001000111100000010011110110",3,2529.161426612178,"b01001000001010100001000001000000001010010000010010000000000001111000011100000000",12,17,1,0,0.8007978462400713,318.7791114195956,209.3684538026153,1.4532605694191911,3
1320,"b00000011000100010001110001001110000100001000010001010000000001000000001100000010",3,1604.9300329025273,"b01001000001010100001000001000000001010010000010010000000000001111000011100000000",13,14,0,0,0.9325270428851498,374.89119608859903,299.20934138143326,3.6843079886984462,3
1321,"b00100000111010000001111001100001000110000010000010011111110000111000000001010010",3,1344.2799173241356,"b01001000001010100001000001000000001010010000010010000000000001111000011100000000",10,20,0,0,0.9742549620816467,237.93517002330105,358.2422514971565,4.274267381861087,3
1322,"b00000100000000111000010111110000010001100110000110000100111001100001000011000111",3,1739.8150964356719,"b01001000001010100001000001000000001010010000010010000000000001111000011100000000",14,24,0,0,0.9066665950201097,131.86641827951865,409.09315546894453,3.9908417609457496,3
1323,"b00000000000000000000000000000001001100000011111000111111110011110101000000000100",3,5058.032088768621,"b01001000001010100001000001000000001010010000010010000000000001111000011100000000",11,15,1,-1,0.7417963126527961,85.27311855307644,52.48435747046768,4.48500678566541,3
1324,"b01100001101111000000100111100011101100100010010011011000111111111111000000010110",0,716.6990044281292,"b10001000101011100011100100001100010101110100001110000010011001000010110001011000",15,23,0,0,1.0389390233298303,397.97720737167407,124.90593738613882,0.7657900227662326,2
1325,"b00000000000000000010000000101000011110010001111010011011000011000000000000000000",3,2230.719896614554,"b01001000001010100001000001000000001010010000010010000000000001111000011100000000",13,13,0,0,0.8955574370125251,189.51859103711178,252.89502943551324,2.597076734718656,3
1326,"b00000000010000001011000001100000001111000011110011001110000000001000000000000000",3,2388.78800285257,"b01001000001010100001000001000000001010010000010010000000000001111000011100000000",12,13,0,1,0.7640135358222483,315.9693845079568,141.89467532499833,5.1428882666653735,3
1327,"b00110001101000000110000010001100001110011100111100000111100011011110011111101100",2,3848.816721400052,"b10111011111001011111000111010001100000111000010000110001000000110000010110011100",7,9,0,0,0.907479568416947,413.59746367580124,414.31494179210944,1.049837399513817,123
1328,"b00000000000000000000100000000001000000000000000000010000000001000001000110011100",3,1992.0819860035176,"b01001000001010100001000001000000001010010000010010000000000001111000011100000000",16,7,1,-1,0.938459489746717,41.5773290060806,377.02605014099686,5.828855923923898,3
1329,"b00000010000100011000000001100000000110000000011111011001111011010000101001000000",3,3113.5494647598553,"b01001000001010100001000001000000001010010000010010000000000001111000011100000000",12,18,0,0,0.9275405000022467,45.193069075303555,312.9042045728334,5.302580749917393,3
1330,"b00000000001010000000001001000000001110000000101111001111000111111000100000000010",3,1637.5525078794653,"b01001000001010100001000001000000001010010000010010000000000001111000011100000000",9,14,0,0,0.8855840126705775,173.40547498760938,107.45880920491153,4.3162990182705645,3
1331,"b00000000100000110011000011000000000001101110000000011000000000011000000000000000",3,3978.3788040340587,"b01001000001010100001000001000000001010010000010010000000000001111000011100000000",14,11,0,0,0.7645112915082899,399.70257533238754,402.27936634657783,2.8977733897372175,3
1332,"b00010011101000001111100000011100011100110100101110011111100011111110010000001011",2,3722.574405497519,"b10111011111001011111000111010001100000111000010000110001000000110000010110011100",10,14,0,0,0.8794146341152682,436.2000746112069,40.116174971854925,2.633176719643176,124
1333,"b00000000000000000000000000000100000000010000011000000001000001100010000000000000",3,2080.3569914882964,"b01001000001010100001000001000000001010010000010010000000000001111000011100000000",15,4,1,1,0.8151966048721231,182.84010298534105,234.13123688173255,2.7656085445447713,3
1334,"b00000000001000000000011000000001100001000100111000100001000010000100000000000000",0,1851.9287247334187,"b10001000101011100011100100001100010101110100001110000010011001000010110001011000",21,3,0,-1,0.7847895080896142,489.7171492718382,326.35992826840874,5.773043721345106,2
1335,"b00000000100000000010000011000011000000011100000010111001110001110000000010000000",3,1837.028866051149,"b01001000001010100001000001000000001010010000010010000000000001111000011100000000",13,14,0,0,0.9753049668059238,38.40153838239397,363.44089520263674,1.3586154130877504,3
1336,"b10000000001100000000000000000001110000000111001100011010010011000000001000000000",0,2621.0346143285624,"b10001000101011100011100100001100010101110100001110000010011001000010110001011000",21,7,0,-1,0.7820642857501193,446.2454398156581,305.46451750526813,5.960717621127443,2
1337,"b00000000100000000001000000001000001110001001011110011111100011010110011110000000",3,2850.1455818609593,"b01001000001010100001000001000000001010010000010010000000000001111000011100000000",9,17,0,0,0.852632761933391,51.04510488813632,281.68656369443966,0.9172162851577277,3
1338,"b00001100000000110100100000000000000001000011111011000011100110011101101010100010",3,2857.220792042707,"b01001000001010100001000001000000001010010000010010000000000001111000011100000000",12,21,0,0,0.9910284277341309,348.1281596076799,319.2606488298318,4.7858530667126296,3
1339,"b00000000000000000011101110111111111110111100010000111000000001100011110010000000",3,1997.7359856740445,"b01001000001010100001000001000000001010010000010010000000000001111000011100000000",11,24,0,0,0.9586192216726312,156.3595544235839,417.64903223065636,0.9588952369533545,3
1340,"b11000001101101100000010000000000000100000000010010001000011000000010100001111011",0,2550.922219259695,"b10001000101011100011100100001100010101110100001110000010011001000010110001011000",18,9,0,0,1.1340423057791693,287.8531116794631,31.790777302902523,3.9192271309547735,2
1341,"b01000000101100000000001010000100000100010000000000011010000011100000001000000000",3,3194.553241331215,"b01001000001010100001000001000000001010010000010010000000000001111000011100000000",13,10,0,0,0.8229209036942143,300.58107971174024,415.55118402814094,-0.13195968558635426,3
1342,"b00000000000000000000000011000001000001101100001110011111100011111010011111001001",2,4545.045293425888,"b10111011111001011111000111010001100000111000010000110001000000110000010110011100",14,7,1,0,0.776277016610925,474.7992199964804,333.9875089727562,2.029951640870557,124
1343,"b00000000000000000000100000000011000000000101100000011101100000000111100000000110",3,6129.798453722111,"b01001000001010100001000001000000001010010000010010000000000001111000011100000000",14,12,1,-1,0.7640563039072146,380.7849025651909,118.568035923148,0.7379793023605161,3
1344,"b01110000100000000110000010001100001000011100000100000011100111111000001111000000",2,5643.899326589386,"b10111011111001011111000111010001100000111000010000110001000000110000010110011100",12,3,0,0,0.958818662447451,326.75462180328054,87.4053177279731,3.7322407615074598,124
1345,"b00010000000000000011000110111001111100000000110000000010000011010000000100000000",3,1355.7767156398336,"b01001000001010100001000001000000001010010000010010000000000001111000011100000000",13,14,0,0,0.9726538818904915,163.28395687578805,51.87225643514236,2.9633100295623516,3
1346,"b00000000000000001000000011000000011100000001000000000000000000000000000000000001",3,2366.048653248159,"b01001000001010100001000001000000001010010000010010000000000001111000011100000000",16,5,0,1,0.7760812879290941,105.18950071027831,296.82330443899303,1.058790769697508,3
1347,"b01010000101111000000111011001101110100010011000010000100001000000000000000000000",3,790.2327277920813,"b01001000001010100001000001000000001010010000010010000000000001111000011100000000",15,20,-1,0,0.8482494718393458,494.4832210649349,457.42947964846223,5.171831216997619,3
1348,"b10010001101000000100000010000000001000011100000100001101100011100010000111001100",2,5100.42888675297,"b10111011111001011111000111010001100000111000010000110001000000110000010110011100",13,2,0,0,0.8326743536047095,288.50072604536183,33.76241960838117,0.3261937567868685,125
1349,"b11010000001101011110000011110000111110010001111001000011100000000000000110000000",3,1654.5647825591416,"b01001000001010100001000001000000001010010000010010000000000001111000011100000000",11,22,0,0,0.99054131977495,492.28099458865086,386.00316037722627,0.6672124045014141,3
1350,"b10001000000010110000000110011000000000100000100001001110000001010000000100100000",3,2100.2567031579333,"b01001000001010100001000001000000001010010000010010000000000001111000011100000000",13,13,0,0,1.0523868787255828,486.98646179488486,192.56037661656384,1.9657136344020885,3
1351,"b00110001101000001110000000001000000000001100000110001011100001011010011111101101",2,5573.519046199176,"b10111011111001011111000111010001100000111000010000110001000000110000010110011100",8,2,0,0,0.953891806907889,152.98264740822574,196.84575193484235,3.3922198072156187,126
1352,"b00000010100111011011111111110000000000011000011000011000000000010000000000000000",3,1537.9103867440035,"b01001000001010100001000001000000001010010000010010000000000001111000011100000000",13,18,-1,0,0.8234928100159856,318.03284244746953,407.03245142003993,5.121249929077165,3
1353,"b01110000001010100001001011000000000000010000110111000000000111111000111100100000",3,4237.97904403405,"b01001000001010100001000001000000001010010000010010000000000001111000011100000000",3,11,0,0,1.1009488514086259,395.2722812319762,464.6185804287699,1.2042324903947135,3
1354,"b00110011000000010110001110111001011000110000110000110001000111100010010110001100",2,1904.6853217075695,"b10111011111001011111000111010001100000111000010000110001000000110000010110011100",13,10,0,0,1.0919020944611086,332.0940378698792,495.48797067939574,3.904081394570583,127
1355,"b00000000001100000000111000000001100110000110011000001000000100000011110000000010",0,3421.813209964507,"b10001000101011100011100100001100010101110100001110000010011001000010110001011000",19,7,0,0,0.8122585139019698,368.2507779385676,347.1027378182076,1.208777164420228,2
1356,"b00000001001000000000000000110000001101011111111100011111100011111110010010001000",2,1863.4253028030491,"b10111011111001011111000111010001100000111000010000110001000000110000010110011100",16,12,0,0,0.9146365321844965,500.3579573155182,39.301201352525766,0.026348063901089618,127
1357,"b00000000000000000000000010001011001100100011000111011010000001111100000000000000",3,3239.6705381096413,"b01001000001010100001000001000000001010010000010010000000000001111000011100000000",13,14,1,0,0.778680059523331,226.19872248701805,452.5632015811777,4.795966766491951,3
1358,"b11000000001110000011000000001111000000110000000001111111000111101001000000110100",3,730.2179624658597,"b01001000001010100001000001000000001010010000010010000000000001111000011100000000",11,21,0,0,1.1090524892475286,51.66265916135973,65.7832291782271,3.9292839105779533,3
1359,"b00001001000001110010010111110000110010001111001100111011110100100011010000001000",0,2934.799059099989,"b10001000101011100011100100001100010101110100001110000010011001000010110001011000",14,16,0,0,0.8262098447211723,219.51276914640488,253.2547765097391,4.908265178749819,2
1360,"b00100000000110000001001110001000010010110000001110000000000000000000000000000000",0,2085.383457178498,"b10001000101011100011100100001100010101110100001110000010011001000010110001011000",22,5,0,1,0.8546549787510115,186.80415627087186,80.12464434102,1.20298228593081,2
1361,"b00000000001000000000111001000001111101110010111110000011000000001011000000000000",3,3890.4414966604863,"b01001000001010100001000001000000001010010000010010000000000001111000011100000000",12,17,0,0,0.7613229858521714,147.83333129660218,385.37409194734823,4.037808282250655,3
1362,"b00100001110000000110000110001000000000000001110010110111100011111010010000001101",2,1739.4865297135802,"b10111011111001011111000111010001100000111000010000110001000000110000010110011100",16,9,0,0,0.8766705007191937,304.0284140930102,501.5596222447577,5.397200770653827,127
1363,"b00000001000110001111001101111000011010010111010010101011001011011000000000000000",3,1145.8629802999042,"b01001000001010100001000001000000001010010000010010000000000001111000011100000000",8,20,0,0,0.838435734857096,270.4220770207418,503.2553269838957,5.51331934435809,3
1364,"b00010001101000000110000010001000001101001100001110000011011001101101000110001000",2,3105.674291817897,"b10111011111001011111000111010001100000111000010000110001000000110000010110011100",16,8,0,0,0.9604985704057192,421.85458382155264,387.41389153999296,0.21319812241332695,127
1365,"b00100001001100010100000001100000010011100001101110100000010000000001100010010010",3,3441.2309055797778,"b01001000001010100001000001000000001010010000010010000000000001111000011100000000",12,17,0,0,1.251540701587597,256.0671578622735,121.43411753754765,1.3066056443257061,3
1366,"b01100000000100000010011001100000101100000001100000011110000100000001000001000000",3,2342.532628026804,"b01001000001010100001000001000000001010010000010010000000000001111000011100000000",14,15,0,0,0.9906894238082272,53.420679886968514,53.38322590827942,2.5226584294137298,3
1367,"b00111001101000000010000010000100001000001100000000011100100001011010000110101100",2,3069.883235968337,"b10111011111001011111000111010001100000111000010000110001000000110000010110011100",15,4,0,0,1.3249611172656746,80.22462665601925,417.24376456257534,2.2236337796716783,127
1368,"b01000000001100111110000001100000010011000001001110100001111000000001100010010100",1,2649.4081836059354,"b11001110101000111111000000100000101111000111010100001000111100110000111001100000",20,11,0,0,1.0946289054153666,383.0982726842754,130.46729288237714,2.2805900222946236,5
1369,"b00110000101100000110000010001010001000011100000110001011100001111000011111100111",2,4778.732738088718,"b10111011111001011111000111010001100000111000010000110001000000110000010110011100",8,5,0,0,0.8619504990675358,121.20646623451184,435.04520741019775,4.1623777061132206,127
1370,"b11110000001100000100100001000000111100000011100001001100011100001101100001111100",1,1734.1868907211053,"b11001110101000111111000000100000101111000111010100001000111100110000111001100000",20,15,0,0,0.9738087854560687,386.30810137316644,327.5130424455915,4.052575484450386,5
1371,"b00000000000000000000100000001100010010001100011100001011100001111110001111001101",2,4939.276434387002,"b10111011111001011111000111010001100000111000010000110001000000110000010110011100",15,6,1,0,0.8034760632253508,231.33109592825372,241.4683020797065,2.0300777354036983,128
1372,"b00010000100100000011000000001001000100010100000001001011111001111110001011100000",3,1804.563772909403,"b01001000001010100001000001000000001010010000010010000000000001111000011100000000",12,20,0,0,0.9342568269712027,42.36483060077616,313.26488918045624,4.776040616103831,3
1373,"b00100000000001000000000111100000100010000100001100101000011000000000110100000011",3,1675.1256443566717,"b01001000001010100001000001000000001010010000010010000000000001111000011100000000",15,16,0,0,1.1646157111459063,206.23218864900213,246.56488103451937,0.8080361775727204,3
1374,"b00000000000001000110100100010000000111110000011111001111110001111110001110100000",3,4295.360040276375,"b01001000001010100001000001000000001010010000010010000000000001111000011100000000",9,22,1,0,0.9080286119008538,191.7873500885173,53.00504429375112,3.154603486198501,3
1375,"b00100001110011111110110111111001111000000110010000010000000000000000000000000000",3,2269.032794649748,"b01001000001010100001000001000000001010010000010010000000000001111000011100000000",10,18,-1,0,0.8203990379293843,502.7424414971406,425.591522367278,3.077603738071399,3
1376,"b00000000100000010000000011000000011000000011101100011000000000000000000000001000",3,1960.4026564776561,"b01001000001010100001000001000000001010010000010010000000000001111000011100000000",15,10,0,0,0.7735539782040728,275.15142028347515,162.15415151306095,2.2808264984025954,3
1377,"b01000001000000000110000110001100000001101000001000000100000100111001011100000100",3,4082.6500260596695,"b01001000001010100001000001000000001010010000010010000000000001111000011100000000",12,15,0,0,1.0979063385371715,258.09564633997593,339.4936905997311,4.559814092390512,3
1378,"b00000000000000000011000000000000001100000000110000000010000000000000000000000000",3,4240.494372917826,"b01001000001010100001000001000000001010010000010010000000000001111000011100000000",16,4,0,1,0.7314820287730717,295.2062940603012,132.4770202023212,4.356080170076888,3
1379,"b00010011000000000000001110001111111000010111101100011111100011111010000010001100",2,1582.1707897763515,"b10111011111001011111000111010001100000111000010000110001000000110000010110011100",14,13,0,0,0.9039630263560816,495.9844053935431,241.2947157932828,5.095492822114828,128
1380,"b11001100001000111010000000000100101010000011111000001010000000011100000001100000",1,2479.4328061431743,"b11001110101000111111000000100000101111000111010100001000111100110000111001100000",17,6,0,0,0.8872922167164524,142.3526961924666,165.6558438446562,4.63003532652795,5
1381,"b00000000000100000000010100001000000001101100000011111100001111110011011111100000",3,1656.560043320962,"b01001000001010100001000001000000001010010000010010000000000001111000011100000000",12,21,1,0,0.9457433863261755,81.91726079454047,424.2040922077503,0.993246368177197,3
1382,"b00010001100001000011000000000001000000100010010110111111111011111010010100000100",2,4380.093114358311,"b10111011111001011111000111010001100000111000010000110001000000110000010110011100",18,12,0,0,0.8480345351364468,246.90576709453086,160.42979631759079,3.174878263632784,128
1383,"b00100011001000011110000100011010011000100000000000000111000000110000000100011011",1,2303.9056194843315,"b11001110101000111111000000100000101111000111010100001000111100110000111001100000",21,10,0,0,1.013995529627779,432.51850870737763,136.07605507185468,0.3011427894840363,5
1384,"b00010000100111111111011111100101100000000000000000110000000010000000001110000000",3,2423.632300934011,"b01001000001010100001000001000000001010010000010010000000000001111000011100000000",12,19,0,0,0.9034535074041692,245.56352723349875,126.7909746838479,4.9287524698317275,3
1385,"b00000000000000000000001001010001100110000000010000000000000000000000000000000000",3,5487.484021308195,"b01001000001010100001000001000000001010010000010010000000000001111000011100000000",16,5,-1,-1,0.6843136955389029,347.7503912288814,288.0104387039139,5.154984345334583,3
1386,"b00110001100000000110000010001100011000011100001100001111100111011000011110101100",2,5570.751599596563,"b10111011111001011111000111010001100000111000010000110001000000110000010110011100",9,6,0,0,0.92366112338547,275.8536769042288,378.0119388000403,3.2591000445292324,128
1387,"b00000000000100000001110011001000100011101001011010010101100000000000010000000000",3,2207.116641369145,"b01001000001010100001000001000000001010010000010010000000000001111000011100000000",13,15,0,0,0.7716474137370692,310.3900497034585,153.40298499428354,5.090924930897339,3
1388,"b00000000000000100000001000001111100011100001111100011110000001110000000000000000",3,2142.4531302330424,"b01001000001010100001000001000000001010010000010010000000000001111000011100000000",13,16,0,0,0.7627007814744544,495.35966084392896,425.90436761950525,5.231739164141954,3
1389,"b00000000000000000000000000000111000001100100011110010000111001100000100111000000",0,2111.6358269866464,"b10001000101011100011100100001100010101110100001110000010011001000010110001011000",20,8,1,0,0.7887657853237299,90.39418042698095,403.1005397450492,2.0569432019886738,2
1390,"b00000010001100001010011101001001110000001110001001100000110101000111010100000001",0,6433.912025788499,"b10001000101011100011100100001100010101110100001110000010011001000010110001011000",8,5,0,0,0.9276774203246423,326.8798597753333,371.64446086328763,4.3393424295307,2
1391,"b01110000000101000011100000001110001000101100111000010011100111111000010110000000",2,2506.1151627987256,"b10111011111001011111000111010001100000111000010000110001000000110000010110011100",18,13,0,0,1.0401810815393937,42.87949365305665,370.2191342253569,5.396645314941875,129
1392,"b10000000000001000000000010010000011011100000000000000000000000000000000000000000",3,3357.5517828280435,"b01001000001010100001000001000000001010010000010010000000000001111000011100000000",17,7,-1,0,0.7545645052325435,162.77370457944028,288.75046193145846,2.943500769683068,3
1393,"b00000000000000111000000101100000110110000010111000000111100000011000000001000000",3,3337.0359546215286,"b01001000001010100001000001000000001010010000010010000000000001111000011100000000",13,15,0,0,0.8058535909898374,488.13508284730483,369.6349828932607,1.4579044158406385,3
1394,"b00001110110000111000000000000011110100001111100000100000000001100000000000000000",3,2580.1459323438776,"b01001000001010100001000001000000001010010000010010000000000001111000011100000000",12,14,-1,0,1.0087834837247396,38.79865886372707,152.65881118595968,-0.010947385570714212,3
1395,"b00000010000000001000110110000001000011000110001110000000000000001000000000000000",3,2851.047443372857,"b01001000001010100001000001000000001010010000010010000000000001111000011100000000",16,12,0,0,0.7152383907348097,402.0160868894389,340.2740129971993,0.39382789954861736,3
1396,"b00001000100000000010000000100000000010000000000010000000011100000001000000000000",3,2159.3634215560332,"b01001000001010100001000001000000001010010000010010000000000001111000011100000000",16,7,-1,1,0.7688270944724468,417.8550872117254,376.7871204797791,4.567706962026021,3
1397,"b00100001001010000010000010000100001000101100011100001111100001111101000011100100",2,2432.4922403369433,"b10111011111001011111000111010001100000111000010000110001000000110000010110011100",16,9,0,0,0.8211600340331866,220.4525104750426,412.64231774921393,1.23598453665675,129
1398,"b00000001100000000100000000110000001000000000000011000000000011110000001000000000",3,2379.8879858630526,"b01001000001010100001000001000000001010010000010010000000000001111000011100000000",13,7,0,0,0.7656556741096279,200.5573481984248,231.70178630661667,5.6574170474599565,3
1399,"b00000000001101000000001100000100110000000100011000001111000000111101000000000000",3,2533.1776234330046,"b01001000001010100001000001000000001010010000010010000000000001111000011100000000",14,15,0,0,0.7830348767046045,82.02369028035541,226.2357902656544,1.6816093300755308,3
1400,"b00000000000000011010000001001000010001110000001110000000010000000001000000000100",0,7335.369698157045,"b10001000101011100011100100001100010101110100001110000010011001000010110001011000",22,5,0,1,0.8640824093556053,425.62942710319896,427.3688173667443,4.689287971232704,3
1401,"b00000000000011100000000111100000011111000000111111000000011100000000110000000000",3,3211.0582859369442,"b01001000001010100001000001000000001010010000010010000000000001111000011100000000",11,15,0,1,0.7771517816714062,193.47650635809518,498.9034248812832,4.781494486905968,3
1402,"b00001000000001000000001011110000101111100111111011111111100000111100100000010001",3,2396.7792060181364,"b01001000001010100001000001000000001010010000010010000000000001111000011100000000",10,26,0,0,0.8255912485007151,37.31751378377279,304.45931400273156,5.069538543302313,3
1403,"b00000011000000000010000010000100001101001000010101010111110111111111101110011000",2,2554.549520474227,"b10111011111001011111000111010001100000111000010000110001000000110000010110011100",16,13,0,0,1.0901237323987398,253.54413704015406,498.13973629886897,3.6762747681056513,129
1404,"b00000000000011001111111100000001001100001110110001000011100000001100000000010010",3,4483.809386362538,"b01001000001010100001000001000000001010010000010010000000000001111000011100000000",8,15,0,0,0.8841546914996249,192.60815066707596,365.33094326459803,5.20281111776233,3
1405,"b00000000000000000000010000000001100000000100011000011110000000000000000000000010",3,4486.431991454483,"b01001000001010100001000001000000001010010000010010000000000001111000011100000000",15,7,1,0,0.7306762545399045,224.74069546482733,146.24182722484545,2.4225840888676498,3
1406,"b01000000000010000000001001000000001000000000110010000010000001101000011100000000",3,5856.3370279955225,"b01001000001010100001000001000000001010010000010010000000000001111000011100000000",7,3,0,0,0.8990544884797007,244.3028112476783,298.3065324866253,5.779282885905559,3
1407,"b11000000000100100000011110100000000000000000001110000000111100000010000000000000",3,5355.609864103417,"b01001000001010100001000001000000001010010000010010000000000001111000011100000000",16,14,-1,0,0.7753682144465174,207.03187576360995,104.15718431945724,5.132553873606284,3
1408,"b00000000001100000000010010000000111000000100011111000111110000111111000000000000",3,2384.0067126302138,"b01001000001010100001000001000000001010010000010010000000000001111000011100000000",13,18,0,0,0.8192554699460548,25.894199435775345,430.88135512526685,4.417720413609947,3
1409,"b00000000001100100000100011101000000011100000100100000011111000000111100000000000",0,2357.993420611153,"b10001000101011100011100100001100010101110100001110000010011001000010110001011000",20,10,0,0,0.9030432817331155,353.7178275881997,413.5884792109083,5.348879961165583,3
1410,"b00000000000010000000001000000000000001001000111100011101110001000100010111000100",3,1017.410803966849,"b01001000001010100001000001000000001010010000010010000000000001111000011100000000",14,16,1,0,0.908119062939167,62.7876968041005,422.4503643834086,4.037090400593206,3
1411,"b01000000000000000000001100000011001100000100010010000000000000000000000000000000",3,2914.3353843543214,"b01001000001010100001000001000000001010010000010010000000000001111000011100000000",15,6,-1,0,0.8026782036202157,86.73014482376851,112.36080174272026,4.4053193350548,3
1412,"b10000000000011111000001111100000000111000100011110000001011010000001110100000000",0,3570.3171635874796,"b10001000101011100011100100001100010101110100001110000010011001000010110001011000",17,12,0,0,0.8005436510090276,476.92558444450117,69.63048635869941,0.7166223474401658,3
1413,"b00010000000001101000100001100000000011100000001000000000000000000000000000000000",3,2387.1593522056824,"b01001000001010100001000001000000001010010000010010000000000001111000011100000000",16,8,-1,0,0.7429483793257547,111.20414226925944,98.81340102572885,5.280418575900398,3
1414,"b00000000000000000010000000001000001001110000000110000000000011110000000011100000",3,5755.389403945566,"b01001000001010100001000001000000001010010000010010000000000001111000011100000000",13,9,1,0,0.7872870822560886,335.3864588595988,10.756572462210793,4.144236807763861,3
1415,"b10000000110000000110000000010011100000000110111000000001000000010000000000000000",3,4320.2964489356455,"b01001000001010100001000001000000001010010000010010000000000001111000011100000000",13,10,-1,0,0.8749394583965009,405.7889847296451,393.90723627995953,4.971380554593731,3
1416,"b10010111110000011111000101101001100100000000110010110011001011100000010110100000",2,1639.1401629183658,"b10111011111001011111000111010001100000111000010000110001000000110000010110011100",13,11,0,0,0.965433610650901,504.00828672196354,457.87811194215874,3.118482835907108,129
1417,"b01001000001000010000000000000100000010000000011101000000010001101000001100000000",3,3731.89124011917,"b01001000001010100001000001000000001010010000010010000000000001111000011100000000",9,6,0,0,1.05189528037085,27.921273522810502,297.776895012133,0.9518404406662206,3
1418,"b00000000000000000000100000010000110011110011111111111101101101111100010001110110",1,3529.4011828714793,"b11001110101000111111000000100000101111000111010100001000111100110000111001100000",14,13,1,0,0.9173971271952894,237.31430494266053,193.95638106173317,4.131743718727096,5
1419,"b00000000001000011000000111110001011111110000001110000000010000000001000000000000",0,3363.946060175089,"b10001000101011100011100100001100010101110100001110000010011001000010110001011000",21,10,-1,0,0.7451610574137566,226.58457627840585,195.43389273830874,5.212568871342721,3
1420,"b10100000001001000011000110001110011000101011101011001111101111111011111110100100",0,1553.4566351658914,"b10001000101011100011100100001100010101110100001110000010011001000010110001011000",14,24,0,0,0.8701882260784897,429.3295636202098,121.98944132387284,2.3199895156242905,3
1421,"b00000010000000000100000110110010011000001101110000111111000000001100000000001000",3,1271.1044586729686,"b01001000001010100001000001000000001010010000010010000000000001111000011100000000",12,16,0,-1,0.7726386232363411,324.1568580220401,388.2896535975173,3.410723206105968,3
1422,"b00110000100000000011010001111000001011001101000100011100000000110000000000110000",3,1573.813081357216,"b01001000001010100001000001000000001010010000010010000000000001111000011100000000",13,18,0,0,0.861456705116212,122.61407579762908,33.7032848324622,5.401970128283365,3
1423,"b00000000000000000100000011000000001100000000110000000100000000010000000000000000",3,2054.9002539537214,"b01001000001010100001000001000000001010010000010010000000000001111000011100000000",15,5,0,0,0.7368754417695983,501.1414870465388,224.93378811195248,0.5806386058023394,3
1424,"b11000000000000100000110011001101100111101111111100111110110000000110010000000010",3,1252.670819094781,"b01001000001010100001000001000000001010010000010010000000000001111000011100000000",11,26,0,0,1.0073860293110386,488.08522827531203,462.84729332446676,5.938400324188658,3
1425,"b00000000101000000110000001001000000100011100011100111111100011110000000100000000",2,1292.419204760329,"b10111011111001011111000111010001100000111000010000110001000000110000010110011100",19,8,0,0,0.9203932669554877,450.24662325555386,446.73258320046534,1.5844219851502364,129
1426,"b00110000001110000010111111011011111100000011000000011010011011001011100000001000",3,1335.2551233556978,"b01001000001010100001000001000000001010010000010010000000000001111000011100000000",11,26,0,0,1.0618999616384317,328.4295534326601,148.15100846353423,4.746559154806295,3
1427,"b01100000000111000000000111100000001011000001100100000011001100000000010000000000",3,2787.344568985438,"b01001000001010100001000001000000001010010000010010000000000001111000011100000000",13,14,-1,0,0.776846028929927,104.03246920294094,396.414739160093,1.1153792130768707,3
1428,"b01001001100000000110000010001011001100010100100100101111100011101100000100000000",2,2021.007488396382,"b10111011111001011111000111010001100000111000010000110001000000110000010110011100",17,9,0,0,0.9043295070076491,386.7627089986357,500.00207285290605,3.0940077071499763,129
1429,"b00110110000010111000001111000000111110000111111111111111000000011000001001010000",3,1816.2750077894298,"b01001000001010100001000001000000001010010000010010000000000001111000011100000000",9,27,0,0,1.0229528117108098,498.6380611748075,288.3653033954439,4.237654793559555,3
1430,"b00110001100000000111000010000110011000011100000000011111100011110010001011000101",2,3938.167937228589,"b10111011111001011111000111010001100000111000010000110001000000110000010110011100",11,6,0,0,0.9828385272683277,429.48831970261415,414.1194335285465,3.156035812745607,129
1431,"b11000000100100100001000001100000000111011100000100010010000000110000000001000000",3,2249.375655357291,"b01001000001010100001000001000000001010010000010010000000000001111000011100000000",11,12,0,0,0.8496190008270342,281.90425072704267,111.40541920700633,4.3655646818435265,3
1432,"b00011000000011110000001110100010100011111110000111000000011000000000000000000000",0,2139.9340765862403,"b10001000101011100011100100001100010101110100001110000010011001000010110001011000",19,11,-1,0,0.8789240218723576,456.85290494995115,391.84359068603516,6.041937696206164,3
1433,"b00000000000000000000000000000010001110000100111100001011110011111110111111001101",2,6690.47061706635,"b10111011111001011111000111010001100000111000010000110001000000110000010110011100",15,9,1,0,0.7704159002459319,150.24369199453275,159.54505544345795,0.35923598293432246,130
1434,"b00011001101111100110110010001111001100010110100111010000111011111110101000100010",3,1627.8587630471948,"b01001000001010100001000001000000001010010000010010000000000001111000011100000000",7,30,0,0,0.948129071583451,391.4513753194426,75.70725488845066,2.987846683630262,3
1435,"b00000000000000000000001000100000011111100001111000100111100011000000000100000000",3,3265.447677279725,"b01001000001010100001000001000000001010010000010010000000000001111000011100000000",14,15,0,-1,0.8018811528810665,303.0039463063209,39.62678000790212,1.6047008352027923,3
1436,"b00010011000011100110000110000100110100010111110100111111100111111011010010001100",2,904.0690945476375,"b10111011111001011111000111010001100000111000010000110001000000110000010110011100",16,20,0,0,0.8891935361910304,359.1735905493918,415.9880637399432,2.7448056005002908,130
1437,"b11110000001111110000111000100000100011100000100000001101001100111111100000111101",1,642.5011990985424,"b11001110101000111111000000100000101111000111010100001000111100110000111001100000",18,18,0,0,0.9936606175759554,286.4087134651516,85.59671195593322,4.270870112922351,5
1438,"b00000000100011000110000110001111001011010111011100111111100011111011010000001100",3,1867.0752810986276,"b01001000001010100001000001000000001010010000010010000000000001111000011100000000",8,27,0,0,0.8252689357570973,279.7030995120117,197.37356458458189,5.547490277928604,3
1439,"b00110000001110000100111001100000111100100000100010000001000000000010100000000000",0,2876.003551079506,"b10001000101011100011100100001100010101110100001110000010011001000010110001011000",21,10,-1,0,0.8441914817009614,142.9233733325279,50.15643760267174,4.08909816870959,3
1440,"b10100000000110000000011000000100010000000101100110011111011100110000100001101000",0,650.1394738073396,"b10001000101011100011100100001100010101110100001110000010011001000010110001011000",19,14,0,0,1.0319565447291092,8.674902456496174,458.1825901284184,4.9705962188617505,3
1441,"b00100001001000000001000000001000000000111100000110001110100011011100001011101000",2,5757.769547343636,"b10111011111001011111000111010001100000111000010000110001000000110000010110011100",16,5,0,0,0.8520482098579836,258.1862330851462,141.41599365403448,1.1806023407645516,130
1442,"b00110001101000000111000010001110001000011100000100011000100011111000011011001100",2,7462.268345861656,"b10111011111001011111000111010001100000111000010000110001000000110000010110011100",9,4,0,0,0.88615667569311,207.11021718462013,132.14199918773298,4.349188819086339,130
1443,"b00000000101100010001111010000111111100010011111110111111100011011111010000001100",2,2153.177780327956,"b10111011111001011111000111010001100000111000010000110001000000110000010110011100",16,21,0,0,0.9226147214891378,397.6434503546842,4.98336734554298,1.428555700965743,131
1444,"b00000000100000010110000000011000101100010010000111011011100011101000001000000000",3,2246.845671694713,"b01001000001010100001000001000000001010010000010010000000000001111000011100000000",12,17,0,0,0.856719988013013,118.43056497780105,381.2639166190622,4.595785928878416,3
1445,"b01011001100100001001000011100010010000000100000001011000100101100000000011000100",0,2831.8930903628197,"b10001000101011100011100100001100010101110100001110000010011001000010110001011000",22,14,0,0,0.9802219562223411,211.62647849890837,221.6982747865584,2.1684400034934663,3
1446,"b00000000000000000010000000000000001111000000111000000110000000010000001111000000",3,3539.986889627995,"b01001000001010100001000001000000001010010000010010000000000001111000011100000000",13,9,1,0,0.8415140181877666,470.8150754890594,180.4860990648409,3.7244947079322044,3
1447,"b00000100000000011110000110101001110000000111100000011000001000000000000000000000",3,4213.844860468675,"b01001000001010100001000001000000001010010000010010000000000001111000011100000000",13,13,-1,1,0.7739908475147762,149.12922301230913,8.48722855954128,0.3806634501020463,3
1448,"b00010000110001000111000000110101001000000000111010000000100000000000010000000000",3,1634.335542296373,"b01001000001010100001000001000000001010010000010010000000000001111000011100000000",11,10,-1,1,0.7942605834604498,25.590288644121987,302.30610676790104,2.065090796114762,3
1449,"b00000000100000000011000001001000010101110100001110000000011001010011110001000010",0,6304.159111190911,"b10001000101011100011100100001100010101110100001110000010011001000010110001011000",12,4,0,1,0.7602601422334747,408.6437835951411,176.78938021311853,3.3694551897769442,3
1450,"b00010010101111110000011111011001111110001111111001111101001000010000000000001100",0,1187.0004613590079,"b10001000101011100011100100001100010101110100001110000010011001000010110001011000",14,21,0,0,0.9095832620128464,340.2965620055353,268.34477680293054,0.6886389213298998,3
1451,"b00000000000000010000000001000000001100000000011000000011000011010100000000000000",3,5755.847531135061,"b01001000001010100001000001000000001010010000010010000000000001111000011100000000",14,7,0,0,0.7834692946995427,170.65437987884604,61.117670991468636,0.2797591058171053,3
1452,"b00111001100000000111000010001000001000010000111100101111100011110110011100110000",2,4086.333938800467,"b10111011111001011111000111010001100000111000010000110001000000110000010110011100",12,9,0,0,1.0158338313192972,120.53214507113968,29.98773020055165,3.015545634513634,131
1453,"b00001100001001111110000000100000001110000010101100011110111001110000110001000010",1,2388.66630237749,"b11001110101000111111000000100000101111000111010100001000111100110000111001100000",13,8,0,0,0.9185788593803808,34.51049661649356,469.26961705208083,2.1592485475296854,5
1454,"b01100000001000010000010111000000010000010011000000001111110101000111100000000000",3,1782.1377504855745,"b01001000001010100001000001000000001010010000010010000000000001111000011100000000",13,18,0,0,0.7804479378677587,1.5721927525038624,363.8483704772584,0.6089964303693648,3
1455,"b00010001100011010111110011101000011111001110010001100001000000100100010110000001",3,1581.9155648483002,"b01001000001010100001000001000000001010010000010010000000000001111000011100000000",10,24,0,0,0.9700884284791126,226.51674405703935,493.79507066250204,3.2220894073644577,3
1456,"b00000000000000000000011000110000110000100001100000110111110111111011111011110011",1,2134.1304496895455,"b11001110101000111111000000100000101111000111010100001000111100110000111001100000",17,14,1,0,0.8961181857949883,86.72149970225485,411.48198169157337,1.4733211453378545,5
1457,"b00000000000000000001000000010000000010000000011100000000010001011000011100000000",3,5982.614175274695,"b01001000001010100001000001000000001010010000010010000000000001111000011100000000",10,4,1,0,1.0057383602978949,383.6936257690238,194.80959131229866,1.4901452929474928,3
1458,"b00000000000000000100000000010010001111111001111111001111100101111100001100000000",3,3158.3764845613046,"b01001000001010100001000001000000001010010000010010000000000001111000011100000000",8,19,1,0,0.8885065582407589,252.29940920877192,6.83329183640401,6.186012569416826,3
1459,"b00000000000000000000001011010000111001000001111100001111100001111110000001100000",3,2818.505715922118,"b01001000001010100001000001000000001010010000010010000000000001111000011100000000",12,19,1,0,0.7412502223188733,478.81943633450066,292.5247759484941,3.8073041387335795,3
1460,"b10100000101001000000000111001001111100101000010000010001000101100000000010011000",2,3071.182029532656,"b10111011111001011111000111010001100000111000010000110001000000110000010110011100",17,6,0,0,0.9238752525727817,65.06687119314672,356.4962023464022,4.137027709276493,131
1461,"b01000110101101111001011110101110111000011011111100000111000000111101001100111000",1,1717.0457638053883,"b11001110101000111111000000100000101111000111010100001000111100110000111001100000",13,20,0,0,1.1991216349350338,485.70690009907304,313.4127719878427,5.080940358452276,5
1462,"b01001100100010010011101100010101110000000111000011100110110001001100000101100010",0,2498.2988450131315,"b10001000101011100011100100001100010101110100001110000010011001000010110001011000",17,18,0,0,1.4383108196813807,204.55103278571204,245.61212450114456,0.7262401813680437,3
1463,"b01010101100100010000000000100100001001101001000100010000011001000001100100000110",3,1930.2000262806846,"b01001000001010100001000001000000001010010000010010000000000001111000011100000000",12,17,0,0,1.0537318823027846,37.46480781757942,232.97326514310956,2.4836849327105694,3
1464,"b00000001100000000100000110001011001000011100000100011111000001011010010111001001",2,4004.816481956248,"b10111011111001011111000111010001100000111000010000110001000000110000010110011100",13,5,0,0,1.041798406302966,158.89363781485972,443.69524841308595,1.3006373154342064,131
1465,"b10000000000000000000000000011100000000000001100000000110000000100000001100000000",3,2432.473303736787,"b01001000001010100001000001000000001010010000010010000000000001111000011100000000",17,9,0,0,0.8091634291274383,78.88366765084027,104.80031874602413,2.0169564291836455,3
1466,"b00000000000000000000000000111000001110000000000000100000000011110000001110000000",3,4108.950840336187,"b01001000001010100001000001000000001010010000010010000000000001111000011100000000",12,7,1,-1,0.8020368032034011,275.34858822962934,418.28569593287864,3.5929199019352698,3
1467,"b00010001100000000110000000010100011111100001101110110110001011111000001100100001",3,1590.872120904108,"b01001000001010100001000001000000001010010000010010000000000001111000011100000000",10,23,0,0,1.2419660062982059,94.11996608006655,75.7003681895764,0.6085974912286068,3
1468,"b00000010000000001101000000100001001101000000111000011001110001110000000000000000",3,1376.8821958485246,"b01001000001010100001000001000000001010010000010010000000000001111000011100000000",14,15,0,0,0.7680379469429367,229.729609623608,385.8844766072901,6.267825110606147,3
1469,"b00000000000000000001000000001100000000100000000000001111000011111000000000000000",3,3402.5984548999677,"b01001000001010100001000001000000001010010000010010000000000001111000011100000000",14,8,1,0,0.7915091568467776,225.25789790530857,14.452451714018755,3.77357443457474,3
1470,"b01000000000000000000000000000010001000110111010110001111111000000100000000000010",1,2318.8981848653916,"b11001110101000111111000000100000101111000111010100001000111100110000111001100000",25,9,0,0,0.8011208602857051,30.123700123126987,25.715965957179332,3.1561234659777493,5
1471,"b00000000001000001111000110011000100011000000011010110000100011111010000111011000",2,2924.8745563565258,"b10111011111001011111000111010001100000111000010000110001000000110000010110011100",18,11,0,0,0.8291263731701151,124.04261684801219,373.6535616747835,3.1230707538833755,131
1472,"b00011000000100110000011001101101000011110000110101000001100000000000100000000000",3,2077.9241795747434,"b01001000001010100001000001000000001010010000010010000000000001111000011100000000",13,17,-1,1,0.8893903918076608,394.93372667988507,142.34063297125314,1.7350661963739111,3
1473,"b00000000001111110000110001010011010100001101111100000000110000000000000000000000",3,2718.9763442811177,"b01001000001010100001000001000000001010010000010010000000000001111000011100000000",14,18,-1,-1,0.7754697921775757,225.50969170041654,92.62697292980135,5.575711807754097,3
1474,"b00000000000000000000001000000001110000001110110000001101110000100000010000000001",0,3818.4301443455033,"b10001000101011100011100100001100010101110100001110000010011001000010110001011000",21,6,1,0,0.7351427924542776,59.034303837075086,33.56360731650397,2.366208183382261,3
1475,"b00000001000000010100000010001000011000111110001111011001000011100000001000000000",2,2741.666309762356,"b10111011111001011111000111010001100000111000010000110001000000110000010110011100",20,7,0,0,0.8333787622495903,120.56569100090233,224.7493793791202,-0.2553119359238327,131
1476,"b00000000000001000000001101100000100110000000000110000000011110100000000000000000",0,690.7071889947081,"b10001000101011100011100100001100010101110100001110000010011001000010110001011000",25,8,0,0,0.9427488358721791,6.0845823265764745,446.86873903754037,2.0296378802242963,3
1477,"b00000000000000000000000000000000001100100000010000000000000000000000000000000000",3,3187.9985400422215,"b01001000001010100001000001000000001010010000010010000000000001111000011100000000",17,2,0,1,0.6907583545952684,436.5533662985953,137.9482063839178,1.3535965751422512,3
1478,"b00000010000010000010000101000101011011010100110101100010000001000000000100000000",3,1604.678064144208,"b01001000001010100001000001000000001010010000010010000000000001111000011100000000",11,13,0,0,0.872909018449211,254.92152781354727,434.0779200012278,1.155391029196128,3
1479,"b00110001001000000100000000001000001000011000000100001100000011011000011101010101",2,4987.86964121808,"b10111011111001011111000111010001100000111000010000110001000000110000010110011100",14,1,0,0,0.8890491139749113,131.44097512664993,391.12862415781154,5.718110515768327,131
1480,"b00101100000011110000001110000111101000001110111100110000110001000100010000010110",0,1393.59026536045,"b10001000101011100011100100001100010101110100001110000010011001000010110001011000",15,15,0,0,0.982259520969803,342.2530363327866,272.5037057246637,5.296781235296697,3
1481,"b00000001000000000100110011001111111111011111111101111111101001110100100010000000",0,1609.0602697378504,"b10001000101011100011100100001100010101110100001110000010011001000010110001011000",17,25,0,0,0.8343973548585278,431.70897889999594,348.9895373651272,0.2903322100634111,3
1482,"b00100001000110000110010000110000011001000000111000110010110011000000000000000000",0,2186.9896308797706,"b10001000101011100011100100001100010101110100001110000010011001000010110001011000",21,11,0,-1,0.8646193922264449,198.1401394812537,480.50660429316036,0.26711515474546843,3
1483,"b01001000000111000000011100110000111100000000110000001111001000110000000000100000",3,691.7182005457165,"b01001000001010100001000001000000001010010000010010000000000001111000011100000000",12,17,0,0,0.9623277821258587,48.851393558874946,18.60536781979863,1.3548757026307645,3
1484,"b11000000100010110000001011000000001000000000000001000000000101111000001000100000",3,4444.792457066765,"b01001000001010100001000001000000001010010000010010000000000001111000011100000000",9,8,0,0,0.9552629023473735,262.45194239373035,233.05942939037382,4.763211805897302,3
1485,"b00001010001000000110000110001100001110011111111110001101101001111010000100101100",2,1589.9462221659587,"b10111011111001011111000111010001100000111000010000110001000000110000010110011100",13,13,0,0,1.0576618184306879,492.7721894339229,458.70865855699174,1.70343714893156,132
1486,"b00100001000001100000110011000000000011000001100100000000111000000010110000001000",3,3581.044777021529,"b01001000001010100001000001000000001010010000010010000000000001111000011100000000",15,16,0,0,1.1335194107162618,286.6957964999025,280.40487646398003,3.0303495264465363,3
1487,"b00000000000000000000110000000001110001000000000001000000000000000000000000000000",0,3808.50125986534,"b10001000101011100011100100001100010101110100001110000010011001000010110001011000",28,3,-1,0,0.796573311384724,29.856560086428868,468.10683890841653,3.712876352293241,3
1488,"b00111001101000000000000000001100000010011100000110001111100011011110001101001100",2,5967.669692533536,"b10111011111001011111000111010001100000111000010000110001000000110000010110011100",9,3,0,0,0.964130009011228,308.26834042746384,165.18429936041642,4.781168262940058,132
1489,"b00000000000111100000001001000001100110101100000000010000000001000011010000010000",0,3452.899494213438,"b10001000101011100011100100001100010101110100001110000010011001000010110001011000",17,4,0,0,0.8548427875693249,248.1324292529544,433.8907852380899,-0.21615736479341738,3
1490,"b01000000000000010000000001000000001100000000110000100001010100000111010000010000",3,2286.2499022283255,"b01001000001010100001000001000000001010010000010010000000000001111000011100000000",12,9,0,0,0.8485832626820913,498.1008164917819,212.47249489241077,2.750446625919758,3
1491,"b00000010001000001011001000010100110000011000000100011111000010110000001110000000",3,2434.007840009865,"b01001000001010100001000001000000001010010000010010000000000001111000011100000000",12,17,0,0,1.3175050841996518,317.49451655923696,195.86739855403218,0.4973327201811246,3
1492,"b00100001101000000010000010011010001101111100010101011111100001110000001110000001",2,1822.082830339081,"b10111011111001011111000111010001100000111000010000110001000000110000010110011100",14,10,0,0,0.9585701046057034,400.47230477654483,1.6933493878922854,5.127000434379948,133
1493,"b00100001101000000101000010000000011000011100000000001111100010111110011110001111",2,4085.8294233134575,"b10111011111001011111000111010001100000111000010000110001000000110000010110011100",10,5,0,0,1.3205817538391877,110.26702330055006,448.1451426586473,6.200153873964576,133
1494,"b00000000000000000000000000000000101100000110010000001000011000110000011001000000",1,3324.133412782009,"b11001110101000111111000000100000101111000111010100001000111100110000111001100000",22,0,1,0,0.8345671100211093,57.72590144533523,206.53709337562867,5.87827696486055,5
1495,"b00000001000000000000000000000000000000000000111000000000000000000000000000000000",3,3490.347274426984,"b01001000001010100001000001000000001010010000010010000000000001111000011100000000",18,3,0,-1,0.8322988818984,479.6794177256216,65.70932419936653,0.6105419647966785,3
1496,"b00000000000000000100000000100000010111100000010111000000011001100010110000000000",3,2032.6735260718253,"b01001000001010100001000001000000001010010000010010000000000001111000011100000000",13,12,0,1,0.763575786650122,170.42535467033875,328.7093805879735,2.349934537351898,3
1497,"b00000000000000000010000010000100001100010001111110001111100011011110001101001001",2,3893.104494032873,"b10111011111001011111000111010001100000111000010000110001000000110000010110011100",16,8,1,0,0.7889686171695579,428.6194705431118,292.0912844189041,0.9522151890760078,134
1498,"b00000000000000000000001001000000000110000000000010000010001100011000000000000000",3,3736.535779370584,"b01001000001010100001000001000000001010010000010010000000000001111000011100000000",14,5,1,1,0.7615113696452401,500.7829303606607,297.92823985684885,0.39696266451625895,3
1499,"b00010000000001001010000111011101000100000000011100000001110000000001110000000001",0,1907.4471070980112,"b10001000101011100011100100001100010101110100001110000010011001000010110001011000",21,11,0,1,0.8438439203542788,282.1918264312932,159.3382393536406,0.4868364992940409,3
1500,"b00000000000000000100011001000001100010001110000000010001100000000011100000000000",0,3750.795345317126,"b10001000101011100011100100001100010101110100001110000010011001000010110001011000",20,4,0,-1,0.7808444217471101,107.60944779018759,17.751006179220195,3.07794496070884,3
1501,"b00000000000000010000000001000000000110000001110110000111000000011000000000000000",3,2270.2872229761992,"b01001000001010100001000001000000001010010000010010000000000001111000011100000000",13,8,1,1,0.7539228159745819,226.37051904814945,7.1972247685298365,6.3557835032586,3
1502,"b00000000000000000000000000000001100000000001100000000111000000000100000000000000",3,4277.292740874507,"b01001000001010100001000001000000001010010000010010000000000001111000011100000000",15,4,1,-1,0.7512251211657153,290.6888065109436,98.59240723936963,4.522900706705502,3
1503,"b00000001001111001000111110000011110000001111000000000000000000000000000000000000",0,1588.010596846162,"b10001000101011100011100100001100010101110100001110000010011001000010110001011000",21,8,-1,-1,0.8233258839860279,108.85218419025239,133.77767336624746,4.512564382836052,3
1504,"b00110000001000000110000010001000001000001000000111001111100001111010011111001100",2,4318.262364681765,"b10111011111001011111000111010001100000111000010000110001000000110000010110011100",10,3,0,0,0.9273631808281338,195.1757815212535,424.4115547769451,2.161571997044341,134
1505,"b00000001001000000000000000000000001000001000001100101101100011110010000110001100",2,4623.00256728972,"b10111011111001011111000111010001100000111000010000110001000000110000010110011100",19,3,0,-1,0.8595306674556363,302.0280505465074,374.0872982446101,3.521376634014735,135
1506,"b00110001101111100110000000000000001000000100000110011111000011111000011111001111",2,3073.4152061380482,"b10111011111001011111000111010001100000111000010000110001000000110000010110011100",10,8,0,0,0.8875551537026817,4.641216639680998,117.40657142085568,1.7707678242877178,135
1507,"b00000000001000000011000010001100001000001010000110001111100011010100010101001000",2,3506.8810504679263,"b10111011111001011111000111010001100000111000010000110001000000110000010110011100",17,5,1,0,0.8354865200659543,248.6455242234564,129.6377268435892,0.7741116404314711,135
1508,"b00110001101000000111000010001100001000110000011100001001100001000010001111001101",2,5899.735638608433,"b10111011111001011111000111010001100000111000010000110001000000110000010110011100",12,5,0,0,0.9536147360513364,330.09962635236866,100.97928455105986,6.193814441163296,135
1509,"b00000000000000000000000000000000000000000000011010000000011000000000000000000000",3,4298.87171201881,"b01001000001010100001000001000000001010010000010010000000000001111000011100000000",17,3,1,1,0.705289399755643,347.4047035366881,26.813702440448836,4.941655688220585,3
1510,"b01000001000110101100011001000011101000101011011000110001100101000111010000000011",0,2918.951970821749,"b10001000101011100011100100001100010101110100001110000010011001000010110001011000",12,12,0,0,0.8827063179755955,192.66948030568378,437.81968806061565,5.372713392999562,3
1511,"b00011001101000000000000010100011011000010110000111011111100011011000011111111101",2,2824.8776758684044,"b10111011111001011111000111010001100000111000010000110001000000110000010110011100",8,9,0,0,1.0614475752548216,450.78475342514935,349.82543525247013,4.865366655397903,136
1512,"b00000000000000011000000011100000000111110011111110001011000000000000000100000000",3,3498.9161096905254,"b01001000001010100001000001000000001010010000010010000000000001111000011100000000",13,15,0,1,0.791771483367514,413.05988686353555,302.5989233132339,4.397224606132323,3
1513,"b00000000000000000000000000000010001101111100111110011111000011111100011111101101",3,4633.125398993995,"b01001000001010100001000001000000001010010000010010000000000001111000011100000000",8,22,1,0,0.7795749804219582,427.37932640956626,98.3591824815856,4.6278724501552855,3
1514,"b00001000000001100011000110111100000111110000110000011010000000000000000000000000",0,4414.025460919212,"b10001000101011100011100100001100010101110100001110000010011001000010110001011000",19,8,-1,1,0.7593680607464006,217.55209487293249,226.762460591897,5.373961744925943,3
1515,"b10000000001100000000111001100001100110010111001011011101100001111110000000010000",0,3055.5598075273056,"b10001000101011100011100100001100010101110100001110000010011001000010110001011000",16,15,0,0,0.8266497968970922,395.8231276935718,244.71844852881785,3.440119349695504,3
1516,"b00000010000000011000000010101000001111101110110000000110000000000000000100000000",3,3096.7020690582412,"b01001000001010100001000001000000001010010000010010000000000001111000011100000000",13,13,0,0,0.7919040825560868,231.75702236680686,467.9811172213843,4.519791498951931,3
1517,"b01000111110111001100011100110000110011100001101100111011100011111100110001111110",1,2592.789448638648,"b11001110101000111111000000100000101111000111010100001000111100110000111001100000",8,17,0,0,1.0441317907930765,127.11857016615062,226.0155543663731,4.6801477021071065,5
1518,"b00000000000000000000000000000000000100011100010111011111001011100000010010000000",3,4123.600002160909,"b01001000001010100001000001000000001010010000010010000000000001111000011100000000",13,13,1,0,0.7732324106898711,266.01707200288865,265.2235222566722,6.248659975957137,3
1519,"b10110001100000000110000000001010001000110000000111101111100011110100110110011010",2,2072.4268767122353,"b10111011111001011111000111010001100000111000010000110001000000110000010110011100",13,10,0,0,1.1939380822396766,255.66881187061847,1.7088079703398078,5.740237870091074,137
1520,"b11001111001000010011000101110001010111000111111100011010110000100100011011100010",1,1786.0520134266744,"b11001110101000111111000000100000101111000111010100001000111100110000111001100000",10,13,0,0,1.0886305067428172,506.11210738985886,179.05102721974038,3.5559798751069494,5
1521,"b11000000000000000000000110010000100001110000000011011100000000010000000000100000",3,2121.572942087143,"b01001000001010100001000001000000001010010000010010000000000001111000011100000000",15,12,0,0,1.23531565809328,433.55053561656064,144.61714261080976,4.137051209081073,3
1522,"b00000100000000011110011100000000110000100111000000001100000000010100000000000000",3,3581.263700097372,"b01001000001010100001000001000000001010010000010010000000000001111000011100000000",13,12,0,0,0.7635840996593803,268.66120270736855,383.2635096582259,2.971370884257832,3
1523,"b01010010000010110000001001110011111111000110111100100001101000100110110000011111",1,1455.19637672157,"b11001110101000111111000000100000101111000111010100001000111100110000111001100000",17,19,0,0,1.2183342408425957,259.8251142099418,122.56006232646867,2.7791583637617037,5
1524,"b00000000001101000000000100000001111001110110000010000000001111100011110000000000",0,3490.402923836228,"b10001000101011100011100100001100010101110100001110000010011001000010110001011000",17,8,0,0,0.7768155831350263,389.70282206897343,239.934847079664,0.7932729906852375,3
1525,"b00000000000000000000110000000001011110100111111111111111100111100100001110000001",3,3627.436954495221,"b01001000001010100001000001000000001010010000010010000000000001111000011100000000",11,25,1,0,0.8436858926370786,401.47753429276287,177.30060764030813,5.811318499585504,3
1526,"b00000000000000000000000000100010000011100000000000000000000000000000000000000000",3,5152.169516843694,"b01001000001010100001000001000000001010010000010010000000000001111000011100000000",18,4,0,0,0.719279406776107,288.63249967862595,140.6392749632493,-0.05830751700767442,3
1527,"b00000000000000000000001001011001110110001010100100000000000000000000000000000000",0,1392.1553899306882,"b10001000101011100011100100001100010101110100001110000010011001000010110001011000",24,5,-1,-1,0.7972772769731393,118.01802039770403,494.8626791454276,3.45040375894894,3
1528,"b00110001101000000110000010001000001000010000001100000101100011011110001110111000",2,4938.158357168524,"b10111011111001011111000111010001100000111000010000110001000000110000010110011100",13,5,0,0,1.1584921676612043,377.0784094828856,362.6558397967228,4.47088238209205,137
1529,"b00000000000111000000000011100000000110000010001000000000000000000000000000000000",3,3315.0078580796558,"b01001000001010100001000001000000001010010000010010000000000001111000011100000000",16,7,-1,-1,0.7343650571884972,276.61822150341334,92.12108117014976,1.9821569170134414,3
1530,"b00000000000000000000000001000000011110000000000000000000000000000000000000000000",3,3844.1033701391934,"b01001000001010100001000001000000001010010000010010000000000001111000011100000000",16,2,-1,-1,0.7305861552526906,462.56272386173566,80.99051454125382,3.8833198274213663,3
1531,"b11010000001110000000011001100000110001010001101111001011011100100110100000011100",0,3571.4612883673917,"b10001000101011100011100100001100010101110100001110000010011001000010110001011000",16,17,0,0,0.8942564646129229,46.485903787522545,246.30532329315938,0.6561134047046686,3
1532,"b00100010001111011111011111111100000010100000000000100010000011000000000000000000",3,2470.507523191138,"b01001000001010100001000001000000001010010000010010000000000001111000011100000000",12,19,-1,0,0.8377918766198633,396.14619673059343,307.586641740899,5.679087166177641,3
1533,"b11000000001010000110111011000001101100000011000000101100011000001110000100001000",3,1776.5685296648608,"b01001000001010100001000001000000001010010000010010000000000001111000011100000000",12,20,0,-1,1.2456632876099705,97.83196567142107,455.62022944978895,4.426313622100727,3
1534,"b00000000001110000011000000001000011110000111110000011001100000000011000000000010",3,2722.4030721637228,"b01001000001010100001000001000000001010010000010010000000000001111000011100000000",12,15,0,0,0.816485240454418,416.18529852985904,128.71145748330034,4.5504709115004145,3
1535,"b00110010111000000110000000011000011000111000001101000101110011010000000110001000",2,4635.201196273198,"b10111011111001011111000111010001100000111000010000110001000000110000010110011100",18,10,0,0,1.071458550359991,63.73184812389704,239.16281201412747,3.693852280903692,137
1536,"b00000000000000000100000000001001001010110111000010001111100001011100001101000000",2,1891.3982893558623,"b10111011111001011111000111010001100000111000010000110001000000110000010110011100",20,7,1,0,0.8677362943774187,81.01645466076295,78.04694581404624,1.285468150621278,137
1537,"b00000000000000000000011000000001000000001110010000001100000000111100000000110010",1,3930.5238522319223,"b11001110101000111111000000100000101111000111010100001000111100110000111001100000",24,4,1,0,0.8539306295907912,147.06977195809114,102.15596089087627,2.8024890136038456,5
1538,"b00001100000000010000001100000000110000000000000000000001010011000001011000001000",3,2526.6547272822245,"b01001000001010100001000001000000001010010000010010000000000001111000011100000000",15,11,0,0,1.1186018210678146,53.12706446389677,152.54029287424015,0.1434422597884794,3
1539,"b00011100001001000100000011011001000001111100011100000011110111111110011111001001",2,3509.701421043751,"b10111011111001011111000111010001100000111000010000110001000000110000010110011100",10,12,0,0,1.0436567646542176,476.2424442099235,12.18694975929633,5.715073317786399,137
1540,"b00000111000000001111011111111100111100001111001100001111111000111011000010000000",3,1019.318092205124,"b01001000001010100001000001000000001010010000010010000000000001111000011100000000",11,31,0,0,0.8344476261246243,166.51278530397096,135.0791823136506,3.052003541002752,3
1541,"b00001100100000100010000011000101101111010110011100011111100011111110001110001100",2,2308.3916495739063,"b10111011111001011111000111010001100000111000010000110001000000110000010110011100",13,15,0,0,1.1402462973939438,484.67291009372764,4.796447502881086,6.045722169146914,137
1542,"b00001100000000011101000001000001100000000100100000000010000010000000000000000000",3,3967.5719462168645,"b01001000001010100001000001000000001010010000010010000000000001111000011100000000",13,7,-1,0,0.806394533227706,502.51433138834636,141.55239887695313,5.879065565568441,3
1543,"b01010000000001101100000010110000111110110000001011000000011000000000000000000000",3,2272.9258832458954,"b01001000001010100001000001000000001010010000010010000000000001111000011100000000",13,15,-1,1,0.7826157451516945,93.68413292464692,113.09073744273249,3.6988026250071853,3
1544,"b00000000000000000000000010000000011100000001110000000100000100000100100000000000",3,6290.093488322483,"b01001000001010100001000001000000001010010000010010000000000001111000011100000000",15,7,1,0,0.7423476234570233,356.4002369690593,230.96585055004059,2.4528296438172337,3
1545,"b00001100000001110010001101000001100000001111011100110011000111000001000010001001",0,3826.601201675413,"b10001000101011100011100100001100010101110100001110000010011001000010110001011000",14,11,0,0,0.8502158363408197,181.08204463545476,77.60502855809267,4.055358344792306,3
1546,"b11000000110000000011000010001010001000000010011110111011100011111110000000001101",2,3011.2684129388176,"b10111011111001011111000111010001100000111000010000110001000000110000010110011100",17,12,0,0,0.8345826387234352,341.53050780248213,192.2025182922355,1.6331503164845507,137
1547,"b01000100001111100000000101000000111111110111101111010110101001010001100001000100",0,1592.0401878082043,"b10001000101011100011100100001100010101110100001110000010011001000010110001011000",13,17,0,0,0.9302018127094193,150.1556998477585,397.1457469435944,2.1259025828807454,3
1548,"b00000100000000110000000011010000011100000111110000110011000000010011000000000000",3,3292.37202642817,"b01001000001010100001000001000000001010010000010010000000000001111000011100000000",13,15,0,0,0.7697722369821615,38.22250848672392,368.83033467542566,0.32216328379009407,3
1549,"b10000001100000000110000010000011000000010110010110011111100001111000010110001100",2,3719.3924970574144,"b10111011111001011111000111010001100000111000010000110001000000110000010110011100",15,8,0,0,0.8279125581110007,259.3516557222711,248.4489144502402,3.8630743554280067,137
1550,"b01100010111101000000000001000000000000010000001111100011111000111110000101101100",2,1793.4674562312177,"b10111011111001011111000111010001100000111000010000110001000000110000010110011100",19,13,0,0,1.0395497940725735,375.5270430873053,416.75419128504757,5.353231164070288,137
1551,"b11000000010011011111100000100000000000000000001100000100000000011000000001000000",3,1151.0889983790864,"b01001000001010100001000001000000001010010000010010000000000001111000011100000000",14,13,0,0,0.7974833024444811,213.7336506289105,487.44843196129614,4.674747602134117,3
1552,"b00000000000000000000000000000000001000000001100000000110000000100100000000000000",3,2116.0915853505476,"b01001000001010100001000001000000001010010000010010000000000001111000011100000000",15,3,1,0,0.7955674841880336,495.90301896148117,209.2127539803296,0.5467788343717277,3
1553,"b00000001100111100001001010000000000010001110000100000000000001100000000000000100",3,1179.690067405681,"b01001000001010100001000001000000001010010000010010000000000001111000011100000000",13,11,0,0,0.8379842647076086,17.729807773101662,350.34295966446206,1.0059604289354422,3
1554,"b10000000000110100000010011000000101101101111111111100011011100000100000000010010",3,1896.4520942418417,"b01001000001010100001000001000000001010010000010010000000000001111000011100000000",11,23,0,0,0.9308764234855582,341.0604341037229,477.99591921565786,5.650731996187995,3
1555,"b00000000100001000000000110001011011010100111011000101011001111111110010100101000",3,480.2628229125415,"b01001000001010100001000001000000001010010000010010000000000001111000011100000000",10,24,0,0,1.072428782913823,461.62371172412827,440.51777291608084,5.8860555928122285,3
1556,"b00000000000000000000000000000000000000000011011000000110000000010000000000000000",3,5222.930407690028,"b01001000001010100001000001000000001010010000010010000000000001111000011100000000",16,4,1,-1,0.7076615201773393,369.46412232864736,2.386821688036912,5.535811591454159,3
1557,"b10100000101100010110000100000000000000100000000000001100000011000000001000000000",3,4136.308761322573,"b01001000001010100001000001000000001010010000010010000000000001111000011100000000",13,9,0,0,0.7937654714735745,68.74534596505409,89.11581219567194,2.2163656152497913,3
1558,"b00000000000000000000000001100000000111000000011000000000000000000000000000000000",3,4757.0159224341205,"b01001000001010100001000001000000001010010000010010000000000001111000011100000000",16,4,-1,1,0.7115925012503908,85.347915676957,59.71436200429632,1.7623065103348998,3
1559,"b00000100000000111110000011101100011110000001101110000000001000000000000000000000",3,3302.221058321834,"b01001000001010100001000001000000001010010000010010000000000001111000011100000000",13,15,-1,1,0.7811590686232917,427.18201547044237,274.5640113081793,0.7804412437526798,3
1560,"b01000000000100000111000000001111001100010011110010111111100011011110010010100000",3,1467.8464421520414,"b01001000001010100001000001000000001010010000010010000000000001111000011100000000",9,23,0,0,1.0306211578132358,360.3165130960543,345.310136403215,2.4039831389621256,3
1561,"b00000000000000000100000000011000000000101110000001001110011011010010001111010001",2,1811.2648799133565,"b10111011111001011111000111010001100000111000010000110001000000110000010110011100",20,7,1,0,0.8842511563321259,423.3499121037925,270.9812090245689,5.71981327851253,137
1562,"b10110000001000010110001100011100101100001001010000010000000101110011000011000000",2,1153.1896188318337,"b10111011111001011111000111010001100000111000010000110001000000110000010110011100",20,11,0,0,0.9417392600775755,503.88127319502075,428.09010289501435,3.406610899770082,137
1563,"b00110001101000000110000010000000001100011100100110001111100011111110011110001100",2,7168.367758697801,"b10111011111001011111000111010001100000111000010000110001000000110000010110011100",7,5,0,0,0.881666731384529,343.1028332653013,61.40980502876164,1.2921864732650798,137
1564,"b00010100000001011000000001100000001110010000111000111010000111011100000100000001",3,2647.5186134778996,"b01001000001010100001000001000000001010010000010010000000000001111000011100000000",10,17,0,0,1.1487333848271892,445.05304542462306,359.587179144361,1.5264187828265317,3
1565,"b01001110000011110000001000000001011000000001110111000011011010000110001100000011",3,2581.3625461846705,"b01001000001010100001000001000000001010010000010010000000000001111000011100000000",10,20,0,0,0.998636516630189,437.7861749709383,248.9583671898134,6.280637055573865,3
1566,"b00000000000010000000000100000001010000001100011000110000110010000001100000000100",0,2462.173212970035,"b10001000101011100011100100001100010101110100001110000010011001000010110001011000",22,6,0,-1,0.7952407164008275,43.4999922061163,269.5234960194396,5.528832513187085,3
1567,"b01100000001110010000001111000100001100000001011011011101111101110001001100000000",3,2579.8124694544094,"b01001000001010100001000001000000001010010000010010000000000001111000011100000000",7,20,0,0,0.8736300678031755,493.87541675193467,97.93925740717191,2.3651112262772873,3
1568,"b00010001101000000101000010001000001000000100000010001111100000011110010000011100",2,4078.068276342359,"b10111011111001011111000111010001100000111000010000110001000000110000010110011100",15,3,0,0,0.8320655598389548,294.85133881805064,119.71698493595747,5.103289020935504,138
1569,"b00000000000000000000000000000000000000001100000000111100110010110001000100000000",3,1570.905917923769,"b01001000001010100001000001000000001010010000010010000000000001111000011100000000",16,10,0,-1,0.85020022290698,158.27747856331555,234.46116232102918,6.205559050469083,3
1570,"b00000000000000000000001000001001111001000001111000000011110001111110000110000000",3,2412.0406439122667,"b01001000001010100001000001000000001010010000010010000000000001111000011100000000",12,16,1,-1,0.8207379164834134,310.1133225931758,269.850474262257,6.16252211098535,3
1571,"b01001000000000000000000000000000110011011100100100000000010000000000101100000000",3,1838.2119179105114,"b01001000001010100001000001000000001010010000010010000000000001111000011100000000",13,9,0,0,1.067745199511983,502.0565143386044,324.6950899422887,3.590543869507915,3
1572,"b00000000000000000000000110000000001111000000011110000000000000000000000000000000",3,3537.409177774499,"b01001000001010100001000001000000001010010000010010000000000001111000011100000000",15,6,0,1,0.7412250843690239,486.3848441595898,115.87566896122108,2.676463627231076,3
1573,"b00010001100000000111000010001110000000001100000000001111100111110000001110001001",2,4274.732905659533,"b10111011111001011111000111010001100000111000010000110001000000110000010110011100",14,5,0,0,1.0480194556116487,374.5481091649255,463.1061318359375,0.1817743656200499,138
1574,"b00000000000000000011000000111000101011110010001000100000100011000000000100000000",3,1445.9976758469934,"b01001000001010100001000001000000001010010000010010000000000001111000011100000000",13,12,0,0,0.7576720815673174,102.74422065131098,166.3950639765897,1.8245329146888882,3
1575,"b00011001101000000110000110100010011100110000111110011111110011111110010111011011",2,4361.567267261462,"b10111011111001011111000111010001100000111000010000110001000000110000010110011100",8,15,0,0,0.9356665382934259,373.9471730935871,17.48282996308894,1.5203990856535916,138
1576,"b01011000000000001101000011010001110000000100000000010000100011000000001101000110",2,3408.5279030514703,"b10111011111001011111000111010001100000111000010000110001000000110000010110011100",23,9,0,0,1.1134046167177045,167.79932384807222,389.96034493727166,2.407228450792114,138
1577,"b10110001110001011011000111000001100010000000010000110001000001100000011110001100",2,4640.773749287873,"b10111011111001011111000111010001100000111000010000110001000000110000010110011100",10,3,0,0,1.1598022068237641,392.609709237327,201.72957344592456,0.5736537247259031,138
1578,"b10000000101000000110000010001100001000010010111100101011100011001000000110101100",2,3413.646381769066,"b10111011111001011111000111010001100000111000010000110001000000110000010110011100",16,8,0,0,0.9390266412322714,300.80480809381163,178.03667442447642,4.66411014684908,139
1579,"b00000000000000100000000011000000011110110000111100011011011011110000010001000000",3,2266.790745403164,"b01001000001010100001000001000000001010010000010010000000000001111000011100000000",9,15,0,0,0.870671909700228,321.34388536124396,4.582681639769982,0.5305994471842559,3
1580,"b00000000000000000000000000000100000100010000000110001000110000110000000000000010",3,2239.4142613512613,"b01001000001010100001000001000000001010010000010010000000000001111000011100000000",15,7,1,1,0.7553391666495568,181.4958130489853,424.9942494875843,4.400877350308138,3
1581,"b00110000101000000001000110010000100000000000010000010001000001100000010110011100",2,3879.7270844124487,"b10111011111001011111000111010001100000111000010000110001000000110000010110011100",17,1,0,0,0.8695802969543794,237.56553453723322,281.4022904029405,2.4369016294370383,139
1582,"b01100000001111101010111111000011111111001111111100111001010001100011000101101100",0,1258.7893270822913,"b10001000101011100011100100001100010101110100001110000010011001000010110001011000",11,24,0,-1,1.0221122301479286,408.85638803832916,500.2395888300397,5.630833399018435,3
1583,"b00100001100000000110000010001010011010111100111111011111100011111110001100000000",2,3501.548877384006,"b10111011111001011111000111010001100000111000010000110001000000110000010110011100",12,12,0,0,0.9322776285780392,323.9985191946389,21.039536807579733,2.804775281279612,139
1584,"b00010000000000000000000110000000111011100011011111011010001011111011100100000000",3,2875.850256189279,"b01001000001010100001000001000000001010010000010010000000000001111000011100000000",10,20,0,0,0.891554305029062,275.6606507379236,369.9314195272956,1.8750061078362399,3
1585,"b10000011110000110001001110010110110000110000110010111000000011000000000110001000",2,2694.845835355348,"b10111011111001011111000111010001100000111000010000110001000000110000010110011100",17,10,0,0,1.1422385803987547,263.55206858783686,449.1023067846373,1.319481889589499,139
1587,"b00000000000000000000010001101000011001110001110000000010000000000000000000000000",3,3410.0467576625147,"b01001000001010100001000001000000001010010000010010000000000001111000011100000000",15,9,0,1,0.7452742926712441,183.9817306226572,114.71323214359045,4.022215237750514,3
1588,"b00000000000100000000000100000001011111100011010110101001000000000000110000000000",3,2124.7383612647272,"b01001000001010100001000001000000001010010000010010000000000001111000011100000000",14,14,0,0,0.783561974476309,220.75360694446428,58.67464101543099,1.1196722440941864,3
1589,"b00001000000100100001100001100000001010010000111001000000000010001000010001000000",3,3892.975973321136,"b01001000001010100001000001000000001010010000010010000000000001111000011100000000",9,8,0,0,0.9421684108137627,232.00459030192476,192.83607690322057,5.730447701620812,3
1590,"b00110001101000000111000010010001001100000100011100001101100011010000010110001001",2,3753.9372561875607,"b10111011111001011111000111010001100000111000010000110001000000110000010110011100",15,8,0,0,1.084498715842035,62.94430155886756,193.40021290670845,5.241365893295033,139
1591,"b00111000000011100000000011000000011000000010000001010000001000000000100000000000",3,2323.179682776627,"b01001000001010100001000001000000001010010000010010000000000001111000011100000000",14,10,-1,1,0.758018812839296,46.86525983384013,89.28556773643955,5.594915035819184,3
1592,"b11000001000000000100000100000000000110010000110010000001000000100000000011000000",3,2549.344083016802,"b01001000001010100001000001000000001010010000010010000000000001111000011100000000",13,9,0,0,1.0943529669470018,3.7857434310210056,296.75635304573257,4.7021687447843945,3
1593,"b00000000000000000000000000000001100100000011101110000100011000000001110000011000",3,2276.1856170405676,"b01001000001010100001000001000000001010010000010010000000000001111000011100000000",14,12,1,1,0.7693810118863722,120.31527636252459,382.4510206388095,2.430529720694139,3
1594,"b00000000000000000000000001000000001110000001001110001111000000000000000000000000",3,2893.0876021354643,"b01001000001010100001000001000000001010010000010010000000000001111000011100000000",15,8,0,1,0.7554027832510449,97.60958764722578,129.5872779129317,3.17425006854447,3
1595,"b00100100001001111111100111100100100100001100000000011000000000110001100001100000",2,1572.4554278987325,"b10111011111001011111000111010001100000111000010000110001000000110000010110011100",20,12,0,0,0.9294576185207346,146.91480429341473,115.0625258203656,5.293111696096071,139
1596,"b10110001111001001111000011110001100000001000011000010001000001100000000110000100",2,6079.517162483517,"b10111011111001011111000111010001100000111000010000110001000000110000010110011100",11,3,0,0,1.3396549476334592,294.3020374906416,281.0139644325379,3.4212028972519377,139
1597,"b00000000001000000000100000000000010000000001100001100110000000110110000010010110",3,1553.0833901774868,"b01001000001010100001000001000000001010010000010010000000000001111000011100000000",13,11,1,0,0.8449006936016977,309.8469203276484,336.024187130594,0.8047011339648877,3
1598,"b00000011101011001101111101111000011111010010111000111001100011000010001100000000",3,2418.328393238462,"b01001000001010100001000001000000001010010000010010000000000001111000011100000000",8,26,0,0,0.9263593609340277,26.92088527004483,320.56786866285125,5.652298225009787,3
1599,"b00000000000000000000000010000001110000000100000001000000000001000001000000000100",3,1011.6286077690884,"b01001000001010100001000001000000001010010000010010000000000001111000011100000000",17,7,0,0,0.9119313405358449,181.69756734511432,332.48246531767006,4.811114546510151,3
1600,"b11000000000110000000000001000000001110000000100000000000001000000000000000000000",3,2616.0294392659516,"b01001000001010100001000001000000001010010000010010000000000001111000011100000000",14,5,-1,-1,0.7442137693407136,508.8567576452363,284.2709771760682,2.6558447991447376,3
1602,"b00100000000010010000000000000000001000000011000000000011100000000111110000000000",3,2885.988772418018,"b01001000001010100001000001000000001010010000010010000000000001111000011100000000",12,7,0,1,0.8453246593755104,111.39913545479375,416.9953043268542,3.065488612395195,3
1603,"b01000000001100010000101111000010011000100001000010000000001000000011100000000111",3,1119.8575125857155,"b01001000001010100001000001000000001010010000010010000000000001111000011100000000",13,16,0,0,0.8780316123311317,331.42561338493624,403.30323399922935,4.820758888960219,3
1604,"b01000000100000000010000001001111001110000000001110010111100001111000010000000100",3,1004.988837463093,"b01001000001010100001000001000000001010010000010010000000000001111000011100000000",9,15,0,0,0.939283721693606,80.7086419880449,500.27966776242266,5.487811206955762,3
1605,"b00110000001000000010000110001010001011101110111100111111000111011110010100001001",2,1491.9576724426838,"b10111011111001011111000111010001100000111000010000110001000000110000010110011100",15,15,0,0,0.9751068709353815,485.1056335522895,100.76625018013739,0.37784262673469493,140
1606,"b00000000000100000000000000001101101100001111001100000000000011100000000000000000",3,1067.2343617102638,"b01001000001010100001000001000000001010010000010010000000000001111000011100000000",14,11,0,0,1.024683406607076,9.42721248269081,73.59737129807472,3.1881289384817784,3
1607,"b10111001111001011011000111100001110000001000011000011001000000100000000110011000",2,4602.558357893304,"b10111011111001011111000111010001100000111000010000110001000000110000010110011100",9,4,0,0,0.8486793294216465,390.28441911999397,385.37463812509094,4.197115405531362,140
1608,"b00000000000000000000000000001100001100110000000000001100110000111010000001000000",3,3041.349056877284,"b01001000001010100001000001000000001010010000010010000000000001111000011100000000",14,10,1,1,0.7604814780895599,452.12421871761654,354.90402942597717,3.102159210219618,3
1609,"b00001000000000100011000000001111000000010000000001011100000001110000000100000000",3,2833.3242279212736,"b01001000001010100001000001000000001010010000010010000000000001111000011100000000",11,9,0,0,0.8098729891111964,378.5508854093773,51.77886809131234,2.6536409551155815,3
1610,"b00000001100000000010000000000100001000000010011000011111100011111010011100000000",3,3195.835198003525,"b01001000001010100001000001000000001010010000010010000000000001111000011100000000",10,14,0,0,0.961739233581754,456.0958668618445,211.51910428799624,-0.12311898453602663,3
1611,"b00001001110100010000011001100000000011100000001000010100011000000001100100000100",3,3527.0430681123325,"b01001000001010100001000001000000001010010000010010000000000001111000011100000000",15,18,0,1,1.420756009546397,33.80792304976872,201.54152391217397,1.568333174807055,3
1612,"b00000000000000000110000000110000111101101001100000110000000010000000010000000001",3,4070.2716803488347,"b01001000001010100001000001000000001010010000010010000000000001111000011100000000",12,11,0,0,0.9381551699717865,160.5362941415757,54.41459455149378,0.6783199344168314,3
1613,"b00000000000000000000000000100000110001000000001110000110001000001000010000000000",3,1951.2811794769852,"b01001000001010100001000001000000001010010000010010000000000001111000011100000000",16,9,0,1,0.7741658261880677,436.7095056601485,214.10250040422758,1.214271457158265,3
1614,"b00100000101000000110000010011010001000011100000010001101000001010010011110101101",2,6435.759580365428,"b10111011111001011111000111010001100000111000010000110001000000110000010110011100",13,5,0,0,0.8565555602136695,278.8916112460754,252.73025680755745,1.4363738871023908,141
1615,"b00011000000000110000001111111011111110000111111100011100100001100010010110011000",3,1360.9065906241076,"b01001000001010100001000001000000001010010000010010000000000001111000011100000000",9,27,0,0,0.9096464340925505,480.22683878956434,265.75055258283635,2.517842623853579,3
1616,"b00000000000000000000000000000010011001001011111101000010001100000000000000000000",3,3405.1901898047777,"b01001000001010100001000001000000001010010000010010000000000001111000011100000000",14,10,1,0,0.8330810792593529,130.38077525209852,428.7346675744026,3.416540036998973,3
1617,"b00010010011011011110100011111000011100110010100010000000000001100000000010001000",3,1309.7349850273438,"b01001000001010100001000001000000001010010000010010000000000001111000011100000000",12,21,0,0,1.3657806282005218,332.94230501402717,472.2829656678537,1.5584579893251838,3
1618,"b00000000100000000001000000011110000101100000000000000011000010001100000000100000",3,1839.0802274678356,"b01001000001010100001000001000000001010010000010010000000000001111000011100000000",15,11,0,0,0.7415151744217506,407.3142998460847,153.03934418094227,2.0170603862182426,3
1619,"b10000000101111100010100100000100001101100000001110000010101000010001000001001000",0,2104.727886801271,"b10001000101011100011100100001100010101110100001110000010011001000010110001011000",12,5,0,0,0.8729608324481399,50.889403670335334,276.70231133781385,4.545847292357488,3
1620,"b01110001000010011110011011110000101101000110000001000001011110000111100100001000",3,1322.38472324349,"b01001000001010100001000001000000001010010000010010000000000001111000011100000000",11,25,0,0,1.15242655136713,75.1075411233106,422.40960388058727,1.3605935791108368,3
1621,"b00000000001110000000011000001101110110001110000011011001110000000000010000000010",0,1269.7430767798414,"b10001000101011100011100100001100010101110100001110000010011001000010110001011000",19,11,0,0,0.999741289644339,260.2533912360335,496.82055556085965,6.648571842916143,3
1622,"b00000000000000000000001000011001101000000001111000000001110000000111100000100000",3,4082.8075007915495,"b01001000001010100001000001000000001010010000010010000000000001111000011100000000",13,12,1,0,0.7510816051340067,370.07230713901106,70.19303110794787,5.100494033128683,3
1623,"b00000000000000000000000000000000000000000000000110011100000001000000000000100000",3,1688.7423465731147,"b01001000001010100001000001000000001010010000010010000000000001111000011100000000",17,5,1,0,0.7264391757994756,332.1685288083621,277.36591853045877,2.721976707760155,3
1624,"b00000000000000000000000000000000001100000000111000000010000000010000000000000000",3,2383.5513723222584,"b01001000001010100001000001000000001010010000010010000000000001111000011100000000",16,4,0,-1,0.7399809071054145,90.59418516892653,331.7067631333228,4.196841537260477,3
1625,"b00000000000000000000000011100100101000110000010010000000000101101000001100000000",3,5302.976616596508,"b01001000001010100001000001000000001010010000010010000000000001111000011100000000",9,6,1,0,0.8786036172323153,256.3313956556708,346.6806888282166,1.0940949016608341,3
1626,"b01100000000110100000000100000000001000010000100000000001101110000010000100000000",3,2001.0113265583811,"b01001000001010100001000001000000001010010000010010000000000001111000011100000000",13,10,0,0,1.0255780291398642,33.9932688505612,418.8403878827052,0.7770479578878979,3
1627,"b00000000001000000000000010010001110100100000010001010001000101100000000000000100",3,1521.2381143858677,"b01001000001010100001000001000000001010010000010010000000000001111000011100000000",15,12,1,0,0.8236294075738657,115.3493184050139,307.73484667528857,2.0309097253854294,3
1628,"b00000000000000000000000000000000001111100000111000000101111100111100100000000000",3,2312.6846523762724,"b01001000001010100001000001000000001010010000010010000000000001111000011100000000",13,13,1,1,0.7494171612784377,506.31957105565573,332.19274429999,1.336120568331111,3
1629,"b11100000001101000000100011100010011100010001101000000010110100000001110011010000",3,2475.643830627365,"b01001000001010100001000001000000001010010000010010000000000001111000011100000000",12,21,0,0,0.9533050936048539,240.83206769215874,290.31537431157454,2.563058607329433,3
1630,"b00000000000011000000000011100000101001000011000111000100000000011000000000000000",3,3255.2875322784057,"b01001000001010100001000001000000001010010000010010000000000001111000011100000000",13,10,0,1,0.8214235337029308,48.69359402850676,393.01542403422843,0.18008488493098743,3
1631,"b00000000001000000000000011000001001000101100011011110000000100010011010000000001",3,2512.504687493989,"b01001000001010100001000001000000001010010000010010000000000001111000011100000000",12,13,0,0,0.8747007823660536,287.1186178932156,412.57832324937766,5.364023208739814,3
1632,"b11000100001110010000001111000000001001000000100011000000000000000011000000000000",3,2563.0869104091444,"b01001000001010100001000001000000001010010000010010000000000001111000011100000000",13,12,-1,0,0.9079306820266497,70.31630266770134,237.0068898852099,0.9975859396296766,3
1633,"b00000000000000000000000001000000111111000000100000001000000000111000000000100000",3,2184.157034448949,"b01001000001010100001000001000000001010010000010010000000000001111000011100000000",13,7,0,-1,0.7715041014015547,120.06160722585409,367.8266866350545,3.7394187705198325,3
1634,"b00000000000001000111000100000001100010001100001000001100001000110000100000000000",3,2154.313221001241,"b01001000001010100001000001000000001010010000010010000000000001111000011100000000",15,13,0,0,0.7649196263814714,188.35970698111592,147.02750637836508,5.844798870921727,3
1635,"b00000000000000000000000000000000000111100000111110011111111111111110001110000000",3,3689.514116958572,"b01001000001010100001000001000000001010010000010010000000000001111000011100000000",10,19,1,0,0.876044639251059,284.7124960858188,306.8934709787333,5.772159018650287,3
1636,"b01010000001101100000000000000000011110100000001001000000010001111000110000100000",3,2315.388258644768,"b01001000001010100001000001000000001010010000010010000000000001111000011100000000",9,11,0,0,0.8723829220814626,374.3551341633896,81.35166320134682,1.3509139267445602,3
1637,"b10000000000100000001011110000000110000000011000000001100000000011000100001000000",1,1272.5102783034247,"b11001110101000111111000000100000101111000111010100001000111100110000111001100000",25,6,0,0,0.8426579481111475,139.9317295012464,190.93710914852795,2.1479511882566067,5
1638,"b00000000000000001000000011100001011111100100011110001000000000110000000000000000",3,2489.9395624161375,"b01001000001010100001000001000000001010010000010010000000000001111000011100000000",12,12,0,0,0.796462973454472,297.1340073866061,236.82920385770487,1.5467297802571478,3
1639,"b00000000000000000000000000011000001001111011110000000111000001111000000110000000",3,3993.2805775982315,"b01001000001010100001000001000000001010010000010010000000000001111000011100000000",11,12,1,0,0.8073719631153471,437.01413350575575,339.43888684485887,1.4791243242613823,3
1640,"b00000000000000010000001011000000111111000011011000010001000010000000000000000000",3,5538.653837222397,"b01001000001010100001000001000000001010010000010010000000000001111000011100000000",15,13,0,-1,0.7333927940595679,253.56373741890502,109.45607203273534,0.3425993853245096,3
1641,"b00101000000000100000000011000010011111000000001101010010010111001000001000000100",3,1867.5439769977888,"b01001000001010100001000001000000001010010000010010000000000001111000011100000000",11,15,0,0,1.2987423460259713,378.1178303900029,42.615833095413045,1.8990487768336832,3
1642,"b00001100000000000100000000010000000101000000011100011000100011101010100000100011",3,1901.457965984422,"b01001000001010100001000001000000001010010000010010000000000001111000011100000000",14,16,0,0,0.8701405607901519,361.82574553864436,378.1482330404969,3.3954915969933053,3
1643,"b00000000000000000000000000011000000011100001111000001111000111100000000100000000",3,4006.948907910635,"b01001000001010100001000001000000001010010000010010000000000001111000011100000000",14,13,1,0,0.8530189727133793,419.2799235995033,43.83084102203618,0.3161535305570281,3
1644,"b00000000000000000000000001000000000111000000010000000000000000000000000000000000",3,7693.417677321863,"b01001000001010100001000001000000001010010000010010000000000001111000011100000000",16,2,0,-1,0.6961104166606759,125.85884666906495,246.37530732328705,0.6002517871469455,3
1645,"b00010000100100000010000001000101000110101110001100010011100001101100000110000110",0,3836.2882293529565,"b10001000101011100011100100001100010101110100001110000010011001000010110001011000",17,12,0,0,0.8924332295277898,307.11479359130726,76.5177312910382,6.089029833134271,3
1646,"b10110000000110111110011111111000000000001100100110100110000011000000010011000000",3,1223.2308431230435,"b01001000001010100001000001000000001010010000010010000000000001111000011100000000",11,23,0,0,1.1788126529608483,440.42722443871986,366.9837206350758,2.145315798772626,3
1647,"b00000000110000011110000000101100000000010000011000011000000000000000000000000000",3,4561.214689092082,"b01001000001010100001000001000000001010010000010010000000000001111000011100000000",12,7,-1,1,0.7899294268267172,486.7306138658409,204.9133456186711,0.41440335449155086,3
1648,"b00111000000011010000001101100000110110000011000000000110000111111010011100000000",3,3964.9854498731065,"b01001000001010100001000001000000001010010000010010000000000001111000011100000000",8,17,0,0,0.8070079491335592,351.99525650113975,3.7315920467615347,2.964478925026638,3
1649,"b00100000001110000000001100000000110110000011011000001110000000001100100000000010",1,3030.0709583615035,"b11001110101000111111000000100000101111000111010100001000111100110000111001100000",23,8,0,0,0.7725329456993885,130.42256346430395,80.15788006439008,1.4236356666658725,5
1650,"b00100011101000000110000110001000011000010000001000011111100011010010010110001001",2,4394.700228311907,"b10111011111001011111000111010001100000111000010000110001000000110000010110011100",14,7,0,0,0.9076933067536268,402.4064571381161,110.5784415571403,4.668967003499324,141
1651,"b00111001001100000110000010001000011000111101001110011111100011111011010111001100",2,5328.8883590622845,"b10111011111001011111000111010001100000111000010000110001000000110000010110011100",6,9,0,0,0.8776040683284778,385.7681601012328,103.26815444471285,3.1435392531386364,141
1652,"b00100000001000100010000010001111000111001111011100011111110111110011010010000000",2,2124.0235644535023,"b10111011111001011111000111010001100000111000010000110001000000110000010110011100",17,16,0,0,0.8948096416753216,176.1931391554773,102.39597066452372,4.9894998420321315,142
1653,"b00100000000010010000001001000000001101110000000111000000000000000000000000000000",3,2073.737860647187,"b01001000001010100001000001000000001010010000010010000000000001111000011100000000",14,8,-1,1,0.767483389576006,453.68211949959175,473.49052027794403,0.4935509386573945,3
1654,"b00000000000000000000000000000000000000000100110000000011110000011000000001100000",3,2761.3567673866182,"b01001000001010100001000001000000001010010000010010000000000001111000011100000000",16,8,1,0,0.8098377073950935,314.1871704339981,427.7388728618622,4.558945778128857,3
1655,"b00000000000000000010000010010000001001001100011010001111101001111010000100000000",3,2741.1405227606438,"b01001000001010100001000001000000001010010000010010000000000001111000011100000000",11,14,1,0,0.74817701057852,77.87534721340081,333.7025981160795,0.43536279698497093,3
1656,"b00000000000000000000001110000000010011001000001100000000011001000000110100000000",0,2109.8275725975927,"b10001000101011100011100100001100010101110100001110000010011001000010110001011000",22,5,0,0,0.8213314362287711,306.14923358239946,69.15322977686307,4.663547662217079,3
1657,"b00110011000000000110000000011100001000110000100110001011100011111010010000001100",2,4161.567865636805,"b10111011111001011111000111010001100000111000010000110001000000110000010110011100",13,5,0,0,1.1171723244488174,127.92768107425316,353.1021284011664,3.948574146971248,142
1658,"b00110001000011000100001111000000011100101101110110111110000001011100011000110011",3,2275.322861570874,"b01001000001010100001000001000000001010010000010010000000000001111000011100000000",9,26,0,0,0.8634502784701383,363.93046005758487,325.8123336954198,4.2052085067506795,3
1659,"b00000000000000000000000000011000000000110000011000000111000000111000000001000000",3,3418.772527989446,"b01001000001010100001000001000000001010010000010010000000000001111000011100000000",14,8,1,1,0.788342104732919,456.90843457889656,500.977999414012,4.561352273026044,3
1660,"b11000000000101110000000110001011011000110100100011000110010000100101100000010010",3,1069.554289590433,"b01001000001010100001000001000000001010010000010010000000000001111000011100000000",13,22,0,0,0.9552692316914744,319.14449124679805,297.83018726809615,5.13777094924434,3
1661,"b00000000000010000000011110100011111010001111111000001011110000000111000000000010",0,3943.1068998884953,"b10001000101011100011100100001100010101110100001110000010011001000010110001011000",18,14,1,-1,0.8463288433487528,1.8609126336029194,75.73252214241433,4.8532953032277675,3
1662,"b00000000000000000001000000110100011111000001111011000101000000010000000000000000",3,2443.067929614005,"b01001000001010100001000001000000001010010000010010000000000001111000011100000000",13,12,0,1,0.753341350985734,15.643356077703764,483.04438108906555,2.0941679338322317,3
1663,"b00000000000000000000000000000000000000000000000110000111100000110000010000000000",3,3492.5868810770007,"b01001000001010100001000001000000001010010000010010000000000001111000011100000000",15,5,1,1,0.7693154146506918,280.32092973297716,42.832746303442754,2.538264233059304,3
1664,"b00101000000101110010000000000001100010111000000000110000000011000100000110000000",0,1889.2166411766634,"b10001000101011100011100100001100010101110100001110000010011001000010110001011000",18,6,0,0,1.0810515198517656,408.6264036111755,437.5926794746173,3.831887711919115,3
1666,"b00000000000000000000011100110000010011100011000011011000000010001000000000000000",1,3569.3285825355097,"b11001110101000111111000000100000101111000111010100001000111100110000111001100000",25,6,0,0,0.7524132033467541,276.75769957693706,217.62575848351227,3.1246824213055557,5
1667,"b00100001000000000001000000000110000000101010011000100011100110111011011011001000",0,935.2300710197173,"b10001000101011100011100100001100010101110100001110000010011001000010110001011000",21,15,0,0,0.9078305970801971,234.3266055494963,363.2405748624223,5.608155360904503,3
1668,"b00000000001101000011011101001000110000101110101000101100100100000011010000010000",0,4308.0671264980465,"b10001000101011100011100100001100010101110100001110000010011001000010110001011000",10,5,0,0,0.8032856998424007,169.56773198692545,479.5204711359312,4.621126493049129,3
1669,"b00000000000000000000000000001100000000110000000010001110000000111000000001000000",3,4265.086185958342,"b01001000001010100001000001000000001010010000010010000000000001111000011100000000",14,7,1,1,0.7836710958180196,406.65721332369617,218.41454103151156,4.294139086742641,3
1670,"b00110000101000000010000010001100000000011100000100001001100011010000011011001100",2,6197.775621600332,"b10111011111001011111000111010001100000111000010000110001000000110000010110011100",13,1,0,0,0.8594520872130436,327.11707608885314,162.73274404432314,1.1465772170161639,142
1671,"b00000000100000000110000000000110010010000001000110110010110011110000000100000000",3,1679.6270183906272,"b01001000001010100001000001000000001010010000010010000000000001111000011100000000",13,14,0,0,0.8154471438442545,328.9765596387667,347.10211240884985,0.781691361900885,3
1672,"b11000000001101100010111111101101010110010010010111000011111101101111110000001000",0,3065.232471217275,"b10001000101011100011100100001100010101110100001110000010011001000010110001011000",10,19,0,0,1.077747001791112,497.2983869801752,25.180590626003912,4.972691600477344,4
1673,"b00001001000000001100000000000000111000001111000000000000000000000000000000000000",3,5537.759160450671,"b01001000001010100001000001000000001010010000010010000000000001111000011100000000",14,6,-1,-1,0.7218956691166092,252.46181140154732,156.90543114042492,6.024842403935072,3
1674,"b01110001000000000010000110000100011001101110000100001111100001011000000111000100",2,3617.61110500428,"b10111011111001011111000111010001100000111000010000110001000000110000010110011100",16,8,0,0,0.8964129955200485,15.031497121476185,300.9532414259514,3.3057112232787063,143
1675,"b01001000001110100000000101000000000000000000000010000000000001010000111101000000",3,5855.3377541160235,"b01001000001010100001000001000000001010010000010010000000000001111000011100000000",7,4,0,0,0.9324320163066081,287.4024281131112,195.02447181305683,3.12557660055559,3
1676,"b00011100101110010010110000001000000011100001111110110010011001000110110011000011",0,1771.3436876789406,"b10001000101011100011100100001100010101110100001110000010011001000010110001011000",12,15,0,0,1.1902429400636994,479.9986108267978,173.74554241271247,3.5344420006350283,4
1677,"b00001100000001100000000011110000011110000100001000000000000000000000000000000000",3,2296.404439524281,"b01001000001010100001000001000000001010010000010010000000000001111000011100000000",14,9,-1,-1,0.786745072929644,427.38509036440473,416.1402026099269,0.7523751361525595,3
1678,"b11111100001010011100000000010011000000101100000000000010011000000000000000000000",3,2213.9434037003675,"b01001000001010100001000001000000001010010000010010000000000001111000011100000000",12,13,-1,-1,0.8115602875662419,181.7074205818959,165.97906132537022,1.4665434811453613,3
1679,"b01010000001101100001000000000000001000010000011000011010001011111000010000000000",3,4527.2001500594315,"b01001000001010100001000001000000001010010000010010000000000001111000011100000000",7,9,0,0,0.8878904436254663,343.4463192725962,45.87123490901278,4.421587399749839,3
1680,"b00001100000101000000011111100000011111100001110110001000010000000000000000000000",3,2491.6552797301015,"b01001000001010100001000001000000001010010000010010000000000001111000011100000000",13,17,-1,0,0.7960879301557567,381.61731110778993,416.8025261250321,3.391247357136715,3
1681,"b01100011100000000100000110001010010000011100001100001111100000011110010000001101",2,3648.432445075247,"b10111011111001011111000111010001100000111000010000110001000000110000010110011100",15,8,0,0,0.9426587111553862,223.14048673391105,8.08723134016904,4.011265605151944,143
1682,"b00001000001000100000000001001100000100000000011101011000001011111000000001000000",3,5150.138052700981,"b01001000001010100001000001000000001010010000010010000000000001111000011100000000",10,11,0,0,0.9462547883133468,161.2170027005787,317.89352855994815,3.7208341384887342,3
1683,"b11000000000000000111000000000011000000000110001000000111110000000000010000000011",3,1999.6541338305356,"b01001000001010100001000001000000001010010000010010000000000001111000011100000000",13,12,0,0,0.996562844770722,205.23222848619864,423.02439290326043,4.066630209552281,3
1684,"b11000110010001111011001101010000001100111100010000111101000001100110110000110000",2,2551.831789658138,"b10111011111001011111000111010001100000111000010000110001000000110000010110011100",15,14,0,0,0.9529696698317004,89.67647811490176,160.9570386507492,2.4560656984866616,143
1685,"b01100000001111000001000111000000011101000001100110000000011000000000000000000000",3,3230.1598444762376,"b01001000001010100001000001000000001010010000010010000000000001111000011100000000",12,13,-1,0,0.7863019902209258,360.0807004625314,64.16900733734138,2.1784650976164,3
1686,"b00000000000001110110000011100011010010000110011000100000000000000000000000000000",3,2244.85614516325,"b01001000001010100001000001000000001010010000010010000000000001111000011100000000",15,13,-1,0,0.7553322884927701,18.198106890785873,267.8609186033253,1.7453872876250474,3
1687,"b00100001101000000110000010001011000001010100000000000001100011101110001011001010",2,3018.628298363045,"b10111011111001011111000111010001100000111000010000110001000000110000010110011100",16,6,0,0,0.9138879695158894,445.71131841205454,461.9168341237111,1.4064209883312293,143
1688,"b00000001100000000110000111001000011100010010011110000001100011011110011000001000",2,2917.712837762866,"b10111011111001011111000111010001100000111000010000110001000000110000010110011100",17,9,0,0,0.7968654421421781,377.2368078162832,34.77846524854844,1.920607515769082,143
1689,"b00100000100011000010000110000100000111101100111000010110100111010010011110000000",0,2086.2426438381244,"b10001000101011100011100100001100010101110100001110000010011001000010110001011000",17,15,0,0,0.8271917866683682,109.67326702718321,212.32484954125485,2.149576078612014,4
1690,"b00000000000000001100001100110000001111000000110000000000000010000000000000000000",3,6002.4503838264945,"b01001000001010100001000001000000001010010000010010000000000001111000011100000000",14,8,0,-1,0.7648543372149937,428.0814433197149,52.170512610389345,1.0822386827705532,3
1691,"b00000000000110010000000111100000001110111000000111110110001001010000100100000000",3,1774.4670068905398,"b01001000001010100001000001000000001010010000010010000000000001111000011100000000",10,16,0,0,0.8492066308599153,212.1063092255712,255.77599237847767,0.8022377803906908,3
1692,"b00000000100000000111000100111000110111000100110000110000000011100000000100000000",3,4488.8979666304385,"b01001000001010100001000001000000001010010000010010000000000001111000011100000000",13,16,0,0,0.7693407713610317,3.8812518901881914,93.02464460009304,1.2026132951813566,3
1694,"b01000000001001000000000001111100111111111010001010100011001111001000001100000000",3,1673.2757197295336,"b01001000001010100001000001000000001010010000010010000000000001111000011100000000",8,19,0,0,0.9882451896060648,497.93580575046127,236.40180655133918,3.450724252303573,3
1695,"b00000000000000010100000000111101111011000011000000000010000000000000000000000000",3,1591.5743413090281,"b01001000001010100001000001000000001010010000010010000000000001111000011100000000",13,9,-1,0,0.7407479648574049,365.26659111070074,268.3721876700774,1.9973898721806345,3
1696,"b00000000010000000111000001000000001000000010011000001110000001110000000000000000",3,2900.1353745083006,"b01001000001010100001000001000000001010010000010010000000000001111000011100000000",12,8,0,0,0.851835833182011,92.62578054927695,490.14460484312247,2.694513259265392,3
1697,"b00010000001000000000000010000000011011110110111111011111100011111011011100000000",3,4383.5749416617955,"b01001000001010100001000001000000001010010000010010000000000001111000011100000000",6,20,0,0,0.7994062668502587,269.892367823572,72.76584039124329,3.9618450208564995,3
1698,"b00000000001001111111001110000100110110000100001000000000000000110011100011001100",0,1845.941686387785,"b10001000101011100011100100001100010101110100001110000010011001000010110001011000",17,12,0,0,0.8878686189032137,309.66810977088824,315.75963707394817,0.8513536811645475,4
1699,"b00000000000000000000000000001000001000101100100000001011000011011110111100001101",2,4665.136010244991,"b10111011111001011111000111010001100000111000010000110001000000110000010110011100",18,4,1,0,0.8619500692334281,310.8468764692858,242.07771204100194,0.10701559942300327,143
1700,"b00000000000001100000000000011000000011101000001111001111110001111110001111001111",2,1635.8864714660372,"b10111011111001011111000111010001100000111000010000110001000000110000010110011100",16,12,1,0,0.958316941268411,497.01151546318374,355.35679123929873,1.6968396989498225,143
1701,"b11000001001000000000000000001011001100000011000000010110000000001011100001111000",3,2953.4103399786463,"b01001000001010100001000001000000001010010000010010000000000001111000011100000000",12,15,0,-1,1.0937314612328657,150.1165491719325,428.0003670939836,0.6275842072042155,3
1702,"b00010000000110110000000110001100011000000001110000000101000001110001000100000000",3,1569.805053752998,"b01001000001010100001000001000000001010010000010010000000000001111000011100000000",11,13,0,0,0.8358533166886312,203.91187569783128,471.2611513758552,6.199719415108534,3
1703,"b00110001110000001011000110010000100000111110010001111000000101000000000000000000",2,2267.702741062579,"b10111011111001011111000111010001100000111000010000110001000000110000010110011100",18,6,-1,0,0.9401617056229536,190.58936013799857,351.65718630254463,6.312869155222534,143
1704,"b00110100100101000000011100000000000000000001111000101100000000010000001100000110",3,1536.8707111851404,"b01001000001010100001000001000000001010010000010010000000000001111000011100000000",15,17,0,0,1.066043133019465,115.84993504278864,306.37165869364236,5.893514236549121,3
1705,"b00111001001000000111000000001100000000011100000110001100000011110000010111001000",2,4896.848852766905,"b10111011111001011111000111010001100000111000010000110001000000110000010110011100",13,3,0,0,1.0350060849130245,240.21799689556218,36.038396438516024,6.021988909752378,143
1706,"b00000000100000010110000010111000000000000111110000010110000000111100000000000000",3,2478.8792708628976,"b01001000001010100001000001000000001010010000010010000000000001111000011100000000",11,12,0,0,0.8358639349142424,33.203221092317186,155.25584305731965,0.44533155558987125,3
1707,"b00100000001000001110000010111000001100010010011100010100100111110000010111001101",2,3224.889076400034,"b10111011111001011111000111010001100000111000010000110001000000110000010110011100",15,10,0,0,0.9000458056350256,434.67102219280184,321.6727494798176,4.643022460747778,144
1708,"b00000000000101000000001100000010110000000011000000000000000000000011000000000011",0,2170.5389856622655,"b10001000101011100011100100001100010101110100001110000010011001000010110001011000",23,4,0,0,0.9574472704128206,253.9373456581517,363.47119093081824,4.073611046177183,4
1709,"b00011001101000000110000010001010001000011100111110001111110011111110011111011001",2,5450.271571596476,"b10111011111001011111000111010001100000111000010000110001000000110000010110011100",4,8,0,0,0.9302042261783521,482.23263428876885,241.64690580654366,3.098873999961725,144
1710,"b10100000000000100011000100001000000001100000000000111100001010000000000001000000",0,1620.0729316079278,"b10001000101011100011100100001100010101110100001110000010011001000010110001011000",22,6,0,0,0.9197901467900914,393.7603938643997,289.69955541544437,6.2142762468816155,4
1711,"b00000000000000010000000010000000001110000000110000000000000000000000000000000000",3,9714.677650750618,"b01001000001010100001000001000000001010010000010010000000000001111000011100000000",16,4,0,0,0.6938678590486986,67.3155809802963,42.57633319096707,3.90036983814241,3
1712,"b00000000000000000000000000000000001110001110111100111010000000000000000000000000",3,4715.9312929950975,"b01001000001010100001000001000000001010010000010010000000000001111000011100000000",15,10,0,-1,0.7413306416581787,58.92732593770812,50.4413340375971,3.769906665151411,3
1713,"b01000000001010000001001110000000001100100000010001001000000000111000001100011000",3,3650.6041756497657,"b01001000001010100001000001000000001010010000010010000000000001111000011100000000",8,9,0,0,0.9033003026933394,149.19749376048213,167.5334748995634,0.2759459137749224,3
1714,"b00110001000000001100000010001100000001101100000000001100000111100011000110000000",2,2849.3914558916567,"b10111011111001011111000111010001100000111000010000110001000000110000010110011100",19,5,0,0,0.8573731817770498,201.08183255671983,19.04391930765969,4.454634773117567,145
1715,"b01100000001111100000101011111100110111110101001100111100100000000000000000000000",3,2135.9019042618656,"b01001000001010100001000001000000001010010000010010000000000001111000011100000000",12,24,-1,0,0.8256565632283013,19.164027044222454,424.4059138577741,5.2689610641597,3
1716,"b00000001010000000100000000011100001101111110101100111000100011110000000100000000",3,4031.1907150984252,"b01001000001010100001000001000000001010010000010010000000000001111000011100000000",13,20,0,0,0.8086475559321732,38.28710508262261,181.52132986514934,5.3546221311943665,3
1717,"b00110001001001000110000110001100111100111100011110011111110011111110010111001100",2,4135.315955489477,"b10111011111001011111000111010001100000111000010000110001000000110000010110011100",6,13,0,0,0.9482038618252665,397.7448766017444,51.045990117497006,4.365393005466698,145
1718,"b00000000000000000010000000001100000001110011001111010000000000000000000000000000",0,1862.4764936449599,"b10001000101011100011100100001100010101110100001110000010011001000010110001011000",23,4,-1,1,0.8293111010823521,100.89155486031865,479.59719346635796,1.6029479943822729,4
1719,"b00100001101000000110000010001100011000010000000110001110100011010010011000001101",2,5883.549719194226,"b10111011111001011111000111010001100000111000010000110001000000110000010110011100",12,3,0,0,0.8791780888529195,209.3936796580167,228.60581986467807,2.5713115952607932,145
1720,"b00110001101000000110000000001110001000011100010100011111100011111010011111001100",2,5207.273789885009,"b10111011111001011111000111010001100000111000010000110001000000110000010110011100",6,5,0,0,1.0627712644616094,239.77424531990437,382.83868054539715,1.5262729725199244,146
1721,"b00000001010011000110000010010010011001000011001100000000100011000000000000000110",3,1710.923232269608,"b01001000001010100001000001000000001010010000010010000000000001111000011100000000",12,14,0,0,0.8716419841460322,365.95593744071084,237.2901501165886,2.881530322766988,3
1722,"b00000000000000000000000111000000001111000000000000000000000000000000000000000000",3,2638.6310164562456,"b01001000001010100001000001000000001010010000010010000000000001111000011100000000",16,4,-1,0,0.7194274713799558,192.46547623507698,364.995204481006,0.9652461461710657,3
1723,"b00000000000000000000010000000000000000000000000110000000011000000000000010000000",3,2339.4408081154725,"b01001000001010100001000001000000001010010000010010000000000001111000011100000000",18,5,1,1,0.7676641945960486,472.8095030313762,263.820818341185,1.6445568286311523,3
1724,"b00001101110001100011000001000000011110000001111000100110100000011000000000000000",3,2829.576263570678,"b01001000001010100001000001000000001010010000010010000000000001111000011100000000",10,15,-1,0,0.7675577024129553,321.9011469340889,316.4909922249932,0.7151754180767889,3
1725,"b11010001110100100111000011100000110010000100001100011000010011110000100011100000",3,801.1954082765872,"b01001000001010100001000001000000001010010000010010000000000001111000011100000000",11,23,0,0,1.0642713569927764,289.3595123497494,459.4221267390477,2.3820425946538775,3
1726,"b00010000000000000100000010001100011000011100000100001110110000111000000000000000",2,4112.247262430567,"b10111011111001011111000111010001100000111000010000110001000000110000010110011100",20,3,0,0,0.8303983447293792,101.88740159743956,131.247962061675,4.413945194138961,147
1727,"b10100001101000000100000010001010001000011100010100000000100011001000011110100100",2,4188.0448363275245,"b10111011111001011111000111010001100000111000010000110001000000110000010110011100",15,4,0,0,0.9546594844148575,8.35674263708374,353.005342061022,4.757064678092362,147
1728,"b00000000000000000001000001010000001111000000011000010111100001111100000001100000",3,3056.021959417822,"b01001000001010100001000001000000001010010000010010000000000001111000011100000000",10,12,1,0,0.8184038855317582,467.68735996565493,180.0171111817379,4.959867898308168,3
1729,"b00000000100000000110000001011000011100001100000000100000000011000000000000000000",3,2911.768401302147,"b01001000001010100001000001000000001010010000010010000000000001111000011100000000",13,8,0,-1,0.7994689350022901,409.23609522519433,377.07043890283524,0.9949764389020939,3
1730,"b01000000000000000000000000000000000000010000100100001111101101001010000100000000",3,1543.446627731109,"b01001000001010100001000001000000001010010000010010000000000001111000011100000000",14,10,0,0,1.0132474153030513,168.43867030355267,303.4432806787577,3.7706553664141325,3
1731,"b00000000000000010001000000100000000001100001111110011111100001111100000001100000",3,2594.1686948347624,"b01001000001010100001000001000000001010010000010010000000000001111000011100000000",12,17,1,0,0.8078804670884958,165.0233679978391,390.18223282185005,4.144513511887303,3
1732,"b00010001000000000100000011000011011100010111010110011111000011110110010111001000",2,3219.81792888576,"b10111011111001011111000111010001100000111000010000110001000000110000010110011100",14,11,0,0,0.9119423588836121,404.0612023773981,10.77250602532016,1.5345060876253735,147
1733,"b01000000000000000000000000000001000110000111001100000000011000000000110100000000",1,3658.070842304126,"b11001110101000111111000000100000101111000111010100001000111100110000111001100000",25,3,0,0,0.8825344162204222,47.079283460204586,6.235176527374543,3.967009699343654,5
1734,"b10000010001011111000001001110000000111110100000011111000110010000100001010000000",3,1484.453328122108,"b01001000001010100001000001000000001010010000010010000000000001111000011100000000",11,21,0,0,1.281168455053854,345.62769451862135,272.92575530199827,1.7082359167920336,3
1735,"b01000000000100000001011000000011100000001111000110111100000111010111110100110011",0,3576.072886076592,"b10001000101011100011100100001100010101110100001110000010011001000010110001011000",12,12,0,0,1.4279017763416446,448.74184273997054,385.87764419460586,4.860779426334407,4
1736,"b11000000101000011111000000100000101110000111000100001000111000100000110001100000",1,5462.9696706268105,"b11001110101000111111000000100000101111000111010100001000111100110000111001100000",9,0,0,0,0.9808639644575217,10.945743009724659,289.7152323513385,4.348176456603763,5
1737,"b00000000000000000000000000001100001000000000000110000000000001111000000000000000",3,3805.3309169423655,"b01001000001010100001000001000000001010010000010010000000000001111000011100000000",13,3,1,1,0.7232080508957797,281.13259325798793,188.2637557272497,0.6064477504942705,3
1738,"b00000000000000011100000000000000000000000100100000010010000010000000000000000000",3,3214.4784611027385,"b01001000001010100001000001000000001010010000010010000000000001111000011100000000",14,3,0,-1,0.9264107520464852,98.4132603643451,148.49698271685827,2.021717106709576,3
1739,"b00000000000000000101001101000010000110000011011110001111100000110000000000000000",3,1736.969306997844,"b01001000001010100001000001000000001010010000010010000000000001111000011100000000",12,14,0,0,0.7806091425245563,202.1384024064867,484.5049632151583,2.8860776903061076,3
1740,"b00100011100000101100000010001000011000010000001100001011100011110010011111001001",2,5662.997592953761,"b10111011111001011111000111010001100000111000010000110001000000110000010110011100",10,4,0,0,0.867397299326685,44.426329664447046,357.7701052799693,3.0461076603146933,147
1741,"b10000001101000000011000010001000000000000010000100111011110011111101010111000000",2,2832.509323932266,"b10111011111001011111000111010001100000111000010000110001000000110000010110011100",17,9,0,0,0.9497789639089826,225.8160093311995,320.2767092579738,0.5514878358463675,148
1742,"b00000000010000110101000011110000001111001011101000001110000000111100000001000000",3,2918.0425359911123,"b01001000001010100001000001000000001010010000010010000000000001111000011100000000",11,18,0,0,0.9301081315542726,479.97763903470377,108.0045472135898,0.6262001817515166,3
1743,"b00000001100000001100000010000000101000000000000000000100011001100000110010000001",3,3447.1244372969268,"b01001000001010100001000001000000001010010000010010000000000001111000011100000000",14,11,0,1,0.799138865255431,55.66877368954323,76.19374825384538,1.7086154392359143,3
1744,"b10010000001111110001010111011101001011101110111110001101111000000100000000000000",0,2348.6880901913655,"b10001000101011100011100100001100010101110100001110000010011001000010110001011000",15,19,-1,0,0.9061200810098529,503.04124446194834,115.42582289221988,1.3142104652012465,4
1745,"b00010000000001000010000110001100001010110100010000001001000000000010000000000000",0,1943.414419326176,"b10001000101011100011100100001100010101110100001110000010011001000010110001011000",23,7,-1,1,0.7438422319959268,433.6635042635736,447.01927052184055,1.1289061833467942,4
1746,"b00000100110110011001100000000000001001000001010110001111111001000011000100001100",3,2302.196996998137,"b01001000001010100001000001000000001010010000010010000000000001111000011100000000",10,19,0,0,1.0647772910924282,392.2599622363833,264.8342562851902,5.810584329344335,3
1747,"b00000010000000011100000111111000011111110111110001011111100010010000001000000000",3,2487.522005833296,"b01001000001010100001000001000000001010010000010010000000000001111000011100000000",11,24,0,0,0.875954558794051,473.8806249718917,147.47384448114195,0.5638496672152252,3
1748,"b00000000001000000010000000000100010001100101110100000000000011000001100000000000",3,2786.920165500067,"b01001000001010100001000001000000001010010000010010000000000001111000011100000000",13,9,0,0,0.8295883840317806,110.14978640857755,210.60112486527993,5.009016265214868,3
1749,"b00000000101100110110010000001100000111110011111100011110100111100010001001000000",3,1432.5792418926926,"b01001000001010100001000001000000001010010000010010000000000001111000011100000000",10,24,0,0,0.8336971076602572,127.3724394590169,104.27129341581903,4.414250930564673,3
1750,"b00000110000000100011000010000000000100000000000000011110000000011000001000000000",3,2227.0611993023495,"b01001000001010100001000001000000001010010000010010000000000001111000011100000000",14,9,0,0,0.8109411939367657,341.6972366215357,279.8887887993716,1.645781764028337,3
1751,"b11000000000011000000000000000000000000110000100010110010000000000000000000000000",3,2779.279878056967,"b01001000001010100001000001000000001010010000010010000000000001111000011100000000",15,7,-1,0,0.7504790703147834,204.25821265150427,199.73512366885947,-0.24492116008018594,3
1752,"b00110011001000000111000010000111000000001100000000001001100011011010011110101101",2,3555.789140869846,"b10111011111001011111000111010001100000111000010000110001000000110000010110011100",12,6,0,0,1.0008288746472942,159.57245230634942,358.2718663096229,1.296456734837804,148
1753,"b00000001001001100000000110000000001000010100000110001110000001011000011001001001",2,5455.788237358798,"b10111011111001011111000111010001100000111000010000110001000000110000010110011100",18,4,0,0,0.8791467413067529,189.2555500094294,198.40596334965988,5.951117006625877,148
1754,"b00000000000000100000011010000001111100000011100001111100101111000011010000000001",0,2695.15572388307,"b10001000101011100011100100001100010101110100001110000010011001000010110001011000",15,9,0,0,0.8961718068040658,377.5001391366671,274.4693654164161,1.4663263264571604,4
1755,"b01000010000100001000000100000000001000000000011000100011100100110001010000001100",3,1815.9452805341793,"b01001000001010100001000001000000001010010000010010000000000001111000011100000000",13,13,0,0,0.9236568447244554,415.29294965127383,251.56205118689775,5.033871182597222,3
1756,"b00111000100000001010000110110001100001111010000101100100011100100010110101101111",2,3273.3698262929247,"b10111011111001011111000111010001100000111000010000110001000000110000010110011100",16,15,0,0,1.0874597927564096,277.88102301513027,332.7967557027949,5.100926358807609,148
1757,"b00000000101000011100001110010101100000001100000000011000000000110011100000000000",3,3173.9989198450767,"b01001000001010100001000001000000001010010000010010000000000001111000011100000000",11,13,0,0,0.9870790908455784,264.9661603655134,227.21104337304607,6.237366150959925,3
1758,"b00000000000000000000000101100000011011100001001100010001110001100000100100000000",3,2354.9998733019183,"b01001000001010100001000001000000001010010000010010000000000001111000011100000000",13,13,1,0,0.7549546080249921,466.85131978447873,423.4203428302788,4.005451947631785,3
1759,"b00000000000010000100000000000000010000000011111000000000000000000000000000000000",3,1605.009561117853,"b01001000001010100001000001000000001010010000010010000000000001111000011100000000",16,5,0,0,0.8093022211326253,344.0914072586318,414.1287815565058,2.375068465704195,3
1760,"b00000000000011110010010000000000001100000000000001101100100001110001000100000000",3,1830.148638910424,"b01001000001010100001000001000000001010010000010010000000000001111000011100000000",12,11,0,0,0.8540117085928607,289.4057462987919,88.75707120729317,2.441726429240032,3
1761,"b00010001000000000100000110001011000001011110000100111111100100111100010011001100",2,4035.862522588467,"b10111011111001011111000111010001100000111000010000110001000000110000010110011100",15,10,0,0,1.008988123145279,273.9823303616889,187.44028550071505,5.566978819688153,148
1762,"b00010001001001100110000000010100001000100100100111011010011011111000001100000000",2,3291.4548387300565,"b10111011111001011111000111010001100000111000010000110001000000110000010110011100",18,10,0,0,0.8199253802430049,345.48157557550053,133.75904296010668,4.854878393605283,148
1763,"b00000001101000000000000010000000001000010000000110011101100001011000000000001001",2,5125.176709121769,"b10111011111001011111000111010001100000111000010000110001000000110000010110011100",20,2,0,0,0.846067492415171,52.91080202567251,213.9699806032794,0.7591872667824844,148
1764,"b11100000000000000000000000000000011000000001111001000011100000000000110001001100",3,1149.1511218745875,"b01001000001010100001000001000000001010010000010010000000000001111000011100000000",14,13,0,0,0.9784298620180157,366.03693299571233,263.01036044477644,6.2629683803271945,3
1765,"b01010000001011000010011111000001110000000001100010000011011100000010000001000000",0,1407.3318520709518,"b10001000101011100011100100001100010101110100001110000010011001000010110001011000",19,11,0,0,1.1439698062855337,138.47473852559426,452.3589706129978,2.390285766066401,4
1766,"b00000000000000000000110010000011111000001110110000010101010000101111000000000000",3,1931.9897221510982,"b01001000001010100001000001000000001010010000010010000000000001111000011100000000",13,16,1,-1,0.75198492504848,314.7474750465466,458.87452367652065,4.067296832775348,3
1767,"b00011000000010000100001111100000111110001000011111000001100100111000001111011010",3,2188.5077879639,"b01001000001010100001000001000000001010010000010010000000000001111000011100000000",7,21,0,0,1.25256144466932,45.590229240998056,379.2212658596972,5.932361325804324,3
1768,"b00000000000000000011000000000000001110000000000000000000000000100000000000000000",3,3322.4552127030124,"b01001000001010100001000001000000001010010000010010000000000001111000011100000000",15,2,0,1,0.7124553524614575,387.03903634745154,364.3936624773922,5.021207619311909,3
1769,"b00000000000011100001000011100001110100000111011001001110100000111001000100000000",3,3682.183925341436,"b01001000001010100001000001000000001010010000010010000000000001111000011100000000",10,17,0,0,0.7995971368606465,437.01871117718144,121.76971920231718,6.1991591240038355,3
1770,"b00000000000000000000000000000000110000000001000000000000000000000000000000000010",3,1745.7472265389436,"b01001000001010100001000001000000001010010000010010000000000001111000011100000000",17,2,0,-1,0.7039571505291161,57.45849314556782,126.08318656508438,1.0572865318462314,3
1771,"b00001000011100101011001001110011110110101111001011000000110100000000000000000000",3,2292.315524152211,"b01001000001010100001000001000000001010010000010010000000000001111000011100000000",12,22,-1,0,0.8583960946147702,195.24280961753485,391.1268435931732,6.21497850158317,3
1772,"b00000001000000100000000010001010000000110100110100010111100011111110011010000000",2,3385.6738174561265,"b10111011111001011111000111010001100000111000010000110001000000110000010110011100",18,8,0,0,0.8366134279773306,132.51581207798154,91.77789972055012,6.26599056060104,148
1773,"b00011001000001100010000000001001110100010011000001010000000011010000001011000000",0,1933.6232940666223,"b10001000101011100011100100001100010101110100001110000010011001000010110001011000",21,11,0,0,1.0914101570238948,214.44471133186505,251.25107968805716,4.900716396036152,4
1774,"b00000100000010110000000011100010011010001000001000000100000000000000000000000000",3,2126.974439918918,"b01001000001010100001000001000000001010010000010010000000000001111000011100000000",14,9,-1,-1,0.733877870992289,402.34632029873,97.72687043040415,1.6209052565326432,3
1775,"b00110001101000000110000010001100001000010000000100011001100011011010011111101101",2,5653.168310317005,"b10111011111001011111000111010001100000111000010000110001000000110000010110011100",8,3,0,0,0.9086218865951607,130.54656332171166,361.0079215423941,1.9256641287932026,148
1776,"b10000000001000000000000100000000011100100001111110000111111000000010010000001000",0,2323.514919862332,"b10001000101011100011100100001100010101110100001110000010011001000010110001011000",17,7,0,0,0.8686673752872853,240.21803878648015,179.5241856419569,2.2493049876290963,4
1777,"b00000001000000011110000011110000000110110001000000011001000001000000001000000000",3,2336.0840818064753,"b01001000001010100001000001000000001010010000010010000000000001111000011100000000",14,14,0,0,0.8245299911226884,8.337017345328466,436.5945834146851,0.016888350220175364,3
1778,"b00000000100000000110000000001100001001010100011100001011100011111110011111111101",2,5291.79345842678,"b10111011111001011111000111010001100000111000010000110001000000110000010110011100",9,6,0,0,0.9027112366044108,90.62755426597911,80.49340449925873,1.1032481130161704,149
1779,"b00000000000000000000000000000001001110000110001110011110000000010000000000000000",3,3828.481347885958,"b01001000001010100001000001000000001010010000010010000000000001111000011100000000",15,10,0,0,0.719668029677787,223.3548942242875,219.89897209602194,5.699306604005325,3
1780,"b00000000000000100000000110000010110100111100010000011100000011100000010110000101",3,2348.013616470758,"b01001000001010100001000001000000001010010000010010000000000001111000011100000000",12,16,1,0,0.8031011046902925,216.1354728663591,477.49718359381615,0.2042159935072244,3
1781,"b00000001100000010111000010001010001000000101110000011000000001000000000000000000",3,4779.932099944993,"b01001000001010100001000001000000001010010000010010000000000001111000011100000000",12,10,-1,0,0.7906919983548053,223.92224235851427,82.43485103439747,0.18163729901185424,3
1782,"b00000000001100000000111000000001111000000110100001001100001100000000000000000000",0,3692.7621057043098,"b10001000101011100011100100001100010101110100001110000010011001000010110001011000",21,6,-1,0,0.8310652158010287,365.25665695540744,165.53021552933308,-0.13926290786522752,4
1783,"b11001000000000000011001001100001101111000110110100011000111100110000111111100000",1,2794.6663303864066,"b11001110101000111111000000100000101111000111010100001000111100110000111001100000",9,7,0,0,1.0899392065591382,415.09785833745866,44.54736995257135,1.1852967353858301,6
1784,"b00010001001100000110000000001100000100011100000110000001100011011100010111101000",2,5127.205470984989,"b10111011111001011111000111010001100000111000010000110001000000110000010110011100",14,5,0,0,0.9302208981256812,442.19336746697485,202.40144218549335,1.3309044823350091,150
1785,"b01110000001000000110000010011000000001111000011000001111110011111011000111000000",3,2126.314406041289,"b01001000001010100001000001000000001010010000010010000000000001111000011100000000",10,22,0,0,0.8011008870364653,62.65579639568118,472.50149807989567,3.8630618788030704,3
1786,"b00000000000000000000000010000000111100000011110000000111000000000000000000000100",3,4066.903809941088,"b01001000001010100001000001000000001010010000010010000000000001111000011100000000",15,9,1,-1,0.756851278199188,262.4433375236411,60.420917565800536,4.330397286178257,3
1787,"b00000000000000100000001001100000001111000000001000000000000000000000000000000000",3,3486.3334317995186,"b01001000001010100001000001000000001010010000010010000000000001111000011100000000",15,5,-1,-1,0.7045443384244257,127.01639873576615,372.45205785920206,0.8464030722852929,3
1788,"b10110001100000000111000010001100001100100000001100111011100011111010010111001000",2,4082.9695668855893,"b10111011111001011111000111010001100000111000010000110001000000110000010110011100",11,8,0,0,0.9594080242638126,425.671694844749,312.5805008548357,2.4159805828910166,150
1789,"b00000000000000000000000011000000001100000000111000000001110000000000110000000000",3,2788.322458444809,"b01001000001010100001000001000000001010010000010010000000000001111000011100000000",15,8,1,1,0.7853458623298053,380.15046098611424,436.7805654931904,0.891305662725689,3
1790,"b00000000000000000000000000000000001000011100110100000001100001010000000111001001",2,4205.926754386516,"b10111011111001011111000111010001100000111000010000110001000000110000010110011100",22,2,1,0,0.7714794772055236,393.96928933962096,355.444456725511,1.0221357805430196,150
1791,"b00000000000000000000000000000000010000000001111000000110000000000000000000000000",3,5009.338453830512,"b01001000001010100001000001000000001010010000010010000000000001111000011100000000",16,4,1,-1,0.7347431308022033,450.507656681867,128.00854808915503,4.354090221205044,3
1792,"b00001001101000000000000000001000000000011100000100000011100010001010011111100100",2,4989.837805293906,"b10111011111001011111000111010001100000111000010000110001000000110000010110011100",15,1,0,0,0.9826462825418721,13.050761443998427,264.15703485437854,-0.05634620193339834,150
1793,"b00100110110010000001001100000100111010000111101100110110000000011001001100000110",1,955.8022902514401,"b11001110101000111111000000100000101111000111010100001000111100110000111001100000",19,14,0,0,0.886024508847774,355.8601377718432,51.595432146882416,3.7288040480777123,7
1794,"b00001000001111110000100010010011000011110100000011010000001010001000000000010000",3,3550.828381583056,"b01001000001010100001000001000000001010010000010010000000000001111000011100000000",11,16,0,0,0.8565235042777195,157.39504142151517,20.89951737931088,3.161400845175576,3
1795,"b00101000101000000111000000001000101000011111100110000110000001011000001010001000",2,1965.4898239191161,"b10111011111001011111000111010001100000111000010000110001000000110000010110011100",17,7,0,0,1.0658725255528203,312.8753375574348,328.0596200389318,1.1762212006904784,151
1796,"b11000000000000000010000000101000011000110001100000000100110000001100000010010000",3,1914.8874296326123,"b01001000001010100001000001000000001010010000010010000000000001111000011100000000",15,14,0,0,0.783453678189053,74.81673822548184,2.062291756650518,4.366792335646739,3
1797,"b00001000000110100001001110110010011000000101010100011001000001100011100011001000",3,793.194540792436,"b01001000001010100001000001000000001010010000010010000000000001111000011100000000",11,20,0,0,0.8189389553557895,323.0477681155838,332.5903277434376,2.7093968958992294,3
1798,"b00000000110000000011000000010000001011001111100000101100000000000000000100000000",3,2537.9073231442335,"b01001000001010100001000001000000001010010000010010000000000001111000011100000000",13,11,0,0,0.8192544299249069,453.6606870554088,222.68081938613196,5.970885951906311,3
1799,"b01000000000000100000000001000010000110000000001101000001011000000000000000000000",3,2417.842810973259,"b01001000001010100001000001000000001010010000010010000000000001111000011100000000",15,8,0,0,0.9946722428379275,445.7879491127506,34.34813574996649,3.315569019446668,3
1800,"b00000001101000000110000000001100001000010000010000000011100011011010010110001000",2,5298.025683885108,"b10111011111001011111000111010001100000111000010000110001000000110000010110011100",16,2,0,0,1.0031529438277906,149.13719386569662,318.1171459743138,1.9214392194269432,151
1801,"b11010000000011000010011000110000111010000001000000011010001100100101100011001100",3,1176.5319657143025,"b01001000001010100001000001000000001010010000010010000000000001111000011100000000",13,22,0,0,1.2316949297236472,329.26059027867603,467.40097728198725,2.1030186942916496,3
1802,"b00011110000001111100000111000000001110000001000000000000000000000000100000000000",3,1762.2162531164836,"b01001000001010100001000001000000001010010000010010000000000001111000011100000000",14,12,-1,1,0.8115889132326083,232.97336506406293,73.73345864974776,2.6101521023638536,3
1803,"b00000000100000000011010001000101100000000011010110111110000000111010000000000000",3,5477.700386714389,"b01001000001010100001000001000000001010010000010010000000000001111000011100000000",12,15,0,0,0.8143614692926943,309.980972836439,250.66976995825013,3.8288902823032274,3
1804,"b00000000001000100000010011000001010110000000011000000000110000000001000000000000",3,2504.463442725325,"b01001000001010100001000001000000001010010000010010000000000001111000011100000000",14,9,0,-1,0.8128361355625993,374.7148501083877,0.7679473744643913,6.213615108428312,3
1805,"b00000000000000000000100100000010000111000000011000000000000000000000000000000000",3,3013.8880571399177,"b01001000001010100001000001000000001010010000010010000000000001111000011100000000",17,6,0,-1,0.7117099124777871,258.244287966451,270.8984562012727,1.4684372169166173,3
1806,"b00000000100000000111000001111100011111101011111100111111110001111111100001000000",3,1551.5519409709493,"b01001000001010100001000001000000001010010000010010000000000001111000011100000000",10,30,0,0,0.8141363004817173,373.8152397149496,74.15560406617782,1.9731929453319275,3
1807,"b00000000000001000100010100010001001001000000100100000010001000000000010000000000",3,2636.405374615374,"b01001000001010100001000001000000001010010000010010000000000001111000011100000000",14,8,0,1,0.7240618569308503,48.62828636887218,219.13896319101903,0.6116897075783169,3
1808,"b10010000101000100010000010001111001100011110010100011111100011111110011110010000",2,2080.6495993825242,"b10111011111001011111000111010001100000111000010000110001000000110000010110011100",10,11,0,0,0.9843562670174426,376.2963564664268,7.927738838742889,4.90628541514589,151
1809,"b00000000000000000000000000000000001110000000110000000001000000000000000000000000",3,5611.948953527992,"b01001000001010100001000001000000001010010000010010000000000001111000011100000000",16,3,0,-1,0.727517664588904,504.7356594607834,10.755208979866163,5.478203995909708,3
1810,"b00110000000000001000010000000001100100000000010001001000000100000010010000000101",3,2135.127830180313,"b01001000001010100001000001000000001010010000010010000000000001111000011100000000",15,11,0,1,0.8415948593215486,278.21041676996384,52.170053146620546,4.743418607010099,3
1811,"b10000001100000001100000110000011001000010010011110111101100011011010010000001111",2,3487.1866160226773,"b10111011111001011111000111010001100000111000010000110001000000110000010110011100",15,11,0,0,0.8452183940843934,81.522704002779,321.06969306361776,0.19447991794685895,151
1812,"b00000011101000000110000010001100001000011100000100000000100011111000011110000000",2,4886.018818903389,"b10111011111001011111000111010001100000111000010000110001000000110000010110011100",14,2,0,0,0.8746251964397965,267.309843114834,335.49956064905206,3.413358533633376,151
1813,"b00000000000000000000000000001100000010000001101100010110000001110000000110000000",3,3107.016416513923,"b01001000001010100001000001000000001010010000010010000000000001111000011100000000",14,10,1,0,0.7991018869523548,163.47112272514957,65.46636177963762,4.8814307943103765,3
1814,"b10000000100010010110000011111100000000110110000000011110000011011000000100100000",3,646.471108374906,"b01001000001010100001000001000000001010010000010010000000000001111000011100000000",12,19,0,0,0.9196212990509396,21.009392857498188,95.37465076984657,5.156619901770943,3
1815,"b00110001100000000111000010011100001000011000001100001001000011111000011101001100",2,3674.817138105826,"b10111011111001011111000111010001100000111000010000110001000000110000010110011100",11,4,0,0,1.0840019643320535,346.0503698595147,264.7616398230279,0.3721385403294433,152
1816,"b00010000101110110000001111000100111110110000111000100000000000000000000000000000",3,1442.1186118185865,"b01001000001010100001000001000000001010010000010010000000000001111000011100000000",11,15,-1,0,0.8787074964182789,469.91749878158026,430.60214658109965,0.13553750439564055,3
1817,"b01000000001101000000001110000000001100000000111110010001111100000010100000001000",3,3087.4404330540638,"b01001000001010100001000001000000001010010000010010000000000001111000011100000000",14,18,0,0,0.7645430992221914,22.557130349968215,142.2352234600703,6.1684045939160175,3
1818,"b00000000110011011110000110110000001100000011010000000100000000010000000000000000",3,2033.7162558170091,"b01001000001010100001000001000000001010010000010010000000000001111000011100000000",10,10,-1,0,0.8310400634608065,251.23457925352838,465.20947694115097,5.924996213346441,3
1819,"b00000000000000000000000100000000001100000011111000011111111001101011000000000000",3,2512.742423713491,"b01001000001010100001000001000000001010010000010010000000000001111000011100000000",14,16,1,0,0.7735039834531344,313.82455054684294,269.2758270425385,3.999363079158953,3
1820,"b00000000000000000000000100000000100011000000001101001111110011111100001100000000",3,3193.6873752616843,"b01001000001010100001000001000000001010010000010010000000000001111000011100000000",12,14,1,0,0.8080462459472476,194.61337180669815,207.24694226839952,5.812139855990333,3
1821,"b01000000000100000000110000000000000000001000111100111111110000000000100000000010",3,1992.9593087907574,"b01001000001010100001000001000000001010010000010010000000000001111000011100000000",15,15,0,-1,0.8382888172246132,310.8032893371961,179.4419763876245,6.121099374969571,3
1822,"b00100001000000000100000000000000011000011000000000001001100011000000011111000101",2,3737.597021382848,"b10111011111001011111000111010001100000111000010000110001000000110000010110011100",18,1,0,0,0.8860217193964793,344.63495102176995,198.8682661318103,2.347600546652452,153
1823,"b00000000000001000000001100000100111111000000110000000000000001000000010000000000",3,2862.516031879607,"b01001000001010100001000001000000001010010000010010000000000001111000011100000000",14,9,0,0,0.7374170666935245,180.32979055106358,158.44769940127694,5.800307983810341,3
1824,"b01100000000010000000011010000000111100000001110000110110011101000000110000000010",3,972.4727615833369,"b01001000001010100001000001000000001010010000010010000000000001111000011100000000",13,18,0,0,0.9034470336507361,44.62472305042901,466.30780247279574,4.743672346861185,3
1825,"b01100100100100000010000000111000000110001001000000100000110000000011000100101100",3,3050.540983622442,"b01001000001010100001000001000000001010010000010010000000000001111000011100000000",14,17,0,0,1.140053169836593,43.11698485462301,124.87314772628538,1.473830227689543,3
1826,"b00110000101000000110000010001111011000011110011100011111100011110000011111000001",2,2363.388724218372,"b10111011111001011111000111010001100000111000010000110001000000110000010110011100",9,9,0,0,0.972948549582813,436.7862854607468,73.59416610849803,0.17054862180372957,153
1827,"b00000000000111100000011111100000111110000000001000000000100101100010100000000000",3,3532.7554991320067,"b01001000001010100001000001000000001010010000010010000000000001111000011100000000",12,15,0,0,0.7900762312775467,322.787986622742,37.6099733988444,5.757685240059894,3
1828,"b00010000000001011110011110111101101001000100100011000001000100000000000000000000",3,4090.548268417463,"b01001000001010100001000001000000001010010000010010000000000001111000011100000000",13,18,-1,0,0.8179791569038615,49.88644674852314,329.4985522696473,0.5012706505589968,3
1829,"b01000000000110000000000000000001000000000000000010000000001000000000000000000000",3,4033.188669735416,"b01001000001010100001000001000000001010010000010010000000000001111000011100000000",16,3,-1,0,0.8686794081976412,446.299363758981,88.81066454849397,5.240482713368252,3
1830,"b00000000000000000000000000000000000000000011110000111101100001111110101000011000",3,3913.633631001758,"b01001000001010100001000001000000001010010000010010000000000001111000011100000000",13,14,1,-1,0.8075280352872648,201.1956378727059,190.95697222954317,3.890808647733104,3
1831,"b01001001000110010000001100000000100000010011010000000100000001011000100100100110",3,3985.6637199269444,"b01001000001010100001000001000000001010010000010010000000000001111000011100000000",10,13,0,0,0.9602840894084659,69.95823041334296,192.00804771612542,0.9979524055640231,3
1832,"b00000000000110000000011000000000110000000011100000110111110001100100000000000000",0,4558.426052986729,"b10001000101011100011100100001100010101110100001110000010011001000010110001011000",20,7,0,-1,0.7967762465976002,500.49764755176807,226.35640085928338,0.9282104577976567,4
1833,"b00001000000000000000000110000000010000000001110000000110011000000000000100000000",3,2106.498338744337,"b01001000001010100001000001000000001010010000010010000000000001111000011100000000",16,9,0,0,0.9220665285376316,148.86837575441146,92.63269152916607,2.600168137425549,3
1834,"b00110000001011011000000011000001100000011110110001011000001100101000110000100010",3,1676.3216704621548,"b01001000001010100001000001000000001010010000010010000000000001111000011100000000",11,20,0,0,0.9884991247942181,40.444856315300775,380.8621694519526,1.604137479580277,3
1835,"b00000000000000000110000000011000000001111100000111011111100011111110000110000000",2,3049.138071007475,"b10111011111001011111000111010001100000111000010000110001000000110000010110011100",17,8,0,0,0.9745333107887002,450.57930497182673,342.7434777981784,3.6520923405949084,153
1836,"b00000010000001000000001100000000110110100011011010000011111100000101111000000011",3,1755.4043116484029,"b01001000001010100001000001000000001010010000010010000000000001111000011100000000",12,20,0,0,1.0096972305914322,171.40668140817755,365.1908079717577,1.151409553603982,3
1837,"b01110000000001000000000100000000011010000000000100000000000000000101110000111000",3,1971.3440195834353,"b01001000001010100001000001000000001010010000010010000000000001111000011100000000",14,11,0,1,0.8476900467788562,250.20780846797405,427.81769712308756,0.7689213091288801,3
1838,"b11000000000110110000111111010000000110100100001011001000101100000011000000110000",3,1546.1095156362503,"b01001000001010100001000001000000001010010000010010000000000001111000011100000000",13,22,0,0,0.8060206492769011,157.2431691813169,345.1685338673858,3.723078614437463,3
1839,"b01000100001010000000001100000100001000000000100001000000001101111000000011000010",3,3303.1148675872573,"b01001000001010100001000001000000001010010000010010000000000001111000011100000000",11,11,0,0,1.3550198851857866,23.38043456581644,357.66994012807146,5.656321051820206,3
1840,"b01000000100100110010000011000000001001101000101100110110000000011011000000000001",0,2120.47654851333,"b10001000101011100011100100001100010101110100001110000010011001000010110001011000",20,12,0,0,0.8478727441809686,227.56877066659627,74.74182905416697,2.3906196741017203,4
1841,"b00001100001101110000000001000000000110000001001000000000000000000000010000000000",3,3098.057198458002,"b01001000001010100001000001000000001010010000010010000000000001111000011100000000",13,7,-1,0,0.7894226084486827,61.57525402691231,162.0905301117249,4.470493627496031,3
1842,"b10000000000000011111111100010011100000111100010000011000000001000110010000001100",2,1639.9938000492998,"b10111011111001011111000111010001100000111000010000110001000000110000010110011100",18,9,0,0,0.9481969069235849,311.80117025895726,264.7355979668126,4.135816181147522,153
1843,"b00000000000000100100000111110100011111000111111000010100000000010000000100000000",3,1182.9332630969373,"b01001000001010100001000001000000001010010000010010000000000001111000011100000000",12,16,0,0,0.7892596755105865,445.0418281691371,499.0398835526082,2.5682389639225356,3
1844,"b10001000100010000011000011000101011100000001110110010111100011110000000110101100",3,1252.470578742605,"b01001000001010100001000001000000001010010000010010000000000001111000011100000000",8,21,0,0,0.9237577489794043,125.31614483519903,308.5477007589836,0.4702395005678364,3
1845,"b00010001100000000110000010001110001000011100010110001111100011111010010111000100",2,4406.798661475384,"b10111011111001011111000111010001100000111000010000110001000000110000010110011100",8,4,0,0,0.8711998393120884,442.61408673883676,266.89361058560314,2.136500854533735,153
1846,"b00000001100000000101010010000100001101010000011110100111100011111010011110001000",2,2335.5390850234253,"b10111011111001011111000111010001100000111000010000110001000000110000010110011100",13,8,0,0,0.9501158033023972,390.8417454250589,425.03207027003293,4.351620572974644,154
1847,"b00111000001100000000001000000100100000010010001000001100010000000011111010000010",0,1470.242949423941,"b10001000101011100011100100001100010101110100001110000010011001000010110001011000",21,10,0,0,1.2176161305425335,11.259999458528839,426.7215278742491,2.6730804820429643,4
1848,"b10011000101001001111000111110100111011101000010011110001000011000000000110000000",2,3365.5871123791776,"b10111011111001011111000111010001100000111000010000110001000000110000010110011100",13,10,0,0,1.0041992951249925,186.16817807100944,161.57357540718783,-0.01673655695956808,154
1849,"b00000000100000000000100111001111011001000001100010000011000000010100001010000000",3,2452.2610809372973,"b01001000001010100001000001000000001010010000010010000000000001111000011100000000",13,15,0,0,1.0978385930873202,362.8017711351376,263.63627017930713,2.906957375514507,3
1850,"b00100001101000000111000000001100001100011000100100001111000011111100011000000100",2,6573.005065370569,"b10111011111001011111000111010001100000111000010000110001000000110000010110011100",14,6,0,0,0.8555472955515927,424.32191283474907,107.90156931456713,3.3062312030169965,154
1851,"b00010000000011000000011000000011110110000010001000000000001000000101000000000010",0,815.6542135785846,"b10001000101011100011100100001100010101110100001110000010011001000010110001011000",21,6,0,-1,0.7860473111369305,201.54091189577971,507.86145227794975,0.2007731875255761,4
1852,"b00000000000000000000011000000011101000001000000000000000000000000111001000000100",3,1927.167572618009,"b01001000001010100001000001000000001010010000010010000000000001111000011100000000",14,7,1,-1,0.7628149498057628,498.06433851453994,112.2699520978978,5.681944061178092,3
1853,"b00011000000001110000000110000000011110000001110000000100000000001000010000000000",3,2082.157736255277,"b01001000001010100001000001000000001010010000010010000000000001111000011100000000",12,10,-1,1,0.9241665398842889,468.4484830689662,492.4297495651069,1.016195038524131,3
1854,"b00000000000000000000010110000000001110000000011000000000000000000010000000001000",3,2207.0249850574355,"b01001000001010100001000001000000001010010000010010000000000001111000011100000000",16,7,1,-1,0.7796114653893143,502.01614881541633,52.76451728208657,5.071433601702504,3
1855,"b01000100001010010000001101000000001000010000111100000011111000011000000001000000",3,2565.087070400679,"b01001000001010100001000001000000001010010000010010000000000001111000011100000000",10,13,0,0,0.810406858433573,240.21398488263867,165.42294862288358,5.09845629353406,3
1856,"b00000000000001100000000000001000001100010000100100000010110000000000000000000000",3,1719.357721452214,"b01001000001010100001000001000000001010010000010010000000000001111000011100000000",16,8,-1,1,0.7471806348854271,90.8215520422443,18.657320763083064,2.0800409408871547,3
1857,"b00000000000000000100000001000000001110000000001000000000000001110000001011100000",3,2908.0422816405166,"b01001000001010100001000001000000001010010000010010000000000001111000011100000000",12,6,1,-1,0.897095120912578,289.2663390603593,216.0984341488004,4.4130082332301015,3
1858,"b00110000000001000000000001100010000111000000001100000000101000001100111100010010",3,1303.187318607689,"b01001000001010100001000001000000001010010000010010000000000001111000011100000000",13,15,0,0,0.9440176432304653,186.45222116397233,352.1198372764454,5.1278438348998385,3
1859,"b00000000000000001100000010010000111001000001000100000000000000000000000000000000",3,2292.8516989421623,"b01001000001010100001000001000000001010010000010010000000000001111000011100000000",15,6,-1,1,0.7360567548229618,180.26590010422927,356.3569119497446,4.768632374039592,3
1860,"b00000000000000000010000000000000100000000000000000000000010001011111001010000000",3,1027.4332160094732,"b01001000001010100001000001000000001010010000010010000000000001111000011100000000",15,7,1,0,0.7649502384488528,42.49788870381338,282.86533895172505,3.161230974002124,3
1861,"b00000000010100010000000000011000000000100011100000000010000000000100000000000000",3,3091.7448631653124,"b01001000001010100001000001000000001010010000010010000000000001111000011100000000",14,6,-1,1,0.948597817737566,158.73405398693302,408.9486506061563,1.6237515748604663,3
1862,"b00000000100010000000000000010100000001100010001100111001110011010100000100000000",0,1290.3336552107048,"b10001000101011100011100100001100010101110100001110000010011001000010110001011000",22,10,0,0,0.8320219114517319,264.37556742958634,439.0472209543114,2.385817477436846,4
1863,"b00000000100101101011110011000000011111000010011110001101111000110110100000011000",0,1245.551765993354,"b10001000101011100011100100001100010101110100001110000010011001000010110001011000",14,16,0,0,1.0593366498412116,402.1805837752788,137.12696921859026,4.282398016700787,4
1864,"b00000000110000000110100010001010001000010010010010111101100001000000000000011010",3,2602.1476627554634,"b01001000001010100001000001000000001010010000010010000000000001111000011100000000",11,15,0,0,0.8477904954634026,322.06697154809194,334.2556262620925,0.4703692257811093,3
1865,"b11000000101111000000000001100000010000000001100011011011000000100110000001100100",3,1750.5804096317215,"b01001000001010100001000001000000001010010000010010000000000001111000011100000000",13,18,0,0,1.0543637637496452,60.41908952355688,397.7997809959869,1.1485645261200224,3
1866,"b10000000000000010000011000100000111110000101011100000101111000000000100000000110",1,1268.761968167861,"b11001110101000111111000000100000101111000111010100001000111100110000111001100000",21,8,0,0,0.8567027853515206,338.0137611070474,469.77674236522324,3.9176695363849565,7
1867,"b11000000000011000000001000100001100001110100000110100110000000100000000011000000",3,1490.789575024331,"b01001000001010100001000001000000001010010000010010000000000001111000011100000000",14,15,0,0,0.9941929940923279,145.24845617161384,229.85556418544084,5.925631963188654,3
1868,"b00001100000000110000001100000000000000000001000000011100000110101010110000100000",3,1603.9823304375577,"b01001000001010100001000001000000001010010000010010000000000001111000011100000000",15,14,0,0,0.8966705884195972,8.663370645541102,417.185837876978,2.9780564563544263,3
1869,"b00000000000000001000000001000000001100000001111000001111100000000000000000000000",3,5823.839392509042,"b01001000001010100001000001000000001010010000010010000000000001111000011100000000",14,8,0,0,0.7557689495736659,380.66901263486994,251.77671555750578,5.253439463628432,3
1870,"b00100010000000000000000000000000000000000000000000111111111100000011100000000100",3,613.8390365240762,"b01001000001010100001000001000000001010010000010010000000000001111000011100000000",17,14,0,0,0.8462131593231202,451.14710826885636,267.36094658888965,6.466780108200641,3
1871,"b00000000000000000000000000010000001010000000000000001110000000110000000000000000",3,3676.897040193574,"b01001000001010100001000001000000001010010000010010000000000001111000011100000000",15,4,1,1,0.8310054241944179,347.0272208489633,347.83375823340026,0.7353381308262642,3
1872,"b00100001000000001110000000001100011001011100001000001001000111110011010110011100",2,4530.985199020819,"b10111011111001011111000111010001100000111000010000110001000000110000010110011100",13,6,0,0,0.9161045004173827,15.655250516809842,176.74696511353963,2.3205908564849684,154
1873,"b10110000000001110111010111101111111111010000111110000010011000000000000000000000",0,2337.200980388814,"b10001000101011100011100100001100010101110100001110000010011001000010110001011000",14,15,-1,0,0.814047367322215,81.81616372394545,81.53025266775364,1.5549467245619133,4
1874,"b00000100010100100100000000110011011000000001100000001100000000000000000000000000",3,3791.5949797197013,"b01001000001010100001000001000000001010010000010010000000000001111000011100000000",14,10,-1,0,0.7832431960752022,82.3284116768756,432.6329246944371,0.23276427562047064,3
1875,"b00000000000000000000100000001100000000010000000010000001001001100000000010000000",3,1772.525027404795,"b01001000001010100001000001000000001010010000010010000000000001111000011100000000",15,6,1,0,0.9365862143775743,156.87750506336238,5.413646927730359,5.386633377373723,3
1876,"b00001000000000100000000011001000100100000000110000000000000000000000000000000000",3,1905.823947910022,"b01001000001010100001000001000000001010010000010010000000000001111000011100000000",15,5,-1,1,0.8261322611499959,420.55077980144273,280.4452343953581,1.0494932220573001,3
1877,"b01000000001110000000001010000000000000010001000000000100010000001001000000000100",3,3403.303578266438,"b01001000001010100001000001000000001010010000010010000000000001111000011100000000",16,10,0,0,0.7898174330707097,374.7288350833747,352.4747048980333,4.1520271484710225,3
1878,"b00000000000010011000000001100000000010000000000000000000000001100000000100000000",3,2705.1250881941396,"b01001000001010100001000001000000001010010000010010000000000001111000011100000000",13,3,0,0,0.793791467932749,238.29749892973274,131.58347175039646,2.7530228699078716,3
1879,"b00000000000010000000001111100000011110000000010000000000000000000000000000000000",3,4768.438637394524,"b01001000001010100001000001000000001010010000010010000000000001111000011100000000",14,6,-1,-1,0.7201858470902408,142.5342281179608,37.327369140004215,4.474341429293856,3
1880,"b00010001101000000110000110011111010111111000000110010111100011111010000110001101",2,2262.880486597762,"b10111011111001011111000111010001100000111000010000110001000000110000010110011100",10,12,0,0,0.8915778700596425,503.46287318939335,103.9921474149575,2.7596341951519885,154
1881,"b10000001001100010100000001100000001111101000001000000001111000000101110000010000",3,2312.2378054258916,"b01001000001010100001000001000000001010010000010010000000000001111000011100000000",10,15,0,0,0.9331022432515914,143.9305545358016,244.25433893467977,1.968311551395568,3
1882,"b00000000000000010000000000000000011100000001101010000000011100000101000000010000",3,1137.3370198421235,"b01001000001010100001000001000000001010010000010010000000000001111000011100000000",13,8,1,1,0.760214115992702,334.83826191258566,84.30989019902307,0.3367665056426281,3
1883,"b01000000000110000000101100000000010111110001111110001100111000000001100000000010",0,2225.777727233224,"b10001000101011100011100100001100010101110100001110000010011001000010110001011000",18,12,0,0,0.7838072692146535,363.8902816283562,18.598887903814976,5.568919073945102,4
1884,"b00010001101000000110000111001101101100011101111100111111100011111111010110101101",2,1447.392354154945,"b10111011111001011111000111010001100000111000010000110001000000110000010110011100",7,16,0,0,0.983384993611778,442.3735192374314,490.1112655354547,5.200436675694615,154
1885,"b00000000000000000000011000000011101100000110111100000011010011000111000000000000",3,3546.5382408661562,"b01001000001010100001000001000000001010010000010010000000000001111000011100000000",12,14,1,-1,0.7768179280402198,34.908560214494464,275.51244953780264,0.6867245066505977,3
1886,"b00000000000000000000000000000000000100000000110000000111000000110000000000000000",3,2523.0290220788083,"b01001000001010100001000001000000001010010000010010000000000001111000011100000000",16,5,1,-1,0.7901322492941472,477.1279370962855,427.84051818847655,2.4833414277289307,3
1887,"b00010001001000000000000010000010101100011100011000001111100011111110010110001100",2,1942.6601821274637,"b10111011111001011111000111010001100000111000010000110001000000110000010110011100",13,7,0,0,1.015856796418796,463.802108396288,435.9842216060501,1.559003667625815,154
1888,"b00000001000010000111001000011000000010100000000000000000010001000000000000000000",0,987.0554964342132,"b10001000101011100011100100001100010101110100001110000010011001000010110001011000",25,5,0,1,0.8840940217004335,7.254304143645778,212.34002071390805,1.5414178955679523,4
1889,"b00000000000000000000000000000000110000000111110000011000000000000000000000000000",3,2945.9722334478743,"b01001000001010100001000001000000001010010000010010000000000001111000011100000000",17,7,0,-1,0.7417224821730797,307.46921805615693,384.22197960907556,4.990394407834797,3
1890,"b00010100000001110000110001100011000110000000011000000000000000000000100000000000",3,2319.194400986211,"b01001000001010100001000001000000001010010000010010000000000001111000011100000000",15,12,-1,0,0.7855953155439623,96.31112547266459,69.59801577737409,2.251802595861638,3
1891,"b00011000010010010001101001100000000010110000000110000110010000001100000110000010",3,2052.4390581749985,"b01001000001010100001000001000000001010010000010010000000000001111000011100000000",10,14,0,0,0.9389820777498076,217.43553507908064,452.46010533639634,5.705426106114061,3
1892,"b00000010000000001100000000000011000000001100011000000111000001000000000000000000",3,3980.2112055190073,"b01001000001010100001000001000000001010010000010010000000000001111000011100000000",13,7,0,-1,0.7611082684220074,140.20665452091345,23.90462382327974,4.291390899980094,3
1893,"b00001001001000000100000010000000001000011100000100001111100000011110011111001101",2,6611.090077028974,"b10111011111001011111000111010001100000111000010000110001000000110000010110011100",11,2,0,0,0.8918940796342563,37.434209214971844,81.86849614667575,5.28105588762546,154
1895,"b00000000000010000100010110000011000111100000000110000110011100000010110110001010",0,1935.98851570235,"b10001000101011100011100100001100010101110100001110000010011001000010110001011000",18,11,1,0,1.0814326640628962,0.6040270902407943,208.80212262269188,1.6863528887535297,4
1896,"b00101100000000000000000000000011001000110001111110011111111001010001100000000000",3,2224.1179561541603,"b01001000001010100001000001000000001010010000010010000000000001111000011100000000",12,19,0,0,0.8623998708223878,497.5461771314092,378.0361541664786,2.7222215430740597,3
1897,"b00000100001000000000001111000001111000100000001000000000000000000011000000011001",0,1958.695754636831,"b10001000101011100011100100001100010101110100001110000010011001000010110001011000",20,5,0,0,0.8560298317345376,379.9765936227707,477.6967238288552,3.327386664578187,4
1899,"b01000011000100011000100011000010000001100000111100000100111100000010110100001000",0,1247.108133466895,"b10001000101011100011100100001100010101110100001110000010011001000010110001011000",21,15,0,0,1.1579514534688296,223.95209961191603,499.9703160777477,0.6603084304317502,4
1900,"b00000000000000000100000001000000000000000111000000000110000001111000000100000000",3,3031.151073498857,"b01001000001010100001000001000000001010010000010010000000000001111000011100000000",13,6,1,-1,0.9231865868453866,244.70606694219538,415.3620214372126,4.594853213260071,3
1901,"b10000000001000000000000101100001011001000000000010000001000000001000010000000000",3,1447.5224788662454,"b01001000001010100001000001000000001010010000010010000000000001111000011100000000",13,7,0,0,0.899127172255352,91.17583116287304,428.91952798129256,1.1027885564482691,3
1902,"b00000000000000000010000000100001000000001000000000100000001100001000000000000000",3,1098.7232010664266,"b01001000001010100001000001000000001010010000010010000000000001111000011100000000",16,5,0,0,0.8635229483566081,225.56306761832013,169.60806819370814,0.7740616201214918,3
1903,"b11001100000000110111000000110001100111100111011100011001000000110000111101100000",1,5471.108065536629,"b11001110101000111111000000100000101111000111010100001000111100110000111001100000",9,7,0,0,1.0123235067495535,450.135586044343,11.605248574242909,0.9982408214686029,7
1904,"b00001000000101100000100000010011110001000111001110000011001100000000000000000010",0,1438.1878420756295,"b10001000101011100011100100001100010101110100001110000010011001000010110001011000",20,10,0,0,1.1309531426583912,79.14992004148587,492.6401173096523,0.9524122423244226,4
1905,"b01000000010000000110001110010011111100001100000011000000111001100000000000000000",3,2932.8017654091673,"b01001000001010100001000001000000001010010000010010000000000001111000011100000000",13,17,-1,0,0.8297714593602757,374.05203037641036,183.232990729499,0.08695772081916738,3
1906,"b00000000110001000000011000101010000010001100001000010000110000000000110000000010",3,2880.128287521491,"b01001000001010100001000001000000001010010000010010000000000001111000011100000000",14,13,0,0,0.9995311772265381,345.82252773237815,306.7856519958119,3.1999813497970298,3
1907,"b00000000000000000000011001000001110000101101100100100100010000000010000000000000",0,2826.354224345223,"b10001000101011100011100100001100010101110100001110000010011001000010110001011000",20,4,0,-1,0.7449381793878102,125.43652851201102,334.1561712992463,5.579904700998062,4
1908,"b00000000000000000000000001100000000010000000011000000010000000000000000000000000",3,4229.662962976704,"b01001000001010100001000001000000001010010000010010000000000001111000011100000000",16,3,0,1,0.7316724829644913,120.57450786168666,123.80801909448029,4.92000792501223,3
1909,"b00100001100000000110000000000000001000011100000000000001100001010000000111001000",2,3516.2383775209732,"b10111011111001011111000111010001100000111000010000110001000000110000010110011100",20,1,0,0,1.210888288055881,85.8942338892885,180.90169467401492,4.38334185310115,155
1910,"b00000000001000000000000001000011000100010111000001010111100011111010010011101101",3,2515.5475073985526,"b01001000001010100001000001000000001010010000010010000000000001111000011100000000",11,20,1,0,0.8574361581933799,415.6819969960723,273.65320045722206,1.7056842684590612,3
1911,"b00000000000000000000000000010001111000000011110011000100001100110100000000110000",3,3950.083016077412,"b01001000001010100001000001000000001010010000010010000000000001111000011100000000",14,14,1,1,0.7351849360834826,278.0225908898027,102.5069374206372,5.9702045639308,3
1912,"b00000000100000001010000000111000000001001000110000011100000001100010000000010000",3,2275.2850037999433,"b01001000001010100001000001000000001010010000010010000000000001111000011100000000",13,11,0,0,0.7974818113965811,304.1592580218378,342.25539941755767,5.792165272553516,3
1913,"b00000000000000000000000100000010110010001111001000100111010000001111100000010010",3,3415.8547501317353,"b01001000001010100001000001000000001010010000010010000000000001111000011100000000",12,15,1,-1,0.7698732642097253,492.3614653032634,347.9083819587318,3.988527844842413,3
1914,"b00000001100000001110000111111000111100001100111000010010000000000000000000000000",3,3309.513828520966,"b01001000001010100001000001000000001010010000010010000000000001111000011100000000",11,14,-1,0,0.7720129853371218,435.43445951908603,117.45747960280411,4.381488702474377,3
1915,"b01001100000011111000000000000000000100000000010110011001010001100101000000000000",3,1921.0342102281566,"b01001000001010100001000001000000001010010000010010000000000001111000011100000000",11,12,0,0,0.7950756575706273,222.35078944483473,14.16100208668095,3.0214062820932064,3
1916,"b00000000110000010011001000110011001101001101110100100000000010000000000000000000",3,2442.919513329979,"b01001000001010100001000001000000001010010000010010000000000001111000011100000000",9,11,-1,0,0.9642676648851151,13.391475720141608,408.0111657967839,5.431318913599206,3
1917,"b00000000000000000000000000000000000011000000010010000011101000110000000010000000",3,2553.299273048411,"b01001000001010100001000001000000001010010000010010000000000001111000011100000000",14,6,1,1,0.7617249568038689,490.2807870223765,383.02223560966377,5.09863031763823,3
1918,"b01000000101000000100000000000000000100010100110010001101100000001110010000001101",3,2991.3576657311055,"b01001000001010100001000001000000001010010000010010000000000001111000011100000000",13,15,0,0,1.106641723860382,155.94998991880425,132.6646258849071,4.624731798060026,3
1919,"b00000000000110000000011010000000011100000001100000000000000000000101100000000010",3,3564.3723088811284,"b01001000001010100001000001000000001010010000010010000000000001111000011100000000",14,9,0,0,0.7908716559535547,502.25776675636297,156.0500020043935,3.7928895183444595,3
1920,"b00010001100000000110000010001000001000010000000000001111111011011110111110101101",2,3505.881709033677,"b10111011111001011111000111010001100000111000010000110001000000110000010110011100",12,7,0,0,0.9366244633369958,256.80925409088934,364.00016266605184,0.4138565761490821,155
1921,"b00100001001000000000000010000000001000011000000100011011100011011010011111011101",2,4113.650441620194,"b10111011111001011111000111010001100000111000010000110001000000110000010110011100",10,1,0,0,0.9868165857329503,328.8568479285151,439.6935970210213,4.736864083836966,155
1922,"b10100001101000001110000000011011001000001100000010001110100111010000001101000100",2,3392.507206053431,"b10111011111001011111000111010001100000111000010000110001000000110000010110011100",15,7,0,0,0.9049818971121155,87.36575746268201,443.60865618173415,1.8867945618236934,156
1923,"b00000000000000001100000000111000001000111000110001111111110011111110001111100001",2,2187.238950775838,"b10111011111001011111000111010001100000111000010000110001000000110000010110011100",15,12,1,0,0.8592838191530565,409.1556616342196,399.33719293896706,4.122504484117422,156
1924,"b00100001101000100110000010001100001100000100011110001011100001011000010010011110",2,4851.59265732917,"b10111011111001011111000111010001100000111000010000110001000000110000010110011100",12,6,0,0,1.2845758209092215,114.23158252698931,355.27017391512635,1.1248170513055074,156
1925,"b00010001001000000010000110001100000000011100000100001011100011001000011101001100",2,5524.522333513363,"b10111011111001011111000111010001100000111000010000110001000000110000010110011100",13,2,0,0,0.873866200099964,407.0273016059855,207.0585081001416,0.8780915346570924,156
1926,"b00001000000010100001001011111011001111110010011110011101110001110000000100000000",3,1839.420324797924,"b01001000001010100001000001000000001010010000010010000000000001111000011100000000",5,19,0,0,0.8764533311215769,85.18824735533913,504.32311391152683,2.809396493255858,3
1927,"b00000000000000000000000000000000000100000100011110000000000001001100000100011000",3,4546.220334414733,"b01001000001010100001000001000000001010010000010010000000000001111000011100000000",14,7,1,0,0.7621496178126721,37.352973746347004,254.50339317969215,6.089695754116082,3
1928,"b00000001000000000110000001111000001011000110010000010010000011001000000000000000",3,3302.575427962515,"b01001000001010100001000001000000001010010000010010000000000001111000011100000000",13,12,0,0,0.7889772944667848,6.004600208306095,352.1000855506787,0.901537898451388,3
1929,"b00100000000000000000000000000000000000000001110111001010000000000000000000000000",3,2091.8359163918058,"b01001000001010100001000001000000001010010000010010000000000001111000011100000000",16,6,0,1,0.7177599733414,454.455471106938,209.64699755396163,3.4485983525495865,3
1930,"b00000001110000000011001000011001110000000011000000000000000000000000000000000000",3,1866.761640131775,"b01001000001010100001000001000000001010010000010010000000000001111000011100000000",14,8,-1,1,0.7725292127865132,134.53760244058873,44.310379434756854,0.5470972034217689,3
1931,"b00000000000000000000000000000000000000000001111110000110110001101000000001000000",3,2963.739934790803,"b01001000001010100001000001000000001010010000010010000000000001111000011100000000",14,9,1,0,0.7406903266103881,337.9212687193196,341.7165391320138,3.103546049810035,3
1932,"b00000000000000001000000001100000000110000000111010000000000000000000000000000000",3,3792.7506565058907,"b01001000001010100001000001000000001010010000010010000000000001111000011100000000",15,5,0,1,0.7548577506645372,271.28959975721864,187.20308632343813,-0.0760354722777783,3
1933,"b00000000000000000000000000000000000100001100011000100001110000100001000010000010",3,2978.061397486603,"b01001000001010100001000001000000001010010000010010000000000001111000011100000000",15,9,1,-1,0.7486139617583462,286.9677174788443,51.068964076515044,2.035163513206225,3
1934,"b00000000000000001010011001001001101100001101000000100000000000000000000000000000",3,4392.303533524246,"b01001000001010100001000001000000001010010000010010000000000001111000011100000000",13,8,0,-1,0.7607439474385291,152.1721949592401,487.1607771001605,0.22895416712516353,3
1935,"b00000000000000000000000000011000000100000000111000001111000011100000000000000000",3,2177.8742050309806,"b01001000001010100001000001000000001010010000010010000000000001111000011100000000",16,10,1,0,0.7841084680880518,36.23718060365657,429.98997618685064,4.736405004397275,3
1936,"b00000000001100000000110000000000000000000000110000000011001000011110000000100000",3,3466.9464970647878,"b01001000001010100001000001000000001010010000010010000000000001111000011100000000",15,10,0,-1,0.7737120926179855,182.28374990952753,414.0912734368055,3.9498390908124366,3
1937,"b00000000000000000000000000001000000000000000000000000000000001111000100100000000",3,2627.3648425112497,"b01001000001010100001000001000000001010010000010010000000000001111000011100000000",14,2,1,0,0.8432762707319438,121.42827666810996,82.10801177872183,5.1632426070381925,3
1938,"b00000000000000000000000000000000100001000000000110000000011000000000000000010000",0,4612.696092580614,"b10001000101011100011100100001100010101110100001110000010011001000010110001011000",26,1,1,1,0.7196612818696722,132.0950926144918,72.57256462699489,3.0808037863638864,4
1939,"b00000000000000000000000000001000000000100000100011000011100001011000000110000000",3,3142.0346061383557,"b01001000001010100001000001000000001010010000010010000000000001111000011100000000",14,8,1,1,0.9590617731218224,290.59887565932905,307.0146449829315,1.2529851474513023,3
1940,"b01000000001100000000000110000000111000000011110100001110000101111000110000000000",3,2174.7135008683354,"b01001000001010100001000001000000001010010000010010000000000001111000011100000000",10,14,0,0,0.797672733970757,399.90917611452613,373.6427446119856,5.131604286850995,3
1941,"b00000000000000000000000000000000001000000000011110000000111000100010000000000000",3,2672.359729165721,"b01001000001010100001000001000000001010010000010010000000000001111000011100000000",15,6,1,1,0.7554425072133428,11.72614187375309,127.27054972518505,1.2116142070078662,3
1942,"b00000000000000000000000000000000000000000000000011000000110001111010001100000000",3,2264.1190281650825,"b01001000001010100001000001000000001010010000010010000000000001111000011100000000",12,4,1,0,0.8241267969700311,161.3335467672998,78.79725899867704,5.1484821075923515,3
1943,"b00000000000110110000000010000000000100001100111100000000101000000001010000000000",3,3491.6643915246605,"b01001000001010100001000001000000001010010000010010000000000001111000011100000000",14,11,0,0,0.7593285983111588,254.0434111335992,165.93392840425386,3.1130509609099457,3
1944,"b10000110001010110001000011110100101111101101111000101111010000100000000100100000",1,3032.326030171744,"b11001110101000111111000000100000101111000111010100001000111100110000111001100000",16,14,0,0,1.2367261425798866,390.34307181037263,98.88209376799166,2.9152506383769854,8
1945,"b01010001100000000000000010000001001000001101011000001111110111100011000110110000",2,1810.619095333304,"b10111011111001011111000111010001100000111000010000110001000000110000010110011100",18,10,0,0,1.075526351009853,137.2814754704953,447.07368289111446,3.1803568627445147,157
1946,"b00000000010001010000010011000111111000011111011100110000000010000000000010000000",3,2136.9612301644847,"b01001000001010100001000001000000001010010000010010000000000001111000011100000000",11,16,0,0,1.1794060585270825,410.20679136073545,156.21138060663787,5.454140995649062,3
1947,"b00010001001000000101000010001100001000111100001100001111100011010010011011001100",2,6852.920983766904,"b10111011111001011111000111010001100000111000010000110001000000110000010110011100",10,4,0,0,0.8602195642393425,100.3908391553937,185.41752152224532,5.939137910104124,157
1948,"b00111111001001111010000111000101100010101001110000010001110001100001010110111000",2,4401.262525487355,"b10111011111001011111000111010001100000111000010000110001000000110000010110011100",10,11,0,0,1.1362599227110988,419.8600421970918,195.54033534980198,3.774996385994194,158
1949,"b01000000000000000000110111000011010000001000001000000010100000000000110000000001",3,1835.7994137155135,"b01001000001010100001000001000000001010010000010010000000000001111000011100000000",15,12,0,0,0.8483332284600579,99.57406949996948,81.45527020837092,2.052962863878487,3
1950,"b00000011000010001110000000011100110000000011000100101110000011011000000100000000",3,1567.4312274779086,"b01001000001010100001000001000000001010010000010010000000000001111000011100000000",13,17,0,0,0.8632782992699293,415.41373213879456,424.6269064715574,0.9292967783115255,3
1951,"b00110001101000000110000000011000000000001100000100001011100011011110011111011101",2,6324.178728938157,"b10111011111001011111000111010001100000111000010000110001000000110000010110011100",8,3,0,0,1.0148736690040405,136.2623248671859,77.72344605519463,6.072221873351561,158
1952,"b00000011000000001100000100011000100000110000000111000001111001000001000000000000",3,2011.5394540377154,"b01001000001010100001000001000000001010010000010010000000000001111000011100000000",16,16,0,1,0.7759061164107078,435.99389372558596,192.22261602783203,4.887347603883379,3
1953,"b01111100100110110010011100001000100000110001010000011100000011000000000100000110",3,1183.822220329537,"b01001000001010100001000001000000001010010000010010000000000001111000011100000000",11,20,0,0,1.162627437285873,403.080697378615,112.21463867512546,0.061491288856216346,3
1954,"b00100000000011000000000000000000000111110000011010000000000000000001100000000000",0,4834.071403990846,"b10001000101011100011100100001100010101110100001110000010011001000010110001011000",23,4,0,1,0.8075382559293531,261.04935173985837,35.793454129591794,4.787673488562158,4
1955,"b00000000000000000000001100000000111100000001111000000110000000010011000000110110",3,3929.833697672545,"b01001000001010100001000001000000001010010000010010000000000001111000011100000000",12,12,1,0,0.7263801019325853,208.9447482198064,258.76240639665536,3.0679642002788476,3
1956,"b00000000000000000001000000010000100001000001000110000110000000011000001000100000",3,2644.323875061922,"b01001000001010100001000001000000001010010000010010000000000001111000011100000000",14,8,1,0,0.8655450123416953,354.8699161013176,446.81586977467333,5.486774798075543,3
1957,"b00001000000000100000001110000100110000010001111000000010001100001100010000000000",3,1311.5774588733407,"b01001000001010100001000001000000001010010000010010000000000001111000011100000000",13,13,0,1,0.7761471329065113,191.55413775568636,505.71616242447044,1.2490880194932805,3
1958,"b00000000000000000000000000000100000000010000000110001100011000111000000001000000",3,2722.862244735108,"b01001000001010100001000001000000001010010000010010000000000001111000011100000000",14,7,1,1,0.76557395803815,307.0314862346361,139.46576093114754,1.4238776087543905,3
1959,"b10000000001011000000101111000000000100000100101110000010111001000010110000010000",0,5177.9477355205945,"b10001000101011100011100100001100010101110100001110000010011001000010110001011000",13,5,0,0,0.9069480122148462,161.0618426535645,135.9645488066713,4.80472396663452,4
1960,"b00000000000000000000000101010000010111000001001111000000001100000000010000000000",3,1309.4629561094632,"b01001000001010100001000001000000001010010000010010000000000001111000011100000000",15,11,0,1,0.7916578915968936,320.9586411904425,214.58360098958536,5.9528421598648045,3
1961,"b11000110001000001011000000110100101110000011010100001000010000100000110001100000",1,5342.1300129683705,"b11001110101000111111000000100000101111000111010100001000111100110000111001100000",12,2,0,0,0.9185521660919178,27.054272769848954,336.8479124712181,2.9177912450321553,8
1962,"b00000000000000000000001010000000111000000001110001000010000000000000000000000000",3,3019.637501769935,"b01001000001010100001000001000000001010010000010010000000000001111000011100000000",15,6,-1,1,0.7590222876839203,438.8651115502539,97.98330000240827,4.985245546994075,3
1963,"b00000000000101100000000100100000110010000000000000000000000000000000000000000000",3,1678.353167126921,"b01001000001010100001000001000000001010010000010010000000000001111000011100000000",17,6,-1,0,0.7849804190879914,258.2387889432289,443.4631630925096,6.029701199290397,3
1964,"b00000000000000000000000000000000111111000000011100111000000000010000000000000000",3,2813.504795479434,"b01001000001010100001000001000000001010010000010010000000000001111000011100000000",15,9,0,-1,0.7419080871904263,439.9819115214824,34.41140398855929,1.2704628588618125,3
1965,"b00101001101100000110000000000001001100010101010110001111110011111100011100011000",2,2574.385203667651,"b10111011111001011111000111010001100000111000010000110001000000110000010110011100",11,9,0,0,1.079084676673735,459.08866895268153,477.37647869676783,0.036738279812991964,159
1966,"b00000001000000111100000010010011011000000001110000000010110010000100100000010000",3,4336.071877320659,"b01001000001010100001000001000000001010010000010010000000000001111000011100000000",8,10,0,0,0.7604717623880043,213.24336162155282,110.75810340421671,0.7361531560537813,3
1967,"b00110000001000000100000110001000001000001100001100001111000011011000001101001100",2,3262.768996750759,"b10111011111001011111000111010001100000111000010000110001000000110000010110011100",14,3,0,-1,0.9620813229143341,383.44024681695674,209.62671400495992,0.1963079981450603,159
1968,"b00000000000000100001000011010011000111000100000000001001011001111101000110000000",3,2408.424758425392,"b01001000001010100001000001000000001010010000010010000000000001111000011100000000",10,14,1,0,0.8341640400410538,55.39454635289033,316.79790791747996,4.715410515243336,3
1969,"b01000000001101110000001111110000010010000010011000000000000000000000000000000000",3,2346.6021994003786,"b01001000001010100001000001000000001010010000010010000000000001111000011100000000",13,11,-1,-1,0.751070112017493,318.635396869366,221.61624028132513,0.4060944471825281,3
1970,"b00110000101000000011000000111111001001001100000000001111100011111100011111001001",2,5175.7703131581275,"b10111011111001011111000111010001100000111000010000110001000000110000010110011100",11,9,0,0,0.8991264248830535,273.2733028864128,259.7419785099848,6.270327448736314,160
1971,"b00000000000000000100000000100100001111000001111100011110000001100000000000000000",3,6344.254171653814,"b01001000001010100001000001000000001010010000010010000000000001111000011100000000",14,13,1,0,0.7532888383098825,293.354046763488,24.007789927405266,0.537798115407164,3
1972,"b01100000000110110000011000010000001100010000010011000000000000000000000000000000",3,3015.1416773471474,"b01001000001010100001000001000000001010010000010010000000000001111000011100000000",12,8,-1,0,0.7801258007973513,394.5582406342074,370.83247009594527,3.8459732323453903,3
1973,"b00000000000000000000000000100000001111000000000111000011001100001000000000000000",3,3003.07485191125,"b01001000001010100001000001000000001010010000010010000000000001111000011100000000",15,9,0,1,0.7298608388607498,288.27763933088397,160.0766030350265,2.9926934211371568,3
1974,"b00000001101000000110000010000000001000010100010110000011110011011100010110001100",2,2511.720786872548,"b10111011111001011111000111010001100000111000010000110001000000110000010110011100",14,4,0,0,1.354400897364164,417.3622690195176,493.8823763041577,6.224722319510402,160
1975,"b11011000001000110000000011000000000110000000001000000000110000000011000000000000",3,3553.6808389258367,"b01001000001010100001000001000000001010010000010010000000000001111000011100000000",13,10,-1,-1,0.7277301599970359,271.5520981094436,240.64017320424728,5.331756209888129,3
1976,"b00100000001000010000000001100000001111100001111100000110000000011100000000100000",3,5059.282173254211,"b01001000001010100001000001000000001010010000010010000000000001111000011100000000",12,14,0,0,0.7524281268643587,424.0871489450732,126.98702113116933,4.348587160215944,3
1977,"b00011010000000111110000001000100001010010000001000001000000000000000000000000000",3,2836.2010541195027,"b01001000001010100001000001000000001010010000010010000000000001111000011100000000",13,9,-1,1,0.8730198425241887,456.7484061217709,445.4737643578691,4.487650066551739,3
1978,"b00000000000000000000011011000001111100000110000000100000000000000000000000000100",0,2726.4253923657266,"b10001000101011100011100100001100010101110100001110000010011001000010110001011000",23,4,0,-1,0.7646609804083958,90.74964960042524,222.28094492762435,5.812307161610059,4
1979,"b00000000000100000000010000000000000000000001011000010111101100001111110000000000",3,2625.034095410999,"b01001000001010100001000001000000001010010000010010000000000001111000011100000000",13,12,1,0,0.7819420714881756,238.46701681027793,408.58029092446714,2.4217734215431035,3
1980,"b11000000001100000000000000001100000001000000000111000000100000000110000000011000",0,1970.3371445222704,"b10001000101011100011100100001100010101110100001110000010011001000010110001011000",22,5,0,0,1.160988372829039,454.5366311142961,432.1027538912546,0.22906263602480392,4
1981,"b00001000110011111011001111100000001111101001111100001111000100011100110011000000",3,2442.323607291736,"b01001000001010100001000001000000001010010000010010000000000001111000011100000000",7,26,0,0,0.923610701337665,48.354858656009085,437.991358535329,1.6212974362688337,3
1982,"b00000000000000000001000000110100000110000000001000011100000001110000000000000000",3,4670.75844461789,"b01001000001010100001000001000000001010010000010010000000000001111000011100000000",14,8,1,0,0.7641345457947709,77.32124181872392,235.14450233940437,5.279583837528048,3
1983,"b00110001001010000110000010001000001000010101100110111101100011011000010000001101",2,4121.977559031833,"b10111011111001011111000111010001100000111000010000110001000000110000010110011100",13,7,0,0,0.8580829208467521,74.52688811394947,384.6095752744089,2.4060728429595244,160
1984,"b00000000100000011100001110001000000110100000010000010000000100100001010010000000",3,1593.4038277218124,"b01001000001010100001000001000000001010010000010010000000000001111000011100000000",12,11,0,1,0.9589934944171878,114.13823646835134,0.2806975232260654,5.982587860768756,3
1985,"b10100000110000001011000111110000100000001000010000010001000000000000010110000000",2,5843.240225523486,"b10111011111001011111000111010001100000111000010000110001000000110000010110011100",17,1,0,0,0.9544038656262133,83.571224068841,199.53062923024376,2.5203725341537226,160
1986,"b01100000001101000000100110010010011011101111100100110110100111111010010001000000",0,1037.0674203117464,"b10001000101011100011100100001100010101110100001110000010011001000010110001011000",15,18,0,0,0.9925126874358602,45.29279634514441,455.9871249149317,2.430858494534136,4
1987,"b01000000000000000000000100000000010001000100001100000000011000100000110010000000",0,2929.732365476247,"b10001000101011100011100100001100010101110100001110000010011001000010110001011000",22,3,0,0,0.9041301341755685,415.3798176297129,240.1027190151275,5.320733760593834,4
1988,"b00000001110000001110000010000000001010000110000000010000000000000000000000000000",3,2303.984036590752,"b01001000001010100001000001000000001010010000010010000000000001111000011100000000",13,6,-1,0,0.8517699538422919,209.42907199673107,1.979346784377184,0.8111076925711285,3
1989,"b00000000000000000000000000111100000011110100010001000000000000000000000000000000",3,3760.402094325832,"b01001000001010100001000001000000001010010000010010000000000001111000011100000000",16,8,-1,1,0.7406373261332514,302.23549906082053,268.6492992842616,0.566013110254133,3
1990,"b00000000000000000110110100011100001000110000100010011011000011101100001100010000",2,2339.890692843861,"b10111011111001011111000111010001100000111000010000110001000000110000010110011100",20,9,1,0,0.88269522034671,154.35497467031158,112.44255631838658,4.397501234697858,160
1991,"b10000000001001001111000110110100011000000010000011111001000011100000000010000000",2,2941.498004662257,"b10111011111001011111000111010001100000111000010000110001000000110000010110011100",21,10,0,0,0.8376988476411633,211.96909287520904,32.27521118781418,5.659395635483685,160
1992,"b00110001100000000101000010000110001000011000000110001011100011100100011101001100",2,2385.0456736685583,"b10111011111001011111000111010001100000111000010000110001000000110000010110011100",11,3,0,0,1.065197833971767,163.7209535655969,54.087769101113636,5.416471290564287,160
1993,"b00011001101000000001000010001100001000011000000100000001100011011000011111001001",2,5335.339700817467,"b10111011111001011111000111010001100000111000010000110001000000110000010110011100",11,1,0,0,0.9041145073269176,285.15831077598625,368.0604754531782,5.107489886082098,161
1994,"b00110001100011000100100000011000000000111100000100001000110001111001011101111101",2,3614.078582013692,"b10111011111001011111000111010001100000111000010000110001000000110000010110011100",12,8,0,0,0.9926162063126899,396.5974421333645,203.09387873906675,0.8873269261653464,162
1995,"b00110000001001011111000111111000111111010111111000010111010011111000100100000000",3,1768.0850993785916,"b01001000001010100001000001000000001010010000010010000000000001111000011100000000",7,28,0,0,0.8435583738125798,491.2178143097247,26.228813277927248,1.7540238221518698,3
1996,"b01000000000000000000001000110000100011000011100000000000011100010000000001000000",1,3632.0997427020507,"b11001110101000111111000000100000101111000111010100001000111100110000111001100000",24,3,0,0,0.9674243254802248,325.76202574882257,241.77271452054413,3.400241970873023,9
1997,"b11000000110000001101000000010010100000110111000000111000000000000000010000001000",2,2049.009103804012,"b10111011111001011111000111010001100000111000010000110001000000110000010110011100",22,6,0,0,0.8717372825276726,32.301030691896905,130.7083284479588,3.0181850150146445,162
1998,"b00110001101000000110000010001000001100010000010110011001100111011010010000001101",2,3412.531015065707,"b10111011111001011111000111010001100000111000010000110001000000110000010110011100",12,5,0,0,0.8629978346264828,25.86350084532687,334.3386925225294,1.8384715492803307,162
1999,"b00000000000000000000000000000000011010000001000000000011100001111000000001001000",3,3411.3353944824976,"b01001000001010100001000001000000001010010000010010000000000001111000011100000000",13,7,1,0,0.745215096550541,150.92369000519378,203.13151499591297,5.1409953304625855,3
2000,"b01111000001000000110000010001000001000011000000110001011000011111010010111101101",2,4889.607782476496,"b10111011111001011111000111010001100000111000010000110001000000110000010110011100",8,3,0,0,0.9657563095550877,182.49132895266112,136.7425503515093,3.8441460786781456,163
2001,"b01011000000101100111000010110101101101001000010011010101000001100000000110000000",3,975.1490365541831,"b01001000001010100001000001000000001010010000010010000000000001111000011100000000",9,19,0,0,1.0021938784408602,170.53394359262717,500.43522127759513,6.031084095971776,3
2002,"b00011001000011010100001101111001111111110011110111001010000010001001001100100100",1,1328.737417824227,"b11001110101000111111000000100000101111000111010100001000111100110000111001100000",18,20,0,0,1.0381500380250868,234.10209393568442,315.1805841150418,2.6998237992004546,9
2003,"b00000100000000000100000000011000000000000000110000001011100011100000000100000000",3,2645.6601281482435,"b01001000001010100001000001000000001010010000010010000000000001111000011100000000",15,10,0,0,0.9394483697871503,449.98881574120674,87.69785338832786,2.3682821641546843,3
2004,"b01110001101000000110000110001111001100001100000100001011100011001011011111001100",2,4419.927240320714,"b10111011111001011111000111010001100000111000010000110001000000110000010110011100",8,7,0,0,0.964713602760316,313.7812178795527,436.1308470460456,2.7700133241818605,164
2005,"b00000010000000001000000011000001111111001011000010100000000010000000000000000000",3,1223.8052683757044,"b01001000001010100001000001000000001010010000010010000000000001111000011100000000",13,11,-1,0,0.8646390451264885,351.5468107438471,427.25571170049403,5.24858786424169,3
2006,"b00000000000000000100000111010000011101110011111110010001100001101110001110001010",3,1145.2661290607684,"b01001000001010100001000001000000001010010000010010000000000001111000011100000000",9,21,1,0,0.7947982193717023,325.40094100967553,432.6072250771948,6.134641600045033,3
2007,"b00000000000000000000000011000101100010100110001100010100000000111111000000000000",3,2432.068938769243,"b01001000001010100001000001000000001010010000010010000000000001111000011100000000",14,14,1,0,0.7953831604481623,131.6392197480073,265.8797354237914,2.981948679298891,3
2008,"b00011000001001000110100011111000001110001100000001110000010011011000000111100001",2,1270.8278067537774,"b10111011111001011111000111010001100000111000010000110001000000110000010110011100",19,13,0,0,1.0030541439339533,167.4920809275744,75.02586699483062,2.5001881432365227,165
2009,"b01010001011111111111000111111000111111110110110000110001100001000000000110000010",2,1267.5079050861,"b10111011111001011111000111010001100000111000010000110001000000110000010110011100",13,17,0,0,0.9741205124269627,439.2747210030358,76.17984456071457,1.520244551579745,165
2010,"b00110001101000000100010000001010000000010000000010001111100011011000011010001101",2,2994.5526608416326,"b10111011111001011111000111010001100000111000010000110001000000110000010110011100",13,3,0,0,0.9504609996478973,348.51056655435616,202.29807098665114,5.284757353832641,165
2011,"b00011000000000110011000100011000110001100000000110000000000000000000000000000000",0,1861.0229756599276,"b10001000101011100011100100001100010101110100001110000010011001000010110001011000",21,4,-1,1,0.7667303347464477,286.1910602660167,307.8452485338679,6.054465646221496,4
2012,"b00000000000000000000000000100000011110000001101000000000000000000000000000000000",3,2351.995667450808,"b01001000001010100001000001000000001010010000010010000000000001111000011100000000",17,6,0,0,0.713761720957493,259.19751802114007,107.59816939519169,0.8975553228254459,3
2013,"b00110001101000000110000010001000001000011000000110001001100010001010010111001101",2,4058.9794106195795,"b10111011111001011111000111010001100000111000010000110001000000110000010110011100",10,1,0,0,1.1361506784370168,347.2987554716784,200.0046589837702,1.7345668024383794,166
2014,"b00100001000000100100100001000010000011100000001110000000111001000000110010001000",3,3938.642443499424,"b01001000001010100001000001000000001010010000010010000000000001111000011100000000",13,15,0,0,1.4124894513225954,137.75360225364207,366.75740209754537,1.2155700264519973,3
2015,"b00000000000000000000000001100000110110000000011110000000000000011100001100010000",3,3955.463652658301,"b01001000001010100001000001000000001010010000010010000000000001111000011100000000",11,8,1,0,0.7446585189593194,127.95478974570379,285.1499713613357,4.493868275467795,3
2016,"b00000000000000000110000011000000011011000001010000111000100011111000000000000000",3,1802.2827161439222,"b01001000001010100001000001000000001010010000010010000000000001111000011100000000",11,11,0,0,0.8159843218001428,101.4386472168291,458.86116277579896,5.80326575883092,3
2017,"b00000000000010000000011000000010000000000000001100000011101000011111000000100011",3,1466.7390537416481,"b01001000001010100001000001000000001010010000010010000000000001111000011100000000",15,14,1,0,0.7916091263629128,505.9274047275759,487.4012885600358,5.610122541363673,3
2018,"b00110000001001000110000110011000011000110000101111110100111011111110011101001000",2,2939.4273090259708,"b10111011111001011111000111010001100000111000010000110001000000110000010110011100",14,15,0,0,0.8575341453220585,25.868690370190375,96.023798991252,6.186238807671382,167
2019,"b00000000001101000000011110000011100000001110100000100000000000000000000000000000",0,1489.3950974118088,"b10001000101011100011100100001100010101110100001110000010011001000010110001011000",20,3,-1,-1,0.8407466792814445,317.9248658690737,296.7116218760375,6.483880195100661,4
2020,"b01000000000010100000000000011000000000110000000010000000000000100000000000100000",3,3262.3333041728597,"b01001000001010100001000001000000001010010000010010000000000001111000011100000000",13,4,0,1,1.4227752135037246,263.669391968066,13.105200873226945,2.110809363601353,3
2021,"b00000010000000011100000000000011100000001100000000110001000000000000000000000000",3,1592.9539306483334,"b01001000001010100001000001000000001010010000010010000000000001111000011100000000",14,7,0,-1,0.737383163825977,335.70775242269474,457.6731246428478,3.971221493029172,3
2022,"b00110001101000000110000010001100001000001000000010001000100011110001001111001101",2,4673.762534344719,"b10111011111001011111000111010001100000111000010000110001000000110000010110011100",11,2,0,0,0.9497245721338841,202.38226787388282,50.52556718555341,2.7395632110951533,167
2023,"b00000000000001100010000010000000001110110000000100000000001101100000001100100000",3,1677.3400106528964,"b01001000001010100001000001000000001010010000010010000000000001111000011100000000",11,9,1,0,1.1481844938280314,143.07638285205869,466.83458537688995,0.5768401490927084,3
2024,"b11000000000110000000001100000000010010100001111100001111111000110010110000000001",3,2349.9523759925223,"b01001000001010100001000001000000001010010000010010000000000001111000011100000000",12,20,0,0,0.8633565601354424,15.560080518301922,46.472569316105194,4.437919435434079,3
2025,"b00000000000000000000000000000000001100000000011110011001010001111000000000000000",3,1716.4178375949982,"b01001000001010100001000001000000001010010000010010000000000001111000011100000000",12,7,1,0,0.7748865752660344,502.9233612532816,495.642804229444,2.4093572456998404,3
2026,"b00000000000000000011000000010100001011000000001110000111000000111000001001100000",3,1451.120060870278,"b01001000001010100001000001000000001010010000010010000000000001111000011100000000",11,11,1,0,0.908451916628766,431.30507852035146,469.4064192237465,1.3260352526914607,3
2027,"b10000000000011000000001000000001110000000011000000001100110000010110110000110000",3,1392.880473427981,"b01001000001010100001000001000000001010010000010010000000000001111000011100000000",14,15,0,0,0.8406400847358215,382.9070128799415,503.545426057765,3.771002059572827,3
2028,"b00111000000111100000111111000010110000110000000010000000000100000000010000000000",3,2812.6222564404816,"b01001000001010100001000001000000001010010000010010000000000001111000011100000000",12,14,-1,0,0.867913938833551,4.41774698998932,123.577208370215,5.976621991469544,3
2029,"b11000100000000100010000011110000001111001011000000000001000000000000000000000000",3,2047.22428033234,"b01001000001010100001000001000000001010010000010010000000000001111000011100000000",14,12,0,-1,1.1597233465738181,377.29885250777386,24.26870920089783,0.43831437460105194,3
2030,"b00000000000000000000001100111010011010110001110000001101000011001100001111110001",1,1927.0278994565897,"b11001110101000111111000000100000101111000111010100001000111100110000111001100000",17,9,1,0,0.8532416165791677,363.3301451253231,401.4400243436304,4.5190727378719435,9
2031,"b10000000001100000000000110010000011010001110000000111110001100001000000000000010",0,1145.4174363904533,"b10001000101011100011100100001100010101110100001110000010011001000010110001011000",23,12,0,0,0.8691960512192013,258.5723445722058,378.68592592527835,1.295821493459155,4
2032,"b00000000000011000000000111000000001110000000011000000000000000000000000000000000",3,3459.0705634659785,"b01001000001010100001000001000000001010010000010010000000000001111000011100000000",14,5,-1,-1,0.7442513836105045,265.2917635329694,125.08445256905507,3.475590139971402,3
2033,"b11011000000001100000011110101010100010110000100010000000001000000001000000000000",3,2413.3162584893053,"b01001000001010100001000001000000001010010000010010000000000001111000011100000000",13,15,-1,0,0.7938447999785291,90.33603110074294,388.82768275955783,0.5969001166207524,3
2034,"b00000000000000000001000000011100110111110000010000111100000001110000000110000000",3,5116.469786834349,"b01001000001010100001000001000000001010010000010010000000000001111000011100000000",11,13,1,0,0.908457851596581,438.3001325184289,268.11854047433314,5.244411097435217,3
2035,"b11000000001111000000110110000001111000000100001111010000111101000001110000000000",0,2922.531742486437,"b10001000101011100011100100001100010101110100001110000010011001000010110001011000",16,12,0,0,0.8096761384394913,455.6337127719752,115.64535361527061,2.0877480443479843,4
2036,"b00000000000000000000000000000001110000000111100000000111000000000100001000011010",3,2967.6897343510414,"b01001000001010100001000001000000001010010000010010000000000001111000011100000000",13,9,1,-1,0.8344846787580441,488.49765138656375,373.5987062387618,0.5029624425736701,3
2037,"b01110001101000000101000010000011001100011100111100111101100001111110010110001101",2,2575.3359348644854,"b10111011111001011111000111010001100000111000010000110001000000110000010110011100",10,12,0,0,0.9132386896287756,245.12222459213314,60.52971305358847,5.423866692976116,168
2038,"b00111110110011000000000010000000111011010000111100000111000000100000010010010011",3,1182.8311929296303,"b01001000001010100001000001000000001010010000010010000000000001111000011100000000",11,21,0,1,1.1392020499639195,41.511199926146766,459.89155166895813,3.538094937362601,3
2039,"b00001000000011100011100101000100011111110111001100110010011000000000000000000000",0,4127.151208547712,"b10001000101011100011100100001100010101110100001110000010011001000010110001011000",12,7,-1,0,1.074600566474996,376.3669078845946,265.9789240261084,0.849458982826178,4
2040,"b00000000000000011000001011100011101110000001101000010000000000000000000000000000",3,1583.12402494425,"b01001000001010100001000001000000001010010000010010000000000001111000011100000000",16,13,-1,-1,0.7811280865719218,260.10103402214867,397.0403815693823,5.36301360455119,3
2041,"b00010000000010010000001111000100001000100000000110000100001101110000001100000000",3,2360.9039481314467,"b01001000001010100001000001000000001010010000010010000000000001111000011100000000",10,11,0,0,0.905070230693913,309.73190878746607,377.60411803751947,5.783850925925228,3
2042,"b00010001100111000100111101010000001001010000001101000000010010000110001000110000",3,1738.4944760374365,"b01001000001010100001000001000000001010010000010010000000000001111000011100000000",14,21,0,0,1.3847358128658633,260.6532278264448,395.37910605452635,0.9462259675345261,3
2043,"b00000000100001000000000110001000011000011101110100011111100011111100000110000000",2,4365.818359297782,"b10111011111001011111000111010001100000111000010000110001000000110000010110011100",17,9,0,0,0.8361025692823694,40.862304131197675,147.17049341247034,1.9796612119256118,168
2044,"b00000000000000000010000100001100101100111100100000001010000001111000000100000000",3,1876.4636687640473,"b01001000001010100001000001000000001010010000010010000000000001111000011100000000",12,12,1,0,0.9287015690874862,245.87592349625896,459.5996366488929,5.54005981705104,3
2045,"b00000000000000001000000010100001011000000111111000011010000000000000000000000000",3,1732.2108395315063,"b01001000001010100001000001000000001010010000010010000000000001111000011100000000",13,9,0,-1,0.7760153462529331,502.39309204192386,237.0581983895529,1.190691358299008,3
2046,"b00000000000000000000000011000000000011000000000100100000000010000000001000000000",3,1675.2833972021629,"b01001000001010100001000001000000001010010000010010000000000001111000011100000000",16,5,0,-1,0.8465220193865662,99.09308000289688,495.2369491347794,5.129906076989347,3
2047,"b00000000000000000000000000011100100011000111001101001000011100000000000000000000",1,2185.5178464536584,"b11001110101000111111000000100000101111000111010100001000111100110000111001100000",25,5,0,1,0.7382591961792989,340.58359704798767,218.42899184005475,1.373145837977368,9
2048,"b00001000000000100000000000100000000111000000001110000000000000000000000000000000",3,2894.0354607127047,"b01001000001010100001000001000000001010010000010010000000000001111000011100000000",15,5,-1,1,0.7786242766332779,480.4577086960517,268.08246816893524,5.771574136086963,3
2049,"b00000001111100011111010011100001100100111000011000110000000001100000000010000000",2,2334.718635309069,"b10111011111001011111000111010001100000111000010000110001000000110000010110011100",15,6,0,0,0.8941056050749817,391.3060901768776,235.206401275565,6.058676128708857,168
2050,"b00000000000000001110001110110111100111100111111001011010000000000100000000000000",3,2517.6031498137436,"b01001000001010100001000001000000001010010000010010000000000001111000011100000000",11,19,-1,0,0.9059023361066709,375.0834849581912,266.09385383258416,5.541901731808923,3
2051,"b00000000100000001111000100110100101011001100111000010110000011110000001110000000",3,4223.510241609616,"b01001000001010100001000001000000001010010000010010000000000001111000011100000000",10,19,0,0,0.865056181507368,375.3456101444733,138.02249601728994,1.198521787918618,3
2052,"b00000000000000001010000000001000111011011110011000110101110001100010000100000000",0,2959.1560331266796,"b10001000101011100011100100001100010101110100001110000010011001000010110001011000",19,11,0,0,0.7896457759645185,367.6662167320208,237.5733704789371,2.001860656045433,4
2053,"b00000000000011100000000011000011011110000100000000010000000000000000010000000000",3,4048.2217854128726,"b01001000001010100001000001000000001010010000010010000000000001111000011100000000",13,8,0,0,0.7858929435569473,263.7679667253026,204.1688913435561,2.3506963589244845,3
2054,"b00000000000000000001000001001100000101100000000100010110000000111000000000000000",3,2078.9026578662492,"b01001000001010100001000001000000001010010000010010000000000001111000011100000000",14,9,0,1,0.7879431458182652,454.76823171878453,95.03442812134436,6.044250283901566,3
2055,"b00000000000000011011000000000000000011000001111100011011000110001000000000000000",3,2239.8437689004713,"b01001000001010100001000001000000001010010000010010000000000001111000011100000000",12,11,0,0,0.8202380836534812,423.6621245644939,467.7093629204718,6.021575091845776,3
2056,"b00000000000000000110000000111100000001100000111000111011100001110110100110000000",3,1980.5137774453246,"b01001000001010100001000001000000001010010000010010000000000001111000011100000000",14,20,1,0,0.7521633670422799,236.02268276288325,277.53209957162824,4.605340198315574,3
2057,"b00010001101000000000000010000100001000000100000110001111100011011010001101101000",2,4221.546526717388,"b10111011111001011111000111010001100000111000010000110001000000110000010110011100",13,2,0,0,0.8986471001879837,28.350126963929426,384.7189238885581,1.4846832682122297,168
2058,"b01000000000000000000000000000110000100001001011000111111110001101101010000000100",3,2988.512738061468,"b01001000001010100001000001000000001010010000010010000000000001111000011100000000",12,16,0,0,1.2056766810683124,354.79158352399674,367.6132604391923,3.183027525580005,3
2059,"b00100000000110000110111000000000000110000000010000000000000000000001110000000000",3,1499.1853884424283,"b01001000001010100001000001000000001010010000010010000000000001111000011100000000",14,9,0,0,0.8382517831693687,189.43263103909962,155.88087456635188,2.760860559158309,3
2060,"b00000010010000011001001000111000111001000011000000000000000000000000100000000000",3,2799.6273987183026,"b01001000001010100001000001000000001010010000010010000000000001111000011100000000",14,11,-1,1,0.7598086882462105,228.15071797013016,135.50302508539073,5.855409500615931,3
2061,"b00000000000000000000000000000000000000000001011000000111000000000000000000000000",3,5524.639750783583,"b01001000001010100001000001000000001010010000010010000000000001111000011100000000",16,3,1,-1,0.7228816699268446,309.4978648638526,96.94433721283691,2.706337922786309,3
2062,"b00000000000000000000000010000000010000000001111000000111100001111100000001010000",3,1705.981566367077,"b01001000001010100001000001000000001010010000010010000000000001111000011100000000",14,12,1,-1,0.7098961962439205,100.59478018882983,202.279034184031,2.596883811623403,3
2063,"b00000000000000000000111000000001100000000001000000000100000000000011100000000010",3,3858.576954893403,"b01001000001010100001000001000000001010010000010010000000000001111000011100000000",15,7,0,0,0.7937303102428548,153.51622056572123,250.75382213001345,4.886793374388127,3
2064,"b00000000100001001010000101100100011110000111111001011110110011011000001100000000",3,1654.1086769737958,"b01001000001010100001000001000000001010010000010010000000000001111000011100000000",10,22,0,0,0.9259084574482187,169.1381210998485,359.70962671229717,3.8531912921045004,3
2065,"b00011000001101100111000010011101001000111101100011000011001011011100001110000000",3,1876.301835563584,"b01001000001010100001000001000000001010010000010010000000000001111000011100000000",7,22,0,0,0.9674089354369001,482.63485618341167,336.42325168046796,6.065810545214056,3
2066,"b00100000000010000000000111000000001111100000111110110000000000000000000000000000",3,3886.8612337928193,"b01001000001010100001000001000000001010010000010010000000000001111000011100000000",13,11,-1,0,0.7671292689227123,398.5572171045053,380.51597057391257,5.843235080407023,3
2067,"b01001011001111110000010011001001000011000100000111011001001010000001110001001000",3,1642.3161971661393,"b01001000001010100001000001000000001010010000010010000000000001111000011100000000",10,22,0,0,1.3313418452201051,223.25974493744533,377.1516639520549,4.172211048182676,3
2068,"b00000000001010000000001001000011111110000001111110000001110000000010000000000000",3,4597.944809469143,"b01001000001010100001000001000000001010010000010010000000000001111000011100000000",12,14,0,-1,0.7727676403065449,315.16000872825214,23.747337733133318,0.9031587719945806,3
2069,"b10110001111010011111011111110001111100011110010000111100000000000000000000000000",2,2394.468509442512,"b10111011111001011111000111010001100000111000010000110001000000110000010110011100",13,11,-1,0,0.8763575899574124,465.49122468914146,398.5173547789778,3.155868941753168,169
2070,"b10010000001001111000001100000111000110011110010000001000000100100001000000001100",3,1147.812653730973,"b01001000001010100001000001000000001010010000010010000000000001111000011100000000",12,18,0,0,0.9165265834333851,226.56170727857162,130.62253462038652,6.777514205884387,3
2071,"b00000000000000000000000000000000011000000001111000001000000000000000000000000000",3,2454.80294418055,"b01001000001010100001000001000000001010010000010010000000000001111000011100000000",16,4,0,-1,0.7910283062943201,172.94716047117223,171.31403263950847,0.9130430396303438,3
2072,"b00000000000000000001000001000000000100100000001011011110100101011010000001000000",3,2918.1444525578963,"b01001000001010100001000001000000001010010000010010000000000001111000011100000000",13,12,0,0,1.0009664497714164,249.9265139020355,59.38561369826674,2.2169515030936733,3
2073,"b00000000000000000000000000001000011010100011110010001010000011111000001000000000",3,3115.1226793575242,"b01001000001010100001000001000000001010010000010010000000000001111000011100000000",10,9,1,-1,0.7786584131398325,435.40246671518884,46.85419049800787,2.288964569867169,3
2074,"b00001001101000000100000010011010001000010100000000101101100011011100010010101011",2,4103.16273409321,"b10111011111001011111000111010001100000111000010000110001000000110000010110011100",15,7,0,0,1.2738118563347764,187.95590354154024,433.9471083952771,1.8335262855599446,169
2075,"b00000000001100000000000100000000000111000000011100000011000000000000000000000000",3,3862.2295743892882,"b01001000001010100001000001000000001010010000010010000000000001111000011100000000",16,8,0,-1,0.7252965080664786,82.70334619723096,309.70898850198137,3.567720753116099,3
2076,"b00000000000010000000001000000000100000000000000000000000001101110010010000000000",3,1493.0277045829803,"b01001000001010100001000001000000001010010000010010000000000001111000011100000000",14,5,1,1,0.827815210436262,295.66731313955444,294.7676768945402,4.648611895541034,3
2077,"b01000000001001100000001110111101111011110111101100100110000000000000000000000000",0,2984.7759555828934,"b10001000101011100011100100001100010101110100001110000010011001000010110001011000",18,14,-1,0,0.7847948943384735,320.85825850343286,179.3942043754311,3.935533014023691,4
2078,"b00001000000110100100011000100101111000001111111010110011110011000000010100010000",0,2668.9356969499386,"b10001000101011100011100100001100010101110100001110000010011001000010110001011000",12,12,0,0,0.8712747107808948,353.17375221864427,183.33762867820454,6.006888853718113,4
2079,"b01000000100000001110000011000001000110000001011100001110110011011100010000001100",3,822.8139551142651,"b01001000001010100001000001000000001010010000010010000000000001111000011100000000",8,16,0,0,0.9969347999488175,454.5667601899281,445.055012892877,3.663776773440097,3
2080,"b10000000100000000110000010001111001000010010010100101101100011011000100111000001",2,2510.8880590826097,"b10111011111001011111000111010001100000111000010000110001000000110000010110011100",17,9,0,0,0.889212286381047,301.8136351149398,312.69373173623393,1.9563065070292227,169
2081,"b00000000010011000000000100000000111000000000100000011001100100000110000000001000",0,1102.69772968811,"b10001000101011100011100100001100010101110100001110000010011001000010110001011000",23,7,0,1,0.8847493840903261,431.17216916541065,229.07392123776455,3.8539477635630055,4
2082,"b00011100011100000100010000000011001110011011110000101100001101110000100000111000",3,2138.747939964471,"b01001000001010100001000001000000001010010000010010000000000001111000011100000000",10,22,0,0,1.274375701613,354.18693392940827,358.3185780412195,5.6514225926580375,3
2083,"b00100000000111000000111001000001111100010011100011001110101110000010100001101000",3,849.8170985498929,"b01001000001010100001000001000000001010010000010010000000000001111000011100000000",14,26,0,0,1.186829397503111,79.05278558634633,500.69496948133263,4.975870101484334,3
2084,"b00001110000000011000000001100000100100010000000111011000001111100000001100000000",3,1326.246639346486,"b01001000001010100001000001000000001010010000010010000000000001111000011100000000",11,14,0,0,0.91180948825863,246.11838544801225,33.03602662419164,1.294004447580324,3
2085,"b00000000000000000000000010001101001011100101011100001110110101111111101101000000",3,2593.98995635824,"b01001000001010100001000001000000001010010000010010000000000001111000011100000000",10,21,1,0,0.7799857189916588,425.6033798917003,158.70167826799164,4.794387854396841,3
2086,"b00001000000010000001011010000000001110010000000000000011000111101000011101000000",3,5069.58633076914,"b01001000001010100001000001000000001010010000010010000000000001111000011100000000",7,9,0,0,0.9014215246394958,346.21065824929025,122.21469762050052,6.264162259886827,3
2087,"b01100000000010000000101100000000011100000001110000001101111000000011110000000010",3,3351.0519186550914,"b01001000001010100001000001000000001010010000010010000000000001111000011100000000",13,17,0,0,0.8032672893082107,297.7424456910446,152.54928803873608,3.8374450714994266,3
2088,"b10001000001011000010000000001100110000110001000111000100100000000111000000010010",0,4871.502743781275,"b10001000101011100011100100001100010101110100001110000010011001000010110001011000",17,8,0,0,0.7948695257762257,190.64535926705847,322.12351656797404,4.844804051772416,4
2089,"b00000000000000000000001000010000010000100000011000000100000001110000001100000000",3,2232.175215048809,"b01001000001010100001000001000000001010010000010010000000000001111000011100000000",13,6,1,-1,0.88778292474242,80.7869227151178,482.1569362312927,4.3256265759411985,3
2090,"b00000000001000000000100000000011111110001111111110001001110000000100000000000000",3,1576.2001082958154,"b01001000001010100001000001000000001010010000010010000000000001111000011100000000",12,16,0,-1,0.7936322118615576,458.6646195999555,436.3759427192236,1.7933605466721296,3
2091,"b00000000000000000000001100000000011000000000010000000011000000011110000000000000",3,2266.9445562374003,"b01001000001010100001000001000000001010010000010010000000000001111000011100000000",15,7,1,0,0.7739942237042137,48.339320664315856,91.77696307488208,0.6081745853501852,3
2092,"b00000000000000000000000000001000000010110000010111000001000001000000000000000000",3,2407.587785467078,"b01001000001010100001000001000000001010010000010010000000000001111000011100000000",14,5,0,1,0.7665745429123938,139.30008940674117,437.6614017757759,2.1500932276765905,3
2093,"b10110000001001010011000111101001110001000000110011110011000011101000000110000000",3,2363.927748290585,"b01001000001010100001000001000000001010010000010010000000000001111000011100000000",10,22,0,0,0.8363504859987585,351.19834231907834,204.13741991993308,4.144473893114561,3
2094,"b01110001100001001111000011001000001100000001011100001001100010001010001111001000",2,3416.6213124986466,"b10111011111001011111000111010001100000111000010000110001000000110000010110011100",15,9,0,0,0.9200352646216506,484.5547533868705,214.0201208464602,3.6830340527450574,169
2095,"b01100001100010000110100010000100001000010000000110010001100000111100000100010110",2,2915.198275416219,"b10111011111001011111000111010001100000111000010000110001000000110000010110011100",18,7,0,0,1.0581669865050338,68.11842142401005,188.6539721331356,0.5755314912246128,169
2096,"b00000001101000000011000110001110011100010011111110111111100011111110010000000101",2,2309.550150636637,"b10111011111001011111000111010001100000111000010000110001000000110000010110011100",13,15,0,0,0.8929074042295491,400.89027229947476,122.52139263162483,0.9598508564537116,169
2097,"b00000000000000010100000000101100000011000001000100011011110011111010001111011101",2,2566.850163687779,"b10111011111001011111000111010001100000111000010000110001000000110000010110011100",14,7,1,0,0.87348140911592,491.07858298698824,216.96016048463673,5.1952211500295,169
2098,"b00000000000000000000000000000000001110000001111000000101000000000000000000000000",3,2632.580666138896,"b01001000001010100001000001000000001010010000010010000000000001111000011100000000",16,6,0,0,0.7975374454752235,247.51503120548185,435.3573272453434,4.458583863922055,3
2099,"b01000000001101100110000110111101011011111000000100000011001101000000100100000000",3,1779.0819939227592,"b01001000001010100001000001000000001010010000010010000000000001111000011100000000",11,21,0,0,0.961439780824284,364.98552677520786,98.14437758189575,0.600165796972773,3
2100,"b01100000000100010000100000101010111111110001100001011110000000110000001000000000",3,1430.2021854111676,"b01001000001010100001000001000000001010010000010010000000000001111000011100000000",12,19,0,0,0.9955527857037798,17.825814846905676,92.42788341593793,3.5098699008503145,3
2101,"b00000000001000000000000001110000000111010010111000000110000011011000000000000000",3,2617.448126390387,"b01001000001010100001000001000000001010010000010010000000000001111000011100000000",11,10,0,0,0.8050493532283649,453.0498318166573,270.34957993605104,1.7568452932017715,3
2102,"b00000000100001110000001101001100010000010000010000110000000010000001000001000100",3,674.4253616825431,"b01001000001010100001000001000000001010010000010010000000000001111000011100000000",14,13,0,0,0.8584810803022855,342.19095418366163,492.10539301320716,4.422393715423121,3
2103,"b00010001000000000010000010000100001000011000000110001011100011010011011111001101",2,7856.228877890671,"b10111011111001011111000111010001100000111000010000110001000000110000010110011100",11,2,0,0,0.7999258287307357,103.46396183959295,286.5713326357833,2.725038789105139,169
2104,"b00000000000000000000000000100000000110000000111000000001000000000000000000000000",3,4104.780279417841,"b01001000001010100001000001000000001010010000010010000000000001111000011100000000",17,5,0,-1,0.7177597151165853,329.1543349571552,482.0022940647596,3.7945721296171895,3
2105,"b00000000000000110000000000100010100111000000001010000110000000000000000000000000",3,2242.5061270605515,"b01001000001010100001000001000000001010010000010010000000000001111000011100000000",16,9,0,0,0.7917294748624768,6.9685023176654575,36.31333330300757,4.011809759363262,3
2106,"b00000000000000000000000110000001110000001110000000000011110000001111100000001111",0,1521.7823036325287,"b10001000101011100011100100001100010101110100001110000010011001000010110001011000",21,10,1,0,0.8409581118134029,5.141620470570871,14.236524900849766,3.6597886893482947,4
2107,"b11010000001100110010000111000100110010000100000000011100000000111000100001100000",3,2270.486494305236,"b01001000001010100001000001000000001010010000010010000000000001111000011100000000",11,17,0,0,0.9082516369045466,46.874413652747705,156.4001391143523,2.510729788512271,3
2108,"b11110000000000000000000000000000001010100001101000000000000000000000000000000000",3,3113.725718550767,"b01001000001010100001000001000000001010010000010010000000000001111000011100000000",16,7,-1,0,0.9394333029048219,330.37464482480794,346.9846288102663,3.3932869447594536,3
2109,"b11011100000111110000011111001101001111111100011000010000100000000000000000000000",3,1985.545768033366,"b01001000001010100001000001000000001010010000010010000000000001111000011100000000",10,21,-1,0,0.8620973213075777,486.2629069050361,179.53917341914683,4.4201075205932,3
2110,"b00000000000000001000000000110001111001100100000000100000000001000000001100000000",3,2488.378126142072,"b01001000001010100001000001000000001010010000010010000000000001111000011100000000",15,10,1,-1,0.8325435725578598,7.651720805609091,447.76882745736896,3.631212960615162,3
2111,"b00101000000000110100000010010000011011011101000101010011001101101100010100010000",3,2418.59156229574,"b01001000001010100001000001000000001010010000010010000000000001111000011100000000",9,19,0,0,0.8781420129527746,262.42769773116686,455.34925294868157,5.916643115175297,3
2112,"b00100000000010000000000000000000000000110000100011000001001101110010000000000000",3,2848.169402654822,"b01001000001010100001000001000000001010010000010010000000000001111000011100000000",13,8,0,1,0.8016938991548694,345.351814070638,405.1715225830078,5.018585025878855,3
2113,"b00000000001000000010000000001000000001101000111011001111100001111100000111000000",2,2568.526707833944,"b10111011111001011111000111010001100000111000010000110001000000110000010110011100",21,9,1,0,0.8115959995563016,416.99524486803307,215.30875135423648,5.831321738427645,170
2114,"b00111001101000000100000010000100000000010000100110000111000011110000011111001100",2,5943.092544090997,"b10111011111001011111000111010001100000111000010000110001000000110000010110011100",11,2,0,0,0.893890410203825,28.815538549900264,162.19613723566832,0.16720823392882045,170
2115,"b10110001000011001111001111111101111001111000110000010000001001100010000111000000",2,2421.0780161832,"b10111011111001011111000111010001100000111000010000110001000000110000010110011100",13,13,0,0,0.9560270162192336,133.60406617386673,354.8729385216118,4.268906944539768,171
2116,"b00000000000010000000000011000000011110000001100000001110000000011100000000000000",3,1893.146141144161,"b01001000001010100001000001000000001010010000010010000000000001111000011100000000",13,9,0,1,0.7786606938157553,112.79318810628256,104.98382392985026,3.3165879698374754,3
2117,"b00010001101100011000000111000011000000001110000000001011100011101010010111001111",2,2061.991857733707,"b10111011111001011111000111010001100000111000010000110001000000110000010110011100",12,8,0,0,0.925207300143393,225.79393868824053,137.50563011099524,3.3725990148328315,171
2118,"b01000000001100000000000000010000101111000000111000000001010100000110000000000100",3,1567.556532580942,"b01001000001010100001000001000000001010010000010010000000000001111000011100000000",14,13,0,0,0.9043092959993098,441.4362157485064,294.8087208691765,5.316070427749774,3
2119,"b00000010000000001011100001011000000000000111000000000111000000001100001000100101",3,2087.1222679801344,"b01001000001010100001000001000000001010010000010010000000000001111000011100000000",14,15,0,0,1.0352212762871764,375.11364678977895,198.5751195118562,5.430313031032643,3
2120,"b10111000101000000110000010011100001011010000100110101101100011010000001110000000",2,2442.9852006584724,"b10111011111001011111000111010001100000111000010000110001000000110000010110011100",14,8,0,0,0.9690655596415924,240.09263977761526,399.14009656170396,0.3597566952409055,171
2121,"b00110001111000000011001011011100101110011010010010001111100011111110011111101101",2,4497.121085892822,"b10111011111001011111000111010001100000111000010000110001000000110000010110011100",6,14,0,0,1.1341535298768703,442.53634750061906,57.090194956642726,6.067545156098161,171
2122,"b00100001101100000110000010000010001100001100000010001100100111110000010101000101",2,2411.199685771876,"b10111011111001011111000111010001100000111000010000110001000000110000010110011100",15,6,0,0,1.0106852883051334,197.95910973958289,429.02909336794943,2.2610238936776312,171
2123,"b00010001001000000111000010001010001000001100011010011111100011110011011011000100",2,4380.763251804519,"b10111011111001011111000111010001100000111000010000110001000000110000010110011100",12,8,0,0,0.9385239285269982,452.83770316807977,99.17052952382309,1.969630298691591,171
2124,"b00000001100000111111101111111001100000010000110010110011001111100011100000011100",2,2461.244315614482,"b10111011111001011111000111010001100000111000010000110001000000110000010110011100",14,15,0,0,0.8425613161296935,169.18096024982705,50.356726779490906,3.182383963855451,171
2125,"b00000000000000000100000000110000000000000111110000001111000011000010000000000000",3,1171.735780352191,"b01001000001010100001000001000000001010010000010010000000000001111000011100000000",14,10,0,0,0.8791829253945613,353.5957562974253,188.6654355364668,3.229313216837845,3
2126,"b11000000000101100000001101111100111110111010000000000011001001000100100100000000",3,3009.648011443535,"b01001000001010100001000001000000001010010000010010000000000001111000011100000000",11,20,0,0,0.8836201312028561,411.73617814254476,205.48710743564982,4.270555158931573,3
2127,"b00000000001000000100000010010000001000011100100110000101100011111110010010001000",2,3861.11149566171,"b10111011111001011111000111010001100000111000010000110001000000110000010110011100",16,4,1,0,0.814733133135411,281.60133046557314,163.89153773887242,4.902771404925857,171
2128,"b00000100000000111100000011000100001100000001011000011100000000010000001000000000",3,3689.5405003081896,"b01001000001010100001000001000000001010010000010010000000000001111000011100000000",13,12,0,0,0.8375126062347303,185.50330000015262,358.5464332207528,3.4460700031959948,3
2129,"b00000000000000010011000001001100011011001111100000110000000000000000010000000000",3,2630.3269341276327,"b01001000001010100001000001000000001010010000010010000000000001111000011100000000",13,12,0,0,0.8089549388425524,131.2603492378965,48.69296890888608,3.923125033980878,3
2130,"b00000000000000000000000001000000000011000000000111001000011000010100000000000000",3,2670.0877245964766,"b01001000001010100001000001000000001010010000010010000000000001111000011100000000",15,7,1,1,0.7323141561253143,147.92553512089398,343.45374074465343,0.11168159643342362,3
2132,"b00001000000000110100000011011000000111110000000111001100000000110000100001000000",3,1833.0398370054615,"b01001000001010100001000001000000001010010000010010000000000001111000011100000000",11,14,0,1,0.8411926011304671,250.33926018957612,493.4690153000769,4.1146580042235446,3
2133,"b00010001100100000011000011010010001100000111000111101111101011110110011111001101",2,1079.1377542147984,"b10111011111001011111000111010001100000111000010000110001000000110000010110011100",11,14,0,0,1.0648891050375382,461.15595114981653,447.0505405903252,5.185687576595851,171
2134,"b00000000000000000000000000000000001100000000010000000000000101101000000110000000",3,2986.064591585987,"b01001000001010100001000001000000001010010000010010000000000001111000011100000000",13,3,1,1,0.7206488659946572,228.68141631679586,332.24577117679627,2.0926988358688607,3
2135,"b00000000001000000000001000100000001010000000001000000000000011000000000000000000",3,1772.008969576498,"b01001000001010100001000001000000001010010000010010000000000001111000011100000000",15,4,0,0,1.0364188159773031,262.11472154075346,323.0922167192636,2.9946029493654454,3
2136,"b10010000001000100000000111100000101111111000010001011011000001100000000110000100",2,2333.5590355722275,"b10111011111001011111000111010001100000111000010000110001000000110000010110011100",19,10,0,0,0.885448054033016,284.2922757304429,42.626760850213714,3.8992213074258286,171
2137,"b10000000001000000110000000100001000000000100100100000100000000111000000011000000",1,1904.1263915155637,"b11001110101000111111000000100000101111000111010100001000111100110000111001100000",26,5,0,-1,0.914463996030046,440.85911357585155,208.59941778518856,3.781729353440654,9
2138,"b10001000001011100011000100000100010000110110001110000011110001000000110001000000",0,5213.531520141034,"b10001000101011100011100100001100010101110100001110000010011001000010110001011000",9,3,0,0,1.113092766913463,426.96183820379287,24.38928968924299,3.824026634450182,4
2139,"b00000000000000000000100000000000000111000001110000000110001000000000100000000010",3,1867.7999115498424,"b01001000001010100001000001000000001010010000010010000000000001111000011100000000",15,8,0,0,0.7548978302774095,361.88688415009403,229.8490741588325,1.7822707208988342,3
2140,"b10010000000001110100000000010000000100011000001000010000000101100000000000000100",3,2205.031274461204,"b01001000001010100001000001000000001010010000010010000000000001111000011100000000",15,12,0,0,1.1525536491668267,152.71593897889525,475.9168489963387,5.278927380599088,3
2141,"b10000000001000000000000000000000000000000001111000100000000000000000000000000000",3,1769.356656429134,"b01001000001010100001000001000000001010010000010010000000000001111000011100000000",16,4,0,-1,0.7392193306227682,40.4514324620406,116.0450674256079,2.1790360457842004,3
2142,"b00000000000000000000000000000011101010000011110000000100000000000000000000000000",3,2237.964199643743,"b01001000001010100001000001000000001010010000010010000000000001111000011100000000",15,6,-1,-1,0.8728488941281134,418.2390812924034,365.13080998470906,4.840957088767869,3
2143,"b01100000110001000001100110011010100000110010110001010001100101001110110000011000",0,1176.475336564869,"b10001000101011100011100100001100010101110100001110000010011001000010110001011000",18,17,0,0,1.054240738460976,387.98316014132797,415.78356545517926,5.812905463755277,5
2144,"b01000000001000000000010001100000010011110011000111001100000000001000000000000000",3,2293.8362328437024,"b01001000001010100001000001000000001010010000010010000000000001111000011100000000",12,11,0,0,0.978812853871753,241.63008428270666,454.0336044497178,3.219340123530614,3
2145,"b00000000000000000000000001000000000100001101000000100111100000000100000000000000",3,3928.6910730196264,"b01001000001010100001000001000000001010010000010010000000000001111000011100000000",15,7,1,-1,0.8069758963153929,73.31494288372032,70.82689813990822,0.33880443570849295,3
2146,"b00110001000000000110000010011110001001001100000100001000110001111001011110001100",2,2865.7871994430225,"b10111011111001011111000111010001100000111000010000110001000000110000010110011100",13,6,0,0,1.0347922267445833,361.40729923212507,418.2895965060866,1.053214230964199,171
2147,"b11000000000100000000000000000000000110000000000011000000001001100000000000110000",3,3159.370621933573,"b01001000001010100001000001000000001010010000010010000000000001111000011100000000",14,7,0,0,0.9104807856197474,298.29081170660334,165.4303176042234,0.8365983686836684,3
2148,"b00000001001011001010100011111000011100000100000000100001100000100000000010000000",3,1468.9001188608584,"b01001000001010100001000001000000001010010000010010000000000001111000011100000000",14,16,0,0,0.8927886245597598,287.54121413570726,416.87160146229115,2.0872700058803044,3
2149,"b00000000000000000100000000010000000001100000101100000000110001000000010000000010",0,1002.4119915895619,"b10001000101011100011100100001100010101110100001110000010011001000010110001011000",25,5,0,1,0.7743107274204873,242.23759512326845,336.4645387321072,0.3460777651836035,5
2150,"b00000000000000000000000000000000000001000000111110010000000000000000000000000000",3,5998.064057068674,"b01001000001010100001000001000000001010010000010010000000000001111000011100000000",17,5,0,0,0.7290976964343351,55.48277299517532,372.1304751048254,3.347263194214902,3
2151,"b00000000000000000000001100000000000000000100011000001011100000110000001001000000",3,2050.8066650434234,"b01001000001010100001000001000000001010010000010010000000000001111000011100000000",15,9,1,0,0.7550580182121411,364.83616886221967,98.46116017810839,4.905626202927149,3
2152,"b00000000010000001000000001010000011100000111110000001111100000000000000000000000",3,3514.198621347422,"b01001000001010100001000001000000001010010000010010000000000001111000011100000000",13,11,-1,1,0.7650883788853725,497.0648919710549,70.94666480402793,1.0845077587496574,3
2153,"b00000000000000000000001101100010110010000000000000000000000000000000000000000000",3,5596.007641615893,"b01001000001010100001000001000000001010010000010010000000000001111000011100000000",17,6,-1,-1,0.7206709474590881,428.68268013304044,136.14681305822074,4.584049931261367,3
2154,"b00000000000000000100010011110000000110000000110000000011000000000000000000000000",3,2197.302441416299,"b01001000001010100001000001000000001010010000010010000000000001111000011100000000",16,9,0,-1,0.7205526907664221,429.50582921827163,338.2558110469096,3.413974552143087,3
2155,"b00100001101000000110000010001110001000001100000000001011100001000000010000011101",2,4989.929244090733,"b10111011111001011111000111010001100000111000010000110001000000110000010110011100",15,2,0,0,1.0491678307166594,412.4653573822388,371.1462565197345,2.234182415428617,171
2156,"b00100000000000100000000011000000011111000001010110000000001100000000000000000000",3,3656.3763754809906,"b01001000001010100001000001000000001010010000010010000000000001111000011100000000",13,9,-1,0,0.7444840116121191,191.1836069788772,54.948041905955996,4.3103242962183215,3
2157,"b00000000000000000000000010000100000000001000011100001111100111111011011011001100",2,2400.8069518324855,"b10111011111001011111000111010001100000111000010000110001000000110000010110011100",16,5,1,0,0.8135146636638578,6.814220366820771,414.6780655297995,2.5018354918307018,172
2158,"b00000000000000000000000000000001000100000110011000011100111001111000100110000000",3,3032.1474869051904,"b01001000001010100001000001000000001010010000010010000000000001111000011100000000",13,13,1,0,0.7618111249558968,483.735853499874,115.11640001850743,4.54529527404675,3
2159,"b01001001100000000011000010001111001011011110111100111111100011111111011100000101",2,1466.61963551595,"b10111011111001011111000111010001100000111000010000110001000000110000010110011100",10,16,0,0,0.9526494797872939,433.05523252936536,488.1427674637326,2.673688107858559,172
2160,"b00010000101000100111000010111011011101110111011100111111100111111111010000101000",2,1528.0147158941556,"b10111011111001011111000111010001100000111000010000110001000000110000010110011100",14,22,0,0,0.9616770492480387,490.380670906691,222.39911984355612,5.3304628256089535,172
2161,"b00111000100000000001000000001100001100001100110100001111100011000000010110001101",2,2400.051496536,"b10111011111001011111000111010001100000111000010000110001000000110000010110011100",14,5,0,0,0.9898219746789464,281.27504338327464,474.72760111432956,5.119781485647231,172
2162,"b00000011000010000000001001100001000010000110000100000011110000001001000000000100",3,919.2433436087467,"b01001000001010100001000001000000001010010000010010000000000001111000011100000000",15,14,0,0,0.7754216492740325,23.94235369104517,306.5429776946045,2.861647187474051,3
2163,"b01100000001100100100100011100000000110000001011111010000101000000001110000011000",3,1642.8398938640184,"b01001000001010100001000001000000001010010000010010000000000001111000011100000000",11,18,0,0,1.0759882684655546,354.7007304808812,333.1812586055779,4.839715420489901,3
2164,"b00000000000000000010000000011000000100101000011101001011100011111110001111101000",3,1612.1219546928237,"b01001000001010100001000001000000001010010000010010000000000001111000011100000000",12,20,1,0,0.9420416226186152,473.8308955614781,346.9403977243524,0.8120413260857213,3
2165,"b00000000000000000110000111000000001110000011110000000110000000001000000000000000",3,2540.9324563356995,"b01001000001010100001000001000000001010010000010010000000000001111000011100000000",13,9,0,0,0.7548584560616594,313.5647391441084,182.1688399805087,5.299854479531887,3
2166,"b00000000000000000000001100001000111111100011100110010110110001001110110100001000",1,1690.51126966066,"b11001110101000111111000000100000101111000111010100001000111100110000111001100000",19,11,1,0,0.8064120771693654,464.45872836732735,36.840799046321635,1.9879647435719143,9
2167,"b00000000000000000000000000000000011000000010100000000000000000000001100000000001",3,6688.7620380991,"b01001000001010100001000001000000001010010000010010000000000001111000011100000000",17,5,0,0,0.766514657886729,166.0251802336922,10.249629284224808,4.177529462894361,3
2168,"b00110000101000000111000000001000001000011000000100001011100001111000010110000001",2,6551.023521353324,"b10111011111001011111000111010001100000111000010000110001000000110000010110011100",14,2,0,0,0.9433133891874412,184.36930872835197,124.82243058317299,5.853812041153697,172
2169,"b00000000000000000100000000000000000000000000011000001000000001100000000100000000",3,2572.411568538075,"b01001000001010100001000001000000001010010000010010000000000001111000011100000000",15,3,1,0,0.7261198252132517,305.2568286022508,465.96687125700066,0.0686444847926933,3
2170,"b00110000000001100000000100000000010000110000000000000000000001000000000010000000",3,2139.6425915248046,"b01001000001010100001000001000000001010010000010010000000000001111000011100000000",16,7,0,1,0.992296347106722,296.93873811817537,60.97977699957299,0.8193980286304665,3
2171,"b00000000000010000000001000000000100010000000000000011000000000110000000001000000",3,1879.865866829197,"b01001000001010100001000001000000001010010000010010000000000001111000011100000000",15,5,0,-1,0.7197326394721316,143.91172711796492,174.06217712852234,5.1782840125239495,3
2172,"b10000000001100000000100000000011111100000011011100000000011000000000000110000000",3,2449.781707571061,"b01001000001010100001000001000000001010010000010010000000000001111000011100000000",14,14,0,-1,0.9051584194595071,347.3945093623599,373.30777270283244,1.257236549590806,3
2173,"b00000000000100010000111001100000000011000000000110000001110000001100000000000000",3,1642.6156476955716,"b01001000001010100001000001000000001010010000010010000000000001111000011100000000",15,12,1,0,0.8337953084385994,151.54982105568112,432.63615185685705,3.203204634640567,3
2174,"b00000000000000000010000011011100111111100001011000001110000000111000000000100000",3,3489.398686434697,"b01001000001010100001000001000000001010010000010010000000000001111000011100000000",12,16,0,0,0.7738025881464499,131.32706156162047,362.78928783718806,5.3509658473884345,3
2175,"b00000000000000000000000010110100011000000000011000001101000000110000000000000000",3,3136.1515792340533,"b01001000001010100001000001000000001010010000010010000000000001111000011100000000",15,9,1,1,0.7631730103386625,14.429996893407536,262.796594034969,5.644646265891505,3
2176,"b00001000100000110000000000010100000001010111000000000110110000100010001110010000",3,1820.6310684082205,"b01001000001010100001000001000000001010010000010010000000000001111000011100000000",13,15,0,0,1.0601517919261711,277.8807556603978,282.7239900230101,2.7418166542052975,3
2177,"b00110000101000000111000010001111001000010000111110111111100011111110011111001001",2,4566.944625330815,"b10111011111001011111000111010001100000111000010000110001000000110000010110011100",7,11,0,0,0.857327605391969,182.78454865063847,155.79423194939832,2.01308062191886,173
2178,"b00000000110000000000011011010001101100000111100000110000100000000000000000011000",3,2024.6609426004698,"b01001000001010100001000001000000001010010000010010000000000001111000011100000000",13,14,0,0,1.0728021344426018,194.47196587610028,415.1632360235503,0.6439476706079398,3
2179,"b01001000100000000011000011000001000100000100000010011000000001101000010000000001",3,1216.083280421226,"b01001000001010100001000001000000001010010000010010000000000001111000011100000000",10,9,0,0,1.0334375375223113,2.2280082320356502,441.82303810876084,5.710650957958748,3
2180,"b00000000010000010000000000000000001000000000110000000011000000000001000000000000",3,1916.4296945331453,"b01001000001010100001000001000000001010010000010010000000000001111000011100000000",13,2,0,0,0.7150465525109726,128.22599096696302,185.1126141556811,5.181376420953425,3
2181,"b00000000000000010001000111010001100001100110000100000001100100010001110000000000",3,2131.273871646604,"b01001000001010100001000001000000001010010000010010000000000001111000011100000000",15,16,0,1,0.7626666296785024,166.29713555846806,376.15874365139143,3.433692860668147,3
2182,"b10000001001011001000000111000000001111000000011110000000011000000000000000000000",3,2158.348250896138,"b01001000001010100001000001000000001010010000010010000000000001111000011100000000",12,12,-1,0,0.8088462061130978,389.0351848642329,436.8160586881852,2.7916379254676555,3
2183,"b00000000000000110000000011000000001100000000110000000001000000000000010000000000",3,1906.9495061088683,"b01001000001010100001000001000000001010010000010010000000000001111000011100000000",14,5,0,1,0.7650765315565585,218.46313255473157,328.7684028003297,0.5770198570819058,3
2184,"b00000000000000000000000001100000001101000001111111111000011011100000000000000000",3,2684.3658767240204,"b01001000001010100001000001000000001010010000010010000000000001111000011100000000",13,14,1,0,0.7764911757126307,289.59981139625484,493.24580349080856,6.108350866660283,3
2185,"b00000000100000100110001110000110001001000000101000111010000101110010010000000100",2,2006.0458875223474,"b10111011111001011111000111010001100000111000010000110001000000110000010110011100",23,11,0,0,0.9290980139685644,36.76432720155858,284.2018917937777,4.224598800338418,173
2186,"b00001001001000001001100011001001010000010110000001111001000001000000001000000000",2,1543.9863342633057,"b10111011111001011111000111010001100000111000010000110001000000110000010110011100",24,9,0,0,0.991428392360404,393.4188090470656,233.72366001014726,2.1696488248055426,173
2187,"b00111001100000000101000010000100001000011100000100000000000011100000001101001000",2,6371.475192747685,"b10111011111001011111000111010001100000111000010000110001000000110000010110011100",16,1,0,0,0.8950649539270196,82.5565786463133,156.55264940154345,5.60581906170273,173
2188,"b00010001001000000110000010001100001000010100110100001011100011111110011101101100",2,2485.5496489617203,"b10111011111001011111000111010001100000111000010000110001000000110000010110011100",9,5,0,0,0.9577335189341951,439.30004312483993,79.11607614527635,1.3170749964104664,174
2189,"b00000000000000000000000010000000001000000000110110000000011000000000110000000001",3,3303.192060955118,"b01001000001010100001000001000000001010010000010010000000000001111000011100000000",15,7,1,1,0.7515757758298264,355.5807658780006,186.7192719828698,0.1269601870018472,3
2190,"b01100010000000000110000110001100001001101000011100011111100011111111011111000000",2,2093.6797960291906,"b10111011111001011111000111010001100000111000010000110001000000110000010110011100",13,12,0,0,0.8667690620962408,349.5170624210316,106.84480304015845,5.9649662282724005,175
2191,"b00110001111000000011000011010001100000110000010000100001000011100000000111001110",2,1763.920984532035,"b10111011111001011111000111010001100000111000010000110001000000110000010110011100",13,4,0,0,0.989273847666108,352.05992853103396,327.1268744171999,2.149632451794613,175
2192,"b00000000000000000000000000000000000000000001110000000001100000000000000000000000",3,3022.619680972136,"b01001000001010100001000001000000001010010000010010000000000001111000011100000000",17,3,1,-1,0.7052063083291872,42.677714931354366,196.38933728433148,4.63255564121989,3
2193,"b00011000100000000011000011001011001000110010111010111011100111010010010000011001",0,1597.417964646992,"b10001000101011100011100100001100010101110100001110000010011001000010110001011000",13,14,0,0,0.9430053513399308,403.34807229704325,360.2053895261553,5.348975337879962,5
2194,"b00000000000000000000000000110000000111000000111000001111100001111100001101100000",3,3892.542625485124,"b01001000001010100001000001000000001010010000010010000000000001111000011100000000",11,14,1,-1,0.8370129844158279,409.26867386509645,10.363406778642418,5.2691557382766305,3
2195,"b00000000000000000000111000000101111111100011111000000101100100000010000000000000",0,1774.293347931699,"b10001000101011100011100100001100010101110100001110000010011001000010110001011000",20,10,0,0,0.8707533143692785,488.4594771008084,216.28089346631313,3.5926307720133313,5
2196,"b00000000010000100011000110000000110010000011111100000111100000111000000000000000",3,2453.2184210508003,"b01001000001010100001000001000000001010010000010010000000000001111000011100000000",12,15,0,0,0.8152451045540166,118.55690982911001,199.45711554820974,1.9306823700617728,3
2197,"b00000001000000000110001000100011100010000110000000010000000001000000000000000000",0,1864.553463084591,"b10001000101011100011100100001100010101110100001110000010011001000010110001011000",24,5,0,-1,0.9599921265024762,115.46272152274909,426.83977687683745,0.8643685751643735,5
2198,"b00000000000001100010000010010100001010000000100000000000000000000000000000000000",3,4357.053885516877,"b01001000001010100001000001000000001010010000010010000000000001111000011100000000",16,6,0,1,0.775587122395641,348.9082076285649,96.5040161688351,2.764784974679291,3
2199,"b00000000000000000000100000000000000000001001110000100011100000001011000000001100",3,3457.2006668203817,"b01001000001010100001000001000000001010010000010010000000000001111000011100000000",14,9,1,-1,0.7999395351755287,364.20643220889696,369.7227815095207,0.3417374544225963,3
2200,"b00000000000000000000000010000000011000000001110000000011000000000000000000000000",3,2670.3482676164986,"b01001000001010100001000001000000001010010000010010000000000001111000011100000000",15,4,0,1,0.7190401229757034,264.0896351650812,483.5357580977158,3.711802441655818,3
2201,"b01000000001000011000100011001000001100000000000000000110011100000000000000000000",3,954.5549701371444,"b01001000001010100001000001000000001010010000010010000000000001111000011100000000",14,10,-1,0,0.8364003247036533,365.75595762479327,339.172289955021,2.545930459219485,3
2202,"b00000000000000000010000000000000001100000000001110000000000111111000000011100000",3,3180.7989640776796,"b01001000001010100001000001000000001010010000010010000000000001111000011100000000",13,9,1,0,0.8001005865296364,75.66492798513595,175.64204119857385,0.34317107334275276,3
2203,"b00000000001000000000000000100000000111001111011110100101000011101000000100000000",3,711.7279653819344,"b01001000001010100001000001000000001010010000010010000000000001111000011100000000",11,13,1,-1,0.7838502558030959,168.46994209820846,498.8471580512455,1.5340807419939644,3
2204,"b01111000000101110000000011000000001000110000100011000000001100000000000000000000",3,3729.299540364769,"b01001000001010100001000001000000001010010000010010000000000001111000011100000000",12,11,-1,1,0.7695491232729292,233.62898723807015,371.63957596113534,0.858000354785045,3
2205,"b01011010000000001100000111110010001001001000010000000000000100000000010000000000",3,1235.2656754428872,"b01001000001010100001000001000000001010010000010010000000000001111000011100000000",13,12,-1,0,0.9235655838002158,319.1452782094423,304.30372601244824,3.5020174464152944,3
2206,"b00000000000000100000000011100000011111000001100000000000000000000000000000000000",3,2603.772952571514,"b01001000001010100001000001000000001010010000010010000000000001111000011100000000",15,7,-1,1,0.7081055678223969,402.49519195256863,278.94637298583984,4.612631991103289,3
2207,"b00000011000000011000000001100011000000000100010000100000000011000000000000000001",0,1195.5272809952737,"b10001000101011100011100100001100010101110100001110000010011001000010110001011000",24,6,0,0,1.2172331917349763,264.39623699188235,121.17453923225403,5.139897555259935,5
2208,"b00000000001011010000100100000100000000000100000000011011000011101000000000100000",3,1764.6739865961579,"b01001000001010100001000001000000001010010000010010000000000001111000011100000000",14,12,0,0,1.1813439064858222,121.77105345526444,373.1090705682475,4.618537307008278,3
2209,"b00000000000000000000000000000000110000000011011000000000101100000001110000000000",3,3832.0284299790264,"b01001000001010100001000001000000001010010000010010000000000001111000011100000000",15,8,1,1,0.7342084524711283,213.91806262834356,234.07411223387726,1.5929984262956711,3
2210,"b00000000000000000000000000010000001111100000110010000000001000000000110000000000",3,4509.28262348669,"b01001000001010100001000001000000001010010000010010000000000001111000011100000000",14,7,0,1,0.7481185674456231,93.80067827220292,129.74075483316435,5.464570951344582,3
2211,"b00000000001000000000100000000001100000000000000000000000100000000000000000000011",3,4271.598055427805,"b01001000001010100001000001000000001010010000010010000000000001111000011100000000",16,4,1,0,1.0094358606932636,106.50968207793981,95.20768029024812,3.4321668445925164,3
2212,"b01000000000000000000110000110000000111000000000000000000000000000000000000000000",3,4215.1792403963045,"b01001000001010100001000001000000001010010000010010000000000001111000011100000000",17,6,-1,0,0.7821596951812042,114.753020142223,121.33712903759148,6.069589381089115,3
2213,"b00000000000000000000000000010000000111000000111100011010000000111000001001000000",3,2996.7481061702497,"b01001000001010100001000001000000001010010000010010000000000001111000011100000000",13,10,1,-1,0.8020607339798281,132.12642897670364,433.60963236490886,2.0995927669786543,3
2214,"b00000000000000000000000000100000001111000000111110000000010000000000000000000000",3,3146.0021263762137,"b01001000001010100001000001000000001010010000010010000000000001111000011100000000",15,7,0,0,0.7638788698973464,374.72231070886306,136.1503134028885,1.3411752459430475,3
2215,"b00100000000011000000000010000000011011110001101000010000000000000000000000000000",3,3247.7255847903816,"b01001000001010100001000001000000001010010000010010000000000001111000011100000000",15,10,-1,0,0.7775274950573686,221.075703182687,158.59959701505474,4.928204795838903,3
2216,"b00000000001111101100011111110000001000000000000011000000010000000001000000000000",3,1897.0523790819757,"b01001000001010100001000001000000001010010000010010000000000001111000011100000000",13,13,-1,0,0.7864477878666939,416.47058668900394,434.12363369789256,2.6288191099777514,3
2217,"b00000000000001110000000011000000000011000001001000000000010000000000100000000000",3,1788.3269488191804,"b01001000001010100001000001000000001010010000010010000000000001111000011100000000",16,8,0,0,0.8268224223387494,277.78149653416057,115.56917159801475,1.3069960441624668,3
2218,"b00101000000010010000000001100000100100110111111111001011111100111000000000000000",3,2107.839262064894,"b01001000001010100001000001000000001010010000010010000000000001111000011100000000",10,20,0,1,0.7841921929483099,461.82055713154404,493.26519866979993,4.8423881652484155,3
2219,"b00000000000000000000000000000000000110000000011100010000000001101000000000000000",3,2979.1260477805986,"b01001000001010100001000001000000001010010000010010000000000001111000011100000000",14,4,0,0,0.846847714406081,395.3929849066283,425.3108690559908,4.57126159667513,3
2220,"b00000000000000000000000000000000000000000001100001011111000000000000000000000000",3,1004.8649479100766,"b01001000001010100001000001000000001010010000010010000000000001111000011100000000",17,6,0,1,0.8300179279233245,3.707093799261855,403.3475537373924,2.6018796766774575,3
2221,"b00100000101000000111000000001110000000010100001110001101110011011000011111000000",2,2159.92088436633,"b10111011111001011111000111010001100000111000010000110001000000110000010110011100",14,6,0,0,0.8802217778492786,103.98912924867226,470.2775214222515,3.597662759015744,176
2222,"b00000000100000001000011000000000111000000000000000000000000000000000000000000000",0,2997.418921772357,"b10001000101011100011100100001100010101110100001110000010011001000010110001011000",28,3,-1,0,0.8393662168265342,365.6599205909067,197.26633261029605,1.5265465749586595,5
2223,"b11000100001111000000000111100000101110000110011111000010111110001011110010000001",3,1565.0248261431318,"b01001000001010100001000001000000001010010000010010000000000001111000011100000000",9,25,0,0,1.1317178121015272,487.4765704260621,121.14162262449874,3.2441218853593865,3
2224,"b00000000000000000000000000000000001100000000010000000000000000000000000000000000",3,2449.9116546142177,"b01001000001010100001000001000000001010010000010010000000000001111000011100000000",17,1,0,1,0.7102116320722119,261.7304846632292,40.43868886231479,1.9440412679118086,3
2225,"b00000000010000000000000001000010000000000000011000000001010000000101000000000000",3,1769.745327554258,"b01001000001010100001000001000000001010010000010010000000000001111000011100000000",15,5,0,0,0.839421930054632,183.8134288945474,90.79190896404677,3.371234274947785,3
2226,"b00000000000000000000000000000000100000000011111000000000000100000000010000000000",3,2171.0010960010677,"b01001000001010100001000001000000001010010000010010000000000001111000011100000000",16,5,0,1,0.7605202052603744,409.92490272521974,305.85682937077115,3.4021705826739077,3
2227,"b00100000001100000000100110000000010000100001100010010001111100001111100000010000",3,749.6804225944582,"b01001000001010100001000001000000001010010000010010000000000001111000011100000000",14,18,0,0,0.9563328188835089,368.86399602890015,282.0004920244217,3.6623430480061705,3
2228,"b00000000000000000000000000000000001000010000100000000100000000010000000110000000",3,3594.9398080593005,"b01001000001010100001000001000000001010010000010010000000000001111000011100000000",15,3,1,0,0.8896325435586969,114.58379538499538,268.07231390523935,4.351013360993559,3
2229,"b10000000001010100000010000000000000110000110000001001110010111100101100100000110",3,1225.416369964723,"b01001000001010100001000001000000001010010000010010000000000001111000011100000000",12,17,0,0,1.3229992424630452,320.98332018286374,295.9468660246488,6.303029197786357,3
2230,"b00001000000000000000000001000001100001000000000000000000010000000000000000000000",3,3265.9534493602823,"b01001000001010100001000001000000001010010000010010000000000001111000011100000000",17,4,-1,0,0.7189829895943388,456.25239190025906,183.10912810299249,3.5670368602522293,3
2231,"b00000000010100001111000001000000011100001100110000000001000001100000001100000000",3,2684.145519700811,"b01001000001010100001000001000000001010010000010010000000000001111000011100000000",12,12,0,0,0.8860897760684532,256.8822855548912,309.66904658346846,2.718124757755728,3
2232,"b00000001100000001111000000100000000100000010011100011000000011100000000001000000",3,1737.1151846080859,"b01001000001010100001000001000000001010010000010010000000000001111000011100000000",13,12,0,0,0.8567888003939105,459.2134540022993,385.39017470617756,3.424880849101651,3
2233,"b10001000001010000010100000001100000100100111000111011100110000000011100001010010",0,3368.141392752672,"b10001000101011100011100100001100010101110100001110000010011001000010110001011000",14,9,0,0,0.8789952534265875,316.8483924499046,227.61306795569735,0.16014857469217988,5
2234,"b00010000100000011001001000000010100000001100110000111000011001101111100001011110",3,3681.037624784198,"b01001000001010100001000001000000001010010000010010000000000001111000011100000000",10,20,0,0,1.3870445690188085,63.61947709250721,174.78012849988227,2.9880695356690206,3
2235,"b00000000000000000000000000000000011100000011000000001010000010000001100000000000",3,1535.690951098718,"b01001000001010100001000001000000001010010000010010000000000001111000011100000000",14,5,0,-1,0.7723275799272986,492.82892426990327,53.249668702625094,4.8518432214161615,3
2236,"b00000000001100000000110000000001101000000000000000000110111000011111110000000110",3,2410.7319853865947,"b01001000001010100001000001000000001010010000010010000000000001111000011100000000",11,13,1,0,0.8296462906131586,299.18691184389365,146.4858738554922,0.13946641043398517,3
2237,"b01110000000111000000001100000011111100111111110001111100000101010100000100000000",0,1262.6690523607872,"b10001000101011100011100100001100010101110100001110000010011001000010110001011000",14,14,0,0,1.021865818698891,497.16733889641245,25.598610373052665,4.298207203019657,5
2238,"b00000000000000000000000001000000000111110110001110000000000000000000000000000000",0,2990.867437070815,"b10001000101011100011100100001100010101110100001110000010011001000010110001011000",24,3,0,1,0.7517147783483303,412.2394383748372,457.39683879415196,0.6785034734094095,5
2239,"b11000000000000000000001000000000100110000011101111000110000000001110000000000000",3,2589.0656766482266,"b01001000001010100001000001000000001010010000010010000000000001111000011100000000",16,15,0,0,0.8000434726119892,459.32086390999723,279.07743861619105,0.400601061623733,3
2240,"b00001001000000111110000000001100000000000001100000011101100010000000001100000000",3,2108.4659720543914,"b01001000001010100001000001000000001010010000010010000000000001111000011100000000",13,13,0,0,1.0377523652215859,72.97052461591747,390.5326693596545,4.0905246906907875,3
2241,"b00001000100000110100010111100000110110000011000001111100000101110000000110000001",3,1991.50108886506,"b01001000001010100001000001000000001010010000010010000000000001111000011100000000",11,20,0,0,1.2855939194557593,348.0627597512789,96.2640846723083,3.776781194892325,3
2242,"b01000000001111100000100100000010000111100101110010011100011000000011100000100000",0,2092.2346787012702,"b10001000101011100011100100001100010101110100001110000010011001000010110001011000",17,12,0,0,0.7972319393261283,309.20811562799196,410.71113996443466,5.8152194116323965,5
2243,"b00001000000111000000010000000000000000000000000010000000000000000000000000000000",3,2098.1092295430435,"b01001000001010100001000001000000001010010000010010000000000001111000011100000000",16,3,-1,0,0.815390549479608,478.49740072682255,335.8846705726794,6.605008812724914,3
2244,"b01001000000011100000000001000000001110000000000000000000000000011000011100100000",3,5133.0217742975965,"b01001000001010100001000001000000001010010000010010000000000001111000011100000000",7,3,0,0,0.9566432591575775,417.4853575469226,68.64561982193614,0.7671663235918228,3
2245,"b01000000000000000000000001000000001111000000111010000001100001100000000100000000",3,1608.9732899247315,"b01001000001010100001000001000000001010010000010010000000000001111000011100000000",10,6,0,-1,0.8586257883311968,29.999714501941476,442.23336619602816,4.435691630283067,3
2246,"b01011100101001111110000000111101111111000110101100011001110000110111110011000010",1,1674.5590495714284,"b11001110101000111111000000100000101111000111010100001000111100110000111001100000",9,16,0,0,0.9547843423253685,442.61817483386545,483.3612182276469,6.004625981737659,9
2247,"b01000011110000010011001110000000001100111000110000000000000000001110000000111000",3,3417.1422546214226,"b01001000001010100001000001000000001010010000010010000000000001111000011100000000",10,15,0,0,1.2040450845383308,235.3422410805691,399.7906309855733,4.047497665256083,3
2248,"b00110001001000000100000000001000001000011001000110011111100100111000011111001101",2,5856.675016173867,"b10111011111001011111000111010001100000111000010000110001000000110000010110011100",10,4,0,0,1.0699384503352898,99.07633571490975,248.50845875482042,0.7720372069549404,176
2249,"b00000000100000000011000000000000001100000000010000000010000000000000000000000000",3,3272.2902901162624,"b01001000001010100001000001000000001010010000010010000000000001111000011100000000",14,2,0,1,0.7308192039230748,49.97109731893725,252.00817125260562,1.4681366757295666,3
2250,"b00110000101001001000001100001101000000000000010000110011100000001101000001100100",3,1847.7826562635964,"b01001000001010100001000001000000001010010000010010000000000001111000011100000000",11,15,0,0,0.9189589255125611,486.68039060779165,305.04154802168546,0.11699921577395728,3
2251,"b00000001100000000110000000001011010000010011000100111101100011111100010000001100",2,2343.0698667734855,"b10111011111001011111000111010001100000111000010000110001000000110000010110011100",19,10,0,0,0.9071700280755627,349.5345397350971,304.10815771245075,4.533346409969038,177
2252,"b00000100000000011000000011100000011001000001000000000000000000000000000000000000",3,3604.5473550627257,"b01001000001010100001000001000000001010010000010010000000000001111000011100000000",15,6,-1,1,0.7466712975198986,218.30931741847914,0.5603513463841053,1.268827116602604,3
2253,"b00100000000110000000001000000000000000000000000011000000000100000000110000000000",3,2289.225948239272,"b01001000001010100001000001000000001010010000010010000000000001111000011100000000",16,6,0,1,0.7712949273814065,320.7947739047311,141.27210352326085,1.4570757299652635,3
2254,"b00000000000000000111000011000000000100000000110000001100000000110000000000000000",3,2836.788346643628,"b01001000001010100001000001000000001010010000010010000000000001111000011100000000",14,7,0,0,0.7894660909480968,453.65997567705165,53.76008137122425,0.39957906124386033,3
2255,"b00000000000000111010000101011001100101000110010000000000000000000000000000000000",3,1616.8282060956985,"b01001000001010100001000001000000001010010000010010000000000001111000011100000000",14,10,-1,0,0.7823533339092957,305.40892174702526,417.8971446051238,5.412094622607751,3
2256,"b00000000000000000000000000000001011000000111011000001101100000001100000000000000",3,1518.485128381638,"b01001000001010100001000001000000001010010000010010000000000001111000011100000000",14,9,1,0,0.7313308379099801,451.89315020361994,330.9315721192808,3.2811671597292547,3
2257,"b10110010011000011011000110000001100000100000010000110000000000100000000000000000",2,5149.333268544406,"b10111011111001011111000111010001100000111000010000110001000000110000010110011100",17,0,-1,0,0.9018901748768606,106.20432477944044,221.08063533184907,4.491465031215753,177
2258,"b10100000101000000111000010001000000010011100000100001011100011010000011111001001",2,1792.1441966237323,"b10111011111001011111000111010001100000111000010000110001000000110000010110011100",12,4,0,0,0.8904914084964423,507.4627370102021,223.28666563256226,0.794681841378508,178
2259,"b00000000100000111001010111000001010000000011000000001100000100000100000000010000",3,1656.7067395156191,"b01001000001010100001000001000000001010010000010010000000000001111000011100000000",12,11,0,0,0.8217269147793501,439.6481908047983,136.79773942894167,4.5723903146509155,3
2260,"b00000000000000000000000101000000010011100000001110000000000000100000000000000000",3,1860.1637104613433,"b01001000001010100001000001000000001010010000010010000000000001111000011100000000",15,6,-1,1,0.7693583596849917,122.92669475217113,263.28429466504207,5.437292440218588,3
2261,"b00000000100000001100000010101100011100000001110000000110000011011100000001000000",3,2857.7802576303056,"b01001000001010100001000001000000001010010000010010000000000001111000011100000000",10,12,0,0,0.8090744664103935,461.36161201119717,398.2715862423581,1.8978602037436736,3
2262,"b00110000000110000000000000111000001100110000010111000000000000000000000000000000",3,3058.734777968335,"b01001000001010100001000001000000001010010000010010000000000001111000011100000000",14,10,-1,1,0.8056961031005163,437.9767017450033,402.2790083656091,1.9746547446370577,3
2263,"b01000000001000010001101111010100011111111111010111010000001100010000100000100000",0,1475.2464276839419,"b10001000101011100011100100001100010101110100001110000010011001000010110001011000",17,17,0,0,1.1393625977144406,416.49836062676485,358.869205888632,5.101646435048387,5
2264,"b01011000000001101110000111110100111101001001010001011001000001100000000110000000",3,616.6114970486694,"b01001000001010100001000001000000001010010000010010000000000001111000011100000000",10,21,0,0,1.1363428738154435,459.4281220235168,441.5014535055131,2.747189878161575,3
2265,"b00100000100000000110000010001110001000011000000110001111100011011010010011101101",2,8102.955152283834,"b10111011111001011111000111010001100000111000010000110001000000110000010110011100",10,4,0,0,0.9880752655900634,182.16754144586966,249.86184763316433,1.0165339810290015,179
2266,"b00010000000001100000010000000000000000000111110000010000000010000000000000000000",3,2627.314071308243,"b01001000001010100001000001000000001010010000010010000000000001111000011100000000",16,8,0,-1,0.7748625448087378,172.1023299230151,40.320739512574896,1.8595460575297713,3
2267,"b00000000000000000000000000000100000010000000001111001011001101111101010010000000",3,5137.745191771903,"b01001000001010100001000001000000001010010000010010000000000001111000011100000000",12,12,1,1,0.7939038781312371,36.72574895140581,478.6870542424763,2.9682447312491433,3
2268,"b00110000001000000110000000001000001000011000110110000001100011111010001010111101",2,3321.6906905050037,"b10111011111001011111000111010001100000111000010000110001000000110000010110011100",12,4,0,0,0.9933357365444134,124.51833833980584,450.2566226660205,3.9973479855788723,180
2269,"b00000000000000000000000000000000000000000011010000000111100000000000000000000000",3,5049.422750043839,"b01001000001010100001000001000000001010010000010010000000000001111000011100000000",16,4,1,-1,0.7227369790298024,121.90037514480167,157.90907193498714,3.5515508499364365,3
2270,"b00000000000000000000000000111100000001000000100010101110100001111100000111000000",3,2256.8792493829305,"b01001000001010100001000001000000001010010000010010000000000001111000011100000000",13,14,1,0,0.7961966024181468,371.22064943584166,263.6056981718516,3.3927741129189424,3
2271,"b00010000001111100000011011100000000011100001100001000011000000000000000000000000",0,1355.1420145881434,"b10001000101011100011100100001100010101110100001110000010011001000010110001011000",23,10,-1,0,0.8278220985567406,211.69244545466046,468.38244498692404,1.161173463667577,5
2272,"b00000000000000000000000000000000011110000001110100000111000000111000000011100000",3,3305.5781907957653,"b01001000001010100001000001000000001010010000010010000000000001111000011100000000",13,11,1,0,0.7208532932667533,51.320805299255326,317.2519986046368,1.9939817291771984,3
2273,"b00000000000000010000000001000000001110000000111000000011100000000000001100100000",3,4994.120414227463,"b01001000001010100001000001000000001010010000010010000000000001111000011100000000",13,8,1,0,0.8866551107373528,282.858684872596,348.1894339986734,6.054682236694416,3
2274,"b00000001000000101110000011011000011100110111111100011110110011100000000100000000",3,1741.567264377481,"b01001000001010100001000001000000001010010000010010000000000001111000011100000000",11,23,0,0,0.8615461381052103,500.4243459021971,208.4114697938442,4.6214857934833935,3
2275,"b00000000000000001100000001100111111100000011110100010100000001000000000000000000",3,1348.6616339078846,"b01001000001010100001000001000000001010010000010010000000000001111000011100000000",13,13,0,0,0.8238433113262613,159.17460785446255,507.8786023383658,3.0268903394404347,3
2276,"b00000000000000000011011000000000011100000010111000101000000010000000000000000000",3,1388.8391537580837,"b01001000001010100001000001000000001010010000010010000000000001111000011100000000",15,10,0,0,0.8109438038146742,62.306361941941,283.62209648255447,1.8090157561182139,3
2277,"b01100000001100000000111001100010101000000001100011000001110100000011100000000100",3,782.2513465210076,"b01001000001010100001000001000000001010010000010010000000000001111000011100000000",14,19,0,0,0.9288148250305266,350.4036021430372,482.7754614612643,1.480740382681463,3
2278,"b10110001001111000100111111111011111101010111100001101110011111011001110000011110",3,1238.8219513675153,"b01001000001010100001000001000000001010010000010010000000000001111000011100000000",8,38,0,0,1.3780900214336593,28.087266261949452,38.720192712439676,0.07012101674615787,3
2279,"b01000000001100000100001000000000000000000000000000000010000001100000000001000000",3,1909.0122112613774,"b01001000001010100001000001000000001010010000010010000000000001111000011100000000",16,6,0,-1,0.8421516107411038,353.6800448000431,432.53441283106804,5.065073253348663,3
2280,"b01001000100100100000000011000001011100000001000011000000011000000000000000000000",3,1973.5254437531664,"b01001000001010100001000001000000001010010000010010000000000001111000011100000000",13,10,-1,0,0.794047390710831,423.9094002550013,393.8119326235393,5.840407549314937,3
2281,"b00000001000000000100011100000000011001000011001000001010000000001011000000000000",3,1097.9088512309313,"b01001000001010100001000001000000001010010000010010000000000001111000011100000000",14,11,-1,1,0.9544671000313852,111.17156222000374,470.8581191210857,1.5596052826273743,3
2282,"b00000000000000000000000000000000000110010000000010000011110000001100000000000000",3,4115.519974176812,"b01001000001010100001000001000000001010010000010010000000000001111000011100000000",15,6,1,1,0.751549493402039,219.49648706086853,252.9953758229694,5.484091235799775,3
2283,"b00000000000000010000000011000000011100000001111000000111100000000010000000000000",3,2458.9552721358828,"b01001000001010100001000001000000001010010000010010000000000001111000011100000000",14,10,0,1,0.8130603311081721,319.35588810634584,313.35563489292736,6.102699304669054,3
2284,"b00000000000011010000001100000000000000110001011001001100000001110000010000000000",3,2573.402423475958,"b01001000001010100001000001000000001010010000010010000000000001111000011100000000",12,10,0,1,0.8345013464968488,402.88381638357293,78.08527478870195,2.465268905175706,3
2285,"b10000000001011000011101001001000010101110101000110000011111001000011000000000000",0,3534.5042736612245,"b10001000101011100011100100001100010101110100001110000010011001000010110001011000",11,6,0,0,0.8515900924167767,420.31484089082886,271.1453090112186,5.43554689034954,5
2286,"b11000000001111100000001110101000000001100000001100000000000000100010000000000000",0,1146.1853516137753,"b10001000101011100011100100001100010101110100001110000010011001000010110001011000",20,6,-1,-1,0.8635046613935294,170.0325937854268,365.94641958758837,-0.013443436226660742,5
2287,"b00000000000000000000000000001100010010110001001110000010100001001000000000000000",3,2225.2674946113552,"b01001000001010100001000001000000001010010000010010000000000001111000011100000000",14,9,0,1,0.7774854863562707,138.68895048718053,275.18214671380946,1.7411347581293617,3
2288,"b01000000001000000000001011000000101111100000011010000000011000000000000000000000",3,1622.833914123818,"b01001000001010100001000001000000001010010000010010000000000001111000011100000000",12,9,-1,0,0.7736051311062424,333.1675628889006,53.123915752070545,4.186321031196625,3
2289,"b00000000000000000000000000000000000000000011001001011111110000011011110000100100",3,1561.9787879812493,"b01001000001010100001000001000000001010010000010010000000000001111000011100000000",15,15,1,1,0.8075216299095244,50.6095817611331,426.85168252369715,0.3164778334734458,3
2290,"b00000000000001100000000000001101111101010111111001000111111100011010110000000101",3,1284.5094208190437,"b01001000001010100001000001000000001010010000010010000000000001111000011100000000",12,25,0,1,0.806871977374403,247.72516729660848,385.1281211836225,2.1140149485835242,3
2291,"b10100000000000000101000010010100001110000000100000000100000000011000000001000000",3,1965.2436024011981,"b01001000001010100001000001000000001010010000010010000000000001111000011100000000",14,10,0,0,0.8630437830463314,130.6271843079949,493.9076769363302,6.229842658805159,3
2292,"b11001000101001100110110111100001111100010011010001000111111001000100110001101100",0,1652.851488219644,"b10001000101011100011100100001100010101110100001110000010011001000010110001011000",12,19,0,0,1.3598745636517873,420.2772439428561,420.97001506483343,5.963318242276096,5
2293,"b00000000100000000010000011100001100100000110000101000000000100000000001000000000",3,2089.4471832533745,"b01001000001010100001000001000000001010010000010010000000000001111000011100000000",17,12,0,0,0.8880501604336218,246.75268631601722,189.9398693053703,5.26945776985907,3
2294,"b00000000000000000100000100010000010110000000010000000000100001000000000100000000",3,1735.7805155681401,"b01001000001010100001000001000000001010010000010010000000000001111000011100000000",15,6,0,0,0.8756952393743095,122.55712511914548,429.74063775336765,-0.2215666148118715,3
2295,"b00000000000000000000000000110000000111000000010100000000000001000000000100000000",3,1959.7637071894037,"b01001000001010100001000001000000001010010000010010000000000001111000011100000000",15,5,0,0,0.8112816272303469,145.48072289146285,277.0947967615141,1.6125578254901047,3
2296,"b00000000000110100000000000100000000100000000011000000000000001000000000000000000",3,2214.9049169411564,"b01001000001010100001000001000000001010010000010010000000000001111000011100000000",15,4,0,0,0.8341774122715158,452.8437652398576,272.7608074254493,3.1703285529888356,3
2297,"b01000000110000000010000001100101001101011111011110100111101010011000100000000000",3,1291.9739290977332,"b01001000001010100001000001000000001010010000010010000000000001111000011100000000",9,20,-1,0,0.8120269317625856,150.08420999866564,230.6048744810253,0.7322648323943624,3
2298,"b00000000000000000010000000110000000110000000010000001000000001110000000010000000",3,2427.874187991506,"b01001000001010100001000001000000001010010000010010000000000001111000011100000000",14,6,1,0,0.7964965240815111,188.6508252915107,441.72928856797,3.3411900174454585,3
2299,"b11000000000011110000000111110001111111110000110011100011000011001000101100000000",3,1768.4910367096109,"b01001000001010100001000001000000001010010000010010000000000001111000011100000000",6,20,0,0,0.9297437754760478,481.93556174651013,250.97262552117883,0.717454029256052,3
2300,"b01000000000000000000000000000100000001110000000110000000000000000000000000000000",0,2141.4481119671423,"b10001000101011100011100100001100010101110100001110000010011001000010110001011000",26,1,-1,1,0.7854592362806441,53.74358926367806,483.2234525228182,2.6823852614596047,5
2301,"b00110000000000000000000000010000000011000000111100000000000001000000000000000000",3,1200.3134521575917,"b01001000001010100001000001000000001010010000010010000000000001111000011100000000",16,7,0,0,0.7785690350650115,258.77986423976415,118.66956923843978,4.462086328913309,3
2302,"b00000000100000000001000000010100001010100100000011110111000010111100000001100000",2,2059.154762779468,"b10111011111001011111000111010001100000111000010000110001000000110000010110011100",24,10,0,0,0.895722272081327,112.90839633205209,369.15949730597384,4.7885136593071955,181
2303,"b01000000100100000000011000000000100000000001000000000000000000001000000000100000",0,1262.2513350568267,"b10001000101011100011100100001100010101110100001110000010011001000010110001011000",28,5,0,-1,0.8719451021291994,326.5749762476986,410.93932104623445,1.72340223720043,5
2304,"b00000000001110000000001111000001011100000000110000000000000000000001100000000000",3,3089.42022099076,"b01001000001010100001000001000000001010010000010010000000000001111000011100000000",14,10,-1,-1,0.8270246270503837,228.38419913848358,261.29382498553025,1.2129885111118814,3
2305,"b00000000000000010000011001100101100001000111100000000011010000000001111100000000",3,871.6042147488187,"b01001000001010100001000001000000001010010000010010000000000001111000011100000000",13,15,1,0,0.8709215505382997,57.348877795144645,412.9775502074802,5.272706433617596,3
2306,"b01000001100000010010010011001101000101000011000110111110000011111000010000011101",3,1797.5420341172767,"b01001000001010100001000001000000001010010000010010000000000001111000011100000000",10,23,0,0,0.838599339876729,45.171717100190484,93.56479988177074,0.3922121417016626,3
2307,"b10111001011000010011000110110000101000100000010001000000100001000000000110001000",2,2587.153846956644,"b10111011111001011111000111010001100000111000010000110001000000110000010110011100",17,5,0,0,1.196054775365815,241.57786873305776,473.29429813260094,1.6690702741371461,181
2308,"b00010011000001011100000011011000010100000011110100111111110001010111010001000100",3,1276.5435298165048,"b01001000001010100001000001000000001010010000010010000000000001111000011100000000",10,25,0,0,0.8126395227044703,505.6173723906719,379.7724371191316,2.949754106870531,3
2309,"b00000000000000000000000001000100010000111100011000110001001101100000100000000000",0,1226.0416921143997,"b10001000101011100011100100001100010101110100001110000010011001000010110001011000",22,7,0,0,0.8559779607818105,135.14947552246312,125.62896686034937,4.37384252661452,5
2310,"b00000000100000000110000000001000001101000110011100001111100011010010011010000100",2,1492.730646297534,"b10111011111001011111000111010001100000111000010000110001000000110000010110011100",18,7,0,0,0.9978993066368272,463.2540078078644,298.36396566463424,5.335405487361851,181
2311,"b00000000000000011000000001100000000111110000011000001000000000110000000000000000",3,3276.241216162364,"b01001000001010100001000001000000001010010000010010000000000001111000011100000000",13,8,0,1,0.829678780332584,159.16928628441002,437.0109549324901,2.5482606107956496,3
2312,"b01000001000001011101000010000010110010011010010000011000000001000000010000011010",2,1533.3085965204712,"b10111011111001011111000111010001100000111000010000110001000000110000010110011100",21,8,0,0,0.9968235498045598,199.85125041261932,485.5508806939661,3.302298977857895,181
2313,"b00000000000100000000011100000001100000000000000000000111000001111101000000000000",3,1294.1640295592354,"b01001000001010100001000001000000001010010000010010000000000001111000011100000000",15,11,1,-1,0.7425397169144625,334.36912367305655,107.08680288039427,4.570617576026959,3
2314,"b00000000000000000000000000010010000010100011011000110111000011010100000110000000",3,2058.7839718162895,"b01001000001010100001000001000000001010010000010010000000000001111000011100000000",14,14,1,-1,0.7799085026338157,497.9216324374518,411.269990421802,0.25145503520419626,3
2315,"b00000000000000000000000000000001100000000000010000000000000000000111100000011000",3,2626.5248085525063,"b01001000001010100001000001000000001010010000010010000000000001111000011100000000",14,4,1,0,0.8219425407316129,313.4850050222994,242.05339819012266,0.6537788064238026,3
2316,"b00110001001000011001000111111001010001000000000010100000000011000000001000000000",3,1355.4679744572582,"b01001000001010100001000001000000001010010000010010000000000001111000011100000000",13,15,0,0,0.8576227951376605,420.85504540119695,358.1610451570563,3.681691816104677,3
2317,"b00000000000000100000000011000000000100000000010100000011010100111000000110000000",3,2217.7167565162617,"b01001000001010100001000001000000001010010000010010000000000001111000011100000000",12,8,1,1,0.7655229013493484,156.67920535166084,108.52653454648635,4.620123691353957,3
2318,"b00000000000100000000100000000000000000000000000000000001010100000101110000101000",3,2877.2653144311125,"b01001000001010100001000001000000001010010000010010000000000001111000011100000000",16,8,0,0,0.9422132669153436,160.26262129540538,54.63703068303127,1.056174868989573,3
2319,"b00000000000000001111000001110000000101100011010000000011000001100000000010000000",3,2393.6157285106456,"b01001000001010100001000001000000001010010000010010000000000001111000011100000000",13,12,0,1,0.7546875892850752,0.34720433479590196,13.720880335464285,1.6342671038125076,3
2320,"b10001000000000000110000001000001001100010000000000010101100011110110000000010001",3,1612.0260209882586,"b01001000001010100001000001000000001010010000010010000000000001111000011100000000",12,14,0,0,0.9003472716418359,95.49812196167481,270.74264319882303,1.526996789335175,3
2321,"b00000000001110000000011101100011010010000100000000000000001000000000000000000000",3,1604.366191522128,"b01001000001010100001000001000000001010010000010010000000000001111000011100000000",15,10,-1,-1,0.7394372501443429,27.65875244668611,77.44820764667023,3.9211213312382354,3
2322,"b00000000100000000000000000000001000001100000100111001011010000011100000000000000",3,1735.813634470784,"b01001000001010100001000001000000001010010000010010000000000001111000011100000000",16,12,0,1,0.7889662487448217,197.9092438381735,227.16372765435113,3.8963905761527933,3
2323,"b00001000000000001011000000111100010011110111100111001111110000000001100100000000",3,1277.383457964212,"b01001000001010100001000001000000001010010000010010000000000001111000011100000000",13,23,0,1,0.861801260877125,467.57530994056225,277.0720974736668,2.745853530719646,3
2324,"b00000000001100000000110000000011000000000100000000110000000000000000000000000010",3,3474.43969900487,"b01001000001010100001000001000000001010010000010010000000000001111000011100000000",16,7,0,-1,0.7554805591265001,364.6188169101586,204.68088305745147,5.998881127169197,3
2325,"b00000000100000000110000010001100001100001001100000011111100001101000000000000000",3,1754.4411728611456,"b01001000001010100001000001000000001010010000010010000000000001111000011100000000",12,13,0,0,0.7829906583584776,428.1011013662071,301.7632812872978,5.170786295620932,3
2326,"b11110000000111000000000001000000000110000000000010000000001000000000100000000000",3,2458.7811301437555,"b01001000001010100001000001000000001010010000010010000000000001111000011100000000",14,8,-1,-1,0.8411148861609425,140.37620846521367,288.1826036136894,3.3701816986227877,3
2327,"b00000000000000000000000101100000011111000000100000000000000000000000000000000000",3,1903.001302897091,"b01001000001010100001000001000000001010010000010010000000000001111000011100000000",16,6,-1,-1,0.8651078860533319,381.73448436879465,263.0902324552286,3.7546117978237077,3
2328,"b00000000100000000111000011110000001011000000000000011010000011000000000010000000",3,1729.9247169747714,"b01001000001010100001000001000000001010010000010010000000000001111000011100000000",14,12,0,0,0.8720956293758182,307.02850751115835,460.187342420836,0.6167834617493146,3
2329,"b00000000000000000000000011100000011110000000000000000000000000000000000000000000",3,2237.0548569400316,"b01001000001010100001000001000000001010010000010010000000000001111000011100000000",16,4,-1,0,0.7327637877296479,381.5071570522101,480.57334456332893,3.4402573192407857,3
2330,"b00000000100000111000000011100000001110000101110000000000000000000000000000000000",3,4192.578261300932,"b01001000001010100001000001000000001010010000010010000000000001111000011100000000",13,8,-1,1,0.7947992683534811,278.089756155575,422.9278608972886,3.9884190167609264,3
2331,"b00000000000000000000000101000000001111001100000000000001000000010000000001000000",3,1794.710517215844,"b01001000001010100001000001000000001010010000010010000000000001111000011100000000",15,7,0,-1,0.8921436676503799,473.5163720407503,302.9291214557069,3.532932425042286,3
2332,"b00000000000000000000000000000000001000000000000011010000110001100010000010000000",3,3909.554172481862,"b01001000001010100001000001000000001010010000010010000000000001111000011100000000",15,6,1,0,0.7871263077498047,494.2664277520876,317.7433064268489,4.557316324575423,3
2333,"b00110000100011110000001011000001100110010001111000111000000001000000000000000000",3,1831.4521194815093,"b01001000001010100001000001000000001010010000010010000000000001111000011100000000",12,16,0,0,1.0200836938595914,453.036007269782,479.61236266265047,1.5794491119401615,3
2334,"b00000000000000000000001100000000011100000000010000000000000000000000000000000000",3,2613.3120186769115,"b01001000001010100001000001000000001010010000010010000000000001111000011100000000",17,4,-1,-1,0.7551585065011522,335.46157648779615,91.57454502306962,2.3050454452733717,3
2335,"b00000100110001111100001110000001111000000111000000000000000100000100000000000000",3,2876.349169554416,"b01001000001010100001000001000000001010010000010010000000000001111000011100000000",10,11,-1,0,0.8354737694250106,87.21736153802718,163.32115628069323,0.7527079797044167,3
2336,"b11000000001100000000011000000011100000000001000010000011010000000000110000000010",3,2242.7014778812654,"b01001000001010100001000001000000001010010000010010000000000001111000011100000000",13,11,0,0,0.8904112433570003,122.2488602280006,497.4501750075446,3.531548206231543,3
2337,"b11101100000001100000000000100000000011000000011011001000100001101000011111100000",3,3483.200285835088,"b01001000001010100001000001000000001010010000010010000000000001111000011100000000",7,13,0,0,1.0582194855223428,264.5676816893294,154.8580057091,0.4934912216714262,3
2338,"b00000000000000000000000000000000001011101101110101011111110010110010000001001001",2,1635.7819171244653,"b10111011111001011111000111010001100000111000010000110001000000110000010110011100",21,10,1,0,0.7684066509333869,212.61773961149447,350.21469174940415,5.664351474749337,181
2339,"b00000000000000000000010100000000100000000100000110100000011010000000000000000000",0,1937.5597999811168,"b10001000101011100011100100001100010101110100001110000010011001000010110001011000",26,4,-1,0,0.8028400581187771,213.60002168061058,116.24639383951823,3.3185941351620087,5
2340,"b00010001101000000111000010001001001101000110000100111100100111111011010110110101",3,2137.4921869667273,"b01001000001010100001000001000000001010010000010010000000000001111000011100000000",10,27,0,0,1.057983930401529,219.60077835472674,340.6846140848754,2.96670967252797,3
2341,"b00100000001100100100000001000000010010000001001100100000111000000101110100001110",3,3542.5132054000687,"b01001000001010100001000001000000001010010000010010000000000001111000011100000000",12,16,0,0,1.2347912851520768,290.32508121575705,214.8429711177506,2.207871945211251,3
2342,"b00000000101000000000110000000000000011000001001000000110000000011001000000000000",3,2194.8589301099146,"b01001000001010100001000001000000001010010000010010000000000001111000011100000000",15,9,0,0,0.7483417443188634,175.43650861130547,219.8126763468814,1.3954509355970104,3
2343,"b00110000001001000010011011001000100000000011100000001110000000110001110001000100",3,2006.6710003602261,"b01001000001010100001000001000000001010010000010010000000000001111000011100000000",14,19,0,0,0.9629449965901432,309.54376523650143,238.42564174991574,5.557092688950389,3
2344,"b00011001101000000101000000000100000000010100000010001111100111111000001111101100",2,4586.089570243348,"b10111011111001011111000111010001100000111000010000110001000000110000010110011100",11,4,0,0,1.088233310090714,360.53326405217496,351.44227336057617,0.13571517478610945,181
2345,"b01100000001000000000000001001100000100000000111011000010100101100000001100000000",3,2516.9439769655346,"b01001000001010100001000001000000001010010000010010000000000001111000011100000000",10,10,0,0,0.9401974748544134,117.51541354710635,354.52604946159045,1.1702998682736565,3
2346,"b00000000000000000000000000000001100000001110010000000001111000000010000000000010",3,2385.222110437856,"b01001000001010100001000001000000001010010000010010000000000001111000011100000000",15,8,1,0,0.7733812858644817,37.757642812237876,482.3373963398732,0.25370173884973346,3
2347,"b11001100000000000100001000100000100101000001100000011111111110110110001000000011",1,1767.3796318016998,"b11001110101000111111000000100000101111000111010100001000111100110000111001100000",18,11,0,0,1.2872695091264632,192.4945089384255,76.5097899226206,0.741207192757104,9
2348,"b11010000011101001011000010111000000100001000010000000000000001100000010110001000",2,1691.9571767768198,"b10111011111001011111000111010001100000111000010000110001000000110000010110011100",19,6,0,0,0.9468852009276375,361.12993485836967,401.1539656512859,5.269674616392987,182
2349,"b11110011110000011100000111000000110000011100011001111001100000100000000010000000",2,3296.633336642277,"b10111011111001011111000111010001100000111000010000110001000000110000010110011100",14,7,0,0,1.107926373393949,47.16700960970171,473.0043586625905,0.6258265509443663,182
2350,"b00000000001000000000000000000000000000000000000000000000000000000110000000000000",3,3065.853299153784,"b01001000001010100001000001000000001010010000010010000000000001111000011100000000",17,1,1,-1,0.8838021686974262,51.71306201461752,166.41975575952858,3.499403856262785,3
2351,"b00000001100000010100000100010000000100000000011000001110000000000000000000000000",3,2960.44362583944,"b01001000001010100001000001000000001010010000010010000000000001111000011100000000",14,7,-1,0,0.7619740690470403,9.019120801122565,234.1004093170166,0.18420932336858098,3
2352,"b00000001000000011001000000110001001000000001100001001010000000000000000000000000",3,1935.5552855983785,"b01001000001010100001000001000000001010010000010010000000000001111000011100000000",13,7,-1,0,0.8038827740178756,2.430523031578727,327.16885437866387,1.7430437856344403,3
2353,"b00110001100000000000000010001000001000011000000110001011100011011000011111001101",2,4611.064254192292,"b10111011111001011111000111010001100000111000010000110001000000110000010110011100",9,0,0,0,1.0117929084881119,284.17205492507924,87.440123240153,6.079597297814292,182
2354,"b01110000000011010000101111000010110100001000011110100001111110100111010000011001",0,3875.837053518402,"b10001000101011100011100100001100010101110100001110000010011001000010110001011000",14,17,0,0,1.1974378713297096,28.915318595180278,39.0870290851912,5.786585862169137,5
2355,"b00000000000000000000000000000100100111000011110011000000000000000000000000000000",3,1990.6153832437794,"b01001000001010100001000001000000001010010000010010000000000001111000011100000000",16,8,0,1,0.7825118316093806,88.83071725766827,55.00066841993724,2.743400441809918,3
2356,"b01000000000000000000111100000000101010000010111000010001100000000000000000000001",3,1007.9940674467796,"b01001000001010100001000001000000001010010000010010000000000001111000011100000000",15,12,0,0,0.8923713894231865,363.92255625485456,409.90213139360935,5.898499119490516,3
2357,"b00000000000000010000000010000000001000000000110000000111000000011100000000000000",3,1578.694531812377,"b01001000001010100001000001000000001010010000010010000000000001111000011100000000",15,7,0,0,0.9221092748258723,470.9582485878501,62.351042446384554,2.7455999437307232,3
2358,"b00000001100110100100000011000100001100010000110010110110000000110000000010011000",3,1707.7065819446352,"b01001000001010100001000001000000001010010000010010000000000001111000011100000000",10,15,0,0,1.4102131730077645,476.2592788770749,346.2303587366956,2.4266561497430783,3
2359,"b00000000000001100001000111100100000111010000111111000000100000101000000000100000",3,1491.3539029605427,"b01001000001010100001000001000000001010010000010010000000000001111000011100000000",10,13,0,1,0.8216698214865513,53.86172533744958,17.941876558105122,1.8999441769865242,3
2360,"b01000010001000001000000011100000011100000000011110000000011000000000000000000000",3,1720.0416130228725,"b01001000001010100001000001000000001010010000010010000000000001111000011100000000",13,10,-1,0,0.7716914616127104,447.05413878940175,380.6085736863962,1.6405586397030003,3
2361,"b00000000000000000000000000010000000001100000011011011000100001100000000110000000",3,1567.7494638572211,"b01001000001010100001000001000000001010010000010010000000000001111000011100000000",14,9,1,0,0.768977984657482,471.50487786113007,345.4676875264708,4.000432900529918,3
2362,"b00000011100001111011011100000011000010110101000000000000011001100000000000000000",0,1430.1199040840554,"b10001000101011100011100100001100010101110100001110000010011001000010110001011000",20,11,-1,0,0.8546283661546786,56.56217972782972,116.7288028527385,3.676536898956598,5
2363,"b00000000000000000000000000000001100000000000010000000000000000001000000000000110",3,2489.515197183968,"b01001000001010100001000001000000001010010000010010000000000001111000011100000000",16,3,1,0,0.8302689574571362,449.1092399110185,158.77792244769157,0.3815119533264426,3
2364,"b00001000000000111000000001010000000110000000000000000011000000000000000000000000",3,1876.176678451891,"b01001000001010100001000001000000001010010000010010000000000001111000011100000000",15,6,-1,1,0.7795837330728617,137.61597904832237,496.53991962014146,1.8481495095044815,3
2365,"b00000000000000000000000000000000001100000010101000000000000100000000000100110000",3,1312.4069072116122,"b01001000001010100001000001000000001010010000010010000000000001111000011100000000",17,7,1,1,0.7556567516757303,442.63065671457827,173.34840921939,5.767558168646899,3
2366,"b00011000011100100110100111100001011010000110001000000000000000000000000000000000",3,3489.795932415194,"b01001000001010100001000001000000001010010000010010000000000001111000011100000000",13,14,-1,0,0.7727132186252557,298.630411614845,375.8163854413146,1.307702806246334,3
2367,"b00000000000000001000000001100001111100001001100000100000000010000000000000000000",3,3958.4338448766566,"b01001000001010100001000001000000001010010000010010000000000001111000011100000000",13,7,0,-1,0.7436828474525179,392.28063779536075,3.608886922898968,1.5527128767996619,3
2369,"b00000000001110001000000100000000010110100000001010000000000000000000010000000000",3,2392.7028509723295,"b01001000001010100001000001000000001010010000010010000000000001111000011100000000",14,7,-1,0,0.7610530052762365,64.75558293829863,66.32741726295478,4.132370303125856,3
2370,"b01000000000000000000000000001100000111100000111000001100110011010010000100000000",3,2194.4066578738934,"b01001000001010100001000001000000001010010000010010000000000001111000011100000000",13,13,0,0,0.8221466247641136,108.48779009670899,341.33876127700904,6.287522342480619,3
2371,"b00000000000000000000000001000000011100000101110000000111000010001100000000000000",3,2766.798644943305,"b01001000001010100001000001000000001010010000010010000000000001111000011100000000",13,8,1,-1,0.7282869392978529,31.457857608561994,149.1022863485994,1.7716046031286217,3
2372,"b00000111000001101000000110001100011000100000000110100000000000010000000110000000",2,2125.136754887692,"b10111011111001011111000111010001100000111000010000110001000000110000010110011100",25,8,0,0,0.8502773270660828,10.49536475241425,371.9039412091885,0.2219233255415372,183
2373,"b00000000000110000000011000000000000000100000010010000000000000100100000000000000",3,2250.0285003847257,"b01001000001010100001000001000000001010010000010010000000000001111000011100000000",15,5,0,0,0.7858000663282093,44.21404292158885,29.700024333718705,4.257427862162606,3
2374,"b01010000001100000000000001100000000111000100100110011111011000111111000000001000",3,1504.6487366961856,"b01001000001010100001000001000000001010010000010010000000000001111000011100000000",11,19,0,0,0.9001279927925834,501.1381713644584,444.94456686798577,5.16059490023776,3
2375,"b00001000101011100010100100001101000011110100001110000111110000110111000000001000",0,2606.0062355748187,"b10001000101011100011100100001100010101110100001110000010011001000010110001011000",10,9,0,0,0.8894792952452203,16.608854367813073,492.50173452030214,2.334959395446111,5
2376,"b01100000001100001000011100000001111001000001111110000101111000000000010000110001",3,2172.346106007119,"b01001000001010100001000001000000001010010000010010000000000001111000011100000000",11,20,0,0,1.0107241585336313,505.2456683790579,272.20670988472256,3.451456892869116,3
2377,"b00000000000000010000000011000000011000000010110000000001000000000000000000000000",3,1758.2334982470375,"b01001000001010100001000001000000001010010000010010000000000001111000011100000000",16,6,0,0,0.7392638621581018,248.86828201603055,261.81595449992085,0.17945104437139686,3
2378,"b00000000001000000000111101000011111100001100111000000011110000001111000000000000",3,3658.2571799881143,"b01001000001010100001000001000000001010010000010010000000000001111000011100000000",11,17,0,-1,0.7899897723608069,36.01216587698765,433.9806530878277,6.049010577475887,3
2379,"b00000000000000000000000000000001001100001111110000011111000000111111000000000100",3,1676.1104060393561,"b01001000001010100001000001000000001010010000010010000000000001111000011100000000",11,13,1,0,0.8324627310936451,357.5382475217464,473.0223074742155,5.141790801774279,3
2380,"b00100000101110000001010010000000110000000011111000000010000000010001000000001000",0,1150.828593531529,"b10001000101011100011100100001100010101110100001110000010011001000010110001011000",23,10,0,0,0.8642674460555665,393.4221995112292,141.82009213096217,6.525251415524599,5
2381,"b10010000001000000000111000000001001000000010000000101000000010010001000000010000",3,7500.435161190537,"b01001000001010100001000001000000001010010000010010000000000001111000011100000000",13,9,0,-1,1.1991781273863444,204.096695516552,296.0316331741318,5.226023835728365,3
2382,"b10110010000000110101001111110010000111000110001101011000010000000000000000000000",1,2428.556592556934,"b11001110101000111111000000100000101111000111010100001000111100110000111001100000",21,11,-1,0,0.8027920725754549,273.91307245734276,401.0197681743452,3.7605878544898155,9
2383,"b00000000000000000010001000000000011000000001100000001110000000000000000000000000",3,3640.524757884731,"b01001000001010100001000001000000001010010000010010000000000001111000011100000000",15,5,0,0,0.740972112855097,98.86403336076548,2.2628489359167236,3.355514921479661,3
2384,"b00000000000000000000000000000000000000100000000110001101001000100000000010000000",3,2064.7514634441286,"b01001000001010100001000001000000001010010000010010000000000001111000011100000000",17,7,1,1,0.7824853856684448,504.15896803272443,49.78169780984265,2.5311394610637494,3
2385,"b00011000000000110000001101100000010100000000000000000000000100010000110000000000",3,2428.1314929281393,"b01001000001010100001000001000000001010010000010010000000000001111000011100000000",14,9,0,1,0.9121981130451858,369.9525433620943,255.45610067258536,6.235458412281162,3
2387,"b01111000001111000000000111000000011110000000001000000001111000000001100000000000",3,2434.5912308902616,"b01001000001010100001000001000000001010010000010010000000000001111000011100000000",12,15,-1,-1,0.8078545584581992,380.1024259462932,286.0356521927458,6.247735924188193,3
2388,"b00001000000000111110000011111000000000000000010010011111000011011111011100000010",3,1695.9036521925932,"b01001000001010100001000001000000001010010000010010000000000001111000011100000000",8,18,0,0,0.8889716324395037,358.53494063189396,399.56339691943447,3.5354158095324175,3
2389,"b01011001100100011111011111110011100100111100010001111000000001100000010110000100",2,3200.160844579922,"b10111011111001011111000111010001100000111000010000110001000000110000010110011100",10,11,0,0,1.1902237167581573,443.92894354282794,95.63934691572099,2.7436141583033837,183
2390,"b00000000000000000000000000000000001000000001000000000100000000000000000000000100",3,4151.062184363707,"b01001000001010100001000001000000001010010000010010000000000001111000011100000000",17,2,0,-1,0.753926330224073,124.28346499997792,134.035438705798,1.1541367121205437,3
2391,"b00000000000100000000111100000001110000000010000000010000000000000011000000000000",0,2465.344489926136,"b10001000101011100011100100001100010101110100001110000010011001000010110001011000",22,2,0,-1,0.8055707702313748,119.0833298657937,46.57026180893025,3.805197741342522,5
2392,"b00100100000010010000000000000001000000100100101010010110101110010100111000000000",3,1168.8227528364512,"b01001000001010100001000001000000001010010000010010000000000001111000011100000000",14,17,0,0,1.0235828110662355,142.32923420241366,461.6935007976768,5.779831698000542,3
2393,"b00001000001011000010000010001000001100110000001110000001110000100111100010110010",0,2978.561144421901,"b10001000101011100011100100001100010101110100001110000010011001000010110001011000",16,10,0,0,0.8985077773582661,237.43980414949712,13.939941080963546,4.748254793462252,5
2394,"b00010000101011000110001110001000001000011100000000001100100000110000001111001101",2,2268.2080659176413,"b10111011111001011111000111010001100000111000010000110001000000110000010110011100",15,6,0,0,1.1494412703377483,8.823415264450734,503.1894136209054,0.22410213993323233,183
2396,"b00000000000000000000010100000001111100000001100000000011000000000100000000010111",3,2537.6656936118115,"b01001000001010100001000001000000001010010000010010000000000001111000011100000000",12,9,1,0,0.7636023599063887,233.76916692256927,359.75892660140994,0.31531540620991233,3
2397,"b01000001110100000001000010111111011111101011111000101111000011010000000110000000",3,2362.3209623088096,"b01001000001010100001000001000000001010010000010010000000000001111000011100000000",10,26,0,0,1.2040750168473533,393.9964775863871,433.2017006514782,6.31782930426361,3
2398,"b01000000001100010000010001000000001101000000000010000100001000010001000000000100",3,2198.1862776683547,"b01001000001010100001000001000000001010010000010010000000000001111000011100000000",13,9,0,0,0.8305373719832859,3.222252618925459,161.70255125734857,1.582769052184108,3
2399,"b01110000000100100000100000100000001011100001100111000000111101000000110001000000",0,1687.8419531450845,"b10001000101011100011100100001100010101110100001110000010011001000010110001011000",20,12,0,0,1.1425411645044938,139.2073612388121,456.25064306896604,5.246181639743527,5
2400,"b00000100000001010000000000000001100110000000011000111100010011100101000100011110",0,2424.657257689527,"b10001000101011100011100100001100010101110100001110000010011001000010110001011000",20,12,0,-1,0.808202388891328,104.13373060445618,93.09508015020803,4.640864439028851,5
2401,"b00000000000000000000000000000000001111000000011100000000010000001100000000010000",3,2857.404014138674,"b01001000001010100001000001000000001010010000010010000000000001111000011100000000",15,7,1,1,0.7241579110628871,157.67783366632372,352.9521823353699,0.10098722220416914,3
2402,"b00000000000000000000000000100000000110000000010000000101000000000000000000000000",3,5322.690924656625,"b01001000001010100001000001000000001010010000010010000000000001111000011100000000",17,4,0,-1,0.6874275747594305,117.4645955201177,179.52526522928997,2.1925732013699046,3
2403,"b00000000100000000010000000001000001010001101111000111000000000000010001100001000",3,1868.9775655435492,"b01001000001010100001000001000000001010010000010010000000000001111000011100000000",13,12,0,0,0.7792153763130795,417.86698126809455,212.68842684171995,4.73395663843014,3
2404,"b00000000000000000000001100000000010000010011111001011111000001111100010100001100",3,1968.9777020526676,"b01001000001010100001000001000000001010010000010010000000000001111000011100000000",11,16,1,0,0.8364769466639319,479.1718110017262,249.89333812032993,4.879280155412667,3
2405,"b01000000011110000000111111100000000110000011101000001100100000000000000000010110",1,2051.08356227288,"b11001110101000111111000000100000101111000111010100001000111100110000111001100000",22,10,0,0,1.1318777570800005,295.77804268849314,361.296881860841,0.9933892143565808,9
2406,"b00000000000000000000000000000000001100000001110000000110000000000000000000010000",3,1685.371004987345,"b01001000001010100001000001000000001010010000010010000000000001111000011100000000",14,3,1,0,0.8034074754339909,14.680368453065995,167.55698159634406,4.728725696686798,3
2407,"b00000000000000000000000001100000001101110000000110000000000000000000000000000000",3,2418.783789618216,"b01001000001010100001000001000000001010010000010010000000000001111000011100000000",15,5,-1,1,0.7585535056048279,175.3248742570713,425.1004845226688,0.5423348653114215,3
2408,"b00100000000000000000000100000000001110100000110110000001000100000000000000000000",3,5445.3916602530135,"b01001000001010100001000001000000001010010000010010000000000001111000011100000000",15,8,-1,1,0.817945365145455,188.33914738753532,226.99026887880828,5.390142572771747,3
2409,"b00000000000000000000000011100000011111110000011010000011000000000000000000000000",3,3240.1455654769643,"b01001000001010100001000001000000001010010000010010000000000001111000011100000000",13,9,0,1,0.7585923494492945,285.121742358048,494.6545892823953,4.132210639638943,3
2410,"b01001000000000101000000100000100011000000111000010001100000000110000001010000000",3,3392.158058945771,"b01001000001010100001000001000000001010010000010010000000000001111000011100000000",11,10,0,0,1.247502507586099,179.0296522557197,106.59320668960423,5.306428145670836,3
2411,"b00000000000000000000000011100100001110100000110100000110000000110000000001000000",3,2942.0512025702888,"b01001000001010100001000001000000001010010000010010000000000001111000011100000000",13,10,1,1,0.7539163138386028,324.88438560668845,503.5205816537643,2.994692202121736,3
2412,"b00110001001000001100000010001000001000011110010000001111100111111010011110101101",2,3542.8565857610038,"b10111011111001011111000111010001100000111000010000110001000000110000010110011100",7,5,0,0,0.9448157660760799,218.02104287244396,412.87697313020243,4.308780427701155,183
2413,"b00001100111110110111001111111011111110011011111101000000000000000000000000000000",3,871.9345005471974,"b01001000001010100001000001000000001010010000010010000000000001111000011100000000",8,24,-1,0,0.8777640225351439,441.3784171277144,498.0226776483491,0.8081410758288905,3
2414,"b00000100110101101110000111100000011000000000100000000010010000100000010000000000",3,801.0484864988014,"b01001000001010100001000001000000001010010000010010000000000001111000011100000000",11,12,-1,0,0.9581672981636439,328.87306975023046,293.83884278380003,3.389531646284427,3
2415,"b00000000000010000000111100000001011110000111100000000010000000000000000000000000",1,1396.0630647292955,"b11001110101000111111000000100000101111000111010100001000111100110000111001100000",27,6,-1,-1,0.8654844724760417,333.17936854882635,470.9436720583005,2.1866995262802957,9
2416,"b00000001000000011100000001000001111000000011000000100000000000000000000000000000",3,2856.1957990889186,"b01001000001010100001000001000000001010010000010010000000000001111000011100000000",13,6,-1,-1,0.8298076577216743,240.06459552167368,41.96157067841656,1.3025787269751707,3
2417,"b00000000101000000010000000001110000010100001000100100010100000111101000000000000",3,1908.560408839404,"b01001000001010100001000001000000001010010000010010000000000001111000011100000000",12,11,0,0,0.8315096797217768,32.30030882646749,414.7996014270154,1.3550540558624697,3
2418,"b00000001100000010000000000000011000000010110000111111111100111111000000000011001",2,2086.461410222904,"b10111011111001011111000111010001100000111000010000110001000000110000010110011100",18,9,0,0,1.0687501977452167,382.03710287208116,210.27221713571888,5.774793040071809,184
2419,"b00000000000000000000000000000000000000100000110010000011000000000000010000000000",3,4614.781341622552,"b01001000001010100001000001000000001010010000010010000000000001111000011100000000",16,4,1,1,0.7560194186830099,209.6268217231773,57.94095737536356,3.499098179169563,3
2420,"b00001110000010011000000001100000000000100000110110001101111100100000100000000000",1,2118.10029042072,"b11001110101000111111000000100000101111000111010100001000111100110000111001100000",21,7,-1,1,0.7618747291434935,424.1840529747752,143.9415415432976,4.087725024366367,9
2421,"b00000000000100000000000000000000000011110000001110000000010000000000000000000000",0,3046.1042602179195,"b10001000101011100011100100001100010101110100001110000010011001000010110001011000",25,2,0,1,0.762491932696217,176.9387652858374,340.9353746594262,3.656117813430339,5
2422,"b00000000010000011000000001110000000010100011000110011111000010000000001100000000",3,2124.249871569148,"b01001000001010100001000001000000001010010000010010000000000001111000011100000000",13,14,0,0,0.8450104768470317,263.9861584289899,344.15890151194293,0.3613996820130812,3
2423,"b01000000000111000000001100000000000011010000001110000000011000000000000000000000",3,5205.899277193281,"b01001000001010100001000001000000001010010000010010000000000001111000011100000000",14,9,-1,0,0.8361038421157163,453.6077034110979,38.16439329981117,5.380121888138287,3
2424,"b00011000100010000011000101011100001101000011100000000010000000000000000000000000",3,1603.2982786960958,"b01001000001010100001000001000000001010010000010010000000000001111000011100000000",14,13,-1,1,0.844765825261697,248.6805172211509,464.46286490591643,-0.1781517009772075,3
2425,"b00000000000000000000000000000000000000000011110000000011000000001010000000000000",3,1375.6533823429784,"b01001000001010100001000001000000001010010000010010000000000001111000011100000000",16,5,1,0,0.7175181744673621,333.6397189781314,287.17123415865314,0.6107679203571086,3
2426,"b00000000000000110000000011110000011110000011111000001111000000110000000000000000",3,2381.1207276326295,"b01001000001010100001000001000000001010010000010010000000000001111000011100000000",12,14,0,-1,0.7672411892509807,409.75858939641864,155.64794302844615,6.092336975865449,3
2427,"b00100100000010010000000000000101000100000110010000111110000111011011000011000000",3,1032.1064108004593,"b01001000001010100001000001000000001010010000010010000000000001111000011100000000",14,19,0,0,1.1792385492265316,19.980472527541124,87.84900505174008,-0.13395485203832563,3
2428,"b00000000000000000000000001000000001000000001100010000000000000000000000000000000",3,2998.93246317969,"b01001000001010100001000001000000001010010000010010000000000001111000011100000000",16,2,-1,0,0.8037229698508261,388.12826241984243,20.545657995161317,3.46349699371976,3
2429,"b01001000001111001001000001100100001111000000011010000000000001100000001100000000",3,4593.208141974939,"b01001000001010100001000001000000001010010000010010000000000001111000011100000000",5,8,0,0,0.9824704295377221,371.5244718682411,181.0403639779825,0.6685270265482206,3
2430,"b00110000000111101100000000111000000111110000101110000000011100000010110001001000",0,1613.3993218364544,"b10001000101011100011100100001100010101110100001110000010011001000010110001011000",14,10,0,1,0.9966714726973359,346.40140838175813,489.95574112812614,2.6206872952697133,5
2432,"b01100000000000001100000000010000011101110000001100000000000001000000000110100000",3,1236.8437229614378,"b01001000001010100001000001000000001010010000010010000000000001111000011100000000",14,12,0,0,0.9456843411916511,189.34020456243215,495.66703079051075,1.0557822138139974,3
2433,"b00000001000000001111000010111000001110001000001000100010100011110000000100000000",3,1839.983798866826,"b01001000001010100001000001000000001010010000010010000000000001111000011100000000",12,15,0,0,0.8311804899394033,12.822248838784835,412.2070313875285,5.919493591450074,3
2434,"b00110001101000001110000010000100011000111000100110001011101011011110000111001000",2,4511.8321234192645,"b10111011111001011111000111010001100000111000010000110001000000110000010110011100",9,6,0,0,0.958687488446113,193.42774895342595,76.26823471564977,3.3760219883172535,184
2435,"b00001000000001010100000001010000000001100000001110000000111001100000000100010000",3,1474.9567213823416,"b01001000001010100001000001000000001010010000010010000000000001111000011100000000",13,12,0,0,0.7905679108728836,87.02142708613056,324.2694681690454,5.804630497030253,3
2436,"b00000010000000000000000000010000000000000000011110000000111010110000100000000000",3,1461.0113601037021,"b01001000001010100001000001000000001010010000010010000000000001111000011100000000",15,9,0,0,1.0867844251151213,442.5372533722693,295.803409386917,0.5780615515574755,3
2437,"b00000000000100000000000000000000000010000000001110000000011000000000000000000000",0,1827.206133504807,"b10001000101011100011100100001100010101110100001110000010011001000010110001011000",27,2,0,1,0.7219439599433508,71.90576068620037,128.81421954888748,3.483926154259489,5
2438,"b00000000000000000001000000010100000011000000110000011100000000110000000000000000",3,3231.4516069579013,"b01001000001010100001000001000000001010010000010010000000000001111000011100000000",14,7,0,1,0.8835512882633251,267.93754880031855,64.73265670336099,5.522739736964626,3
2439,"b00001000100001101101000110111001111111110110010000000000000010000000001100000000",3,2494.4445596988407,"b01001000001010100001000001000000001010010000010010000000000001111000011100000000",10,18,0,0,1.091189645859474,372.54186716957446,367.99206017195377,5.231516807442569,3
2440,"b00000000000010010000000000000000000000110000010010000000001100000000000000000000",3,4003.549427213936,"b01001000001010100001000001000000001010010000010010000000000001111000011100000000",15,4,-1,1,0.7507807094472652,62.917846443176266,296.25239072672525,3.858483017674664,3
2441,"b00000000110000000010000001000001000000000100000000000000000000000000000000000000",3,3186.5875426503576,"b01001000001010100001000001000000001010010000010010000000000001111000011100000000",15,2,-1,0,0.841262188120101,134.09244792548168,49.69622639876993,5.966081754076363,3
2442,"b10110101111001011011000110110001111000000010010010000001000001100000010100001000",2,4068.6877508101215,"b10111011111001011111000111010001100000111000010000110001000000110000010110011100",13,7,0,0,0.9199917745023605,282.3569733717164,392.97312230860325,1.1485654008342487,185
2443,"b00100000110010000000000000000000001000000001100000000100000000000000000000000000",3,2498.452798207779,"b01001000001010100001000001000000001010010000010010000000000001111000011100000000",15,4,-1,1,0.837084123287432,370.9255780799797,29.70663365779484,2.661585388793048,3
2444,"b00000010000000010101000000000000000000100000111111000110000000100100000000110100",3,1230.1029649937532,"b01001000001010100001000001000000001010010000010010000000000001111000011100000000",13,12,0,1,0.802785044107251,299.69035777888394,403.7203780894285,4.600329896711967,3
2445,"b00000000000000000000000001100000001100000001110111000110001000000000000000000000",3,1932.801194951483,"b01001000001010100001000001000000001010010000010010000000000001111000011100000000",15,9,1,1,0.8299070953728195,424.9684848080775,327.56362920870447,3.1715396108611973,3
2446,"b00000010000111001011010111110010000100000001110000001011010010100011000100010000",0,900.5546795436944,"b10001000101011100011100100001100010101110100001110000010011001000010110001011000",20,16,0,0,1.3239288352594982,507.1491538403081,373.3321740393545,4.6886572306237095,5
2447,"b11010000000011100000000111000000000110010000011000000000011101111000011101100000",3,4086.966893913139,"b01001000001010100001000001000000001010010000010010000000000001111000011100000000",5,12,0,0,0.9915325517056343,420.4214655366353,332.5561985651522,0.6313626148170486,3
2448,"b00000000000000100000011111100000111110000001110000000000000000000000000000000000",3,3305.8907554435355,"b01001000001010100001000001000000001010010000010010000000000001111000011100000000",14,10,-1,-1,0.7187830371095224,460.9791086019292,393.2834849492741,1.5616897170554747,3
2449,"b10000000001100000000110000000011111110000101011111000111001100001001000000000011",3,1667.9784917047693,"b01001000001010100001000001000000001010010000010010000000000001111000011100000000",11,20,0,0,0.7984119687295768,40.81771505087418,380.09985376928216,1.2911486778712726,3
2450,"b00000000001000000000111110000001110000000011011110000111110000110111100000000011",3,1840.9919036639164,"b01001000001010100001000001000000001010010000010010000000000001111000011100000000",11,20,1,0,0.7731669320598576,443.2401571322578,345.67871841286905,6.0545347235474365,3
2451,"b01000000000101010010000100110000111011000111111000000000100000010000000000000000",3,1578.279557331038,"b01001000001010100001000001000000001010010000010010000000000001111000011100000000",14,16,-1,-1,0.8122454989866131,21.14574862265025,90.77540353075021,1.6129551562675217,3
2452,"b01000001000000000110110100001000110000110010000100000100000000000000001110000000",3,490.3751471611805,"b01001000001010100001000001000000001010010000010010000000000001111000011100000000",15,14,0,0,1.028405352494653,336.0570997390072,431.51734532719166,4.1449563469384625,3
2453,"b00000000000000111000000001000000111011000100001000000000100000000000001000000000",3,891.9548937196492,"b01001000001010100001000001000000001010010000010010000000000001111000011100000000",14,8,0,0,0.773138680355766,302.28599113002633,309.4429260605694,3.664288081706875,3
2454,"b00000000000000000000001000100011110010000100011000000000100001000001100110000111",3,1855.447740344107,"b01001000001010100001000001000000001010010000010010000000000001111000011100000000",15,15,1,0,0.8880124831178503,502.6794843771447,230.80479998050987,4.874570918260144,3
2455,"b00100000100010001110000101111000011100011101110101000111100011011110001111110000",2,1679.8011340136263,"b10111011111001011111000111010001100000111000010000110001000000110000010110011100",13,15,0,0,1.0129047464662981,498.5086817196941,361.9033550506574,3.550172570397762,185
2456,"b00000000000010000001000110000000000001100000100000000010000000000000000100000000",3,2754.804417534506,"b01001000001010100001000001000000001010010000010010000000000001111000011100000000",16,6,1,0,0.954838602518363,4.8312715091625185,281.1322150350619,0.20774287275501052,3
2457,"b00000000000001100000010111000001100110000110011000000001000000000000000000000000",3,1676.0961335461507,"b01001000001010100001000001000000001010010000010010000000000001111000011100000000",15,11,0,-1,0.7945405418470142,234.44828655674536,315.0270371371582,2.7019994010632127,3
2458,"b00000000000000000000000011100000011110100001101100000010000000001000000000000000",3,1263.5993167681472,"b01001000001010100001000001000000001010010000010010000000000001111000011100000000",15,10,0,1,0.737908698017254,195.8383068508572,337.7695580081663,5.54907205774029,3
2459,"b00000000010000000111000000010000000000000011100000000010000000000000000000000000",3,3302.2528737237326,"b01001000001010100001000001000000001010010000010010000000000001111000011100000000",14,4,-1,1,0.7506538769782585,52.9694806060228,97.5454382773255,5.877467143541445,3
2460,"b00000000000000000000000000000000001000000000111100000000110000000001000000000000",3,7343.653099466085,"b01001000001010100001000001000000001010010000010010000000000001111000011100000000",16,5,1,1,0.7159699466244127,188.13152015509132,147.03755898609737,2.1560022352268646,3
2461,"b00000010000000001000000000000010000000001100011000100000100000001000000000000000",3,3682.4934644115683,"b01001000001010100001000001000000001010010000010010000000000001111000011100000000",16,7,0,-1,0.8039442879233754,464.96237875086143,274.71572359343963,1.2946936764613557,3
2462,"b00000000000000000000000000000000000000000000111000000010000010000000000000000000",3,2665.6359397691895,"b01001000001010100001000001000000001010010000010010000000000001111000011100000000",16,2,0,-1,0.7243028979867466,360.2308235570004,277.2294489988807,6.107700016921953,3
2463,"b00000001001000000110000100010000001000111000000000000111100010010110011111000000",2,1413.5799289006923,"b10111011111001011111000111010001100000111000010000110001000000110000010110011100",19,6,0,0,1.0008677957392251,463.17683729249103,297.14598154589675,4.786675336439291,185
2464,"b00011000000000000000000011000000011000000001111000000010111010000000111100000001",3,1067.3226232541765,"b01001000001010100001000001000000001010010000010010000000000001111000011100000000",12,13,0,0,1.2003690725529528,451.71812008476394,392.44533272090786,5.7099812543357,3
2465,"b00001100000000001000000000110000110110110011111111011111110111111111101010000110",3,1996.0981931871927,"b01001000001010100001000001000000001010010000010010000000000001111000011100000000",9,30,0,0,1.142398934087093,478.26893957562663,405.58877847444603,4.868887975383282,3
2466,"b10000001000100000000011011000000101100001011111000001101100000011000000001000000",3,1087.8015395214977,"b01001000001010100001000001000000001010010000010010000000000001111000011100000000",14,18,0,-1,0.7567667380118267,208.23948052414326,476.1558606982832,2.7805272739846574,3
2467,"b00000000000000000000001000000000101000000100010100000001000000000000000000000000",3,3438.74280573973,"b01001000001010100001000001000000001010010000010010000000000001111000011100000000",17,5,0,-1,0.7216201458712611,26.673347082861973,385.598388139508,5.248552277148031,3
2468,"b00000000110000010110010010000001111000000111100000000010100100000000000000000000",3,1498.8288838155395,"b01001000001010100001000001000000001010010000010010000000000001111000011100000000",10,9,0,0,0.8276962017868389,161.6673052814156,445.834036525854,-0.10646782582475278,3
2469,"b00000001100000011100011000100000001101001001010000011100100000100000000000000000",3,2825.4526795970824,"b01001000001010100001000001000000001010010000010010000000000001111000011100000000",11,11,-1,-1,0.8121489482850017,12.334315930876759,289.85977228684703,0.9099270942499287,3
2470,"b00011110000010001100001000000000001000000000001101000011110110011111011111111100",2,2313.479839031899,"b10111011111001011111000111010001100000111000010000110001000000110000010110011100",15,11,0,0,1.492266006614541,251.21160553253875,13.847984556982661,0.7171307723144289,185
2471,"b00000000000000000000000000010100000100000001110000010100000000011000000001100000",3,2023.6043064607659,"b01001000001010100001000001000000001010010000010010000000000001111000011100000000",16,9,1,0,0.766551072240749,157.41378740583147,0.22739826241070976,5.880243430437947,3
2472,"b00000000000001100000000000000000000110000010110000000001100000001000000000000000",3,1587.917372903844,"b01001000001010100001000001000000001010010000010010000000000001111000011100000000",15,6,0,-1,0.7534812750068011,194.7955286156083,208.8818816135629,1.9544938004634504,3
2473,"b11000000000100000000100000000011110000110111001100001011111100011101100000000010",3,912.3768694413133,"b01001000001010100001000001000000001010010000010010000000000001111000011100000000",15,24,0,0,0.9234518718180186,67.57041657217837,280.8905305015141,4.0280360080470725,3
2474,"b10000000001100000000110000000000001000000000110000000001100000000001000000000000",3,1423.8237445785066,"b01001000001010100001000001000000001010010000010010000000000001111000011100000000",15,7,0,-1,0.7807414088028353,347.6070988994924,268.7495409197803,1.2797456499523658,3
2475,"b00000000000000000000011000000001100000100000000000000000000000000000000000000000",0,2149.7725137899347,"b10001000101011100011100100001100010101110100001110000010011001000010110001011000",27,0,-1,0,0.8581379012310961,168.9514880793239,135.15385094898235,3.681392434111403,5
2476,"b00000000011010000010001001000000011001000011000000010000000000000000000000000000",3,1177.7566078570485,"b01001000001010100001000001000000001010010000010010000000000001111000011100000000",14,7,-1,0,0.818430929048276,139.3351067810317,472.07099926178984,2.89181671909121,3
2477,"b00000000000000000000000000000001000000110000000010000000001000000000000000000000",3,1518.5114144290972,"b01001000001010100001000001000000001010010000010010000000000001111000011100000000",17,3,0,1,0.8319166764120547,164.1599416064217,427.29772209026083,5.52822542053233,3
2478,"b00000000000110000000000000000000000000000000000000111000000111011100010000111000",1,2397.0923428462456,"b11001110101000111111000000100000101111000111010100001000111100110000111001100000",27,6,1,0,0.8757190532151116,232.0799044063493,200.0278724265207,1.9524290334912875,9
2479,"b00000001010111101100111000000000000000000001000011000000000000000001000000000100",3,1699.8359315573828,"b01001000001010100001000001000000001010010000010010000000000001111000011100000000",14,11,0,0,0.800308287398021,37.495867155779315,105.34584166236117,4.526380068379332,3
2480,"b00000000000000000000000000000000000011000000110110000101100000000000000000000000",3,2228.2996725111316,"b01001000001010100001000001000000001010010000010010000000000001111000011100000000",16,6,0,0,0.743298541295349,189.09309757172846,214.7999311262314,3.9898898962503617,3
2481,"b00000000000000000000000001000000000011000000000110000000011000000111010001011000",0,4450.895644756558,"b10001000101011100011100100001100010101110100001110000010011001000010110001011000",22,4,1,1,0.7672476821609786,17.502232802411456,3.9031885546743417,5.644893037518597,5
2482,"b00000000000101000000001100000000000001100000000111000000001000000100000000001000",0,1807.5058542806896,"b10001000101011100011100100001100010101110100001110000010011001000010110001011000",24,4,1,1,0.8562280335226367,330.7137323006032,467.37649548110926,5.790272197776465,5
2483,"b00000000000010000000010000000000000000000000000000000000010000000001100000000010",3,2023.3747839224984,"b01001000001010100001000001000000001010010000010010000000000001111000011100000000",17,4,1,0,0.769316006293996,249.07357769811938,4.8742534248176925,1.1869465243371522,3
2484,"b00001000000000000000000010000000101011000000001100000000000000000000001000000000",3,2263.932029014434,"b01001000001010100001000001000000001010010000010010000000000001111000011100000000",15,5,0,0,0.719003490013129,122.13901064365523,58.38410738376385,5.533638123970659,3
2486,"b01000000011000000000111100011011111111110001111101000111000100001110010001001111",1,2404.972835358693,"b11001110101000111111000000100000101111000111010100001000111100110000111001100000",13,15,0,0,1.4422769937248596,467.99933437199394,142.93173600727832,2.3771733113716267,9
2487,"b00010101100010001011111111100111111111011101111001111111111111110000011010000000",0,1436.1794932080845,"b10001000101011100011100100001100010101110100001110000010011001000010110001011000",13,30,0,0,1.3169477539863366,198.73347220407652,397.84615298209616,1.1744232138268107,5
2488,"b00000000000100000000000000000000001100000000011000000011000000000001000000100000",3,2086.8153940991215,"b01001000001010100001000001000000001010010000010010000000000001111000011100000000",15,5,0,-1,0.8703777560979077,253.814939953032,173.34796476397042,4.124486543572522,3
2489,"b00000101000000010001101110001101110000000110000000000000110000010011001110000011",0,1956.18754640188,"b10001000101011100011100100001100010101110100001110000010011001000010110001011000",21,14,0,0,1.4149320910330776,193.78461365752887,30.65018760861754,1.888496714963309,5
2490,"b01111000000000100000000000001000001000110000000010000000000100000000000000000000",3,1281.2936791012003,"b01001000001010100001000001000000001010010000010010000000000001111000011100000000",13,5,-1,1,0.7478716989806206,89.86938776307014,462.15924400191244,4.401181745967596,3
2491,"b00000000000100000000100000000001000000000001100000000010000000011100100000011110",3,2940.4223382888695,"b01001000001010100001000001000000001010010000010010000000000001111000011100000000",13,8,1,0,0.7945386722001173,494.011954841905,255.05517036496227,2.9879093471480065,3
2492,"b00000110000100110110011001010000000000000000000000000000000000000000010000000000",3,2785.3606991805664,"b01001000001010100001000001000000001010010000010010000000000001111000011100000000",16,9,-1,1,0.7470430066780991,117.07347709057377,255.5087026583603,0.8020711289374782,3
2493,"b00010001100000010111010100000000101000001010010001010101000001100010010110010100",3,1056.506788194602,"b01001000001010100001000001000000001010010000010010000000000001111000011100000000",10,17,0,0,0.9778529995370507,508.56214050360114,90.22945173660128,4.684031442592277,3
2494,"b00100000000100100000000110000010001100001000000000100000001101000000011000000000",3,1528.1854306463424,"b01001000001010100001000001000000001010010000010010000000000001111000011100000000",14,10,0,0,1.287945245443385,441.2088954636891,499.6128281378915,3.5413874982871762,3
2495,"b00000000001000000000011000000001001000000000100000000000000000000000000000000011",3,2934.912994387526,"b01001000001010100001000001000000001010010000010010000000000001111000011100000000",15,4,1,0,0.8445429519476921,296.3343154652474,185.06410747872872,4.756425298068767,3
2496,"b00000000000000100000000001000000000110000000001100000110000000000000000000000000",3,2947.1914219740524,"b01001000001010100001000001000000001010010000010010000000000001111000011100000000",16,5,0,-1,0.7265903848354435,67.54957719606774,398.46679811770514,5.8782893894302966,3
2497,"b00000000100000110000000011000000001000000001100000000100000000000000000000000000",3,2300.479788937597,"b01001000001010100001000001000000001010010000010010000000000001111000011100000000",15,5,0,1,0.7297506495234369,42.16109932987495,47.362238202360544,3.000423141138932,3
2498,"b01000000001100010010011011100000111110000001111000000111101100000000000000000000",3,874.6802847407738,"b01001000001010100001000001000000001010010000010010000000000001111000011100000000",12,18,0,0,1.0349587522422778,449.8482929343889,389.3926735413541,2.3637194779888064,3
2499,"b10000000011100000000011011000000001111000000111100000000001100001011110000000110",3,1839.7365400135789,"b01001000001010100001000001000000001010010000010010000000000001111000011100000000",12,18,0,0,0.987736062364262,107.14957265618688,479.92424714081614,4.574576453622617,3
2500,"b00001100000000100100000000000000010000000000000011000000001100000001110010000010",3,1567.6413211788163,"b01001000001010100001000001000000001010010000010010000000000001111000011100000000",15,10,0,1,0.7862067263491092,316.80152843076615,484.31763447539856,3.2513782939657077,3
2501,"b00000000000000000000000000100100000011000001110000011110000001110000000100000000",3,2426.6627514550487,"b01001000001010100001000001000000001010010000010010000000000001111000011100000000",13,9,1,0,0.8269665837631626,280.47180139045867,490.62968042775873,0.4148190753962556,3
2502,"b00000000000000000000000000000000011000000001100100000011000000000010000000000000",3,2958.9762845580362,"b01001000001010100001000001000000001010010000010010000000000001111000011100000000",16,5,1,0,0.7056366260185588,32.59830122142772,283.82281724212487,3.5630342704467983,3
2503,"b00000000000000000000000010000000010000100001011100000011000000100100001100010010",3,2452.8440847199026,"b01001000001010100001000001000000001010010000010010000000000001111000011100000000",13,9,1,0,0.7573786709772001,309.15178350018795,110.68908042598758,5.76023322000858,3
2504,"b00010000001101100011000010000000000100110010010001011110000011100000000100000000",3,2514.3912971198047,"b01001000001010100001000001000000001010010000010010000000000001111000011100000000",11,14,0,0,0.8317386870391233,256.55114148589547,399.65017262773296,4.379583771787633,3
2505,"b00000000100000001000000000000100011100000000110001000110000100000000000000000000",3,1972.106995730648,"b01001000001010100001000001000000001010010000010010000000000001111000011100000000",14,7,-1,1,0.7624702041576973,246.82276964363578,429.54015777325134,1.9307887834593724,3
2506,"b00100000000111000000010001000000011111000000010111000001111100000010000000000000",3,1258.41848919139,"b01001000001010100001000001000000001010010000010010000000000001111000011100000000",13,15,0,0,0.7819532032684644,179.2321380176459,454.82215484180364,4.451816459434273,3
2507,"b00000000000000000000000000000000000000000011110000000111000000000100000000000000",3,2590.2287658365444,"b01001000001010100001000001000000001010010000010010000000000001111000011100000000",15,4,1,-1,0.7085725962877821,48.55295010815223,429.31864672254414,5.327546706998488,3
2508,"b00000000000000000000000000000000000010000000011000000000000000000001100000000000",3,2621.2504894816575,"b01001000001010100001000001000000001010010000010010000000000001111000011100000000",17,3,0,0,0.7652774459051971,346.65860038166034,137.035243864612,2.9648543850830995,3
2509,"b00000000010110000000010000000011101000000111111100001101111100000100000000011100",3,2105.351994897983,"b01001000001010100001000001000000001010010000010010000000000001111000011100000000",12,19,0,0,0.9908641714881093,52.511022861933306,413.97476760734946,0.2588349344653261,3
2510,"b01011010001101101100001100010000000100000000010110000000000100000000010000000000",3,1164.8911547094215,"b01001000001010100001000001000000001010010000010010000000000001111000011100000000",12,12,-1,0,0.864760482434486,214.8292898515765,467.96002159718364,5.6778216227180645,3
2511,"b00000000001000000000000001010001000111000001110000000000000000000000000000000000",3,1743.0846654363586,"b01001000001010100001000001000000001010010000010010000000000001111000011100000000",15,6,0,-1,0.7331400651823475,24.527579960467886,316.2127770909039,3.470799409907907,3
2512,"b01010000100000000000010011100111101110111001000001110000000011101000001110000100",3,1686.4807619856797,"b01001000001010100001000001000000001010010000010010000000000001111000011100000000",9,19,0,0,1.3059593141481003,321.80729445946025,307.0786187855767,3.794917849936005,3
2513,"b00000000000110000000000000000000000000000000000000000000110000000011010000010001",0,1161.6979436217312,"b10001000101011100011100100001100010101110100001110000010011001000010110001011000",25,2,1,1,0.8799225907616012,390.6482299656183,366.51030122953415,3.4264198835712287,5
2514,"b00000000000000000000000000000001100000100011100100100011110011100111001000000000",0,3098.4088935475693,"b10001000101011100011100100001100010101110100001110000010011001000010110001011000",20,7,0,-1,0.9896121468454269,456.680625349335,108.69416606085979,3.265236574994391,5
2515,"b10000000000000000000000001100000001110000000010000000000000000000000000000000000",3,3904.218922678845,"b01001000001010100001000001000000001010010000010010000000000001111000011100000000",15,3,-1,-1,0.7086754566077894,448.8806519527985,104.33252891100973,0.22026760516275531,3
2516,"b00100000000100000000000110000000000001110000011110000101111100010001110010000000",0,1538.5073679231893,"b10001000101011100011100100001100010101110100001110000010011001000010110001011000",21,11,0,1,0.8166386076314006,238.59990362113973,355.8408257093745,3.287350466072334,5
2517,"b10000000001111000000111100000001100000000001001000011101110101111111000110001000",0,2562.511138408122,"b10001000101011100011100100001100010101110100001110000010011001000010110001011000",16,14,0,0,1.1081870111420071,4.104665016014703,68.54337721281262,4.233645527756535,5
2518,"b00000000000000000000000000000000000000000100111000000111100000111000000001100000",3,1464.355357435913,"b01001000001010100001000001000000001010010000010010000000000001111000011100000000",15,9,1,-1,0.7700226901215688,46.34178774988227,426.1861668040159,2.007605953378195,3
2519,"b00000110100000000001000001000110010100111001011100000111100000011000001111100000",3,1893.0142407810044,"b01001000001010100001000001000000001010010000010010000000000001111000011100000000",11,19,0,0,1.364622848253997,356.5101406607423,107.65421901986733,2.937630135149478,3
2520,"b00000000011000001110000000010000000100000000110000000110000000110000000000000000",3,2575.4225231692963,"b01001000001010100001000001000000001010010000010010000000000001111000011100000000",12,6,0,0,1.0104974363265928,24.420909484325733,233.894975037451,5.811850269369488,3
2521,"b00000000000000000000000000010000000001100000011100000010110001001011000100000000",0,1532.5356162367857,"b10001000101011100011100100001100010101110100001110000010011001000010110001011000",25,7,1,-1,0.8523248287659752,395.4056988450237,202.44428182717678,2.482867254928939,5
2522,"b00000000000000000100000001100000001100000000100000000100000000000000010000000001",3,1976.4571474327486,"b01001000001010100001000001000000001010010000010010000000000001111000011100000000",16,6,0,1,0.7885305607831782,288.66189289885546,87.26534253276286,2.4798962030653313,3
2523,"b00000000000000000111000000100000011110100011111000011100000000000000000000000000",3,1911.8962339252912,"b01001000001010100001000001000000001010010000010010000000000001111000011100000000",14,12,0,0,0.7733771720489182,468.568659266444,498.39938974181536,5.428885261525532,3
2524,"b00001000000001111000000011110000000011100000011011000100000000000000000000000000",3,1722.7218395043374,"b01001000001010100001000001000000001010010000010010000000000001111000011100000000",13,11,-1,1,0.7788419485107955,69.74366386340449,319.8247818724416,2.2316559222062313,3
2525,"b00000000000000000000000011000000000110000000000000000000000000000000000000000000",3,3190.195207515966,"b01001000001010100001000001000000001010010000010010000000000001111000011100000000",17,2,-1,1,0.7400312988000199,36.4332075341186,357.27205022724667,1.8970888170549571,3
2527,"b00001000000011000001001100000000111000000000100000000010000000100000010011000010",3,2538.6012137445337,"b01001000001010100001000001000000001010010000010010000000000001111000011100000000",13,10,0,1,1.274106108671036,202.4220491193167,467.7354814578325,1.3906608319776046,3
2528,"b00100000000000000100000100001100011001101000000110001110000010011001001011001100",2,2976.51165888521,"b10111011111001011111000111010001100000111000010000110001000000110000010110011100",18,6,0,0,1.2094914306061684,62.88485919055851,175.33006940249572,0.1272520278971461,185
2529,"b10001000001000010000000111000000011110000000011110000001111000000100000000000000",3,1859.918425330949,"b01001000001010100001000001000000001010010000010010000000000001111000011100000000",12,13,0,0,0.8047321909390046,363.8217321556914,290.5119847846415,0.882399016997838,3
2530,"b00110110000001111100000001100011111000001101100000111000000001000010010000000000",3,595.7142280840217,"b01001000001010100001000001000000001010010000010010000000000001111000011100000000",11,18,-1,0,1.0779283045447647,322.4615206590339,292.75326098541717,4.120823884580469,3
2531,"b01000000100000000011000001000111100000010100000110111101100011111011010010000101",3,1209.3283214816124,"b01001000001010100001000001000000001010010000010010000000000001111000011100000000",9,20,0,0,1.1770725216587383,20.425311241444984,86.72211604857324,0.809199382241573,3
2532,"b00000000010000000000000000000010001111000010100000011000000000011000000000110000",1,1016.1070635084152,"b11001110101000111111000000100000101111000111010100001000111100110000111001100000",28,6,0,0,0.8896329614960381,254.92051470112878,300.32448953191226,4.525061937680345,9
2533,"b01000000001100010000001100000000100000100001000100000110011000000000110000000001",3,1107.0832077761247,"b01001000001010100001000001000000001010010000010010000000000001111000011100000000",14,12,0,0,0.8502804392080915,458.1212169425349,412.78211900091975,1.8088920695063142,3
2534,"b00000000000000000000000000000001110000000101100000000010110010100111001100001000",3,1113.6861733226858,"b01001000001010100001000001000000001010010000010010000000000001111000011100000000",13,11,1,-1,0.7681320518798432,34.618180834587974,110.21338852624311,1.2062080458844897,3
2535,"b00001000100000010110000000111001000001100100000000000000000100000000010000000000",3,1407.6918349582897,"b01001000001010100001000001000000001010010000010010000000000001111000011100000000",13,8,-1,1,0.7721955830198288,92.52394161254497,197.13977877600308,3.4633320562051653,3
2536,"b00000000000001000000001000100000000000000000000000000000000000000000110000000011",3,2938.773387236623,"b01001000001010100001000001000000001010010000010010000000000001111000011100000000",17,5,1,1,0.8325757093314003,72.58758056458022,275.9790203633733,1.583168832258548,3
2537,"b00000000100001100101000010011000001010000011111001011110010101100000000000000000",3,1406.6706346464186,"b01001000001010100001000001000000001010010000010010000000000001111000011100000000",12,17,0,0,0.7714026331477056,250.42678198226997,501.2190000770597,0.698758144669218,3
2538,"b11000000101110000010001111000000010110110000000110100110000011110000001100000000",3,2082.59618753207,"b01001000001010100001000001000000001010010000010010000000000001111000011100000000",7,15,0,0,0.8868058768017626,466.5524808849105,313.46401447693205,0.5283369223141936,3
2539,"b00000000101000000110000000111000001011111100101100000001100011111110001111000000",2,1629.5770280808485,"b10111011111001011111000111010001100000111000010000110001000000110000010110011100",15,9,0,0,0.9699328563221972,17.204363086375785,500.3858947510415,2.799456708871644,185
2540,"b00000000000000001000000001000000000111000000111000000010000000011000000000000011",3,1439.6443195245956,"b01001000001010100001000001000000001010010000010010000000000001111000011100000000",14,8,1,1,0.7622645982023354,137.28397185266647,106.42099532390611,4.024824051928418,3
2541,"b00000000000000000000000100000000010000010011100000000010000000000000000000000000",3,3144.7630530125443,"b01001000001010100001000001000000001010010000010010000000000001111000011100000000",17,5,1,0,0.7941557605583486,247.70789574446206,229.95539403726534,2.8363586137794106,3
2542,"b00000000000000001000000000000000000100000000011000000000000000000000000000000000",3,3203.134393651067,"b01001000001010100001000001000000001010010000010010000000000001111000011100000000",17,2,0,-1,0.7332912210606242,366.4079629743912,123.86433050333981,3.0061353331375837,3
2543,"b01010000000101101110000010110100011000001000001011110010000001100000000110000000",3,2065.4879979614725,"b01001000001010100001000001000000001010010000010010000000000001111000011100000000",12,18,0,0,0.9101569595660431,41.52418588634608,494.44965094009353,1.320601883692344,3
2544,"b00000000000000000000000000000100100011010011111101110111010011110000000000000000",3,1823.386496639288,"b01001000001010100001000001000000001010010000010010000000000001111000011100000000",13,16,0,0,0.8525667325659131,74.89244742506132,493.03079813559225,0.013005602241442111,3
2545,"b00100000000000000011000000000100000000010010000001001110000000011000000001000000",3,1119.2841951445075,"b01001000001010100001000001000000001010010000010010000000000001111000011100000000",15,9,0,1,0.7924027503360584,290.13020170517166,180.32937942464832,5.188388199550905,3
2546,"b00000000000000000000101100000000010000000001110000000011110000000111110000000100",3,2367.5863251692062,"b01001000001010100001000001000000001010010000010010000000000001111000011100000000",13,11,1,0,0.7908858834971514,444.8159746455548,95.08903714725072,4.0401163240061395,3
2547,"b00000000000000000000000000000000000011000000101111000110011000111000000101100000",3,1647.9457278385541,"b01001000001010100001000001000000001010010000010010000000000001111000011100000000",13,11,1,1,0.9114953514327033,234.33288899391803,38.41782093971883,4.1537982153903314,3
2548,"b00000000000000000000000011000000001111000000011000000000000000000000000000000000",3,2295.6037548040676,"b01001000001010100001000001000000001010010000010010000000000001111000011100000000",15,4,0,1,0.7896833118239919,6.576636977873283,439.38262380373277,3.455252431555797,3
2549,"b00000000000100110000001001000000111011000001000000000000000000000000000000000000",3,1343.7317369056034,"b01001000001010100001000001000000001010010000010010000000000001111000011100000000",15,7,-1,1,0.7631165539447383,136.75270697287863,361.36006364333787,0.979394098431922,3
2550,"b11000000000011000000000111111100011111010111101100000010110011000000000100000000",3,1777.6538111833706,"b01001000001010100001000001000000001010010000010010000000000001111000011100000000",11,21,0,0,0.9812180522816953,233.92774096418904,487.7845285372613,4.551856473802983,3
2551,"b00000000000000000000000001100000001100000000110000000010100000111000000000100000",3,2811.286038694968,"b01001000001010100001000001000000001010010000010010000000000001111000011100000000",13,6,1,1,0.7709837755734392,26.753796684526996,308.6271591319672,2.738936648968191,3
2552,"b00000000000001000000000000011100000001110000000000010000010011000000000100000000",0,3077.79400656278,"b10001000101011100011100100001100010101110100001110000010011001000010110001011000",24,4,0,0,0.8222162203318667,334.2254361105037,135.22754076612878,4.685446128023503,5
2553,"b00000100000001101110000010100000111111000010011100000101010010110000110001000000",1,1175.602814204155,"b11001110101000111111000000100000101111000111010100001000111100110000111001100000",16,7,0,0,0.916850270265385,507.07652256220484,107.7360994639504,3.5863670923241027,9
2554,"b00000000000000111000000111000000011101000010000000001000000001010000010000000000",3,1755.1196038215253,"b01001000001010100001000001000000001010010000010010000000000001111000011100000000",13,9,0,1,0.769417167741081,59.169502510628746,204.8908855466443,3.768244236826358,3
2555,"b00000000010000000000000101000100010110000011011100000011001000110100100000000010",3,3162.964792004642,"b01001000001010100001000001000000001010010000010010000000000001111000011100000000",13,14,0,0,0.9992338680149279,316.10529912644176,485.19467298112136,0.0749018398563269,3
2556,"b00001000000111100011001100000001110000111101001100110000000101000011110000010010",0,1934.3150395068255,"b10001000101011100011100100001100010101110100001110000010011001000010110001011000",12,9,0,0,0.9309533278520964,193.1120714379066,489.2157566774881,0.9473107190792425,5
2557,"b00000100100000111000000111111000001101000001111000001110000000000000000000000000",3,1552.395629202388,"b01001000001010100001000001000000001010010000010010000000000001111000011100000000",12,14,-1,1,0.797018035585857,439.1642956048011,492.4389999368066,3.1078244134218966,3
2558,"b00000100000000001110000010010000001101000000110000010000010010000000000000000000",3,1786.2717591593973,"b01001000001010100001000001000000001010010000010010000000000001111000011100000000",13,8,0,0,0.788923579626101,12.439793734273833,72.98960496184979,1.3716131434710717,3
2559,"b00000000001111100000001000000000000000000000110000000010000000000000000000000000",3,2612.3971470795987,"b01001000001010100001000001000000001010010000010010000000000001111000011100000000",15,5,0,-1,0.8462080993257255,45.84013892946801,45.02224716569056,0.891730873919779,3
2560,"b00000000000000011001000111000011110000000011110000000000000000000000000000000000",3,2818.40091318826,"b01001000001010100001000001000000001010010000010010000000000001111000011100000000",14,9,0,0,0.7904517019664489,132.11001309523917,269.151494460626,1.8872075647342865,3
2561,"b00100000000000100000000011110000000111100000000011000000000000000000000000000000",3,2592.8153182817027,"b01001000001010100001000001000000001010010000010010000000000001111000011100000000",15,8,-1,1,0.7563160802844099,501.30196288616446,73.64971714739968,4.48010601231211,3
2562,"b00000000000001110000000000100000001100000000010000000000000000000000000000000000",3,2406.01802970838,"b01001000001010100001000001000000001010010000010010000000000001111000011100000000",16,4,0,-1,0.7484242325468794,320.2099935287878,112.75489889535652,0.9693850494437083,3
2564,"b00000000001011000000011100000000111000001101110000000111000100000111100000001111",3,2424.3251816747056,"b01001000001010100001000001000000001010010000010010000000000001111000011100000000",10,17,0,0,0.8620552089125927,385.5613024409079,334.8331461999596,5.053362139321641,3
2565,"b00001000100000000010000010000011001000000000100110111111100011110010010000001100",2,2003.4672276995268,"b10111011111001011111000111010001100000111000010000110001000000110000010110011100",18,7,0,0,0.9351975341314712,193.97025102734145,425.1123131219705,2.9311047027670862,185
2566,"b00000000000001110000000111100000001100100000110010000000000000000000100000000000",3,3072.413936385571,"b01001000001010100001000001000000001010010000010010000000000001111000011100000000",14,9,0,1,0.8612007459614742,440.40308071704624,395.8899253755033,0.4970813283425235,3
2567,"b00000000000000000000000000010000000000000000110000000111000000111000000110000000",3,2081.512819964012,"b01001000001010100001000001000000001010010000010010000000000001111000011100000000",14,6,1,-1,0.7516063547669443,420.38524637127864,54.19850735853214,3.531684226845468,3
2568,"b01100000001110000000111110000011111110000111000111011000111100001000110000110000",0,2065.4002588583676,"b10001000101011100011100100001100010101110100001110000010011001000010110001011000",18,20,0,0,0.9869237597860454,486.7215601407779,120.82550019702616,6.185655557105344,5
2569,"b01000000000100000000011000000000001100001011000001000000011100000000100000000001",3,703.4796342096784,"b01001000001010100001000001000000001010010000010010000000000001111000011100000000",17,13,0,0,1.1228917669993452,12.411708191495133,248.99778911088563,3.608070509135782,3
2570,"b00000011000000000000000000011000000000011010000100011111100010011010001001001000",2,3165.337157196295,"b10111011111001011111000111010001100000111000010000110001000000110000010110011100",20,5,0,0,1.0942925712778342,306.4219900109377,432.1177981124411,5.4220931586525385,185
2571,"b10000000001100110000010011100010111111101011001100111001000001100001010000000101",0,1261.22870463203,"b10001000101011100011100100001100010101110100001110000010011001000010110001011000",16,16,0,0,1.1368573667573854,279.28931551449097,134.26009852951017,6.194967853950085,5
2572,"b10011110000111100001011000110011111000001111100010011111000000111000000001001000",3,1061.6353377528117,"b01001000001010100001000001000000001010010000010010000000000001111000011100000000",10,26,0,0,1.0814748574750228,204.02165539783525,29.524861342149844,0.4352588006118529,3
2574,"b01100010000111001011000001000100000000000000000000000000000001000000000000000000",3,1826.9356205100607,"b01001000001010100001000001000000001010010000010010000000000001111000011100000000",14,7,-1,0,1.0980506421661607,353.34882035750536,329.66522027015156,2.327840108365992,3
2576,"b00001000000001010100001111000100110010000011000000001110000000110100000010010000",1,3017.808643608662,"b11001110101000111111000000100000101111000111010100001000111100110000111001100000",24,10,0,1,0.8931426011133282,371.2645181422065,246.8076598998806,0.39465179688310476,9
2577,"b00000000000100000000000000000000000000000000000000000000001100111111110000111000",3,2013.6310020452752,"b01001000001010100001000001000000001010010000010010000000000001111000011100000000",15,10,1,1,0.877946644744883,453.31953002929686,395.034949230957,1.5812741479581414,3
2578,"b01101100000011000000001000000100000010000000001000000000000001110000001101000010",3,1606.5484121081204,"b01001000001010100001000001000000001010010000010010000000000001111000011100000000",10,8,0,0,1.1774993111960692,420.7438040781239,428.0733387045664,0.6578318672553626,3
2579,"b00000000000011100000001011010000111111000000000000000000000000000000000000000000",3,1666.24596834285,"b01001000001010100001000001000000001010010000010010000000000001111000011100000000",14,8,-1,0,0.8352955557815448,410.6832916891464,355.1060707152188,2.3791307386787355,3
2580,"b01100000000011000000000110000000000111000000000100000000000000000000000000000000",3,3789.548775611602,"b01001000001010100001000001000000001010010000010010000000000001111000011100000000",16,7,-1,0,0.7617320028009822,491.5252655224441,14.286247732835161,-0.0904453507797437,3
2581,"b10000000000000000010011111000000001100010000100000000000000000011000100000000010",3,1516.099579065082,"b01001000001010100001000001000000001010010000010010000000000001111000011100000000",14,10,0,0,0.7819029653215077,262.85450114823124,497.5595527447506,0.982731854688664,3
2582,"b11011000101101101111111000001010011111101010001100110000000100000000000000000000",0,1923.354347577258,"b10001000101011100011100100001100010101110100001110000010011001000010110001011000",16,15,-1,0,1.2047374598981395,491.62895791783654,46.85990616819518,1.066081859606632,5
2583,"b00000001110000000100100010000000001100000100110000011010000000100000000000000000",3,2392.6520439693295,"b01001000001010100001000001000000001010010000010010000000000001111000011100000000",13,9,-1,0,0.9732543096940164,310.1627666837299,342.2775350498151,1.5961414999901558,3
2584,"b00000010000000111000000011110000000110000000011000000000000000000000000000000000",3,3013.706904370272,"b01001000001010100001000001000000001010010000010010000000000001111000011100000000",15,8,-1,1,0.74335080205085,106.14862553247501,346.7948112413141,2.023556247183145,3
2585,"b00000000000000000000000100000000011000000000111100000011110000111000000000100000",3,2956.2230361022193,"b01001000001010100001000001000000001010010000010010000000000001111000011100000000",14,10,1,1,0.753798869021926,292.3310614591252,226.72204094193378,5.087282671267195,3
2586,"b10110000111000001000000110000001100000010000000000010000000001100000000110000000",2,3655.5879647362763,"b10111011111001011111000111010001100000111000010000110001000000110000010110011100",20,1,0,0,1.1771569240619213,56.56558149530863,333.35783788791304,5.936903326770285,185
2588,"b01000000100000000000100000000001100000000010110000000001000000000011100000000111",3,2893.958444906614,"b01001000001010100001000001000000001010010000010010000000000001111000011100000000",14,10,0,0,0.9728135653246036,395.1582383269064,193.57360841737685,4.646869624722465,3
2589,"b00000000000001111000000001000000001101100001110000000000110000010100000000000000",3,2267.599628729956,"b01001000001010100001000001000000001010010000010010000000000001111000011100000000",13,10,0,0,0.8418050354829336,236.15016908189284,417.73379362199915,2.6395789753575474,3
2590,"b00000000100000011100000000000100111001100001110100000010000000000000000000000000",3,1276.5030813209414,"b01001000001010100001000001000000001010010000010010000000000001111000011100000000",11,7,-1,1,0.771274763210673,84.16224478277968,498.7989460592305,4.45260564372046,3
2591,"b00000000000000000001000000100000000110000000011100000111111001110001100100010000",3,2137.1118592581174,"b01001000001010100001000001000000001010010000010010000000000001111000011100000000",12,13,1,1,0.8595749308191742,39.42695042858385,174.04123792896266,4.237393339265556,3
2592,"b00000000000000000000000000000000011100000000110000000000000000001000000000000000",3,3072.4190848767335,"b01001000001010100001000001000000001010010000010010000000000001111000011100000000",16,3,0,0,0.6940058696534859,83.67963685905315,159.29557925830508,0.4954202736131088,3
2594,"b01100000000110010000000011010000100101100000010000000000000000000000000000000000",3,1263.3369283840632,"b01001000001010100001000001000000001010010000010010000000000001111000011100000000",15,9,-1,-1,0.7358325771028394,223.462878115145,502.69069479058476,0.5623084113374532,3
2595,"b11100000000011110100011011110000100011011100001001010000000001000000100011000100",3,461.8554146925778,"b01001000001010100001000001000000001010010000010010000000000001111000011100000000",12,21,0,0,1.2323337355796382,467.4771003853636,294.7639309960325,1.234564716386041,3
2596,"b11000000001000000000100000000000010000000000100110000000011000000001000000000000",0,1644.4830556875115,"b10001000101011100011100100001100010101110100001110000010011001000010110001011000",24,3,-1,0,0.9411302822195861,402.02488927228734,474.1859440234823,0.8522510875003695,5
2597,"b00000011100001000100000001000011111000000101000000100000000010000000000000000000",3,3049.8924481865965,"b01001000001010100001000001000000001010010000010010000000000001111000011100000000",13,9,0,-1,0.722088547384153,188.59435827626626,226.09169690753862,0.35541516357484226,3
2598,"b00000000001111100001000000000000000000000000000000000000000001000000000000000000",3,2525.9117753838536,"b01001000001010100001000001000000001010010000010010000000000001111000011100000000",14,2,-1,0,0.8037364446235393,477.1992357352411,319.44164264698,3.009469213148491,3
2599,"b00000100100000000111000000000000000000000111100001110110000000000100001000001001",3,1355.708964387553,"b01001000001010100001000001000000001010010000010010000000000001111000011100000000",13,12,0,0,1.2121920041987286,257.7255927156482,309.52571121337803,6.021329892423514,3
2600,"b00000100000000000000000000000001000000000000000000010100000010000000111000000001",0,863.9821019014266,"b10001000101011100011100100001100010101110100001110000010011001000010110001011000",27,4,0,0,0.8726734082368423,364.8499649175362,96.86798207275051,3.643908098068061,5
2601,"b01000000011000000001000000000000000110000010001111001001100100000000100000001100",3,1036.9509645338171,"b01001000001010100001000001000000001010010000010010000000000001111000011100000000",14,13,0,0,0.9708797763271065,321.4563702455501,307.4764242585172,0.922927560634764,3
2602,"b00000000001001100000000100000001010011110001000111100100100000000111100000000110",3,1640.034672989042,"b01001000001010100001000001000000001010010000010010000000000001111000011100000000",13,17,0,0,0.94481660906729,313.393899891686,326.9885833466732,4.049708095028712,3
2603,"b10000000000000001000000000000001101100010010010000000101100000000000000000000000",3,2412.5983571233646,"b01001000001010100001000001000000001010010000010010000000000001111000011100000000",15,8,0,0,0.783514274409012,8.874771047483211,245.78323325090278,5.060580231132346,3
2604,"b10000000001100000001000000010000000001100000010110000001110000000010000000100000",3,2013.0828179044443,"b01001000001010100001000001000000001010010000010010000000000001111000011100000000",15,11,0,0,0.9689741967178842,414.6991070114131,195.39475081378907,0.2185594816948412,3
2605,"b00000000000000010001000100000000011000000011000000001100000000110000000001000100",3,1066.446248653646,"b01001000001010100001000001000000001010010000010010000000000001111000011100000000",16,10,1,0,0.8095217717580342,344.6725687274708,310.09533106555295,2.9924508852386245,3
2606,"b00000000101001100000100100000001100000000000000001000010000000010000000000000011",3,1324.174231708581,"b01001000001010100001000001000000001010010000010010000000000001111000011100000000",16,10,0,0,1.2722230186786967,167.25018293818368,373.2878437087045,3.9350489645203535,3
2607,"b00000000000000000000000010000000011000000000100000000011100000000110000000000010",3,2075.851959155442,"b01001000001010100001000001000000001010010000010010000000000001111000011100000000",15,6,1,1,0.7581578336717905,484.12214976343614,331.14209327289524,1.7811976496379225,3
2608,"b00000000000000000000000001000000001110000000111000000010000000000000000000000000",3,2857.148749708631,"b01001000001010100001000001000000001010010000010010000000000001111000011100000000",15,4,0,-1,0.7365435244692633,26.371935401046485,439.94450992211364,2.8935767781948076,3
2609,"b00000000001000001001000110000000000000000000000000010000000000000000000000011000",3,1635.6891049625742,"b01001000001010100001000001000000001010010000010010000000000001111000011100000000",17,6,0,0,1.1117180312588832,185.60657498075858,407.55616587916387,2.713719531467718,3
2610,"b00011000000011100000011000000001110001010111000001010011000010001000011100000000",0,3025.1789582499023,"b10001000101011100011100100001100010101110100001110000010011001000010110001011000",18,10,0,0,1.0217412052978732,179.40341376044117,107.24307327820938,2.055368953803172,5
2611,"b00000000000000000000000000000000011011100101110000000001000001100000000000000000",3,5158.430624324788,"b01001000001010100001000001000000001010010000010010000000000001111000011100000000",14,7,0,0,0.7339123758358419,437.5966245414502,50.87551596326627,3.9270498850481688,3
2612,"b11000000000011000000001101100000000010000000000000000000010000000000000000000000",3,2867.868333623197,"b01001000001010100001000001000000001010010000010010000000000001111000011100000000",15,6,-1,-1,1.0636838864507911,249.18720238792974,311.72504561468463,4.748805267254507,3
2613,"b00010000101100000100000000001000001000010010001100011011000111010010011010001100",2,1697.8943885676294,"b10111011111001011111000111010001100000111000010000110001000000110000010110011100",16,5,0,0,0.9913396688045146,1.3897525469912808,384.6188746485217,3.458425192469959,185
