"Cluster ID","Binary String","ID","Match Score","Exact String","False Negatives","False Positives","Row Shifts","Column Shifts","Fit Quality","X Position","Y Position","Theta","Group Number"
0,"b10011000001001000010111100111000111110000001010001000110100011111001110010010000",1,5347.008329200375,"b10011000011001100110111110111100001111101011010111000101110011101101110010010000",14,4,0,0,0.8497868136775106,228.02590954619757,140.72966648916753,4.96026235965838,0
1,"b10000000011000000010110110110100001111101010010111000111010001110100100010010000",1,7354.426583784962,"b10011000011001100110111110111100001111101011010111000101110011101101110010010000",13,2,0,0,0.7309326516293563,150.99620844861644,247.36704429841328,0.529579394621295,1
2,"b10011000000111010110001001101001111110100011111111100101001000010000010010100000",4,8049.511363719723,"b00000101001001011000011010101110111011000101010110010100010011110111010000010001",8,8,0,0,0.7729753721454596,5.510496784283615,85.71428676917122,2.6534146584396847,0
3,"b00001000001110000111000010110011111111000111100000111101110001100000011000000000",1,6184.88132389429,"b10011000011001100110111110111100001111101011010111000101110011101101110010010000",14,3,0,0,0.8170134022308352,465.0458790776883,375.10198037928023,5.831521331613842,2
4,"b00010000000000101010000100011001000100110100011110011000000001110000000100000000",5,3788.5693289425662,"b00000001011111001100000011001001101001000111110010000000010111101100110100001000",20,10,0,0,0.7419501682665159,12.11413422237306,263.1122687503597,4.868627907271248,0
5,"b11011000001000000110111110111100001111101100010111000111010000111100100010010000",1,4813.853234079514,"b10011000011001100110111110111100001111101011010111000101110011101101110010010000",10,4,0,0,0.8450623875444883,237.39522231893338,502.6309026468851,2.879365160930943,3
6,"b00000111101100011000011111000111111111100111111110011110010011110110010000010011",4,6759.3279779254535,"b00000101001001011000011010101110111011000101010110010100010011110111010000010001",4,14,0,0,0.7891972617183779,376.2419510268438,25.152877540231867,5.786424994381921,1
7,"b00001001001010010110001010000001100001010111100000111001111001100000011000011001",1,7939.295969372524,"b10011000011001100110111110111100001111101011010111000101110011101101110010010000",13,0,0,0,0.722535601265937,129.64528448424286,281.7550650024113,5.3273301811743785,4
8,"b00001001001110010101001000000011111011000111110000111101111101100000011000010001",1,8059.206214195368,"b10011000011001100110111110111100001111101011010111000101110011101101110010010000",9,1,0,0,0.7306230253331927,215.67194153844673,341.7486136388535,2.004780628250007,5
9,"b00000000000000010111000000010001001001000010110000111000010100100000010000000001",1,2241.719649041253,"b10011000011001100110111110111100001111101011010111000101110011101101110010010000",26,1,0,0,0.7997568999653513,285.86042509842133,342.1973217332837,4.148715193121929,6
10,"b11100000101011011011011011000011100011010011100111001111111001101101100100000100",2,5318.6575186655855,"b00100000101101110110101010110011100110010011000011100011010010010110011000000110",7,13,0,0,0.8090434550194705,364.27663395288323,32.43350498829033,5.504473580419489,0
11,"b00000001001110111111000010110011101011010011110000111100011101100000010000000001",1,7645.417194625825,"b10011000011001100110111110111100001111101011010111000101110011101101110010010000",11,2,0,0,0.7062973643948429,187.04211451638508,243.6082368221189,0.8010792789682393,6
12,"b00001001000110110111001111100011111111010111100000111100101101100000011000000011",1,7602.880385334714,"b10011000011001100110111110111100001111101011010111000101110011101101110010010000",8,4,0,0,0.7683170206734925,72.2443393586985,64.91109191503509,4.475321785888869,7
13,"b11001100000111011111101111111011111110100111111111111111101000111000010010100000",4,5396.269185188532,"b00000101001001011000011010101110111011000101010110010100010011110111010000010001",4,19,0,0,0.8027156347454585,463.2465212110456,59.67263821896031,3.0443820922840166,1
14,"b00000101001000011000011010111110010011100101010110010100010011110011001000010001",4,11065.88455016628,"b00000101001001011000011010101110111011000101010110010100010011110111010000010001",5,3,0,0,0.7289643942779872,350.32950820454187,492.14045288599004,1.8418629629383823,1
15,"b00000001001100100100001100100011101000010011110000101100111101100000011000011000",1,7364.373996713655,"b10011000011001100110111110111100001111101011010111000101110011101101110010010000",14,0,0,0,0.6993527798577488,225.8827980839788,459.3113167507075,4.6391481740488345,8
16,"b11011000001000000101111110111100001111101001111101000110010011110101100010010000",1,6774.042821790827,"b10011000011001100110111110111100001111101011010111000101110011101101110010010000",10,6,0,0,0.8136435995398084,342.13905619538804,226.37710596089144,1.181254571941195,9
17,"b00001001000110010111001010100011100010010101110000011101101000000000000000000000",1,7521.202789439417,"b10011000011001100110111110111100001111101011010111000101110011101101110010010000",18,0,-1,0,0.6987747521809085,232.62430356017677,186.77518872854353,3.9943793394262164,10
18,"b11011000010000000010111010111000001111101000000111000111100011111101100000010000",1,7813.480017471056,"b10011000011001100110111110111100001111101011010111000101110011101101110010010000",12,3,0,0,0.7772743779465265,24.875849479114688,187.91125156814988,5.051265888834037,11
19,"b10000000000111000000000110000000010110000001010000010111000000111101110001110000",5,1187.5617627686345,"b00000001011111001100000011001001101001000111110010000000010111101100110100001000",21,14,0,0,0.8365362018800968,509.75314713374433,227.01420822955797,5.368225320822248,0
20,"b01100000001011000001001011000011100011000001000001001111010101111000110100000000",2,6604.751989861312,"b00100000101101110110101010110011100110010011000011100011010010010110011000000110",11,4,0,0,0.7559521597521583,346.3239178817154,274.9775716092004,4.525765008935554,0
21,"b00000000000101101111001001111001111111101111111110001011011000110000110010000000",5,3495.9417761573222,"b00000001011111001100000011001001101001000111110010000000010111101100110100001000",9,16,0,0,0.7561039978398233,343.91394451224005,103.30708298151688,3.9350698343842456,0
22,"b10011000000000000110010010100100001111101011010101000101010011100001110010000000",1,6760.619308002762,"b10011000011001100110111110111100001111101011010111000101110011101101110010010000",14,0,0,0,0.7234606643324104,264.0908478874444,193.31763536209786,1.2462053299425353,12
23,"b10001000000011000111001000001001101000100011010101111101011000011000010010100000",4,8913.501957258475,"b00000101001001011000011010101110111011000101010110010100010011110111010000010001",7,1,0,0,0.7221659529953122,246.36618483678188,201.77111515399864,4.749681499355569,2
24,"b00001000000000000110111010010100001111000010000110000001010011101001110000010000",1,6578.505061759977,"b10011000011001100110111110111100001111101011010111000101110011101101110010010000",18,0,0,0,0.7552543145867318,107.00752506442187,219.31139478171744,4.2890599927918345,13
25,"b10011000001000000110101100011110001111000011000100000100000011000001100010010000",1,4492.895021458531,"b10011000011001100110111110111100001111101011010111000101110011101101110010010000",18,1,0,0,0.8018507681641549,433.71832392856646,385.79117387390374,3.1281510254736844,14
26,"b00001001000110010110001100000011101011001111110000101101111101100000111000000000",1,7281.602070298331,"b10011000011001100110111110111100001111101011010111000101110011101101110010010000",12,2,0,0,0.739031475411216,251.8504400204107,197.08255462457598,5.972330736379105,15
27,"b00110000100001011011011100010001111011001111110000001001100000000010010000011000",1,2246.3160626421377,"b10011000011001100110111110111100001111101011010111000101110011101101110010010000",22,9,0,0,0.7849523894791337,192.8447502196631,428.0220042664461,1.4805039666514404,16
28,"b00100100000111011111001101000000111100000011111100111100000100010000000001010000",1,4735.4450045872,"b10011000011001100110111110111100001111101011010111000101110011101101110010010000",24,11,0,0,0.7898488483919073,508.0812739033686,32.45164199379401,3.180078397407712,16
29,"b00000001001000011000011010001011111111000101011110010100010011110011000000010000",4,5405.650890229573,"b00000101001001011000011010101110111011000101010110010100010011110111010000010001",7,3,0,-1,0.7397107465669763,13.597286709844282,124.87935701764421,1.0111789653133822,3
30,"b00001001100110010110001010100011101110010111110000011111100101100010011000011001",1,7656.7185312616475,"b10011000011001100110111110111100001111101011010111000101110011101101110010010000",9,3,0,0,0.6985556747118681,194.75952675328176,351.09244533627583,5.320062890560912,16
31,"b00000000000000000000000000000000001101100000111000000000000000000000000000000000",5,13951.046618872271,"b00000001011111001100000011001001101001000111110010000000010111101100110100001000",27,2,0,1,0.7000616214011788,343.1427084211485,486.3118276649872,4.9430421742479,0
32,"b00000000100000011110001001100101111100000111110110011101001101100000001000000000",1,6302.144473797882,"b10011000011001100110111110111100001111101011010111000101110011101101110010010000",22,8,0,0,0.7549155241518003,482.01731070987745,283.935461795171,0.7105502374239059,17
33,"b00010000011000000110011110110100000111101011010000000101010001101101110010010000",1,7930.160267574789,"b10011000011001100110111110111100001111101011010111000101110011101101110010010000",12,0,0,0,0.7285297248289617,173.0011541707968,178.9737354612934,1.9424979381544887,17
34,"b01000100010000001100000001100010000110100110010000110000000010000001000010000110",3,3897.7842532955365,"b01000100111001101100110101101010000110111110111000110000000111001111010011011110",21,0,0,0,0.7842811574086145,205.73502826865305,303.07187960092074,4.33157338060918,0
35,"b00000000000000000000011000000011110011000111110000000111111000001000110000000000",5,1969.338442689204,"b00000001011111001100000011001001101001000111110010000000010111101100110100001000",20,10,0,0,0.8092291079431141,507.90265332723,461.2336803187601,2.9088318828821,0
36,"b10010000001100000100011110111100001111101011000011000101010001110001100010010000",1,7436.162262871092,"b10011000011001100110111110111100001111101011010111000101110011101101110010010000",13,2,0,0,0.7622077102505534,60.149694602219505,179.84880674118295,3.051636261024946,18
37,"b01000000001101100000000000111000111010100000011110010100110100010000000000000000",4,5626.466345381336,"b00000101001001011000011010101110111011000101010110010100010011110111010000010001",21,8,0,0,0.7451499884526915,110.44176954283698,480.70998455615086,0.4511775121501418,4
38,"b10001000010001100110110110111100001011101001010011000111010000011001110010010000",1,7101.176532799045,"b10011000011001100110111110111100001111101011010111000101110011101101110010010000",11,2,0,0,0.7360114896684389,59.82278855935838,118.16898734861157,3.641270858902513,19
39,"b00001001000110110001010011100001100011010111110000111100011001100000011000011001",1,7939.25706843476,"b10011000011001100110111110111100001111101011010111000101110011101101110010010000",12,2,0,0,0.737402548263554,223.75103362661036,395.0832364087995,5.818640646599868,20
40,"b00001001001110010111001010100011101010000111110000111101011001100000011000001001",1,8636.12102316372,"b10011000011001100110111110111100001111101011010111000101110011101101110010010000",9,0,0,0,0.6879901758147724,259.21567952906105,449.6056895262262,2.146178457043579,21
41,"b00000000001100010111001110100001100001010111010000011101111110100000001000011001",1,7081.233371534508,"b10011000011001100110111110111100001111101011010111000101110011101101110010010000",13,1,0,0,0.7401613648831858,381.5136809132751,307.2602059767458,2.9823386376736485,22
42,"b00001001000110110110001000000001100111010011010000111101111100100000011000000001",1,7594.741627049601,"b10011000011001100110111110111100001111101011010111000101110011101101110010010000",14,1,0,0,0.7519110579661652,507.71492617895086,307.3729771165896,4.692471920481909,23
43,"b00011000011000000110111111111000101111101011111111001111111011011100100010010000",1,6596.557747226897,"b10011000011001100110111110111100001111101011010111000101110011101101110010010000",7,8,0,0,0.8402918943868881,432.91240447472984,179.1988889398867,4.2295410675856875,24
44,"b01100000011001000001001011000001000001000001100100000101010101101000010000000000",2,8132.364648644926,"b00100000101101110110101010110011100110010011000011100011010010010110011000000110",14,0,0,0,0.7363312146982078,159.31136811561154,296.4784302195846,6.188530933138843,1
45,"b00010000000100000000010000101101110001100001001000100010001110010001001001001000",5,1608.209501329694,"b00000001011111001100000011001001101001000111110010000000010111101100110100001000",23,14,0,0,0.7848022269422529,147.2864014526699,187.50367038890468,3.3000825997808065,0
46,"b10010000011001000110011110110100101111101011010111000001010011101101010000010000",1,6544.036775099405,"b10011000011001100110111110111100001111101011010111000101110011101101110010010000",8,1,0,0,0.807581670976454,116.77493223143279,464.13157725139985,5.340259570040423,25
47,"b01001000001000000001111010111000001111011111011110000111011001101101000010000110",1,3785.3114942437355,"b10011000011001100110111110111100001111101011010111000101110011101101110010010000",16,9,0,0,0.8306016203701165,486.06495273456704,268.134720909195,5.559504757115187,26
48,"b00000001000110010101001010000011001010000011110000111100111101000000011000001011",1,8069.547219034523,"b10011000011001100110111110111100001111101011010111000101110011101101110010010000",15,1,0,0,0.7099727193772556,128.07873139059842,412.98403532289126,5.48287499484173,26
49,"b10001000001011001001001000101001101000000011011101110101011000011000000010100000",4,9767.275015494433,"b00000101001001011000011010101110111011000101010110010100010011110111010000010001",7,0,0,0,0.7346549875509573,478.80388719105923,338.6586159702701,1.5469392385699745,4
50,"b00011000011000000110001110111100001100001000010110000101010011100000110010010000",1,6627.203189984026,"b10011000011001100110111110111100001111101011010111000101110011101101110010010000",15,0,0,0,0.8016184018659747,329.82690582275393,213.68905603435184,5.549203988521539,27
51,"b11011000010000000010011100011100001111101011000101000101010011100100110010010000",1,7410.570903938609,"b10011000011001100110111110111100001111101011010111000101110011101101110010010000",12,1,0,0,0.7214868000627989,179.76554264759693,231.53579462116846,1.182035608666904,28
52,"b00000001000110000111000010100011101110010111100000011101110100100000010000100000",1,7009.542581239515,"b10011000011001100110111110111100001111101011010111000101110011101101110010010000",17,2,0,0,0.6995176845839602,171.29329656985686,274.9814814372137,4.875711069685503,29
53,"b10011001101000000110010111111000001011101011110111001111101010111100100010010000",1,4723.780137973447,"b10011000011001100110111110111100001111101011010111000101110011101101110010010000",11,8,0,0,0.8787960252763132,214.24277811603443,43.500001038418844,4.471860117729621,30
54,"b00000000000010000000000000000000000010000000010100000001100000000111000000001000",5,806.1373306490023,"b00000001011111001100000011001001101001000111110010000000010111101100110100001000",26,4,1,0,0.7636159309441195,361.1500271317689,295.20150722864605,5.350582018113787,0
55,"b00001000001010010110000110110011101001011111110010111101101101100000011000001001",1,7594.490507857601,"b10011000011001100110111110111100001111101011010111000101110011101101110010010000",10,3,0,0,0.836465784104862,354.7845587554289,282.5617819309728,1.3304992315675308,31
56,"b00010000001000000110111110111100001011101011011111100100110010111101110010000000",1,7617.928833253339,"b10011000011001100110111110111100001111101011010111000101110011101101110010010000",9,3,0,0,0.7255057029500213,379.4676491351326,431.31060079341967,2.08162460792585,32
57,"b00011000011000100110111110100100000111101011111111001111010011111101110010000000",1,7811.579327070384,"b10011000011001100110111110111100001111101011010111000101110011101101110010010000",7,5,0,0,0.7550344438967872,452.90875977095556,176.5363908831129,2.7769778446684446,33
58,"b00001001000010000111001010100010101011110111110000111101111001100000011000001001",1,7949.107574865706,"b10011000011001100110111110111100001111101011010111000101110011101101110010010000",10,1,0,0,0.7282885237750453,117.20325318067978,293.29924807917985,5.7691344290247155,34
59,"b01111000010011001001001011000010000111000001100111001101010001101000110100000100",2,7567.180844227465,"b00100000101101110110101010110011100110010011000011100011010010010110011000000110",8,4,0,0,0.8032789750996193,224.44575875179558,145.63318889622897,4.1564363622689795,2
60,"b00001001000110010111000010100000001110010111110000011001111101000000010000000001",1,7055.223079021111,"b10011000011001100110111110111100001111101011010111000101110011101101110010010000",16,1,0,0,0.6943330360122989,47.57793592164786,492.6284168292592,1.709078284592222,35
61,"b00000101001000000000011011110110111011100001000110011100000011111000010000000000",4,7523.906783823833,"b00000101001001011000011010101110111011000101010110010100010011110111010000010001",12,5,0,0,0.825461774235098,414.3283659342173,309.2903450012207,6.202465802596619,5
62,"b10000000001011010110001010111001111110110011011101110110000100011000010010100000",4,3974.0407196128253,"b00000101001001011000011010101110111011000101010110010100010011110111010000010001",8,8,0,0,0.8470244509595296,387.9351816241398,470.5517924806561,1.9668631171483881,6
63,"b00010000000111100110001111100101100111000111111000111111111100100000000000001001",1,7745.362790471112,"b10011000011001100110111110111100001111101011010111000101110011101101110010010000",14,7,0,0,0.7438217277199225,373.57207766060674,219.76356536207618,3.1292039402227525,36
64,"b00000000000110100110001110100001101011010111110000001100111101100000001000010000",1,9658.13381165842,"b10011000011001100110111110111100001111101011010111000101110011101101110010010000",14,0,0,0,0.7269481555228009,354.0334495792484,339.74201707972645,5.378385877991644,36
65,"b00001000001001101001001000001001101000100001010111011101011000010010010010100000",4,4657.61625451307,"b00000101001001011000011010101110111011000101010110010100010011110111010000010001",10,2,0,0,0.7408984473211375,263.82381261362644,243.56799315186035,2.727828461075908,7
66,"b10000000001100000100010001010010001001000101101010101010011001101011010000001000",0,6971.15470802932,"b00011000001011010110011010010101010110110110100101101010111010101101110100010001",15,2,0,0,0.7333211553525418,192.5628679507548,298.18804460402777,3.3100757244939523,0
67,"b10001000011000000100111110110000001111101010011111000101100000111010100010010000",1,6609.0522886624785,"b10011000011001100110111110111100001111101011010111000101110011101101110010010000",13,3,0,0,0.7743091828839685,13.72960430234422,218.73713251505552,5.24938764794465,37
68,"b00010000000110000001111111011111100111000001000000000111001110011111001001001001",5,2296.756328919122,"b00000001011111001100000011001001101001000111110010000000010111101100110100001000",17,20,0,0,0.7817772777424998,358.09097113019874,466.159559058853,2.034373776318491,0
69,"b10010000011000000110011110111101101111101111010111000111000111101001010010010000",1,5107.804043430267,"b10011000011001100110111110111100001111101011010111000101110011101101110010010000",8,5,0,0,0.7950259522029606,160.32631372342445,91.86110315574528,5.818472706201382,38
70,"b00011000001000000010110110111100001111011010010111000100110001101001110010010000",1,8410.363894469601,"b10011000011001100110111110111100001111101011010111000101110011101101110010010000",11,1,0,0,0.7366816098753284,477.43376196270975,429.2022272908291,5.870529076051698,39
71,"b00000101001000011000010010111110111011100101111110010100010011111011010000010000",4,9297.022568810535,"b00000101001001011000011010101110111011000101010110010100010011110111010000010001",4,5,0,0,0.7649303956708992,182.99778195928502,87.46770228477463,3.6026811448185674,8
72,"b00000001001110111011001111100101111100000111100000011101111000000000010000001001",1,3878.9286980211727,"b10011000011001100110111110111100001111101011010111000101110011101101110010010000",15,5,0,0,0.777405817294347,325.86174064887274,78.46715669345087,1.0730441395952768,40
73,"b10001000000111101111001000101001111010100011111001011111011000011000000010100000",4,9642.210450999944,"b00000101001001011000011010101110111011000101010110010100010011110111010000010001",5,5,0,0,0.7634249449017416,416.1293078673292,265.8794601913791,1.6547300525392488,9
74,"b10000000000101100000000000000111100111110100111111010101000001110100000000000000",2,4344.1558811138075,"b00100000101101110110101010110011100110010011000011100011010010010110011000000110",20,11,0,0,0.882868081488796,159.17595605298243,384.53233166526445,5.729661009422298,3
75,"b00001000000100000111001000110010111111000111110000111100111101110000011000001001",1,5551.001389803732,"b10011000011001100110111110111100001111101011010111000101110011101101110010010000",13,4,0,0,0.877038482488656,508.04243674570426,207.44230000402197,1.671193584085455,40
76,"b00011000011000100110110111011000001111101011111111001111111011111101110010010000",1,6833.418173121093,"b10011000011001100110111110111100001111101011010111000101110011101101110010010000",5,7,0,0,0.8152126921717388,508.6602425893497,235.33203371141045,3.699304977486418,41
77,"b01001100000101101110001000111000101110100011111111110111110000011000010010000000",4,7573.044653404269,"b00000101001001011000011010101110111011000101010110010100010011110111010000010001",8,9,0,0,0.7654860139435365,363.28099339807625,57.15109114014154,2.088890684777831,10
78,"b10000000011000000110111110111000000111101011010101001111010011101101110110010000",1,6886.360662357438,"b10011000011001100110111110111100001111101011010111000101110011101101110010010000",8,3,0,0,0.8377357735100233,449.79592305353157,238.17355693374452,4.7435307902544235,42
79,"b00000000001110010110011010100011100100010010000011000001010010010110011000000100",2,6712.624835074169,"b00100000101101110110101010110011100110010011000011100011010010010110011000000110",11,2,0,0,0.7855862178576817,212.75490108242968,127.96278581211627,4.496280969400587,3
80,"b00000010000000010000110011101101111011001011100110011000010000100000010111111000",4,2488.807305609911,"b00000101001001011000011010101110111011000101010110010100010011110111010000010001",17,13,0,0,0.8123953320503404,280.4593017468743,460.4794924917187,5.938261197160379,11
81,"b00001000001100010011001000000001101010000111110000110001111101100100010000011000",1,6424.14014171845,"b10011000011001100110111110111100001111101011010111000101110011101101110010010000",15,0,0,0,0.7320132392659888,138.6950568648604,480.8613346507477,5.700987414741229,43
82,"b00011000001010010100011110110101110111110110101101110010011010000100110100010001",0,7417.270314541232,"b00011000001011010110011010010101010110110110100101101010111010101101110100010001",7,6,0,0,0.74118284134795,412.1641233677991,472.34772241744247,0.5531162521965847,1
83,"b10001000011000110110110111111100001111100011111100001111110011100001110010010000",1,7493.760570436833,"b10011000011001100110111110111100001111101011010111000101110011101101110010010000",8,6,0,0,0.7583745348799912,329.93896302382416,65.6478165690019,2.4355080199382315,44
84,"b00000001000000011000011110101100111001000111011110010100010010110110010000010001",4,9695.914901770655,"b00000101001001011000011010101110111011000101010110010100010011110111010000010001",7,3,0,0,0.7220554680926894,355.62220605126527,348.7814489477206,5.100202601658411,11
85,"b10010000011010000110101100111100001111100011110011000111010001110001110010010000",1,7098.251850936116,"b10011000011001100110111110111100001111101011010111000101110011101101110010010000",11,4,0,0,0.7389127174256975,234.27429668708535,222.48612834618714,5.84493053379852,45
86,"b00100000110000100001001001000101100011000001100011001100000101101000010000000100",2,2885.441357668426,"b00100000101101110110101010110011100110010011000011100011010010010110011000000110",14,2,0,1,0.7694831871626012,277.13534029634167,152.38250238136246,6.112315499898103,4
87,"b10000000000001001010000000101001110000000001011001110101011000010000000010000000",4,7038.741176949483,"b00000101001001011000011010101110111011000101010110010100010011110111010000010001",16,1,0,0,0.9238144938197932,201.06005433646914,480.20285378557173,4.498259854766008,12
88,"b00011010000011000000001110110000000010000000000111000000110000000000000111000110",0,1792.4992847053404,"b00011000001011010110011010010101010110110110100101101010111010101101110100010001",27,8,0,1,0.906895860489037,216.17808536951924,123.49216478924419,-0.02540360012305863,2
89,"b00000000100110010000010010110010111010011110000001001100011000000011000000000111",2,1540.5338426677572,"b00100000101101110110101010110011100110010011000011100011010010010110011000000110",20,11,0,0,0.8000740924062993,132.06987611551668,229.2228250991589,5.561901428238395,5
90,"b00000001000010110111001111101011101111010110010000101101101101100100010000010000",1,7220.336520163871,"b10011000011001100110111110111100001111101011010111000101110011101101110010010000",11,3,0,0,0.7461899727911504,226.8021387881078,288.811107521664,5.2447775778949435,46
91,"b11001000000011000000001000111101101010000011011110001001110100111101100110000011",4,3715.1898290232966,"b00000101001001011000011010101110111011000101010110010100010011110111010000010001",15,14,0,0,0.769709269627826,145.24082254981695,51.95815723524987,2.585540772560497,13
92,"b00000000000010000000000000000000001000000000110000000000000000000000000000000000",5,1856.4551619878043,"b00000001011111001100000011001001101001000111110010000000010111101100110100001000",28,0,0,0,0.7972713648096031,170.75019793684075,364.57395930784423,0.0474419961893342,0
93,"b01001000000111011101001111100110111111001111111000111111111101100000011000011000",1,6173.165145615881,"b10011000011001100110111110111100001111101011010111000101110011101101110010010000",9,10,0,0,0.8088274222259237,351.54010103716513,25.223813059557305,3.7548735178873165,47
94,"b00000000010000000110111000111100001111101011100100000111110011101001100010000000",1,6286.307476147028,"b10011000011001100110111110111100001111101011010111000101110011101101110010010000",14,2,0,0,0.7162645907845298,214.05080267126087,113.79882785659426,4.900141640714324,48
95,"b00001000010000000110111100111100001111100011010110000111010011001101110000000000",1,7407.302937520963,"b10011000011001100110111110111100001111101011010111000101110011101101110010010000",12,1,0,0,0.7658549176581764,149.82512315473383,114.32805954658545,5.359019368961977,49
96,"b00010010001000111100011111101001110110101111100000110001111001000000111000110010",1,2179.2014083572926,"b10011000011001100110111110111100001111101011010111000101110011101101110010010000",19,13,0,0,0.7967397725498031,78.63418136465349,71.01576492006373,0.7399812932643628,50
97,"b10011000011000000110101111111100101111101011111110000101110000101001100000010000",1,6441.434041915737,"b10011000011001100110111110111100001111101011010111000101110011101101110010010000",9,4,0,0,0.7948209530478862,417.59469772153886,133.1571364882847,4.76029168853467,50
98,"b00010011000000101100110100101100111111001001100100010101010110110000000000001100",1,2018.0833283933557,"b10011000011001100110111110111100001111101011010111000101110011101101110010010000",23,11,0,0,0.8757630554993246,40.73275581469147,500.3010716143739,2.302673928872755,51
99,"b00011000000000000001111110001000001111110010111100000111111011111111000110000100",1,3817.044099967402,"b10011000011001100110111110111100001111101011010111000101110011101101110010010000",17,10,0,0,0.8067940294681282,95.64088147750171,54.57149637681932,4.972525100477823,51
100,"b10010000001001000110111100111100001111101011010101000111010001101001110010010000",1,7266.496215951971,"b10011000011001100110111110111100001111101011010111000101110011101101110010010000",8,1,0,0,0.7920653697452291,464.3648888353179,367.71108771814875,3.8173534223865753,51
101,"b00010011101100011000011000101101111000000111111111111101100101100010001000011000",1,4327.582126491106,"b10011000011001100110111110111100001111101011010111000101110011101101110010010000",17,12,0,0,0.7984249513636623,251.87065892236058,362.3854160353473,1.6558469713119277,52
102,"b00000001000100111011000010100001100010010110110000111100010101100000000000001001",1,7805.758780563922,"b10011000011001100110111110111100001111101011010111000101110011101101110010010000",18,1,0,0,0.6688737481797582,249.3534076409591,433.5217583556837,5.28001413359625,52
103,"b00001000001000011110001000100111111100000111110000011101010001100100011000001000",1,6633.733398578783,"b10011000011001100110111110111100001111101011010111000101110011101101110010010000",17,4,0,0,0.7628087145646798,365.4922726702614,165.08083097284825,0.8871254225111997,53
104,"b10010000001000000110111110100100001111100001000111000111110011001101110010010000",1,7999.0407830783515,"b10011000011001100110111110111100001111101011010111000101110011101101110010010000",10,1,0,0,0.7562692253590767,389.7789657361766,249.29958781804768,4.083340157829734,53
105,"b00000101001000010000011011111100111001000101010010000100010011111101010000010001",4,7669.361758450843,"b00000101001001011000011010101110111011000101010110010100010011110111010000010001",7,3,0,0,0.7899874078990133,338.5170185701711,263.61214489987145,3.679815886553917,13
106,"b00000100000001110000001110111100110111111111011110111111110100111101100110000011",1,1408.660983657658,"b10011000011001100110111110111100001111101011010111000101110011101101110010010000",15,16,0,0,0.8832416446416629,479.8471312802729,158.8276174457734,5.199057444925144,54
107,"b00001001001111011111011111110011111111010111111100001111111100100000111000010000",1,5453.877721871372,"b10011000011001100110111110111100001111101011010111000101110011101101110010010000",8,11,0,0,0.8100594065853574,424.0066237954329,131.29182262912818,2.566142746106345,54
108,"b10011000011000100010111010111100100110101011010110000100000011001001110110000000",1,7036.019411838939,"b10011000011001100110111110111100001111101011010111000101110011101101110010010000",12,2,0,0,0.7297825549487065,167.338482013255,363.63140322402637,0.6170927117101761,55
109,"b00000000100110001100011111010100100101001000101110011100010000001101000000010000",0,2009.9767362520452,"b00011000001011010110011010010101010110110110100101101010111010101101110100010001",18,6,0,0,0.8858754107339546,42.18572480451022,152.5393638769126,0.5166755907953615,2
110,"b00000001000110010011011010000001001001000110010000101101100100100000001000010000",1,6837.767822035863,"b10011000011001100110111110111100001111101011010111000101110011101101110010010000",21,1,0,0,0.7041893815445468,232.65592896915723,504.2542658424739,1.980913693353609,56
111,"b00000001001000010110001010100000101001010111010000111101111000000000001000000000",1,8113.149186721883,"b10011000011001100110111110111100001111101011010111000101110011101101110010010000",19,0,0,0,0.6946474386106352,123.29703159681891,503.4147389123077,3.6339450084417058,56
112,"b00000000001100000000000100000011000000101010000010110000000010000000000000001000",5,1031.575557397468,"b00000001011111001100000011001001101001000111110010000000010111101100110100001000",25,6,0,-1,0.903660554485072,63.21746293809679,485.9005383572049,2.0426806564769997,0
113,"b00001001001110110101001000000011101011010101110000101100100001100000010000010000",1,7948.854104496275,"b10011000011001100110111110111100001111101011010111000101110011101101110010010000",15,0,0,0,0.7723622938229039,408.1275167024942,310.5602345111704,2.0451493136290066,57
114,"b00001100001100110101001010100011101001000011110100011001111101100100011000011001",1,6492.132300311215,"b10011000011001100110111110111100001111101011010111000101110011101101110010010000",10,2,0,0,0.7682849420732879,30.522162151646338,242.0572901871912,3.2371691215411893,58
115,"b00001001001110011011001011100011111011000111110000111001111100000000001000010000",1,6990.056436542378,"b10011000011001100110111110111100001111101011010111000101110011101101110010010000",12,3,0,0,0.7703534233025919,241.29812480550535,112.01995856931791,0.044106823050034105,59
116,"b10000001000110010010001010100001111100010111100000011111110000110000001000000000",1,4948.336012424589,"b10011000011001100110111110111100001111101011010111000101110011101101110010010000",20,5,0,0,0.8473406556226519,270.4413614845544,59.85742774983291,0.3942173676948848,60
117,"b00001001001110110111001010100011111010000111110000111101010101000000011000011011",1,8313.743038148055,"b10011000011001100110111110111100001111101011010111000101110011101101110010010000",8,2,0,0,0.7271511525550102,366.0516731908945,458.0320246613318,2.6439644212429716,60
118,"b00000101001100011000011000001110100010000101111100010100010001110011010000001000",4,7380.3839043008,"b00000101001001011000011010101110111011000101010110010100010011110111010000010001",11,4,0,0,0.7609237068354459,382.3997420816016,277.0308836623897,1.146305112416289,14
119,"b01000000000100100000001000111001100011001001011010010101000100011101100110000001",4,2675.877671179088,"b00000101001001011000011010101110111011000101010110010100010011110111010000010001",20,12,0,0,0.7995818329526158,247.9157303433179,488.8668695546041,0.5098297536899772,15
120,"b00000101001000011100001111100110111111000111111110001100000011110000010000010001",4,5724.2533672474565,"b00000101001001011000011010101110111011000101010110010100010011110111010000010001",8,8,0,0,0.8379293206052656,500.70435656241347,264.94705070828434,0.707056007919566,15
121,"b00001000000010010101001000110001001111000011010000011101100101000000000000000000",1,7045.668061407742,"b10011000011001100110111110111100001111101011010111000101110011101101110010010000",23,2,0,0,0.7351971162818023,227.66569291758884,176.00463938513695,1.3769849619151016,61
122,"b10001000010000000110011110111101101111101011110110100111010011111100110010010000",1,6852.674642650379,"b10011000011001100110111110111100001111101011010111000101110011101101110010010000",8,6,0,0,0.7571970551752074,21.09255869581716,212.1139382337703,6.203931906005566,61
123,"b00010000001000000000111010111100001111100011010101000101110010101101110010010000",1,8532.397553939327,"b10011000011001100110111110111100001111101011010111000101110011101101110010010000",11,0,0,0,0.7419332315986616,97.61867979045147,284.3093971962769,5.381896702349455,62
124,"b00001001100100110111001110100001101011010111110000111101111100100000001000000001",1,7137.613789270288,"b10011000011001100110111110111100001111101011010111000101110011101101110010010000",9,1,0,0,0.740518127484394,29.392111751752083,301.6106671041539,1.8284142885306176,63
125,"b00011000011000100110111110110100001111111011110011000100000011101001100010010000",1,7313.821581068256,"b10011000011001100110111110111100001111101011010111000101110011101101110010010000",9,2,0,0,0.7633465032878017,198.82551361780577,223.41076643657976,2.072915270463218,64
126,"b10001000001011101110001001111101101110100011111001111101111100000101100000100000",4,6955.304957322323,"b00000101001001011000011010101110111011000101010110010100010011110111010000010001",7,11,0,0,0.8142455832527082,234.3598561194455,36.0208517521936,0.1926511196003055,16
127,"b00001001001110010101000110000011001010010011100000110101110101000000001000000000",1,7503.947381943439,"b10011000011001100110111110111100001111101011010111000101110011101101110010010000",17,0,0,0,0.6981283244853274,56.9184363974371,331.8552087430852,1.6893991017788026,65
128,"b11010000011000000110011110111100001111100011011101000100010011101001100010010000",1,8004.550657951411,"b10011000011001100110111110111100001111101011010111000101110011101101110010010000",10,2,0,0,0.7309738413456908,300.67032791607824,301.7460322853457,6.198557657626653,66
129,"b10001000000011001011001000100001001110100011010101000101001000010000010010100000",4,7461.320205761171,"b00000101001001011000011010101110111011000101010110010100010011110111010000010001",11,1,0,0,0.7595776432503107,245.2939418898757,425.55185162199643,4.721338062317409,16
130,"b01100000001011000011000111001000000110100011001000011010101001010011100000000110",4,1790.6838177506754,"b00000101001001011000011010101110111011000101010110010100010011110111010000010001",21,14,0,0,0.7791131951015668,84.04132951090425,317.668658407932,2.9294751869403433,17
131,"b11011000011100000100011110111100000011101011010001000101110011101101110010010000",1,6540.987893215819,"b10011000011001100110111110111100001111101011010111000101110011101101110010010000",8,2,0,0,0.7921978629510739,113.8551463521597,506.2744182471386,4.83092599710672,67
132,"b00000000000000000001000000010000000011100000110000000001001101110110100000000000",5,4619.693906765215,"b00000001011111001100000011001001101001000111110010000000010111101100110100001000",22,6,1,1,0.6830029076461924,61.75947410337294,359.45804556929227,4.887611299737133,0
133,"b00000000000010000000000000000000000111000000111100000000000000000000000000000000",5,1811.7009132145133,"b00000001011111001100000011001001101001000111110010000000010111101100110100001000",27,3,0,0,0.7327588248388254,290.50635707285585,86.9366544114725,2.748131564497909,0
134,"b10001000000000000110010110111100001111101011010111000101010011000101100010010100",1,6318.359904952553,"b10011000011001100110111110111100001111101011010111000101110011101101110010010000",11,1,0,0,0.8003846503596518,247.30459229112145,483.0599331508043,0.42762047013673166,68
135,"b00001000001110111111011111110101111111010111110000111100101100100000000000011000",1,5653.217151309143,"b10011000011001100110111110111100001111101011010111000101110011101101110010010000",10,7,0,0,0.8373983620032672,354.68599861520045,32.59829969466413,0.39713191868363784,69
136,"b01100000011001100001001011000011000011000001101111001011111101101101100100000100",2,6734.243177884813,"b00100000101101110110101010110011100110010011000011100011010010010110011000000110",6,5,0,0,0.8195788482154454,484.0478472082126,474.7764195789689,5.240333358871375,5
137,"b00110100000011001001101101011001000101010111101101010001100000000011000000100000",5,1598.4143013293378,"b00000001011111001100000011001001101001000111110010000000010111101100110100001000",19,17,0,0,0.8004835740276328,134.7190829460475,473.00212146171253,2.2898005865237243,0
138,"b00000000001000000110111110101100001111000011110101000111110000111001100010000010",1,5768.240415990171,"b10011000011001100110111110111100001111101011010111000101110011101101110010010000",15,4,0,0,0.7439748156256812,222.8270111525186,59.11358976491405,0.3634482798262331,70
139,"b00001000001110010010001100100000101111000111110000011101111100000000010000000001",1,7243.580294039393,"b10011000011001100110111110111100001111101011010111000101110011101101110010010000",16,1,0,0,0.7068315963904103,400.0283766243695,486.9782898567963,5.174274847555772,71
140,"b00000000000010101100110110111000110110010110100101101000101000101001110000000000",0,5217.179074510983,"b00011000001011010110011010010101010110110110100101101010111010101101110100010001",17,7,0,0,0.7618217106349963,103.26618414103402,15.39306307612532,-0.046486249751591685,2
141,"b00001000000110011111011010101001100011001011100100011101100001000100110000000000",1,5552.512685813897,"b10011000011001100110111110111100001111101011010111000101110011101101110010010000",19,6,0,0,0.7920348029381459,409.9419126835924,242.4473015929858,4.6086593386574615,72
142,"b00000000001000010000001010100110111011000000000110010100010011110000011000011001",4,7954.292998471056,"b00000101001001011000011010101110111011000101010110010100010011110111010000010001",12,2,0,0,0.7765853756649925,25.272591051938548,360.55821937858957,5.9215073000639435,17
143,"b00000001001110110011001010100001111111010111100000011100111000100100011000010001",1,8090.853139371762,"b10011000011001100110111110111100001111101011010111000101110011101101110010010000",11,2,0,0,0.7304532327201532,366.95151276060494,252.85616111452242,5.606871272473459,72
144,"b01001000000100000000011110001100101101101001111100000101011001011001000010000010",4,3235.8657414695485,"b00000101001001011000011010101110111011000101010110010100010011110111010000010001",19,13,0,0,0.8540226921472952,314.18499481808226,378.94515059577384,4.092051267262249,18
145,"b00001000001100111101011110110101111111010111110000111101111000100010011000001001",1,6927.693990038502,"b10011000011001100110111110111100001111101011010111000101110011101101110010010000",8,6,0,0,0.7867516192861809,463.87757283410906,500.9848800895119,0.048087417869445405,73
146,"b01000010100110000110111111110001111111110101111100011100011000001011000000101000",1,2256.8291988740775,"b10011000011001100110111110111100001111101011010111000101110011101101110010010000",19,15,0,0,0.787206544772534,188.44545738552634,44.165581910271534,1.7471208004687018,74
147,"b00001000000011001011001000001001101010100001011101000000001000000000000000000000",4,7232.587863463535,"b00000101001001011000011010101110111011000101010110010100010011110111010000010001",17,0,-1,0,0.6695756646585499,13.09615589296675,364.8743584191061,1.6240232891727422,18
148,"b00000001000000010000010000110110111011000101010110010100000000100010010000010001",4,9974.239632832758,"b00000101001001011000011010101110111011000101010110010100010011110111010000010001",13,1,0,0,0.8020440977423224,22.994254666283016,417.94029578859846,3.30409440287558,19
149,"b10001000010000000100111110111000000110000011111101000111010011100001110000010000",1,5987.9122895084365,"b10011000011001100110111110111100001111101011010111000101110011101101110010010000",15,3,0,0,0.7361751766017376,379.24075475232354,155.9485196649299,2.9695141648554206,74
150,"b00001001001110110111000100000011101001010110110000111101001101100000011000010001",1,6894.701198865738,"b10011000011001100110111110111100001111101011010111000101110011101101110010010000",10,0,0,0,0.7390058278102646,24.406011022089803,376.4027789780825,4.124272222066298,75
151,"b00001101000000010000001000111000110011001101010110000100000011000010010000000001",4,6852.214101938256,"b00000101001001011000011010101110111011000101010110010100010011110111010000010001",15,3,0,0,0.7537541573589037,464.57340351141556,170.9750837310666,2.841313425703124,20
152,"b11000000101100000111110111111000001111100011111110010101001001100010000001000000",1,2685.7804660152924,"b10011000011001100110111110111100001111101011010111000101110011101101110010010000",19,11,0,0,0.8160164687418612,407.0129258473272,107.2580946470492,0.30533939196695903,76
153,"b10001000101110010101011000010110100101110101101110000011011001100001010000001000",0,7182.0565472349335,"b00011000001011010110011010010101010110110110100101101010111010101101110100010001",9,3,0,0,0.7336305938947987,278.0727505150682,292.6663767720989,0.1059694950554663,2
154,"b00011000001010010100010010000101111110110011110111101010111010111001110100000100",0,7433.073971263268,"b00011000001011010110011010010101010110110110100101101010111010101101110100010001",8,7,0,0,0.770618657752349,430.04885537435746,185.80193578300396,2.9776547297494718,3
155,"b00001001000100010110000011100001101001000100110000101101111001100001000000000001",1,6700.300809870978,"b10011000011001100110111110111100001111101011010111000101110011101101110010010000",19,2,0,0,0.7384380787873515,140.8110707317159,214.82461336597848,5.398910659192653,76
156,"b00001001000000010101001010110001101111010111111000111101111101100000001000000000",1,4511.7671776750085,"b10011000011001100110111110111100001111101011010111000101110011101101110010010000",13,3,0,0,0.8138787685676002,506.8722081713164,250.39805253672918,0.90845025743856,76
157,"b10111000000011001111001000100001101010100001101101110100011100010000010010100000",4,9361.991992997253,"b00000101001001011000011010101110111011000101010110010100010011110111010000010001",8,4,0,0,0.7316220366115427,393.9850529660042,408.5087461563311,1.5730531474986775,20
158,"b01001100100100000000010111111000100110101110011000011101111000000100000100000000",4,300.6680355122153,"b00000101001001011000011010101110111011000101010110010100010011110111010000010001",22,16,0,0,0.8772992896542011,436.17407438515073,265.36841614236545,0.5345587067011877,21
159,"b00001001001100100111000010000001101111010101000000111100111100000000010000011001",1,7277.256720926025,"b10011000011001100110111110111100001111101011010111000101110011101101110010010000",15,1,0,0,0.750131918865259,84.67881136464285,189.9921531780798,5.010796428297985,77
160,"b00000000001000000111000010100011101001000111110000111101111101100000011000001000",1,8202.114895822058,"b10011000011001100110111110111100001111101011010111000101110011101101110010010000",14,0,1,0,0.7429750027652927,93.73078284355853,263.143362558081,1.4768516570039356,78
161,"b00000010000000010100000111001100000011011000010000100000001001000000001100000000",1,809.8492491392824,"b10011000011001100110111110111100001111101011010111000101110011101101110010010000",32,6,0,0,0.9303434912778132,310.89520779018665,166.9982682331662,3.910668276596814,79
162,"b00000001000000011111000000010100101110100111101000000111100001100010000000100000",4,2344.1960404138385,"b00000101001001011000011010101110111011000101010110010100010011110111010000010001",21,11,0,1,0.7258294785719218,277.4367945510927,436.2529158661978,2.1900405111729095,21
163,"b00000000000000011110010011111100111011000001110100000000000000000000000000000000",4,8449.079066695373,"b00000101001001011000011010101110111011000101010110010100010011110111010000010001",21,5,-1,1,0.726269909631438,330.2058440819678,150.0894531092945,6.261132235541474,21
164,"b00001001001010100101001000100010101111010111110000111101111101100000011000010000",1,7271.724053426309,"b10011000011001100110111110111100001111101011010111000101110011101101110010010000",10,1,0,0,0.7292036586824349,231.40955501114763,463.68636781577294,5.582092034307415,79
165,"b00010000011000000100001100111100001101101011000110000001010011101101100000010000",1,5921.335440182087,"b10011000011001100110111110111100001111101011010111000101110011101101110010010000",15,0,0,0,0.7394913056034013,29.39800648100925,355.6984638361983,2.430512557693876,80
166,"b00000010001100001100011011111111111111110111111110011110011011111111000000011100",4,4111.35271813276,"b00000101001001011000011010101110111011000101010110010100010011110111010000010001",6,18,0,0,0.8161754513626874,507.48817838451157,98.54196404728253,3.9160015111507698,21
167,"b11000011000110000000111110101101111101010111111110111101110000100110110000110000",4,2306.445813154126,"b00000101001001011000011010101110111011000101010110010100010011110111010000010001",12,19,0,0,0.8164947953344843,495.8448803419742,265.51687760786575,1.1617482466645486,21
168,"b00000000011000000010011111111011101111101111011110000111110010110001110000010000",1,6016.6338726464055,"b10011000011001100110111110111100001111101011010111000101110011101101110010010000",13,8,0,0,0.7831937456153832,352.42879092629636,52.491799931703845,4.98061956813803,81
169,"b10010000011000000110111110101100000111101010000001000100010001101101110010010010",1,7511.160950043269,"b10011000011001100110111110111100001111101011010111000101110011101101110010010000",12,1,0,0,0.7464961299997378,192.4813970562004,219.96689041471387,1.4755509859400808,81
170,"b10001000011101000110111110011100001111100011010111000111010011100001110010000000",1,7517.006977681235,"b10011000011001100110111110111100001111101011010111000101110011101101110010010000",8,2,0,0,0.7069349302654269,83.55581808783495,376.5184381772436,4.011625482640909,82
171,"b00011000010000000110011110011100001111001011010010000001010011100001100010010100",1,6705.859210695206,"b10011000011001100110111110111100001111101011010111000101110011101101110010010000",14,1,0,0,0.8004898983191686,151.17510027312656,120.69266150853275,3.9642289427853328,83
172,"b00001001001110000110011110100011111111010111100000111101111001100000001000000000",1,6893.87338775852,"b10011000011001100110111110111100001111101011010111000101110011101101110010010000",11,3,0,0,0.7443346177905352,437.16148729337203,503.0688471622287,0.24295486763174723,84
173,"b01000000101000011011010011100001000011000001100000001100110101101000110000000100",2,4955.286584104984,"b00100000101101110110101010110011100110010011000011100011010010010110011000000110",15,6,0,0,0.8115733738288317,231.9678730482466,251.83193545717685,0.23290631864770583,6
174,"b00001000000100110111011011111011111110110111111000111101111001100000011000010000",1,4530.869429705157,"b10011000011001100110111110111100001111101011010111000101110011101101110010010000",10,8,0,0,0.7885362779307911,291.4568099924771,59.813209951900525,2.5968166495906697,85
175,"b10010000011000000110111100111100001111101000010011000101010011101001110010010000",1,8069.006055080932,"b10011000011001100110111110111100001111101011010111000101110011101101110010010000",9,0,0,0,0.7364249119228389,145.0660271828641,104.28529619213813,2.783825315123421,86
176,"b00010011100101100110110011001100101010000110010001011001100000110000000010001000",5,2898.8433789679,"b00000001011111001100000011001001101001000111110010000000010111101100110100001000",16,14,0,0,0.8318725785734692,37.27289232453684,393.5212505654928,5.919074833866647,0
177,"b00010000001000000010111000111100101111000010000100000001010010011100110000010000",1,7799.110961815146,"b10011000011001100110111110111100001111101011010111000101110011101101110010010000",20,2,0,0,0.718724751861953,46.917966240532365,166.170143518871,6.004207388826218,87
178,"b00000110001000011000111010110010111011000100000110010100000011111011010000010001",4,5792.593455234492,"b00000101001001011000011010101110111011000101010110010100010011110111010000010001",8,4,0,0,0.8461126554231476,240.91631048134346,271.3462081586419,2.601734896844383,21
179,"b00000000000000001000000000001000010001100000000000010100000000000010000000000000",4,1159.178420368137,"b00000101001001011000011010101110111011000101010110010100010011110111010000010001",30,2,-1,0,0.7686616325833442,117.37862786115227,325.40135764429124,3.2908506151758505,22
180,"b00000101001000001001011010101110011011000101110110010000010011110011010000000001",4,8663.396347554299,"b00000101001001011000011010101110111011000101010110010100010011110111010000010001",6,2,0,0,0.7836620111562778,419.9009477026349,394.0975736069879,6.235975472281,22
181,"b00000000000010000000000010000000001000000000100000000000000000000000000000000000",5,2630.225687897463,"b00000001011111001100000011001001101001000111110010000000010111101100110100001000",28,0,0,0,0.6785978886998856,52.841425292078874,379.5746576168525,3.834193288184469,0
182,"b10000000001100000110111111111100000101101011111111000111110001111101110000010000",1,5712.9050346456,"b10011000011001100110111110111100001111101011010111000101110011101101110010010000",9,6,0,0,0.7720545939320891,485.69566348201494,479.7412741857631,1.3630480406060888,87
183,"b00001001001110000101001010100011101001010111100000111000111101000000011000011001",1,8181.5201053570345,"b10011000011001100110111110111100001111101011010111000101110011101101110010010000",11,0,0,0,0.7348095113792181,341.8527482412957,300.06014657889153,5.596594086714154,88
184,"b00000100001000011000001010101110111011000100000100010100010001100001000000010001",4,8002.601075395673,"b00000101001001011000011010101110111011000101010110010100010011110111010000010001",11,0,0,0,0.7068712019371666,43.11120844213072,436.8004574076602,1.4351772096983229,23
185,"b10001100011000000110011110111000001111001011110110000101110001000000100010010000",1,8432.285901167026,"b10011000011001100110111110111100001111101011010111000101110011101101110010010000",13,2,0,0,0.7475430149896631,48.69013984582451,138.83552046958897,1.114764090993022,89
186,"b00000101001000011100000010011110101011000001010010010000010011110010000000011000",4,7798.511215403608,"b00000101001001011000011010101110111011000101010110010100010011110111010000010001",12,3,0,0,0.7515148608723548,254.83201955526934,218.96069770553163,5.644926689308581,24
187,"b10011001001000000110110110111000001111101011010011000011010010001001110010000000",1,6562.747139777946,"b10011000011001100110111110111100001111101011010111000101110011101101110010010000",12,2,0,0,0.7276523277532588,221.65920463152787,333.1585258236732,3.9317805179661427,90
188,"b00001001000110010011001000000010101010011111110000111001111100100000011000001000",1,6336.15569176853,"b10011000011001100110111110111100001111101011010111000101110011101101110010010000",14,1,0,0,0.752710933674575,59.32978938047647,438.58644672243065,1.3558934250672459,91
189,"b10000000000001000111001000101000000010000001001101100101011000010000000010100000",4,7085.729463539068,"b00000101001001011000011010101110111011000101010110010100010011110111010000010001",15,0,0,0,0.738007080420906,432.56228429055545,466.327608002696,2.7995065528545524,25
190,"b00000101001000011000011011111110111011000101100110000100010011110001010000010001",4,9938.247288595036,"b00000101001001011000011010101110111011000101010110010100010011110111010000010001",5,3,0,0,0.7441051392323608,407.91658308007976,504.20571039759926,4.818562666794742,26
191,"b10010000011000000110001110001000001111101010010101000111000001100101010010010000",1,7454.772989212465,"b10011000011001100110111110111100001111101011010111000101110011101101110010010000",15,1,0,0,0.7330509021637813,170.18922303440777,153.09660166564302,3.9485351292435507,92
192,"b00000101000100011000011010111101110011000111010100011100010001100000010000010001",4,5648.108268933097,"b00000101001001011000011010101110111011000101010110010100010011110111010000010001",10,5,0,1,1.0024178085051492,346.04332122608355,431.92173203000596,4.865941566364106,27
193,"b00001000000100000011001011111001110110010111101000111101101101100000011000000000",1,6477.308680223757,"b10011000011001100110111110111100001111101011010111000101110011101101110010010000",17,6,0,0,0.8112183797747052,455.49313072294547,42.39251681890852,0.11194076599219724,93
194,"b00000000000000000000000000000000000100000000110000000111100000000000000000000000",5,2784.6243514712623,"b00000001011111001100000011001001101001000111110010000000010111101100110100001000",28,3,1,-1,0.6979646853485267,364.82671984295513,142.53678988434547,5.668909438232709,0
195,"b00011000011000000010111110111000001111100000000111000101110011001001110000100000",1,5930.663189431192,"b10011000011001100110111110111100001111101011010111000101110011101101110010010000",13,1,0,0,1.1797158208336063,413.741924412529,398.72931859007537,3.0112768725287884,93
196,"b10001000000011001110001000101001101110100011011001110101011000010000010010000000",4,9518.476154815351,"b00000101001001011000011010101110111011000101010110010100010011110111010000010001",7,1,0,0,0.7215512564230092,205.73021298005915,203.19428993763933,2.1798684525745737,28
197,"b00000101001000011000010010101110100000000101010110010100010001010010010000010000",4,9221.9985475726,"b00000101001001011000011010101110111011000101010110010100010011110111010000010001",11,0,0,0,0.764273602165336,348.400029867956,323.56286403703024,3.2719622488697695,29
198,"b10011000011001000110111110111000111111101011111110001011011011011001110000010000",1,6110.268286175575,"b10011000011001100110111110111100001111101011010111000101110011101101110010010000",8,8,0,0,0.7940561332619354,344.53635042129565,91.43034762007954,3.5731207737121764,94
199,"b10011000001000000100111110101100110111100011010110000001010010101101110010000000",1,5827.486596530152,"b10011000011001100110111110111100001111101011010111000101110011101101110010010000",12,2,0,0,0.7809283801909493,117.41477710971755,459.1127180488854,0.45043094258376043,95
200,"b00001000001100011110001111100000111110001111110000111111111111100100011000011000",1,6985.930692587392,"b10011000011001100110111110111100001111101011010111000101110011101101110010010000",10,7,0,0,0.8084915999581542,425.4384995462558,102.93684311636704,2.3652445596840033,96
201,"b10100000000000010010110101000000100000000011111000000100110100000111100001000000",5,1005.3373853969975,"b00000001011111001100000011001001101001000111110010000000010111101100110100001000",24,15,0,0,0.8407352561993424,368.70033436524596,508.59414128542795,1.1922363801153035,0
202,"b01000011100111010110111111110001101111110111111010111110000001111100000100010001",0,1180.893048812559,"b00011000001011010110011010010101010110110110100101101010111010101101110100010001",15,21,0,0,0.8479109665854648,309.89190856879554,138.56329518791426,0.3164769702250587,4
203,"b00000000000110110110011111110011111111010111111000111101110101100010011000000001",1,7471.58050113461,"b10011000011001100110111110111100001111101011010111000101110011101101110010010000",8,6,0,0,0.7789934332667958,46.35545306922318,85.50243516947508,4.8319538558945325,97
204,"b00000000001100010110100000110011100110010001000001000011010010010010010000000100",2,7639.9883640393,"b00100000101101110110101010110011100110010011000011100011010010010110011000000110",12,0,0,0,0.7241603633785464,460.3384287747112,413.1449244018681,4.860536979184905,6
205,"b01101001000110111111001010100011001111010111110000111101101101100100000000000000",1,6672.705326686662,"b10011000011001100110111110111100001111101011010111000101110011101101110010010000",10,4,0,0,0.7723975756471688,372.8034316908956,323.88834614694855,6.27096195542976,98
206,"b10010000011101100010110110111100001101111011011111100111110011011001010010000000",1,6517.0632693690295,"b10011000011001100110111110111100001111101011010111000101110011101101110010010000",8,6,0,0,0.8040380985889648,336.11723769653287,71.84269746511083,3.7074480404047,99
207,"b00000000100000000000000000000000000000000010000000011000010000100000000000001000",5,1397.4804029505435,"b00000001011111001100000011001001101001000111110010000000010111101100110100001000",28,3,0,0,0.7627074465421506,201.43017112566426,292.4317758505456,4.116069827568237,0
208,"b00001001001110010001001110100001100011000010110000111101111001100000011000001000",1,7909.669703298773,"b10011000011001100110111110111100001111101011010111000101110011101101110010010000",13,0,0,0,0.6896379888584537,138.86027358948118,488.44427585184695,1.0931415844587415,100
209,"b00000000001100010000111110110011111101000000000011000001010010010000001001000010",2,1608.4125225508708,"b00100000101101110110101010110011100110010011000011100011010010010110011000000110",16,6,0,0,0.7854911767020135,491.6995418704656,233.84336455950387,4.560086863833812,7
210,"b00000001000001011100000001100100001001000100000011000000000100000000100000000010",5,446.7014887279255,"b00000001011111001100000011001001101001000111110010000000010111101100110100001000",21,5,0,1,0.7956439495120737,251.77853614503138,56.173168719915424,4.4190903418843845,0
211,"b00000100001000000000011010111110110011000101010110010100000011110011000000010001",4,9788.878578803327,"b00000101001001011000011010101110111011000101010110010100010011110111010000010001",8,1,0,0,0.7505311608818667,203.0615406591459,110.1520686296504,4.514516748358092,30
212,"b00000100001100011000011011100101111111000111110100000111110001110111110000010001",4,6161.9033181224095,"b00000101001001011000011010101110111011000101010110010100010011110111010000010001",7,10,0,0,0.7957013340530251,347.89353050609384,86.78987363873428,2.287649672889907,31
213,"b00001001000110100000001010000011101010010111110000110111111101000010011000011001",1,7371.245874593786,"b10011000011001100110111110111100001111101011010111000101110011101101110010010000",11,1,0,0,0.7541761794134133,471.4144003811662,401.4855244737198,4.37800760926978,101
214,"b00000000001110010111001010100011100011000011110000111111011101100000011000000001",1,5666.812828116283,"b10011000011001100110111110111100001111101011010111000101110011101101110010010000",12,1,0,0,0.6959696125866164,88.25717830994661,396.25504137375077,0.9555744070770809,102
215,"b00001000011001100100100000110111111011100000111111111001010001011110111010000000",4,2369.434009278907,"b00000101001001011000011010101110111011000101010110010100010011110111010000010001",12,14,0,0,0.7653954468568182,365.0475899532232,394.06947332475585,5.910189127856265,32
216,"b00010000011000000100001110111000001111101011000111000100010011101001100010010000",1,9440.311759490538,"b10011000011001100110111110111100001111101011010111000101110011101101110010010000",13,0,0,0,0.7799982972557011,208.53238290609343,254.2877654065444,0.9195258280858354,103
217,"b00000100001110010000000000000000000000000000000011000000001010000001100000000000",5,1810.0598285838905,"b00000001011111001100000011001001101001000111110010000000010111101100110100001000",26,5,0,0,0.8099208980479099,252.82454629130748,236.51854384148257,2.349543408388106,0
218,"b00011000011000000110100110111100001111101011011110101111110011001101110100010000",1,4045.1604260067293,"b10011000011001100110111110111100001111101011010111000101110011101101110010010000",8,5,0,0,0.7897634231812025,434.0247546849066,149.77308290531667,3.6452253919446287,104
219,"b10001000001000000010111100111100001111101011011111111111010011001101100010000000",1,7761.301410712772,"b10011000011001100110111110111100001111101011010111000101110011101101110010010000",10,5,0,0,0.7699375669121804,328.59716180488147,107.98677872766838,4.60819544736153,105
220,"b10000000010000000100010110111000011111101011110110000111110011111001010010010000",1,7728.763370671707,"b10011000011001100110111110111100001111101011010111000101110011101101110010010000",12,4,0,0,0.7515090820149612,490.7904247546063,173.16742767869832,3.084688907127179,106
221,"b00000000000000000000001100000000001101100000010110011010000001001000000000000000",5,1907.534271134006,"b00000001011111001100000011001001101001000111110010000000010111101100110100001000",22,4,0,0,0.7237237833925646,120.7161866050353,32.14123736276288,1.906062155113338,0
222,"b00000101001000011000011010111100111111000000010110010111000011111010010000010000",4,9036.86740187489,"b00000101001001011000011010101110111011000101010110010100010011110111010000010001",8,5,0,0,0.7581764783864591,243.90127237286188,55.36337421425676,2.578189282714646,32
223,"b10001000000011100000000001101001100101100111000100111010001000011011000101000000",4,2716.971259061611,"b00000101001001011000011010101110111011000101010110010100010011110111010000010001",17,9,0,0,0.7900868427570249,212.06867233824977,47.64144236281614,1.2513110582209332,33
224,"b00000001000110110110001011100011111111010111110000111000101001100100001000000010",1,4217.7492780893845,"b10011000011001100110111110111100001111101011010111000101110011101101110010010000",13,4,0,0,0.7584755034489307,412.3083466628201,176.60443015924562,4.35858016908854,107
225,"b00000101000000010000011010101100101000000100010110010100010010110111010000010001",4,9138.684147343072,"b00000101001001011000011010101110111011000101010110010100010011110111010000010001",9,0,0,0,0.7481985050626923,440.88205922705737,248.26207662877,1.0362226509034171,33
226,"b00001000001000000011111111111000011111111001001110000111011001111001100000110011",1,4359.28854707497,"b10011000011001100110111110111100001111101011010111000101110011101101110010010000",15,11,0,0,0.8450362394807703,219.7304814400433,78.02625435204814,4.832828654228704,108
227,"b01100000011000001001000010000001000011000000100101001100000100101000110100000100",2,6103.710672583163,"b00100000101101110110101010110011100110010011000011100011010010010110011000000110",14,0,0,0,0.7475760990374667,113.58366555251514,168.09340319354084,0.45148743701879357,7
228,"b00100000000100000110100010000011100010000011000001100010000010011010011000000110",2,6666.506695689665,"b00100000101101110110101010110011100110010011000011100011010010010110011000000110",14,1,0,0,0.878388454166034,276.7699836505699,84.7511768012971,4.157208868408871,8
229,"b00110001000111110101001110100001111011010111110000001101001001100000000000010000",1,5034.140257232777,"b10011000011001100110111110111100001111101011010111000101110011101101110010010000",15,4,0,0,0.7580633036711558,266.8849166352032,246.65812797787206,3.5376252236945027,108
230,"b00100000010101001001001010100001000011000000100111000101010101000000110000000100",2,7240.98044374528,"b00100000101101110110101010110011100110010011000011100011010010010110011000000110",14,2,0,1,0.8272367123939129,128.92482818672423,458.7331928765414,0.8629463326723616,9
231,"b00001000001110010111001101100001101111010101110000101101111000000000000000000000",1,5166.139139962626,"b10011000011001100110111110111100001111101011010111000101110011101101110010010000",16,2,-1,0,0.7251799912772987,19.33039209085689,403.76919333131764,1.237439047220727,109
232,"b00001001001111110100001110110011101001010101110000111101111101100110011000011001",1,8555.51327121021,"b10011000011001100110111110111100001111101011010111000101110011101101110010010000",4,2,0,0,0.7875864508380797,262.2881895968159,30.359722700836517,5.215070931689445,110
233,"b10010000011000000010110110111100001111101011011110000111110011111111110010010010",1,4957.377882106517,"b10011000011001100110111110111100001111101011010111000101110011101101110010010000",6,5,0,0,0.785560077771112,506.071103187332,227.1234598691376,0.46069639334718526,111
234,"b00000101001000001000011110110110111011000100010110010100110011110011010000010001",4,6987.647165590447,"b00000101001001011000011010101110111011000101010110010100010011110111010000010001",5,3,0,0,0.7589150492546873,329.44249860259936,23.825559426263215,1.738201487212213,34
235,"b00000000000010000000000100000011100000011011000000000010000000001100110000000000",5,1419.4112265829035,"b00000001011111001100000011001001101001000111110010000000010111101100110100001000",23,5,0,0,1.1371571706931087,462.49780427860117,493.45935032601824,3.0852512176426155,0
236,"b10001000011000001010111110111000001111101011011111000101010011101001100000010000",1,8498.48766335784,"b10011000011001100110111110111100001111101011010111000101110011101101110010010000",9,2,0,0,0.7577388096334203,82.45104453739539,126.28669598744624,2.979737323668606,112
237,"b10011000000000100110101110000000001111000011000101000100100011100011110000010000",1,4419.50486368037,"b10011000011001100110111110111100001111101011010111000101110011101101110010010000",17,1,0,0,0.9909162040156677,188.35511003315742,359.5986369917545,3.3721966634134395,113
238,"b10010000011000000110011010110100001111000010000111000101110010101001110010000000",1,5572.702685637637,"b10011000011001100110111110111100001111101011010111000101110011101101110010010000",13,0,0,0,0.7880724632417552,248.29056812800712,232.8992902553659,2.633054818490251,114
239,"b00000000011000100110011110111000001110101011010010100111010010100100010010010000",1,4124.1480181097595,"b10011000011001100110111110111100001111101011010111000101110011101101110010010000",14,2,0,0,0.731253284145596,376.7015468539693,268.048374076329,0.9947281564782193,115
240,"b10001000000001001111001010111001111111100011111101101110110100010000010011100000",4,6432.770554359393,"b00000101001001011000011010101110111011000101010110010100010011110111010000010001",8,11,0,0,0.887402089977608,501.0631932180968,50.62778777427256,1.3179188677092588,35
241,"b00000000000000000001000000111000001110000011000000111000000000000000000000000000",4,3013.945613620186,"b00000101001001011000011010101110111011000101010110010100010011110111010000010001",27,3,0,0,0.764408865496699,65.62948209440596,128.40521384061864,4.551755801162422,35
242,"b00001000001100010001000010100001000001010101110000111100101100100000011000000001",1,7447.127841580537,"b10011000011001100110111110111100001111101011010111000101110011101101110010010000",19,0,0,0,0.7993516280532225,415.2320125908378,341.9548012291871,1.6518432258922138,116
243,"b00010000001000010110011000010101010100100110100101101010000000100101010000000001",0,4310.467987918144,"b00011000001011010110011010010101010110110110100101101010111010101101110100010001",14,0,0,0,0.7189458688481076,294.1365703927488,400.0272147518639,2.1701325142408847,4
244,"b00000101001000001100011010101100101010000101010100010000010011000110010000010000",4,7348.495802277418,"b00000101001001011000011010101110111011000101010110010100010011110111010000010001",11,1,0,0,0.7568077141772851,161.4348699660332,323.15320595397293,3.225030005866863,35
245,"b00000000000000000000000000000000001100000000110000000000000000000000000000000000",5,7794.608280958452,"b00000001011111001100000011001001101001000111110010000000010111101100110100001000",29,1,0,1,0.7062258849268825,256.98610033931993,327.55298540717433,0.9366725914570317,0
246,"b00001001001110010111000010101111110111010101110000111101111001100000011000001001",1,7430.288315508829,"b10011000011001100110111110111100001111101011010111000101110011101101110010010000",9,4,0,0,0.822880892623192,7.380123020986356,99.63353862802364,1.935796049393696,117
247,"b10010000001000000100110110111000001111100011000110000001010011001001110010010000",1,7607.593841807975,"b10011000011001100110111110111100001111101011010111000101110011101101110010010000",14,0,0,0,0.6824298135134941,206.9228717712939,323.93043862011905,2.943596049506036,118
248,"b10001000001011001111000000100001101010100011010100110000011000001000010000100000",4,8630.56165433775,"b00000101001001011000011010101110111011000101010110010100010011110111010000010001",10,0,0,0,0.7262930929751782,312.15697213592705,415.36315784698024,4.525937879861615,36
249,"b01000000000100110000001110110000101011101011111110101111011100011101100110000010",2,2141.263139461525,"b00100000101101110110101010110011100110010011000011100011010010010110011000000110",16,18,0,0,0.7867559590596347,383.4761166849928,16.509593247429624,4.78876841592786,10
250,"b10001000011000100100111110111000001111101011011111000101010010101001110010010000",1,8453.422682059241,"b10011000011001100110111110111100001111101011010111000101110011101101110010010000",7,1,0,0,0.7417547471751157,403.4585631302821,256.4118484368734,2.3099184767826753,119
251,"b01111000001110110010001011100010001111010111110000011101001101100000010000011000",1,7074.515665158055,"b10011000011001100110111110111100001111101011010111000101110011101101110010010000",13,5,0,0,0.7925213008276645,255.8859318537766,111.01981162501086,0.26218935824097256,120
252,"b00000000001110000000001100000001010000000000010010000000011000000000000000000000",5,3835.9307690672786,"b00000001011111001100000011001001101001000111110010000000010111101100110100001000",26,5,-1,-1,0.6839038136253283,377.2051446898645,407.1914634864871,2.411876631226277,0
253,"b00000000100100011110101010100011100010010011100011000011010010010010011100000110",2,8459.492956968159,"b00100000101101110110101010110011100110010011000011100011010010010110011000000110",8,3,0,0,0.7720702793728714,154.7056663810635,367.1574882916904,2.3814170168833524,10
254,"b00000101001000000000010010100110101011000100010100010000010011000001010000000100",4,7379.627357954667,"b00000101001001011000011010101110111011000101010110010100010011110111010000010001",15,1,0,0,0.7407488440082287,20.6401140278612,370.9395487210352,3.4930004590084565,37
255,"b00000000000110000000011000000000111011000001101110000011011000000010110000000000",5,2571.054058014457,"b00000001011111001100000011001001101001000111110010000000010111101100110100001000",20,9,1,0,0.7376214259263669,323.61843713780587,121.99176378138425,2.8035029334602184,0
256,"b00001000011000000100111110110100100111101011111111000111100001111101100010010000",1,7472.655916625922,"b10011000011001100110111110111100001111101011010111000101110011101101110010010000",10,5,0,0,0.7399735885145882,172.10417260163283,75.99252826132954,6.020938149155722,121
257,"b00000000000000000000011000000001100000000111010000000000000000000000100000000000",5,1594.640870057129,"b00000001011111001100000011001001101001000111110010000000010111101100110100001000",25,2,0,-1,0.7182063010431019,446.8122625535534,122.94928254158266,-0.0002488573160538687,0
258,"b00100000000010001100001010111001111101101110111100001110110001010000110101000000",5,1873.0490875130727,"b00000001011111001100000011001001101001000111110010000000010111101100110100001000",14,16,0,0,0.744318939830965,127.58487513755921,97.2393785973607,1.1227890132444407,0
259,"b01001001001110110001011110100000000001000111110000011101111100000000011000011000",1,5641.150149470739,"b10011000011001100110111110111100001111101011010111000101110011101101110010010000",14,2,0,0,0.7303944345540566,185.90367144700096,362.5428715855136,3.5102500174054114,122
260,"b00000101001000011000010010111100110001000101010110010000000011010011010000000000",4,8355.555619873941,"b00000101001001011000011010101110111011000101010110010100010011110111010000010001",11,1,0,0,0.7568467903927638,273.70170765151585,103.54791452953063,3.267790705238518,38
261,"b00001000001000000100101010011100000111101011010111000101010010101001010010000000",1,7882.117203933385,"b10011000011001100110111110111100001111101011010111000101110011101101110010010000",15,0,0,0,0.7401273879184375,223.14526415218708,506.35867347562845,4.772557181461925,123
262,"b00011000011000000100101110111100001111101001000111000111110001111100000000010000",1,6740.062283386322,"b10011000011001100110111110111100001111101011010111000101110011101101110010010000",12,2,0,0,0.751054076960512,283.3663446664568,134.44741543222804,1.866277674182553,124
263,"b10001000011000000100111110111100000111101011010011000000010001000001100010010000",1,7728.508452419945,"b10011000011001100110111110111100001111101011010111000101110011101101110010010000",14,0,0,0,0.7542528444126572,239.69817325839279,277.7889159018436,1.4087469303834474,125
264,"b00010000001100100111111000000001001111100010010110010011000000110000001000000000",5,8711.718702219181,"b00000001011111001100000011001001101001000111110010000000010111101100110100001000",7,1,0,0,0.7020328802556346,443.9438942784888,421.67011962508144,1.612092743160084,0
265,"b00100000101101000100101000110011100010010010000011100011010010011010011000000110",2,7988.009458326067,"b00100000101101110110101010110011100110010011000011100011010010010110011000000110",7,1,0,0,0.7286790217047547,92.93031879288378,423.63968074760464,4.771904277986973,11
266,"b00011000001000000110111110111100000101101010000110000001010011101000110010010000",1,6614.435072626091,"b10011000011001100110111110111100001111101011010111000101110011101101110010010000",13,0,0,0,0.73659714583989,177.73623470245963,427.5654819505007,4.937310240493964,126
267,"b10001000001000000110110110111100001101100011110001000110110001101000110010010000",1,7832.952543971477,"b10011000011001100110111110111100001111101011010111000101110011101101110010010000",13,2,0,0,0.7574267318777783,262.7143969590979,155.91002687524607,2.452265327774358,127
268,"b00010000011000000100001110111100001111101011011101000111010010011001100010010010",1,5770.358636135874,"b10011000011001100110111110111100001111101011010111000101110011101101110010010000",13,4,0,0,0.8046187613399477,375.8252991110563,64.72480187634483,3.310280432510548,128
269,"b00001001000010110010001010100011101111000111110000111111111101100000010000011000",1,7029.065043908018,"b10011000011001100110111110111100001111101011010111000101110011101101110010010000",10,2,0,0,0.8395043420989573,54.27846620504987,204.15177869231334,1.5174215781286777,129
270,"b10001000001011000101000000101001100010100011001000000101010000011000010010000000",4,9049.68494949207,"b00000101001001011000011010101110111011000101010110010100010011110111010000010001",13,0,0,0,0.699476394097117,75.56638230562426,342.16841676844706,4.0705986715667475,39
271,"b00100000001100010110111011110001100110000001100011100011000010010010011000000110",2,8133.934924062214,"b00100000101101110110101010110011100110010011000011100011010010010110011000000110",8,3,0,0,0.8019715230348345,363.27710356161253,223.09469419519147,4.212343992520529,12
272,"b10000000001000000100000110111100001111101010010100000100010011110011100010010000",1,5350.162948255393,"b10011000011001100110111110111100001111101011010111000101110011101101110010010000",17,2,0,0,0.7657012655125827,108.13147949984048,443.9440579979496,4.0588868973688506,130
273,"b00001001001010110111001000010010101111000010110010111001111101100000011000001001",1,6166.443992002125,"b10011000011001100110111110111100001111101011010111000101110011101101110010010000",12,3,0,0,0.7775982367599925,415.5264151807645,423.50259823251514,4.357478824892796,131
274,"b10000000011000000110111110111000000011101000010101000100010011101001000010010000",1,6810.313200093564,"b10011000011001100110111110111100001111101011010111000101110011101101110010010000",15,0,0,0,0.7416189428509824,196.78019694892728,260.95251093105395,2.447875603548703,132
275,"b01000000010101001110011100110000010011000001110011000101010010000010000000000010",2,1686.9639746995335,"b00100000101101110110101010110011100110010011000011100011010010010110011000000110",20,10,0,0,0.8288145152963328,501.66024016959324,185.3604832616604,1.803012558901997,13
276,"b00010000011000000110011111111100001111101000000011000101000011001001100000010000",1,7456.970452374744,"b10011000011001100110111110111100001111101011010111000101110011101101110010010000",15,1,0,0,0.7548082174798789,304.99546932740645,119.92538256500707,1.9554431952827502,133
277,"b11000100000110000111001001111001010100000000011000000100000011010000000111000000",4,2744.386864544859,"b00000101001001011000011010101110111011000101010110010100010011110111010000010001",22,11,0,0,0.823640363397156,115.19023535709348,201.90239058316536,5.010647898575856,40
278,"b01000011000010001000011101010001111111000011111110111110011000011111000000010001",4,2760.8939321262405,"b00000101001001011000011010101110111011000101010110010100010011110111010000010001",14,16,0,0,0.7736218579877628,317.78054812482605,26.891342842822844,1.5205246815186468,40
279,"b10011000011000000010111110111000001111001111010111001111100011001001100000010100",1,6858.893654646638,"b10011000011001100110111110111100001111101011010111000101110011101101110010010000",10,4,0,0,0.8172969578002913,201.26001982374714,14.448484462584265,4.2616835173992325,134
280,"b00000100000000011000011110111110010011100100111110010000010001100001010000010001",4,6614.711533064434,"b00000101001001011000011010101110111011000101010110010100010011110111010000010001",11,5,0,0,0.7622258806197526,466.95186089597377,505.50471101894874,1.9280626477111849,40
281,"b01000010100110011000111111110001111010010101011110111101010000110111000000110100",4,3327.0507486721244,"b00000101001001011000011010101110111011000101010110010100010011110111010000010001",12,17,0,0,0.8051836741890087,215.20535019799465,59.9088887548902,1.3838928744978674,41
282,"b11000000011000000110111110111100011111101011111111000111010011011100110010010000",1,6835.065560753499,"b10011000011001100110111110111100001111101011010111000101110011101101110010010000",7,6,0,0,0.7940863614635647,87.74424810088277,6.370203412933266,5.686171822580722,135
283,"b00001001001110000110001010100011111010010111000000111001101101100000011000001000",1,8173.243092137804,"b10011000011001100110111110111100001111101011010111000101110011101101110010010000",13,1,0,0,0.7777692322343148,231.09126613473774,107.92467314452811,1.6941371522587803,136
284,"b00001000000110000101001010100011111111000111110000011111111001100000010000010001",1,7248.509578354636,"b10011000011001100110111110111100001111101011010111000101110011101101110010010000",13,3,0,0,0.8264675669407435,335.35203814849757,176.82807664578036,1.1880170494635025,137
285,"b00000101001000011000011010110010111011000000010110010100010011110011000000010001",4,9840.732409519722,"b00000101001001011000011010101110111011000101010110010100010011110111010000010001",7,1,0,0,0.7863829661258392,288.0193961277782,302.8843821639833,0.5922937815708826,41
286,"b00001001001010010111001000000000100011010011100000111100111101100000111000001000",1,6175.483414638962,"b10011000011001100110111110111100001111101011010111000101110011101101110010010000",15,1,0,0,0.7614666790947199,134.40523254125333,230.91757592667213,0.8919577761913458,138
287,"b00000101001000011000010010100110111011000101000110010100010011110111000000000000",4,6079.437660565107,"b00000101001001011000011010101110111011000101010110010100010011110111010000010001",7,0,0,0,0.8219726326806585,208.00834807641363,300.8905090153658,1.8988775152682904,42
288,"b00000101001000011000011010111110110011000100010100011100010011110010000000010001",4,7750.071232322934,"b00000101001001011000011010101110111011000101010110010100010011110111010000010001",7,2,0,0,0.7653206887375276,395.9797164972687,244.21317152950093,3.682627672138602,43
289,"b00010001101110110101011110001111101100110111111010100111100011111110100111001000",5,2073.2154715358693,"b00000001011111001100000011001001101001000111110010000000010111101100110100001000",8,23,0,0,1.1850896988356696,390.8797478311375,469.59639324213225,3.31936432347592,1
290,"b00000000101000000000000000000000110000000010000000000000010000000001000000000000",5,1532.3183778075186,"b00000001011111001100000011001001101001000111110010000000010111101100110100001000",28,3,-1,-1,0.9258880092586738,405.87216144574876,59.420037915206855,0.2625616356491173,1
291,"b00000001001110010010001000100011100011010110110000111111111100100110010000011000",1,7566.159726278034,"b10011000011001100110111110111100001111101011010111000101110011101101110010010000",11,1,0,0,0.7647118989780708,197.85378343350047,243.664271726712,4.788327228429516,139
292,"b00000000000110010111011000100001111010010111100000011001111101100010011000001001",1,4822.998040771677,"b10011000011001100110111110111100001111101011010111000101110011101101110010010000",13,2,0,0,0.8285953341934965,386.8384684985574,5.272362010717702,0.8415350398651913,140
293,"b10001000000000101101001000101001100000100011011101111001011000000000010010100000",4,8091.4285550743925,"b00000101001001011000011010101110111011000101010110010100010011110111010000010001",10,1,0,0,0.777175916947212,47.644180571555665,147.51475817825792,5.777106421651035,44
294,"b00011100001000000110011000110100001111000010010110000101010011101001110010010000",1,7980.3120170598295,"b10011000011001100110111110111100001111101011010111000101110011101101110010010000",14,1,0,0,0.7853082914861764,266.4311104184513,335.0490408152325,0.7204400058913722,141
295,"b10001000011000000110011110101100001111101011000111000101000001000000110010010000",1,7996.38509261346,"b10011000011001100110111110111100001111101011010111000101110011101101110010010000",13,0,0,0,0.7061399137974675,268.6767357538477,401.4584869100355,5.336763075975943,142
296,"b00000001000110000010011111110011101011110111111000011001111101100000011000010000",1,5394.050647128048,"b10011000011001100110111110111100001111101011010111000101110011101101110010010000",12,5,0,0,0.8640792411729837,352.0047070826841,434.8769242910321,2.2934762922880036,143
297,"b00101001000010111101001111100010101011010111110000111101110101100110011000001001",1,6190.202268043902,"b10011000011001100110111110111100001111101011010111000101110011101101110010010000",6,3,0,0,0.7887930771155705,314.8703478409786,139.73230664625996,0.3412843292139833,144
298,"b10011000000001000100011110111101001111101011111111101111110011111101110000010000",1,5833.7568963452795,"b10011000011001100110111110111100001111101011010111000101110011101101110010010000",6,7,0,0,0.826071874123285,421.35288761711513,114.70343191105366,4.984588931863351,145
299,"b10011000011000000110111110110100001111101011010000000111010011001000110000010000",1,6198.781200492448,"b10011000011001100110111110111100001111101011010111000101110011101101110010010000",11,1,0,0,0.7612795166935001,144.9654995989416,438.7287140004173,2.8791262286882318,146
300,"b00100000000001001001001001100111000010000001100111001100010001100000100100000000",2,7494.469009187416,"b00100000101101110110101010110011100110010011000011100011010010010110011000000110",14,1,0,0,0.7474649512376746,62.70169428091285,250.59442507196349,3.516132313822598,13
301,"b00001111001100110111011010100011111111000111110000001101111000100000010000011001",1,7689.26968850728,"b10011000011001100110111110111100001111101011010111000101110011101101110010010000",10,5,0,0,0.8078175447142737,238.2268352013981,248.94566970748926,0.1879732191829537,147
302,"b00000000000000000000001010000010111110110011110010010101110001110011100000000000",4,6042.913808446666,"b00000101001001011000011010101110111011000101010110010100010011110111010000010001",18,8,0,0,0.7593070008021905,313.65988375078973,356.8220402804808,2.2390804557775024,45
303,"b00001001000010010111001010000001101001010111100000011101101000100000011000000000",1,7058.326670232238,"b10011000011001100110111110111100001111101011010111000101110011101101110010010000",17,0,0,0,0.7088048246636466,220.0833459637763,291.04290046509294,0.3823023299195504,148
304,"b00000001001100010110001110100011101011010111110000101101111101100000001100001000",1,8151.170887342061,"b10011000011001100110111110111100001111101011010111000101110011101101110010010000",10,1,0,0,0.7144417432943005,139.92108877944662,354.05152279410055,3.342364728229943,149
305,"b00010000100000010110100000000001001001000010010110010010000000000000001010000000",5,7889.910710169779,"b00000001011111001100000011001001101001000111110010000000010111101100110100001000",15,0,0,0,0.7362119220056438,179.13839272543228,315.6340393938608,2.9492786927662387,1
306,"b00000000000000000000000000000000001110000000111000000000000000000000000000000000",5,20432.895717805684,"b00000001011111001100000011001001101001000111110010000000010111101100110100001000",28,2,0,1,0.6855986324090969,387.8067897958126,110.49559815034796,6.1717591012386706,2
307,"b01000000000001010000000011110001100011001010001010001010100000001010000000001010",2,5890.307561198824,"b00100000101101110110101010110011100110010011000011100011010010010110011000000110",23,9,0,0,0.8094100361082067,315.82997755410526,460.36049576048146,0.867408745380066,14
308,"b00001001000110110010001111100011111110010011110000011111111001100000011100000010",1,6712.262847842504,"b10011000011001100110111110111100001111101011010111000101110011101101110010010000",12,6,0,0,0.8001899714113567,423.35800217193156,57.58827893427899,4.807305859593534,150
309,"b00100000000011100010000111111000011110000001111000111111111000111110000001000000",4,2349.2277052587083,"b00000101001001011000011010101110111011000101010110010100010011110111010000010001",16,14,0,0,0.7498376959618704,509.68025376477254,367.4192776091736,1.3533602053573879,45
310,"b00000101000000000000010011101110111111000001010000010100010001010001010000010000",4,6848.690918945782,"b00000101001001011000011010101110111011000101010110010100010011110111010000010001",13,2,0,0,0.7147687649894682,430.479774259124,418.15319072831375,3.925729868674802,45
311,"b11000000011000000100011110111100001111100001110111001101110000101101100000000010",1,5885.188702955356,"b10011000011001100110111110111100001111101011010111000101110011101101110010010000",13,4,0,0,0.741051594407315,162.7765729584631,160.12291002483283,2.679217925139249,151
312,"b00001000001110010100001010100011101011010101000000111101111000100000001000011000",1,5465.682974151878,"b10011000011001100110111110111100001111101011010111000101110011101101110010010000",14,0,0,0,0.7359501574658005,142.66100237133313,300.0974715542135,1.6120243295050665,152
313,"b10001000000010101111001000100001100010010011010000110101011000001000010010000000",4,8482.082416000707,"b00000101001001011000011010101110111011000101010110010100010011110111010000010001",11,1,0,0,0.7341540888651577,339.15903354260894,311.66589834278466,0.10091094011423127,46
314,"b10010000011001000100111110111100001111001011010110000101010011100001100100010000",1,7843.80838342596,"b10011000011001100110111110111100001111101011010111000101110011101101110010010000",10,1,0,0,0.6900517602917331,284.35391422993223,411.51148382142674,3.568232346325649,153
315,"b10000000000100000100011000111001100110100011100000000110100000000001000000000000",2,4606.897028248178,"b00100000101101110110101010110011100110010011000011100011010010010110011000000110",24,8,-1,0,0.8839556600962423,184.33726406019306,294.21785398978466,3.9917936806567322,14
316,"b11010000011000000100110110101100001110100011000111000101110000001000110010000000",1,6994.6452408381865,"b10011000011001100110111110111100001111101011010111000101110011101101110010010000",15,1,0,0,0.7155089061635945,26.767216793052448,333.2169646344068,5.115881309138864,154
317,"b00000000001001010101001110110011101011000110010000111100111000100000001000000000",1,6820.993765341852,"b10011000011001100110111110111100001111101011010111000101110011101101110010010000",18,2,0,0,0.7236204093813055,453.44591501189785,426.1950537967504,2.1457317079562896,155
318,"b10000000000011001110000000001001100010000011011101110101011000010000010010100000",4,6627.234735810026,"b00000101001001011000011010101110111011000101010110010100010011110111010000010001",10,0,0,0,0.7371074593591493,141.2955718062853,296.6991109176421,5.804109371064763,47
319,"b10011000011000000100101100111100001011100011010010001101110011111001100000010000",1,7529.769453421408,"b10011000011001100110111110111100001111101011010111000101110011101101110010010000",12,2,0,0,0.723944724293435,134.78582948640334,150.84083178320597,2.666272569549162,155
320,"b00001001000110111110001111110011111111010111111100111101110100100000010000010000",1,4378.171140398332,"b10011000011001100110111110111100001111101011010111000101110011101101110010010000",9,7,0,0,0.8034387488785771,386.9782046372231,465.222303459288,4.352258859168151,156
321,"b00000001100000001101000101011100011001100000000010000000000011111100111100000000",5,2796.326727494406,"b00000001011111001100000011001001101001000111110010000000010111101100110100001000",16,9,0,0,1.055175696385127,130.1410523425158,209.69988906804105,4.554815220630531,2
322,"b10011000011000000110010010111000001111001001111110000101010011111001110000000000",1,7573.820596020629,"b10011000011001100110111110111100001111101011010111000101110011101101110010010000",13,3,0,0,0.7377332833175333,348.4985946630194,419.5252781056302,4.378924985428011,157
323,"b10001000001111001110001000111001100000100011011100110101000000010000010010100000",4,8595.836312823627,"b00000101001001011000011010101110111011000101010110010100010011110111010000010001",9,2,0,0,0.8130622739968043,30.641894716222424,197.23169132467376,4.794425771028427,48
324,"b01000010000110001010111111000001101011101100011100110111010000000111000000001100",5,2612.9716634644133,"b00000001011111001100000011001001101001000111110010000000010111101100110100001000",16,18,0,0,0.8326407962778585,69.30834374546019,430.155414154414,1.8575237908913378,2
325,"b10010000001000000110111110001100001111101011110111000101010011111100010010010000",1,7015.3996532393285,"b10011000011001100110111110111100001111101011010111000101110011101101110010010000",9,2,0,0,0.7672756699851958,18.644076878561442,397.4207564310502,4.799201902396089,158
326,"b00010000001000000100110100111100001111000011011100000111110011111101110010010000",1,6742.35650968614,"b10011000011001100110111110111100001111101011010111000101110011101101110010010000",12,3,0,0,0.7597026081778658,326.76909793023236,129.35263233406067,4.079125309524441,159
327,"b01000000000000110000000110111011111111101101111110011101110100111101100011000000",2,1497.7680885876791,"b00100000101101110110101010110011100110010011000011100011010010010110011000000110",15,19,0,0,0.8184606150889764,483.6926562583694,247.59537290714277,5.032381336636757,14
328,"b10001000001011101001001001101001101010000011011101010101011000001000000000000000",4,9596.160777926085,"b00000101001001011000011010101110111011000101010110010100010011110111010000010001",9,1,-1,0,0.7147044936288326,345.15182525477235,150.8537288413368,6.088735728004263,49
329,"b00001001000110110001001011101001111111000111110000011101100100100000001000001000",1,4027.381499527806,"b10011000011001100110111110111100001111101011010111000101110011101101110010010000",15,4,0,0,0.9506000190111126,494.225495027769,118.98525618024736,0.9126491390683322,160
330,"b10011000011001000100110110111100001111100010000100000001010011111001110010000100",1,7262.474674559497,"b10011000011001100110111110111100001111101011010111000101110011101101110010010000",12,2,0,0,0.7172310673623582,43.310060999474786,223.1503719590451,2.4783566762361167,161
331,"b11000000001111001111001000101001101000100000011100110101111000011000000010000000",4,9365.126081001898,"b00000101001001011000011010101110111011000101010110010100010011110111010000010001",9,3,0,0,0.7411657668886106,258.46043533036845,276.366451338488,5.639039891702245,50
332,"b00000101001000011000011010101010111011000001010010011100010001110011000000000000",4,9698.136700487325,"b00000101001001011000011010101110111011000101010110010100010011110111010000010001",9,1,0,0,0.7559559802128017,125.01959297795031,47.28228796029064,3.3698364448973157,51
333,"b00000101000000001000011010101010111111000100010110010100010001100001000000011001",4,6200.332891489274,"b00000101001001011000011010101110111011000101010110010100010011110111010000010001",10,2,0,0,0.760804371785506,12.149355633610844,410.6487506251298,0.050381937734642473,52
334,"b00000000001000000000001000000001111000000111110000000111000000011011100000000010",5,3216.743768472826,"b00000001011111001100000011001001101001000111110010000000010111101100110100001000",21,9,1,0,0.7552922696781832,79.306026892902,14.553706504304735,5.256086580037329,2
335,"b10000100000110100000011001011111111011000000000000000000000000000000000000000000",4,5956.046751552149,"b00000101001001011000011010101110111011000101010110010100010011110111010000010001",25,7,-1,0,0.8086070538256156,61.75531557866197,31.48129182602626,3.796945654482589,53
336,"b00000000000110010111001010100011100111010111100000011101111101100000011000011000",1,8375.663200611587,"b10011000011001100110111110111100001111101011010111000101110011101101110010010000",11,1,0,0,0.7250036180409748,145.1170674436581,153.19273883372185,5.465691528375867,162
337,"b00001000001111101100001000001001100010110011001100110100010000010000010000000000",4,7210.454691180781,"b00000101001001011000011010101110111011000101010110010100010011110111010000010001",13,2,0,0,0.733814829649912,101.7949289283545,199.04508244640022,2.5713561037604507,53
338,"b00000001001110010111001000000011001001010011010000011101111101100000011000010001",1,6291.8815665692255,"b10011000011001100110111110111100001111101011010111000101110011101101110010010000",13,0,0,0,0.7008247315018401,192.3172895201517,456.34692322186663,0.9147838468104279,163
339,"b01111000010011011000010001100100011001000011110011110001011110000001110000100000",5,971.7452308997485,"b00000001011111001100000011001001101001000111110010000000010111101100110100001000",15,16,0,0,0.8353977223270926,431.9381780900018,340.34314975704973,5.851542304553449,2
340,"b11000000000000000110111111111100001111101011111001000111110011011001100010000000",1,6012.776972424468,"b10011000011001100110111110111100001111101011010111000101110011101101110010010000",12,6,0,0,0.7754640427984885,316.5399237460536,33.52519418594748,5.471593056215454,164
341,"b00000001000110101110011111110011111111010111100000111100111100101000010000110010",1,4611.639308815133,"b10011000011001100110111110111100001111101011010111000101110011101101110010010000",12,9,0,0,0.7679096096458137,443.6735124498088,238.2375474574844,3.7877244656166273,165
342,"b00000101001000011000010010101100001011100101010100000101010011110000010000000001",4,8064.707140681231,"b00000101001001011000011010101110111011000101010110010100010011110111010000010001",11,2,0,0,0.7644095768959572,320.2849796530684,231.25232380561434,3.5647060380451636,54
343,"b00001001001110000011001010100010001010010111110000011001111001100000011000011000",1,7507.013730329692,"b10011000011001100110111110111100001111101011010111000101110011101101110010010000",13,0,0,0,0.7347498233272856,115.29706264520985,103.06897960726646,1.7684725699432897,165
344,"b00000000000100000000010011000011100000000000000000010010000000100000000000001000",5,2509.2512842365577,"b00000001011111001100000011001001101001000111110010000000010111101100110100001000",25,4,0,-1,0.8418704862505512,152.90018219675926,157.092596819179,5.942661924788238,2
345,"b10000000001110110101011011010110100101101111001010101000111100001001010000011000",0,8052.799742781992,"b00011000001011010110011010010101010110110110100101101010111010101101110100010001",8,4,0,0,0.757561988607566,506.0708414722732,403.93536415827265,0.5866442607903932,5
346,"b00000000000101000000010000000001101010001010001110111100111100111000100011100001",4,3972.2646637127355,"b00000101001001011000011010101110111011000101010110010100010011110111010000010001",19,11,1,0,0.7474016704295225,348.1435287455214,471.04657471355034,4.43599046372432,55
347,"b00000010100010001000111111011101111111000001111110111111111001110111000000010011",4,2944.153917186394,"b00000101001001011000011010101110111011000101010110010100010011110111010000010001",10,18,0,0,0.8272978781335059,361.0732903694873,121.92724996063531,3.088366919428258,55
348,"b00001001000100010001001000100001110100000111111100101111111000100000011000000000",1,6968.151977537591,"b10011000011001100110111110111100001111101011010111000101110011101101110010010000",20,5,0,0,0.7583093028030529,471.23901106458925,176.59135907854352,3.233722270089634,166
349,"b01110100000000011010001011110001101010001101000001011000010000000000110000000010",2,2072.444526376736,"b00100000101101110110101010110011100110010011000011100011010010010110011000000110",21,11,0,0,0.7764565830453983,139.76329067349727,501.947120637284,3.325565072814955,14
350,"b00001001001001111000001111110011111111010111111000111111110100100000000000001000",1,7055.707697734879,"b10011000011001100110111110111100001111101011010111000101110011101101110010010000",13,8,0,0,0.7601545693634352,293.47272303972466,37.70894310822246,4.573348089183313,166
351,"b00000000000000000000001010001111111011100101110000000110000011011111010000010001",4,6895.568196876369,"b00000101001001011000011010101110111011000101010110010100010011110111010000010001",13,5,1,0,0.7481064826316212,490.70037544615445,313.49238232936295,5.287745148275708,55
352,"b10000000011000000010111110001100001111001011010111000000110010101000100010010000",1,7402.5669976851,"b10011000011001100110111110111100001111101011010111000101110011101101110010010000",14,0,0,0,0.7101395333564418,291.94465050577116,447.7097283659863,0.8307121745871315,166
353,"b00001001001110110100001010100001101011010111110000111100111001100000001000011000",1,7809.800542334216,"b10011000011001100110111110111100001111101011010111000101110011101101110010010000",10,0,0,0,0.7358318488715742,228.57060139280824,348.66789064821484,0.40060203799250654,167
354,"b10000000001001001111000001101001100110100011101101111101011000010000010010000000",4,8366.071433002116,"b00000101001001011000011010101110111011000101010110010100010011110111010000010001",9,4,0,0,0.777068325226666,321.06081771293464,244.77080776724765,4.937495578547641,55
355,"b10001000001011000001001000100000101010000001011101100101111000001000000010100000",4,6574.995031210894,"b00000101001001011000011010101110111011000101010110010100010011110111010000010001",12,1,0,0,0.7670639444881872,135.55298802711488,470.6247305805472,3.517797717152499,56
356,"b00100000101110110110011111100000101110010011110111110011110010010011011000000110",2,5247.389519993179,"b00100000101101110110101010110011100110010011000011100011010010010110011000000110",6,11,0,0,0.8103059383918287,477.6985408916346,243.15507061146658,5.594476330710233,14
357,"b11011000001100000001111110011000011111111011111100001101110001111001000110000010",1,3495.531764731953,"b10011000011001100110111110111100001111101011010111000101110011101101110010010000",14,11,0,0,0.7893197997181651,385.204262542307,319.6671887694778,4.544565431974922,168
358,"b00000000001110011110011111010011110110000111000011110000000011011011001100000100",2,3691.8473489525795,"b00100000101101110110101010110011100110010011000011100011010010010110011000000110",13,12,0,0,0.8424427882520824,471.12148981369404,377.0253227263162,5.443234554785754,15
359,"b00010000011000000110010011111000001111100011111110000111100010101001110010010000",1,7030.614978653748,"b10011000011001100110111110111100001111101011010111000101110011101101110010010000",13,4,0,0,0.7836473271088824,433.84857315355265,15.310281550393166,5.134719209826487,168
360,"b10011000001000000010010010010100001111001011000111000101010011101101100011000000",1,5801.012084120766,"b10011000011001100110111110111100001111101011010111000101110011101101110010010000",14,1,0,0,0.9474297082918356,150.34602447680413,439.61896725358633,4.9593492041662355,169
361,"b00000000000000000000000000000000000000000000010000000011000000000000000000000000",5,4992.589369786106,"b00000001011111001100000011001001101001000111110010000000010111101100110100001000",29,0,1,1,0.7002752305967902,486.72747299973616,292.64773653083813,0.6336624060613826,2
362,"b10011000001000000110111100111000001111101011010100000111110001011001110010010000",1,8330.089635780416,"b10011000011001100110111110111100001111101011010111000101110011101101110010010000",10,2,0,0,0.7137485082614902,458.4229124701719,454.74838016514417,3.1582885891290786,170
363,"b11000000001100000100110110101100001011101011110111000111111010101001100010010000",1,6872.946993086616,"b10011000011001100110111110111100001111101011010111000101110011101101110010010000",12,5,0,0,0.753475224649497,428.1642077452517,260.88348362680233,5.353657878629352,171
364,"b00010000001000000110110100111100001111101010011111000101110011101001110010010000",1,7268.9762572006575,"b10011000011001100110111110111100001111101011010111000101110011101101110010010000",9,1,0,0,0.7967275623835876,290.5988058472866,485.29767145895477,6.018982737498157,172
365,"b00001001001110010111001010100011101011010011110000111100000001100000011000001001",1,5731.189339227707,"b10011000011001100110111110111100001111101011010111000101110011101101110010010000",11,0,0,0,0.7293349919672452,56.53964362517031,442.59128804179426,1.1672456488239094,173
366,"b10011000001000000100111110011000001111101011010111000101010001110001110010000000",1,7303.903668997475,"b10011000011001100110111110111100001111101011010111000101110011101101110010010000",11,1,0,0,0.7155626509432574,252.9520566219465,286.1607633316037,3.6202859824478617,174
367,"b00100110000000110000000000000000000000000010000110000000000001001100000000100000",5,720.9360837661158,"b00000001011111001100000011001001101001000111110010000000010111101100110100001000",27,7,0,1,0.8300139746586342,92.67395000821563,321.5874428952639,2.718407742968514,2
368,"b00100000001110110101001000000011001010010011111000110101111101100100011000011000",1,7064.091937866944,"b10011000011001100110111110111100001111101011010111000101110011101101110010010000",12,2,0,0,0.7121738016929211,122.80123955309958,321.77158249762516,4.496082539979014,175
369,"b00000000100000000111000000111000001100000000111000011100000011110000000100000000",5,3258.01318977286,"b00000001011111001100000011001001101001000111110010000000010111101100110100001000",23,11,0,0,0.7595186924431048,183.2625424495908,114.91718731033203,2.088457827287165,2
370,"b00000101001000011000010010101110111010000101110110010100010001010010010000010000",4,8909.20918181232,"b00000101001001011000011010101110111011000101010110010100010011110111010000010001",8,1,0,0,0.7115819766103736,359.04857645633297,407.5968136055667,0.46560635834329334,57
371,"b10000000011000000110111110110100000110101010010111000001000000001000110010000000",1,7268.650105505492,"b10011000011001100110111110111100001111101011010111000101110011101101110010010000",17,0,0,0,0.6830807086542221,203.50846100938304,508.1249166983269,5.611004176293386,176
372,"b10001000000011001111001000011001101001100011011101110000011000111000010010000000",4,4497.101645374934,"b00000101001001011000011010101110111011000101010110010100010011110111010000010001",8,3,0,0,0.7487652500560761,91.72215990853296,397.3474052929366,2.5825548289071962,58
373,"b10011000011000000110111100111100001111100011011110000101010000101000100000000000",1,7985.634427888906,"b10011000011001100110111110111100001111101011010111000101110011101101110010010000",13,1,-1,0,0.7616508138666327,98.74098041838845,394.91057614687475,4.684868227628918,177
374,"b00000000000000000000000000000000001000000000100000000000000000000000000000000000",5,5417.991588410947,"b00000001011111001100000011001001101001000111110010000000010111101100110100001000",30,0,0,0,0.6897036962781689,351.8674837181495,246.42745119482694,1.8310862200998888,2
375,"b00011000011000000000111110111100010111101011111100010111010011111110110010010000",1,5425.731282266355,"b10011000011001100110111110111100001111101011010111000101110011101101110010010000",10,7,0,0,0.760776090667853,461.9179022804821,111.25737372642165,0.6523489147421332,178
376,"b00001001000000010010001110000011101110000111110000111101011100100000001000011001",1,8195.239491656232,"b10011000011001100110111110111100001111101011010111000101110011101101110010010000",14,1,0,0,0.7148585568663746,263.7445255237003,432.2523566018744,3.4254161453310523,179
377,"b11000000000011100000001000100001010001110101010100000000010000000001100000000000",4,3793.6022258607813,"b00000101001001011000011010101110111011000101010110010100010011110111010000010001",24,7,-1,0,0.7505794472842985,470.58723009000715,393.2557659285513,3.4549230367722914,59
378,"b00000000100010000100001100110000010111100101110010000010110000000110000001001000",5,3235.3959067865853,"b00000001011111001100000011001001101001000111110010000000010111101100110100001000",21,13,0,0,0.7934047541913399,419.318158172469,467.56643260060895,2.5245314873770157,2
379,"b11000001001110000110011111110001111111010111111000011111111100110110000000011000",1,6473.431796947323,"b10011000011001100110111110111100001111101011010111000101110011101101110010010000",10,10,0,0,0.8325862071437573,421.36420220253405,42.94236609385224,4.668356533378572,180
380,"b10011000011000000110110111111100001111100011010110000111010000001000100010010000",1,9161.710727351889,"b10011000011001100110111110111100001111101011010111000101110011101101110010010000",12,2,0,0,0.759269409029862,55.6353103602734,271.0677267301984,2.663872050578469,180
381,"b00110100000001010001011111010000111100001111111000011100001110100000010000010000",1,2991.208104901612,"b10011000011001100110111110111100001111101011010111000101110011101101110010010000",24,12,0,0,0.8041753866222978,116.45979556333435,112.38378511108009,1.9609783295762035,181
382,"b11011100011000000110111110111000001011101011010010000101010011100100110010010000",1,6778.481226537862,"b10011000011001100110111110111100001111101011010111000101110011101101110010010000",9,2,0,0,0.800113935523246,272.3508921385876,477.27229753587966,0.10401218563222411,181
383,"b10011000000000000110110110111100011110101011000110000100010001001000110010010000",1,5323.845556335177,"b10011000011001100110111110111100001111101011010111000101110011101101110010010000",14,1,0,0,0.7467643908631739,148.0194318657914,356.1553439278585,4.017010099117111,182
384,"b00111101000011101000001111000000111110001101110000011101111000111100000101000100",4,1384.250889576136,"b00000101001001011000011010101110111011000101010110010100010011110111010000010001",17,18,0,0,0.9095571953874068,376.20226328749015,270.4914222530621,5.066498442897743,59
385,"b01000000001100000110100010010010100110001011000011100001000000011010011000000010",2,8057.839935583037,"b00100000101101110110101010110011100110010011000011100011010010010110011000000110",14,3,0,0,0.794352513604419,80.76294149111887,61.80148561092894,4.991610036360228,15
386,"b00001001001100010110001010100010101001010111110000111101111001100000011000001001",1,7938.402612414849,"b10011000011001100110111110111100001111101011010111000101110011101101110010010000",10,0,0,0,0.7288109739802856,272.6107005376832,484.51472380128024,3.6520521787510574,183
387,"b01000011000110000100011011111001111100110011100110111110011001010011100000011101",0,1830.6321529719353,"b00011000001011010110011010010101010110110110100101101010111010101101110100010001",18,19,0,0,0.7762875720537619,465.51498616712473,487.46544521064055,3.224348699889642,6
388,"b00001000001001100001011110111000111111110011111110001101111001111100000100000010",1,3246.996589608997,"b10011000011001100110111110111100001111101011010111000101110011101101110010010000",15,11,0,0,0.8163115759188692,352.48554130762307,440.20061532354333,3.991764060980022,184
389,"b00000001000110000111011110100011111111111111111000111111111101100100011000000000",1,6262.923904796632,"b10011000011001100110111110111100001111101011010111000101110011101101110010010000",8,7,0,0,0.8090589475870206,412.79561648281344,46.518096191278595,5.768182616747035,184
390,"b00100001100010001000001011110111111110000111111111111101100101100010001000001000",1,4156.555710687708,"b10011000011001100110111110111100001111101011010111000101110011101101110010010000",17,12,0,0,0.8372078382263038,271.85566381416,32.86039301356738,1.3852279490020776,185
391,"b01000100000101110000001000010000111110001010011110010110110100011001100010100000",4,1197.8791177381797,"b00000101001001011000011010101110111011000101010110010100010011110111010000010001",19,14,0,0,0.7614955988897576,130.01201925068057,466.10545341461324,6.067645806411621,59
392,"b10011000001000000100101110110100001111101011000101000001000000101101010010000000",1,7915.6559145737865,"b10011000011001100110111110111100001111101011010111000101110011101101110010010000",15,0,0,0,0.7058821211250236,326.9636985341405,482.3751983874828,1.8408349348041195,185
393,"b00000000000010000101000010111000011011100110111011011011110100011110100000000100",5,447.22942240763655,"b00000001011111001100000011001001101001000111110010000000010111101100110100001000",16,16,0,1,0.8149351983130101,308.62373576308744,18.711101617235126,1.6551873322433757,2
394,"b11000000011001000110111100011100001111000010010101000101010011100100110010000000",1,7811.294282003576,"b10011000011001100110111110111100001111101011010111000101110011101101110010010000",13,1,0,0,0.6886993134562694,213.10974371379834,494.9390395557414,1.6440707908886512,186
395,"b00010001100001011100000001100001010110000011010110100111011100011000000000100000",4,3813.942543367791,"b00000101001001011000011010101110111011000101010110010100010011110111010000010001",18,10,0,0,0.7717196763825704,42.784094752356744,214.00918213741335,1.1580441699350614,59
396,"b00000100001000011000001010100110001011000000010110011100010011111000110000010001",4,7200.853538249668,"b00000101001001011000011010101110111011000101010110010100010011110111010000010001",11,3,0,0,0.7711772158914724,219.58492334206082,108.80142820788791,-0.018039564862166003,59
397,"b00011000001000000110111010111100000111001001011100000101010011101101110000010000",1,7542.375312526099,"b10011000011001100110111110111100001111101011010111000101110011101101110010010000",12,1,0,0,0.6964585291638443,55.86442603455691,385.79975834669125,2.6040845593418185,187
398,"b00010000001011100110111111111100101111101011111101000001010001100000100000010000",1,6473.3300180257165,"b10011000011001100110111110111100001111101011010111000101110011101101110010010000",12,5,0,0,0.7824763927700673,352.6220523476151,39.67433407057446,3.4635816254843363,188
399,"b00101101001001111100011011100001100100110001110000100011100010000011110100000000",2,1468.9448831209954,"b00100000101101110110101010110011100110010011000011100011010010010110011000000110",16,13,0,0,1.0319341364933057,286.79889038593154,64.20955955496314,0.5147237257056438,16
400,"b01000000001000000110111110111000101111101001111111000111010011111101110010010000",1,6256.810947244998,"b10011000011001100110111110111100001111101011010111000101110011101101110010010000",9,6,0,0,0.7694317442049305,390.38371601094553,117.46798210123676,1.8665459077320863,189
401,"b00000001001000010000010010101110111011000000010110010000000011110011000000010000",4,6346.167794256946,"b00000101001001011000011010101110111011000101010110010100010011110111010000010001",11,0,0,0,0.8258578170499653,405.23201478908334,463.0120247181026,0.3925685029153808,60
402,"b00000101001000000000011010101111001111000101010110010100010011111001010000010101",4,7312.9536749258195,"b00000101001001011000011010101110111011000101010110010100010011110111010000010001",7,4,0,0,0.7501977868696055,257.38096004387376,352.4564458813415,3.8293066964287137,61
403,"b10011000001000000010110110111100001011100010010110000001110010001000100000010000",1,9324.949956320115,"b10011000011001100110111110111100001111101011010111000101110011101101110010010000",16,0,0,0,0.7077048994713061,90.09630816201941,159.22717790773703,2.149929446194327,190
404,"b10000100011000000000111110010000001011101011010111000111000010011000110010000000",1,3527.1346289528547,"b10011000011001100110111110111100001111101011010111000101110011101101110010010000",17,3,0,0,0.7865533937315797,380.7572878685891,321.9469353556738,2.3314305031049853,191
405,"b10010000001000000110111110111100001100001011010010000101010001111001100010010000",1,7602.849341368955,"b10011000011001100110111110111100001111101011010111000101110011101101110010010000",13,1,0,0,0.7189234774630818,415.2455231306618,321.9404796021458,3.634041963339177,191
406,"b10001001101001100000001000010001111110000111111011111101111000110011000001000010",4,3143.465391578552,"b00000101001001011000011010101110111011000101010110010100010011110111010000010001",13,14,0,0,0.8615503680092597,453.3003850295608,203.67310458786423,2.2396331996567325,62
407,"b01000000011001001001001010000111000010000001100111001001010100001000110000000100",2,6644.697659504309,"b00100000101101110110101010110011100110010011000011100011010010010110011000000110",11,0,0,0,0.7932523857435845,56.044073122715375,250.46732496615388,4.733618026458866,16
408,"b10010000010000000010011110111100001111101001110100000001000010001000100010000000",1,6671.746656874219,"b10011000011001100110111110111100001111101011010111000101110011101101110010010000",18,1,0,0,0.6842345042649042,215.067185858313,418.0043564932942,5.1145609027415455,192
409,"b00000000000000000100000000000000000000000000000000000000000011000000000100000000",5,1722.0786027523404,"b00000001011111001100000011001001101001000111110010000000010111101100110100001000",28,0,1,0,0.9148771733851419,279.71582456816225,221.69688143948898,2.711069937787973,2
410,"b10000000001000000110111010111100001111101011010110000100000000111101110010010000",1,8687.872592281543,"b10011000011001100110111110111100001111101011010111000101110011101101110010010000",12,1,0,0,0.7852859259059707,221.55805537710563,245.72087218446154,4.5056782524233325,193
411,"b00001001000110110011001111100011111111000111111000111111100110100100011100011001",1,6479.548179172734,"b10011000011001100110111110111100001111101011010111000101110011101101110010010000",7,7,0,0,0.8109411658998757,389.0730276449183,459.8045907237586,4.959251725717937,194
412,"b01100000011000101001001011100111110111000001000110011101011101100001110100000100",2,6660.817014296407,"b00100000101101110110101010110011100110010011000011100011010010010110011000000110",7,7,0,0,0.8230797394419319,376.81806714061776,53.752293845479805,1.1998760575085257,17
413,"b00000000000000000000000000001000100000000010011110111111110000110000000110000000",4,2816.541760332098,"b00000101001001011000011010101110111011000101010110010100010011110111010000010001",23,6,1,0,0.7561281082396881,505.12340586964933,164.4133254659756,4.6375561699959835,62
414,"b00000000000111100101000111100001100000000110000000111000000001100010001000000000",1,3381.6063259235043,"b10011000011001100110111110111100001111101011010111000101110011101101110010010000",25,2,0,0,0.726179837098307,445.145263254049,324.68113499583086,1.3881148540512362,195
415,"b00001000000001000100000000100001101010000011011001010001011000001000010010000000",4,7655.180233640065,"b00000101001001011000011010101110111011000101010110010100010011110111010000010001",16,0,0,0,0.6917832249080752,46.90511577516749,363.528207955983,1.0795459948398753,62
416,"b00010000011000001110111110101100001111100011111110000101110001001011110000010100",1,6806.993323914389,"b10011000011001100110111110111100001111101011010111000101110011101101110010010000",11,5,0,0,0.7443378305292756,346.653841235332,165.7394354295973,3.9858594306504584,195
417,"b00001001000000011111001010100011001001010111100000011101111100100000011000011000",1,7133.57635461961,"b10011000011001100110111110111100001111101011010111000101110011101101110010010000",13,1,0,0,0.7054133719550669,149.01541162088833,499.4261276444117,0.34437611263403317,196
418,"b00100000001000000110001010110011100110010011000011100010000010010010001100000110",2,7622.310136224037,"b00100000101101110110101010110011100110010011000011100011010010010110011000000110",10,1,0,0,0.7951911016553141,426.7053187440951,209.2166061911989,5.848920802021711,18
419,"b00001000001110010010000110000010101001000111110000011000110101100100011000000000",1,6335.9489594016195,"b10011000011001100110111110111100001111101011010111000101110011101101110010010000",17,0,0,0,0.7516639716607731,26.34952773826672,63.06548678045546,5.3036609716104195,197
420,"b00011000001010010010011010010100010110000110100100101010011110101101100100010000",0,8161.148022510182,"b00011000001011010110011010010101010110110110100101101010111010101101110100010001",9,1,0,0,0.7608690491631495,373.10578792205746,302.13768843033694,1.9750048627194294,6
421,"b00000000001000001000010010100010110011000001000100000100000001000000000000010000",4,5616.426978919268,"b00000101001001011000011010101110111011000101010110010100010011110111010000010001",21,0,0,-1,0.6480096437038699,170.1738316760465,262.02086176916885,1.630211211726475,63
423,"b00001100000110110000000010100000001110000010001100010000111000001111110001000101",4,3542.272980980289,"b00000101001001011000011010101110111011000101010110010100010011110111010000010001",21,12,0,0,0.8610205823144635,231.54785563731676,133.32713517879276,0.5673489962770746,63
424,"b10010000011000000110111110010100001111101011111110000111110011100101110010010000",1,8508.676961138024,"b10011000011001100110111110111100001111101011010111000101110011101101110010010000",7,3,0,0,0.7555043891078089,471.04106038343764,294.7145278923049,1.0949231424338364,198
425,"b00001001000110010111000010100010101001010110110000101100110001000000001000001000",1,7392.561534934311,"b10011000011001100110111110111100001111101011010111000101110011101101110010010000",17,0,0,0,0.7283269638872499,9.616849033721579,225.10191553820292,1.1454302990756404,199
426,"b00000000000000000000110000000000000000000001100000000110000000000000010000000100",5,1604.1424158474617,"b00000001011111001100000011001001101001000111110010000000010111101100110100001000",29,5,1,0,0.853916608833674,317.7005437334846,429.1192117489085,4.884234224342279,2
427,"b00001001001100010011001011100011101011000111100000101101111101100000000000000000",1,6941.405283714023,"b10011000011001100110111110111100001111101011010111000101110011101101110010010000",14,1,0,0,0.7109078843742282,163.5701942339144,416.2682677231463,3.171565986395893,200
428,"b00000000001000011000011111000111111111000011111010000110000001011000000000000000",4,4650.5853087478645,"b00000101001001011000011010101110111011000101010110010100010011110111010000010001",17,9,0,0,0.7449965123987263,304.94770073292096,132.97895182921582,4.399864074265016,63
429,"b00001001001100110111001010000011001111000111110000001101111101100000010000001001",1,7837.32080029452,"b10011000011001100110111110111100001111101011010111000101110011101101110010010000",11,1,0,0,0.69891164871772,60.86139190468116,494.77137793564214,5.895987055228512,201
430,"b00000000000000001100000011001001101001000110110010000000010001101000110100001000",5,9204.4263440761,"b00000001011111001100000011001001101001000111110010000000010111101100110100001000",10,0,1,0,0.6995344399230703,11.224011583327146,166.56291783300972,5.288096827599827,2
431,"b01000000000001000000001101110010111101000011010110001111110101010000000001000010",4,2058.8079191896813,"b00000101001001011000011010101110111011000101010110010100010011110111010000010001",20,13,0,0,0.8119280169011908,439.5552417261323,173.64346497341472,0.47517873437263725,63
432,"b00000100001000010000011110101010011111000001010100000000000010110011100000010001",4,6227.030742089099,"b00000101001001011000011010101110111011000101010110010100010011110111010000010001",13,3,0,0,0.7385554344437065,60.2055784553653,74.34116623401977,5.8763399985956255,63
433,"b10001000000000001110000101100001000010100111011100010100011000011000000010100000",4,7048.982851520292,"b00000101001001011000011010101110111011000101010110010100010011110111010000010001",14,3,0,0,0.7175360609897519,256.365706274293,307.5597159751584,4.311965734622689,64
434,"b00000001000110010110001010010000100011010111100000011101101101100000010000010001",1,6792.651105327088,"b10011000011001100110111110111100001111101011010111000101110011101101110010010000",16,1,0,1,0.7469914957766581,322.9324157326703,393.7533157906585,3.0116216093360766,202
435,"b00000000001100110110111010110011100100000011000010000011010010010010001000000100",2,8527.137561015159,"b00100000101101110110101010110011100110010011000011100011010010010110011000000110",10,1,0,0,0.7630245760493237,10.183147648562722,109.84520250113401,2.30799953148402,19
436,"b00000000000100100000001101100010100000000101101010000100000000010000010000001000",4,4475.954954114927,"b00000101001001011000011010101110111011000101010110010100010011110111010000010001",26,7,1,0,0.7527633231656486,255.23600974538735,150.64430840278118,3.9019697577414494,65
437,"b00001000000110110110001111101011111111010111110000111101111100100000010000001000",1,6202.50749748865,"b10011000011001100110111110111100001111101011010111000101110011101101110010010000",9,4,0,0,0.7934487317850997,373.60211580741304,82.83294314162738,3.256667762053881,203
438,"b11011000011100000110111110101100001111101111111111100101110001110001110011010000",1,4862.315701076222,"b10011000011001100110111110111100001111101011010111000101110011101101110010010000",6,8,0,0,0.8629249867689667,503.50397529507353,187.45588243123345,5.204975441988857,204
439,"b00001001000100010110001011100001011011010110110000001100111101000000011000000000",1,3919.2615718007874,"b10011000011001100110111110111100001111101011010111000101110011101101110010010000",17,2,0,0,0.7655342219440004,486.4548342759111,318.06360195944717,4.877516008126463,205
440,"b01000010100010010000000111010100111101100110101010111100010000010110010000011001",0,2454.4150645158043,"b00011000001011010110011010010101010110110110100101101010111010101101110100010001",18,11,0,0,0.8047509446281126,111.12248350325378,426.2924239243694,6.159325743864283,7
441,"b00000010100001000111000000001000000000000000000000000000000000000100000100000000",5,1389.1300170888208,"b00000001011111001100000011001001101001000111110010000000010111101100110100001000",27,4,0,0,0.7999699974597004,431.15314162378615,221.9752182176711,3.5704802054116165,3
442,"b00000001100100100111001010100011000111010011110000111101100101100000011000010001",1,6338.797293996657,"b10011000011001100110111110111100001111101011010111000101110011101101110010010000",13,2,0,0,0.7603217425930405,281.40086905014505,340.96950258577897,2.44694148626816,206
443,"b00001001000010011110001011110011111111011111110100011000111010100000011000010000",1,4468.576245863746,"b10011000011001100110111110111100001111101011010111000101110011101101110010010000",14,8,0,0,0.9327439847748444,449.25074773684,123.96732644029767,1.567553226786257,207
444,"b00001001000110010111001011110001101110000111100000111111110001100000001000000000",1,4486.209878128617,"b10011000011001100110111110111100001111101011010111000101110011101101110010010000",15,4,0,0,0.7673007538159708,54.920420039640796,45.01923483166027,0.36937922490549047,207
445,"b00000000000000000000000000000000000100000000011000000001110000000011000000000000",5,2246.8873825592177,"b00000001011111001100000011001001101001000111110010000000010111101100110100001000",27,3,1,1,0.8138024599490626,100.19903098535902,334.026352423748,4.337197723280109,3
446,"b00011000001111000000001000011000010100000111111000101000010100101001100100000010",0,4526.689107523958,"b00011000001011010110011010010101010110110110100101101010111010101101110100010001",20,7,0,0,0.7654117325984032,367.7499052115141,308.97987326465375,5.2163499614392475,7
447,"b00001101000100010111001011110011111011010111110000111101101100100000001000011001",1,4685.883750036901,"b10011000011001100110111110111100001111101011010111000101110011101101110010010000",9,4,0,0,0.9188618506300633,404.0767158683233,460.904676616871,1.4820775060476326,208
448,"b00000000000000000000001000000000110000000011000000001110000000000100100000001000",5,2503.8413818748004,"b00000001011111001100000011001001101001000111110010000000010111101100110100001000",26,5,1,-1,0.9877136851730512,177.07545646949532,461.65754276861884,3.392743227695754,3
449,"b10010000010000000110111010111100001111001011010100000100000011001001110010010000",1,7710.280494673411,"b10011000011001100110111110111100001111101011010111000101110011101101110010010000",13,0,0,0,0.7083148312792493,188.20732935134814,487.2575282537595,0.6051422659839938,209
450,"b00001001001000010111001000000001101001000111110000101100011100000000010000010001",1,8313.453078313692,"b10011000011001100110111110111100001111101011010111000101110011101101110010010000",18,0,0,0,0.7618626225197866,234.80814078224034,288.5456383309963,1.9257429153066234,210
451,"b00001001001100010111001010000001101011010111110000111101111101100000010000001000",1,7183.353017090728,"b10011000011001100110111110111100001111101011010111000101110011101101110010010000",10,0,0,0,0.7029952820668834,11.224205911703145,492.13208658299783,1.878936761277706,211
452,"b01000010100111111010111110100001110011010001000100111100110000110010000000100000",4,2118.039666945334,"b00000101001001011000011010101110111011000101010110010100010011110111010000010001",17,15,0,0,0.9122329307921113,328.3631886188249,81.51902027464749,0.6761823479609308,65
453,"b00001001000110010110000011100010111010011011111000011001011101100000011000000001",1,5355.985659071184,"b10011000011001100110111110111100001111101011010111000101110011101101110010010000",15,4,0,0,0.8200093680912187,327.2122980340466,19.323871472709644,4.1996177415074385,212
454,"b10011000011000000110011000111100000001000010010111001000010011100001110010000000",1,6449.9612029058935,"b10011000011001100110111110111100001111101011010111000101110011101101110010010000",17,1,0,0,0.8200570181357311,202.35967301937254,254.54715249278718,5.955946347246506,213
455,"b00010000000011100000000000001000011001100100000001010010101100100000001100100000",3,4522.412433817321,"b01000100111001101100110101101010000110111110111000110000000111001111010011011110",22,0,0,0,0.8234571686470585,309.6822199370774,114.36918880237225,4.5945109582690415,0
456,"b10001000011000000110111010111100001110101011110111000101010001001000110010010000",1,8033.602513722133,"b10011000011001100110111110111100001111101011010111000101110011101101110010010000",10,1,0,0,0.7136701443969433,68.71149308122908,486.74240139625186,2.169754873956804,214
457,"b10000000001000000010110110111100001111101010010111000101000011101101110010000010",1,7722.903688929759,"b10011000011001100110111110111100001111101011010111000101110011101101110010010000",11,1,0,0,0.7465786017001955,182.90982008873027,54.54079514325347,5.956820055156205,215
458,"b00011000011000000110010100110100001111001011110101100101010011000101110010010000",1,6347.820046672573,"b10011000011001100110111110111100001111101011010111000101110011101101110010010000",12,2,0,0,0.6688275930840419,273.4729565022981,421.7913897587002,6.137495286514527,216
459,"b00010000000000000010000011010000111010000010100000100110000110001000000000000000",2,559.8231945753289,"b00100000101101110110101010110011100110010011000011100011010010010110011000000110",27,8,0,0,0.7130308165741314,92.92170469845884,256.1999074424185,3.537492099815328,20
460,"b11010000010000000110101111111000001111101111111111000001010011101001110000000000",1,4241.172086296499,"b10011000011001100110111110111100001111101011010111000101110011101101110010010000",11,5,0,0,0.7786438643773982,270.8482910971139,62.35892730173027,5.476501572491614,217
461,"b00001001001010010101001011100011001011000111110000001101111000100010011000001101",1,7124.890634187876,"b10011000011001100110111110111100001111101011010111000101110011101101110010010000",12,2,0,0,0.7813215377607315,233.30075684062484,470.59202925037647,3.714164554729666,218
462,"b10000000011000000010101110011000001111100011011110000101110011111000010010000000",1,4058.401429860717,"b10011000011001100110111110111100001111101011010111000101110011101101110010010000",14,2,0,0,0.7737661170191648,95.03245040076978,234.9684002513692,3.3954354644854536,219
463,"b00000000000010011111001010100011001011010101110000011001111101100000010000011001",1,4804.903320620091,"b10011000011001100110111110111100001111101011010111000101110011101101110010010000",13,1,0,0,0.766642884495948,280.5900693311201,392.48625426446193,6.34742674513995,220
464,"b00001000011000100110111110110000001110101011010111000001110011001001110010010000",1,8874.097142767845,"b10011000011001100110111110111100001111101011010111000101110011101101110010010000",9,0,0,0,0.6701909217558323,139.5325018834792,419.35678546058375,2.2783114000254994,221
465,"b10010000001011000110111010111100000111101011010111000101000011101000000010010000",1,7476.693014896755,"b10011000011001100110111110111100001111101011010111000101110011101101110010010000",11,1,0,0,0.7254532884477376,54.698140454801354,280.2335297103931,4.387899797503116,222
466,"b00000000000000000000100000001000000100100000000000010000100000100001000000000000",5,2743.120531653459,"b00000001011111001100000011001001101001000111110010000000010111101100110100001000",26,2,0,0,0.8556969811319572,497.85492744088333,321.6096546729725,0.29213846195838356,3
467,"b00000000001010011000011110001111111100100111111110010110110000110111010000010000",4,5108.787216812859,"b00000101001001011000011010101110111011000101010110010100010011110111010000010001",9,10,0,0,0.7904230565918346,505.1628730708685,385.2817423848034,0.7284741145843312,65
468,"b11010000011000000100010000111000001110101011110111000101010011101001000000000000",1,6150.779514699363,"b10011000011001100110111110111100001111101011010111000101110011101101110010010000",16,2,0,0,0.7938315416748364,409.120694787044,249.8012155586391,5.570444331246204,223
469,"b00001001001010011000001010100001101001010101010000110100111001100000011100001001",1,5760.01452691581,"b10011000011001100110111110111100001111101011010111000101110011101101110010010000",16,2,0,0,0.8219538353590284,249.53792067504597,422.35807188398024,0.026587006089928936,224
470,"b00000000001000000110111110111100001111010011110011001111000001101000100010010000",1,4809.872922424089,"b10011000011001100110111110111100001111101011010111000101110011101101110010010000",15,4,0,0,0.8144592374686178,57.21622765272453,45.23344627183302,0.5482639186232756,225
471,"b00000001001000010011001011100001101111010111110000111101101101100000001000001001",1,7665.087937758883,"b10011000011001100110111110111100001111101011010111000101110011101101110010010000",12,2,0,0,0.7528075541334991,129.41488971646257,29.76680586370438,0.5968238746794541,226
472,"b00000010000100000000000110100101000011100000100010001110011000011011101000010011",5,3305.472066566982,"b00000001011111001100000011001001101001000111110010000000010111101100110100001000",20,14,0,0,0.7896046767509401,309.78488027794396,314.82587211591186,2.083106872013194,3
473,"b10000000011000000110011110111100001111101011010111000101010001101000110010000000",1,8135.990161130167,"b10011000011001100110111110111100001111101011010111000101110011101101110010010000",10,0,0,0,0.6919678667413459,115.47589728090452,311.82874763569816,0.899729384290209,227
474,"b00000000000000000000000000001000000010100001111000000111000001110000001110000000",5,1763.164382156515,"b00000001011111001100000011001001101001000111110010000000010111101100110100001000",23,7,1,-1,0.8345803227734063,288.0133673181067,61.576718084962216,1.0948332135093986,3
475,"b00000010100100000000011010000101111100010011111000110100000001110000000001000000",4,3121.9545655926813,"b00000101001001011000011010101110111011000101010110010100010011110111010000010001",22,11,0,0,0.8141363994738784,206.93950990468338,125.62035541022583,1.2509348675920429,65
476,"b00001000000000000010000100101000001000000000000100000101010001001001110000000010",1,1792.0478428156416,"b10011000011001100110111110111100001111101011010111000101110011101101110010010000",29,1,0,1,0.7041950780232552,416.20962551169197,427.90222326827376,1.3162012966406775,228
477,"b10011000001000100111011111111000011111110011110100001111010011100000000000110000",1,5944.572810382796,"b10011000011001100110111110111100001111101011010111000101110011101101110010010000",14,8,0,0,0.8104097490153368,294.29875170777353,152.74068703776157,4.72506740004318,228
478,"b01100000011001001000000011000011000111000001100000000101010001101000110100000100",2,7593.054849854624,"b00100000101101110110101010110011100110010011000011100011010010010110011000000110",12,1,0,0,0.7174012307092791,311.7320985151696,494.6369116116064,1.8557937791881625,20
479,"b00100000111001001001001011101001000111000011100111001111010001111001110100000000",2,6064.685923240371,"b00100000101101110110101010110011100110010011000011100011010010010110011000000110",9,8,0,0,0.7960883752609399,493.1592798672986,238.36915124034672,5.734154299749111,21
480,"b00001101000110001000011010110111101110001011111001111100000111001000011100000000",4,2113.719551096078,"b00000101001001011000011010101110111011000101010110010100010011110111010000010001",17,17,0,0,0.8633695156547944,179.18296565350036,293.69881475314867,1.9208875083837444,65
481,"b10001000000011000101000000101001101010100011000001110111011000011000010010100000",4,9490.353597955878,"b00000101001001011000011010101110111011000101010110010100010011110111010000010001",9,1,0,0,0.7439802712686187,22.147772427371727,133.10013288791347,6.118347449806186,65
482,"b01001001000100000100001010100001101001010011110001110101111101100000001000100000",1,7488.106027842632,"b10011000011001100110111110111100001111101011010111000101110011101101110010010000",17,3,0,0,0.7711009112164776,249.20702520327995,190.85571822309777,3.7322628846955395,228
483,"b00000101001000011000011010100100101001000101010110010100010011110011010000010000",4,7214.9036373189765,"b00000101001001011000011010101110111011000101010110010100010011110111010000010001",7,0,0,0,0.6588517763403727,119.23684993309425,432.1989404811272,2.3314506137602855,66
484,"b00000000000000000101111111111100001111101011111110000101110011110101110000010000",1,6142.998938047545,"b10011000011001100110111110111100001111101011010111000101110011101101110010010000",11,5,0,0,0.7364095048145715,331.8410416331724,188.2168247513799,3.7481422025222275,228
485,"b11010000001100000110111110110000111111101011111111001111100011111100110010010000",1,4661.403343993223,"b10011000011001100110111110111100001111101011010111000101110011101101110010010000",8,9,0,0,0.7862578611541372,500.99180569763354,382.6224309316756,0.5842956974249132,229
486,"b00001001000111000110001110100011000011010111110000111101101101100000011000011000",1,8047.9540353143575,"b10011000011001100110111110111100001111101011010111000101110011101101110010010000",10,1,0,0,0.7780742121811589,425.6251371533714,200.6198935302583,3.5002243598605727,230
487,"b00000000000000001111001100101001101010100111010001100001011000011000000010100000",4,7521.206263810553,"b00000101001001011000011010101110111011000101010110010100010011110111010000010001",12,2,0,0,0.7734304471863616,38.58830259821043,138.87650281190184,5.197933565752871,67
488,"b00000000101100000110101010110011100110000011000011000011010010010010001000000110",2,8107.709677997638,"b00100000101101110110101010110011100110010011000011100011010010010110011000000110",8,0,0,0,0.7088655145940123,42.46062622802194,271.59694758987473,0.9899620239315006,22
489,"b11100100110010100000111110110101101001001111111111011001100110000100000000010000",4,2776.333353152897,"b00000101001001011000011010101110111011000101010110010100010011110111010000010001",18,20,0,0,0.7306285128656713,101.94746287800693,158.79807387839656,1.5503213397194564,68
490,"b00000000100000000000000000000000011000100000011110010110000001010000000000000000",5,2092.1750398600516,"b00000001011111001100000011001001101001000111110010000000010111101100110100001000",23,4,0,0,0.7360322976574113,350.62864180931876,212.69185125215316,4.1262549167233775,3
491,"b10001000001000000110111110110100001111101011010111000101000011111001000010010000",1,8268.710123952498,"b10011000011001100110111110111100001111101011010111000101110011101101110010010000",10,1,0,0,0.6884768548743085,79.90997870822096,498.547473341887,0.506606404758517,231
492,"b00001001001010010100000010100010101000010100110000111100100001100000011000000000",1,6736.611242614907,"b10011000011001100110111110111100001111101011010111000101110011101101110010010000",20,0,0,0,0.7078714731899596,41.560608691415496,413.0838260137058,3.446497893641342,232
493,"b10001000001001001111001000111001001010100011010100100101011000011000000010100000",4,8537.424939944263,"b00000101001001011000011010101110111011000101010110010100010011110111010000010001",8,1,0,0,0.7551784362957275,338.5133575777653,409.9401949667402,1.0928867078734505,68
494,"b10000000001000000100111110111100001011101010010110000101010011100001010010010000",1,7692.0254831475795,"b10011000011001100110111110111100001111101011010111000101110011101101110010010000",13,0,0,0,0.6897989777095898,181.005103905311,496.7453264817458,3.409897070570877,232
495,"b00000101001000000000000010101110111011000100000110010000010001100011000000000001",4,4609.14023279683,"b00000101001001011000011010101110111011000101010110010100010011110111010000010001",13,0,0,0,0.7176197450413312,124.01456685469184,246.76579249073083,6.136281084347778,69
496,"b00001001000000100101001011100010101010000111100000111000100100100000010000000000",1,6888.044995388501,"b10011000011001100110111110111100001111101011010111000101110011101101110010010000",21,1,0,0,0.7626437089122217,135.1613149148849,217.4031616497533,0.42666567376648035,233
497,"b10010000010001101100111010110100001100100000000111100101100001101000100010000000",1,4709.886244296018,"b10011000011001100110111110111100001111101011010111000101110011101101110010010000",17,2,0,0,0.9127416260673542,184.4945046229065,308.58013686368963,0.883409596874686,233
498,"b11000000001110001000001100000000000000100111101011011100100001100011010000010001",0,2867.1229085963982,"b00011000001011010110011010010101010110110110100101101010111010101101110100010001",21,8,0,0,0.8500255778411817,206.92588941786025,188.40751629264986,4.635536206509008,7
499,"b00001000001110010111000111100011111111011111111000111111111100100100011000011001",1,5575.24027713487,"b10011000011001100110111110111100001111101011010111000101110011101101110010010000",5,6,0,0,0.7969811895624769,444.8265470918002,166.35116231958048,0.9875623593157281,234
500,"b00010011000100101110011111100001111111000111111100111011111001100000010000001001",1,4763.1200566867365,"b10011000011001100110111110111100001111101011010111000101110011101101110010010000",13,10,0,0,0.8117524216603819,45.75034929245881,48.80554668336059,2.124273536303031,235
501,"b01000000000100000000011110001100001011111001011100000101011110111101000010000100",1,2583.7079105831426,"b10011000011001100110111110111100001111101011010111000101110011101101110010010000",21,8,0,0,0.787226882468331,4.795846028894247,469.7240164238891,4.403588088097955,235
502,"b10011000001000000010110110111100000010000000010111000101010011101001100010010000",1,7238.372545617909,"b10011000011001100110111110111100001111101011010111000101110011101101110010010000",15,0,0,0,0.7270401644150057,43.38900474228784,295.341978878667,3.706525619404106,235
503,"b00001000001100010111001000100011101001010111000000111101101101100000010000000001",1,5843.47332272852,"b10011000011001100110111110111100001111101011010111000101110011101101110010010000",14,0,0,0,0.7260514624303048,9.026238907281947,414.8567544871651,1.5550878943612987,236
504,"b00001001001110110111001010100011101011010101110000110101111101100000011000010001",1,6426.195053639884,"b10011000011001100110111110111100001111101011010111000101110011101101110010010000",6,0,0,0,0.7684950444634203,254.23560148547875,490.81525126264137,5.05689407979173,237
505,"b00000000000001111110101101100010100010101111011101111101111011100000000000000000",4,4830.715335466282,"b00000101001001011000011010101110111011000101010110010100010011110111010000010001",14,12,0,0,0.7964754234810558,349.9844513140668,286.95427969460957,4.517667740248297,70
506,"b10001000001111001111001001101000111110000011010001100101011000010000010010100000",4,8970.900453908402,"b00000101001001011000011010101110111011000101010110010100010011110111010000010001",8,4,0,0,0.7764271100185922,231.1414096188162,150.9268824961336,2.883364455179372,70
507,"b01110011001001000001000000001000010001010111000001010010100000100000011000100010",3,5675.937843975516,"b01000100111001101100110101101010000110111110111000110000000111001111010011011110",19,1,0,0,0.7845308206225662,323.15301122108895,91.71349160412278,4.855078047697665,0
508,"b00000001000000010000001011101010111011000101000100010100000000000101010000010001",4,6817.840298788347,"b00000101001001011000011010101110111011000101010110010100010011110111010000010001",14,1,0,0,0.7839151652550123,339.2712802437045,405.1520730672513,2.4314126033544037,71
509,"b10001000001011101110001001111001101010100001011100110100010000001000000010000000",4,8892.083653956146,"b00000101001001011000011010101110111011000101010110010100010011110111010000010001",9,2,0,0,0.8256674304186258,479.61468570460045,385.3160178058964,0.33159821932339417,72
510,"b00001001000100111111001011100011111101010111110101111111111101000000011000010000",1,7040.16707917237,"b10011000011001100110111110111100001111101011010111000101110011101101110010010000",9,7,0,0,0.7975081552369999,483.4358376608336,237.3102873356554,5.276643817638291,238
511,"b01100000000011111000001001100111000111000001100110001101110001000000110100000100",2,6706.5640483712705,"b00100000101101110110101010110011100110010011000011100011010010010110011000000110",11,5,0,0,0.7959402064852065,42.848051690001455,93.35596365156194,1.8296607142577828,23
512,"b10000000011011101110000011111111100111000010101100110110100001001010100000000000",4,3338.523335488716,"b00000101001001011000011010101110111011000101010110010100010011110111010000010001",15,13,-1,0,0.7873838942690342,40.469829137418664,387.43567397473686,2.3999507178708694,73
513,"b00100000000011000000001000001000110000000011000000001000000000000000000000000000",5,2334.804125905218,"b00000001011111001100000011001001101001000111110010000000010111101100110100001000",26,4,-1,-1,0.8107816852985783,286.2601658937339,464.29794195009924,3.9600132500539065,3
514,"b00000001001000011100111011111110111011000001010110011100010001110011000000000000",4,9738.259595248826,"b00000101001001011000011010101110111011000101010110010100010011110111010000010001",8,5,0,0,0.7269442132461186,48.53874316894615,198.0493877030658,1.696666879105587,73
515,"b10011000010000000110011110110000001111101011011110000100010001101000110110010000",1,7367.634677104956,"b10011000011001100110111110111100001111101011010111000101110011101101110010010000",12,2,0,0,0.7035794217916393,320.2171823211498,207.33079260848635,3.2255491137522405,239
516,"b00010000011000000100011110111100001111101001010100000101010011101001100000000000",1,4897.2899324288455,"b10011000011001100110111110111100001111101011010111000101110011101101110010010000",14,0,0,0,0.7466966203021149,103.43499145250418,389.2099604882303,0.33191416949471303,240
517,"b00001000000110000000001010000001111000000111101100011101110100100100011000000000",1,3746.28168976998,"b10011000011001100110111110111100001111101011010111000101110011101101110010010000",21,3,0,0,0.7308581600240295,245.58524188406076,236.02966129078584,-0.09355099808962855,241
518,"b10010000001000000010011110111100001111100011110110000110000011111001100010000000",1,7530.56477541079,"b10011000011001100110111110111100001111101011010111000101110011101101110010010000",14,3,0,0,0.7448210770333648,76.48663943790153,28.99570903852832,4.951949124607727,241
519,"b00000000000110000010001011111011101011010011100000111001111101000000000000011000",1,7134.023201358079,"b10011000011001100110111110111100001111101011010111000101110011101101110010010000",17,3,0,0,0.7077746317355748,106.38152421971027,117.24005839810216,0.9290926720627428,242
520,"b00001000000110010110001010100001101010010111100000011100110101100100000000000001",1,7458.833870167528,"b10011000011001100110111110111100001111101011010111000101110011101101110010010000",16,0,0,0,0.6971403063328114,269.5613220703646,345.4907405692374,5.7218956156621585,242
521,"b00001001001000110110001011110001111111010111110000111101100101000110001000001000",1,5388.387293804884,"b10011000011001100110111110111100001111101011010111000101110011101101110010010000",11,4,0,0,0.8605755804111525,466.1695498246845,110.69954584073518,2.443862282877828,243
522,"b00100000101000010010001010100011000110000010000010100110010000011100011000000110",2,6832.873316185212,"b00100000101101110110101010110011100110010011000011100011010010010110011000000110",13,2,0,0,0.7557601522973274,412.1024836934618,223.1502274567664,0.9208135329150776,24
523,"b01100110000101010000111000010001101100000100110000010011000000111111000100001110",2,1175.2519716523993,"b00100000101101110110101010110011100110010011000011100011010010010110011000000110",19,14,0,0,1.210641002277473,288.33955185174074,64.2737857108481,2.529155131720187,25
524,"b00001000001110110111001010100001101011010111110000101101111000000000011000001000",1,7760.262567805873,"b10011000011001100110111110111100001111101011010111000101110011101101110010010000",11,0,0,0,0.7424872796238908,419.07842563659125,230.1870599700368,3.561927042649101,244
525,"b00000001010000001100000011011000101001000111110000000000010011011100110100001000",5,8078.804765404191,"b00000001011111001100000011001001101001000111110010000000010111101100110100001000",8,2,0,0,0.7280134717394815,132.32086220293994,365.07853859848115,2.418515739026394,3
526,"b00000000000010000000000100000001111001111111110011111110001001101110110000001001",1,1176.2365556121522,"b10011000011001100110111110111100001111101011010111000101110011101101110010010000",20,8,0,0,0.8144938313959935,311.48466692144655,352.7735154659224,4.292530561156591,245
527,"b10000000011000000010110110011000000011101011010111000101000000101100100000010000",1,2031.5201785079967,"b10011000011001100110111110111100001111101011010111000101110011101101110010010000",17,0,0,0,0.7555858324467346,352.04862202886324,262.22975097200765,4.841580477400413,245
528,"b00000000000000000000000000000000000000000100100000000000000000100000000000000000",5,2624.6769582486013,"b00000001011111001100000011001001101001000111110010000000010111101100110100001000",29,0,0,-1,0.6486915803684439,142.25424301345626,284.90795829079366,3.1478305256452375,4
529,"b01010100000001011000001100111100010011111101001110000100110001001001100101000000",4,2138.2080600861646,"b00000101001001011000011010101110111011000101010110010100010011110111010000010001",17,13,0,0,0.7672819202799311,288.5543129616853,162.32186468115313,1.4610525479163103,74
530,"b00000000000110011011011000000000101111110011011111001011100011110000111110000000",5,4795.700622209817,"b00000001011111001100000011001001101001000111110010000000010111101100110100001000",10,13,0,0,0.7644041183151415,493.7387772991382,476.45494856531695,0.397678331028564,4
531,"b00001001001110111111001011101101101011010111010000001100101101100000010000011000",1,7372.699012656503,"b10011000011001100110111110111100001111101011010111000101110011101101110010010000",11,4,0,0,0.737892271193461,375.5729582239637,443.1375996711822,6.155814926440014,246
532,"b10000000011001000011111110011000000011001011010100000101010000001001100000010000",1,3047.2732734335314,"b10011000011001100110111110111100001111101011010111000101110011101101110010010000",18,1,0,0,0.9496164546702976,371.34404779097525,506.13939615178174,3.8088405069013724,247
533,"b01101000001001100111011100111110111000101101011111110000011000001000000000100000",4,4825.011832142824,"b00000101001001011000011010101110111011000101010110010100010011110111010000010001",12,11,0,0,0.9454832429714908,241.75991104241794,127.28270531424535,3.0538683882626083,74
534,"b00100000001100010010101010010001100110010001000011100011000010011110011000000100",2,8217.65296520228,"b00100000101101110110101010110011100110010011000011100011010010010110011000000110",9,1,0,0,0.7334032664874461,83.4074309855945,246.04945605084137,2.025631560342577,25
535,"b00110000101000010110101010110011100110000001100010100011010010010110011100000110",2,7606.754623465364,"b00100000101101110110101010110011100110010011000011100011010010010110011000000110",6,3,0,0,0.8031494836465243,334.87748051391304,382.3216624285878,0.6498434374214873,26
536,"b00110000000011100000101110000000000110000000001000000000001000000000100000000000",5,4076.4741726973934,"b00000001011111001100000011001001101001000111110010000000010111101100110100001000",25,7,-1,-1,0.7413823564862937,354.635009349902,446.4620408053043,0.3677077127278714,4
537,"b10110001100001001111111101011000000101011011011100000111001101100110000000011000",1,2670.2254035027045,"b10011000011001100110111110111100001111101011010111000101110011101101110010010000",20,13,0,0,0.8004036773453815,139.83381239505587,130.27648593853547,5.572131720286373,248
538,"b01100000010000001000001011000101000011000001100101000000011101100010100100000100",2,7781.666821620284,"b00100000101101110110101010110011100110010011000011100011010010010110011000000110",13,1,0,0,0.7344620009461201,104.84508009989194,455.7670273482981,2.2669055103892752,27
539,"b00011000011001100110111010111111101011100001111110000111000000000000000000000000",1,3135.9105159774713,"b10011000011001100110111110111100001111101011010111000101110011101101110010010000",18,6,-1,0,0.7739128025455928,122.30561514542488,111.3300214321104,2.1470071899383747,248
540,"b01000000000001100000001100111100111010110011011100010101010100011101100000100000",4,2805.417076089057,"b00000101001001011000011010101110111011000101010110010100010011110111010000010001",15,10,0,0,0.8804287600480044,460.20225642952795,372.7208578676405,0.5014595686423624,74
541,"b00010000011000000110111000010000001111100011011110000101010001001001110010010000",1,7768.671755908723,"b10011000011001100110111110111100001111101011010111000101110011101101110010010000",15,1,0,0,0.7697261058731633,54.29291350719369,193.23253418289337,4.717197809860352,248
542,"b10001000101100010011011101010101100011100101001110001001010001000001010000001000",0,5432.0153065529685,"b00011000001011010110011010010101010110110110100101101010111010101101110100010001",13,4,0,0,0.8175958516683829,236.12925029860327,497.7789991331923,1.2759871265099303,7
543,"b00000101001000011000011010111110110011100101010110010100010010110011010000010001",4,10000.871549188541,"b00000101001001011000011010101110111011000101010110010100010011110111010000010001",4,2,0,0,0.7335718255105277,296.080864060093,203.19118401529815,1.082249184664958,74
544,"b10010000000000000110111010111000001110100011110111000110110001111101100000010000",1,4471.009724434694,"b10011000011001100110111110111100001111101011010111000101110011101101110010010000",13,3,0,0,0.7576239345260978,109.57184460471039,449.8057750222865,2.7753437172198128,249
545,"b11011000001001000100110110100100011111101011100100000001110011100011010010010000",1,5599.7958393743675,"b10011000011001100110111110111100001111101011010111000101110011101101110010010000",13,4,0,0,0.8469521495150966,497.7615465279338,45.434611750626864,1.6915763479390469,250
546,"b00000001001000011000011010101110111010000110000100010100010001110011010000010000",4,8674.825966685718,"b00000101001001011000011010101110111011000101010110010100010011110111010000010001",9,1,0,0,0.7053402575038054,74.77024648889297,223.40247981905705,4.419479995422227,75
547,"b00000000000000000000001001000000001100000000110000000000000000000000000000000000",5,2755.092973238205,"b00000001011111001100000011001001101001000111110010000000010111101100110100001000",28,2,-1,-1,0.7195916176303553,96.44413519115331,316.11934057284367,4.756424772580135,4
548,"b00000001000110010110001010000110111110011101011000110101111101100000011000001000",1,7268.555518355569,"b10011000011001100110111110111100001111101011010111000101110011101101110010010000",15,5,0,0,0.8838011772494146,340.0111652661899,378.1481614517946,1.1007184301474542,251
549,"b00100000010000001001010011001101000001000001100110111100010100111000110000000000",2,5083.237995331098,"b00100000101101110110101010110011100110010011000011100011010010010110011000000110",15,5,0,0,0.763053678150472,297.94749866750294,450.0332764683258,4.092237765708932,28
550,"b00000101001000011000011010000111111111000000010000000000000000000000010000000000",4,3832.6895198774746,"b00000101001001011000011010101110111011000101010110010100010011110111010000010001",19,2,-1,0,0.8128290184271397,107.78058983254725,450.0563602479628,3.3193026006981907,76
551,"b00001001000110110101001110110011111110010111110000111101111101100000001000001001",1,7376.2964287272025,"b10011000011001100110111110111100001111101011010111000101110011101101110010010000",7,3,0,0,0.7606368188581932,333.64056647250237,267.59488828328887,5.014687101511537,251
552,"b00000000010000000010100010001100011111101011110110000111010011110001000000000000",1,4681.042124553885,"b10011000011001100110111110111100001111101011010111000101110011101101110010010000",20,4,0,0,0.747306538012559,509.48580535112865,211.7864347736811,3.865503265854297,252
553,"b00000000000010110000000000000000000000000110000000000000000000100000100000000000",5,1424.4184572077788,"b00000001011111001100000011001001101001000111110010000000010111101100110100001000",27,2,0,0,0.6933264425850626,260.472855218439,237.09257928965567,5.126418451219205,4
554,"b00000001000110000111001000110011101011010111100000111111111100100100010000000001",1,6723.782617225726,"b10011000011001100110111110111100001111101011010111000101110011101101110010010000",12,2,0,0,0.8247614244563556,440.0128014409749,176.69036738469052,5.614228442695234,252
555,"b00000000000000000000000010100010101111000011100010010100000000000000000000000000",4,3923.764417627757,"b00000101001001011000011010101110111011000101010110010100010011110111010000010001",25,3,0,0,0.7131949202346038,336.82834656080024,288.3802836060472,3.188433207452133,76
556,"b01001000000110011111001111101000111111101111110000111111011101100001111000000000",1,5119.630665069537,"b10011000011001100110111110111100001111101011010111000101110011101101110010010000",12,11,0,0,0.7823778478153207,486.28080130715983,52.18341133107393,3.0939066252198235,253
557,"b00000000000000011001001001100101100110110011000100000011110000010110000000000000",2,2062.01227143123,"b00100000101101110110101010110011100110010011000011100011010010010110011000000110",20,7,0,1,0.734562218497654,142.51676757171523,11.568503666925597,5.725298283964191,28
558,"b10011000011000000110011110111100001111100010011100000101110010101100010010000000",1,5406.67347050466,"b10011000011001100110111110111100001111101011010111000101110011101101110010010000",11,1,0,0,0.7805787613728993,244.3942009659195,273.0684360463862,5.083346385855626,253
559,"b10011000000001001111001000111001101000100011010100111101011000010000000000100000",4,7856.106878461289,"b00000101001001011000011010101110111011000101010110010100010011110111010000010001",10,3,0,0,0.7712927323293914,341.7141492548535,246.82859312374956,0.4941603458948326,76
560,"b11001000000111110000001100111101111111100111111000011101111100111101100110000010",4,3307.5082202284825,"b00000101001001011000011010101110111011000101010110010100010011110111010000010001",11,20,0,0,0.7789127276875019,435.8900192588701,125.6782750567473,0.5631898432486768,77
561,"b00000000000000000000000000000000000111100001100000100000000000011000000000000001",5,1024.7006991139099,"b00000001011111001100000011001001101001000111110010000000010111101100110100001000",27,5,0,0,0.7769546976937137,15.405387934788253,209.21743067660074,4.663045763046888,4
562,"b01100000000001001001001011000001000010000000100011001100000001111000010100000000",2,4241.2362333138835,"b00100000101101110110101010110011100110010011000011100011010010010110011000000110",16,1,0,0,0.7207516624647793,15.728294843778693,407.31966423186634,1.1116773962437567,28
563,"b00000001000000010011000100100001111011010011110000011100111101000000011000001001",1,7633.720046911429,"b10011000011001100110111110111100001111101011010111000101110011101101110010010000",16,1,0,0,0.760245016613764,385.4094299680252,352.31812051923725,6.069739500697594,254
564,"b00001000001000100101001111110010111111001111111000011111111111100100001000010001",1,6078.050155362563,"b10011000011001100110111110111100001111101011010111000101110011101101110010010000",11,8,0,0,0.8008638706537081,461.89028475939125,25.97658935770032,4.722231010518145,255
565,"b00000000000000000000000000000000001000000001100000000000000000000100000000000000",5,2662.1148807686022,"b00000001011111001100000011001001101001000111110010000000010111101100110100001000",28,0,1,0,0.7259903798625024,342.245610997943,468.23861705037604,2.5230156802951544,4
566,"b01100000010101001001000001000101000011010001100111001001010000101000110000000100",2,8774.93290050244,"b00100000101101110110101010110011100110010011000011100011010010010110011000000110",12,2,0,1,0.7443599023332792,48.67242665984811,305.7140876721446,1.2157369011738735,29
567,"b00000010000000000000001000000000100000000000000000000000000000000000000000000010",5,2282.8868542096566,"b00000001011111001100000011001001101001000111110010000000010111101100110100001000",31,3,0,-1,0.9230054660434979,39.64689397416301,287.5656864480297,0.2672628972137896,4
568,"b01000000001000001000110100101000000010101100001000111000000111001011010000011100",3,4067.3044647639063,"b01000100111001101100110101101010000110111110111000110000000111001111010011011110",17,1,0,0,0.8266231438286521,210.01486526762505,299.9819748687025,4.212858609830578,0
569,"b00011000001001100001000110111000011111111110111100001111100011111011000100100110",4,1879.9998310112837,"b00000101001001011000011010101110111011000101010110010100010011110111010000010001",16,21,0,0,0.8024585937253486,352.36789229449494,194.21239343975495,5.286977022422017,77
570,"b00000000000000000000010000000000000011011111010000000000000000000000000000000000",5,3065.064249753217,"b00000001011111001100000011001001101001000111110010000000010111101100110100001000",27,4,0,0,0.9854730200227739,314.1979574196196,380.5598057171428,2.377445450343207,4
571,"b00011001101110011000001010110110111100000111011011101000100000100010000000001000",0,3696.116822701539,"b00011000001011010110011010010101010110110110100101101010111010101101110100010001",19,11,0,0,0.8575710143096544,402.72826728342733,361.4927276344216,1.0102680261641814,8
572,"b00000000000000000000000000011000000001000111110000000101100000100110000000000000",5,944.380781911155,"b00000001011111001100000011001001101001000111110010000000010111101100110100001000",23,5,1,1,0.7003092002084457,354.0509801982755,475.97561120953753,4.720865157448611,4
573,"b10011000011000110110110110111100000111101010111111110111000001011001100010100000",1,5092.285291416058,"b10011000011001100110111110111100001111101011010111000101110011101101110010010000",11,8,0,0,0.7554598946257051,361.82373443527774,12.502206798423376,0.8097497149462483,256
574,"b00001001000010111101001011100111101110010111110000111101011101100000011000000001",1,6878.457748732543,"b10011000011001100110111110111100001111101011010111000101110011101101110010010000",10,4,0,0,0.7890663755275812,37.501731469832876,196.64238602813816,6.260191281189113,257
575,"b11011000010000000100010110111000000111101011010110000100010011000000100000010000",1,9082.33886136208,"b10011000011001100110111110111100001111101011010111000101110011101101110010010000",17,1,0,0,0.8225726388268685,298.8856836588863,146.84127047210814,5.5947661079249436,258
576,"b01000100000111010111000011000100110001010011101000000110110010110000001001000000",5,3190.104662649451,"b00000001011111001100000011001001101001000111110010000000010111101100110100001000",18,15,0,0,1.134603085461392,7.987416418362929,274.29343076258397,5.6509246252547864,4
577,"b00000000000000000000011001100011111010001111111100110100110011110010000000111010",4,4524.6035101571315,"b00000101001001011000011010101110111011000101010110010100010011110111010000010001",15,11,1,-1,0.7410777075759537,339.8571339262175,442.8745020695061,5.181384704846943,77
578,"b00000000000000000000000000000000000111000000011100000011100000010000000000000100",5,2544.078351160863,"b00000001011111001100000011001001101001000111110010000000010111101100110100001000",24,3,1,1,0.7121608867516668,178.21305895842696,22.13248086286778,4.304390532997021,4
579,"b00100000010001001001000001000011010111000001100111001011010001101001110100000100",2,5130.882202049799,"b00100000101101110110101010110011100110010011000011100011010010010110011000000110",11,4,0,0,0.8190839970090036,447.821632680046,169.4375199952615,1.1927391528706468,30
580,"b01100000011000000001001011000111000011000000100111000001010001100000100100000000",2,6905.937932690391,"b00100000101101110110101010110011100110010011000011100011010010010110011000000110",13,0,0,0,0.7831481550631465,90.2542057762861,132.40849078976464,1.1396435798102842,31
581,"b00000001100000000100000000000000001100000001100000000000000001000000000000000000",5,3079.757559205224,"b00000001011111001100000011001001101001000111110010000000010111101100110100001000",26,2,0,-1,0.9012951834363259,13.422051710355609,189.96536128297845,0.6718711121900736,4
582,"b00000000000000000100001000000000100000000000000000000000000000000000000000000000",5,4170.240954004838,"b00000001011111001100000011001001101001000111110010000000010111101100110100001000",30,1,-1,-1,0.7122121308815487,147.76261199032652,16.77932865941367,0.18777782347436023,4
583,"b00000000000100000000111000010011101010000011110000000101010001010010000000000000",4,793.7133674859759,"b00000101001001011000011010101110111011000101010110010100010011110111010000010001",23,7,0,-1,0.7677307843847245,412.4023197797299,104.56915856435012,0.5019017027353796,77
584,"b00000000000011100000000010000000000100000000010000000000000100000000000000000000",5,3227.1932682335473,"b00000001011111001100000011001001101001000111110010000000010111101100110100001000",27,2,-1,1,0.7218960320911331,488.53173407666696,368.4270110905358,2.107593877266887,4
585,"b00000001000100100000001100000001010011100000000001101100001000010001000010000100",5,2936.370495641877,"b00000001011111001100000011001001101001000111110010000000010111101100110100001000",22,9,0,0,0.8134245904606645,138.7408708314503,321.81330568100566,0.031465416307258014,4
586,"b00000000000011111000000000011000000000000000000100000000000100000000001000000000",5,2258.825545758243,"b00000001011111001100000011001001101001000111110010000000010111101100110100001000",28,6,0,0,1.1572763854200236,434.0243677474987,193.89569329473892,1.7352648787224072,4
587,"b00011000001101100000000110000000111000000011100010000110000001101000000010000000",5,1307.0484508808656,"b00000001011111001100000011001001101001000111110010000000010111101100110100001000",19,8,0,-1,0.7698601949655884,172.99489539945367,51.942440349858565,1.7270964334624692,4
588,"b00000000011000000110011110110100011111101011010101000101010000101001110010000000",1,7414.553843924656,"b10011000011001100110111110111100001111101011010111000101110011101101110010010000",13,1,0,0,0.6715545909070363,121.00912413823056,216.93693752521114,0.23787916595811806,259
589,"b10010000011000000100111110011100001111100011010110000111010011111001100000010110",1,6900.849066147982,"b10011000011001100110111110111100001111101011010111000101110011101101110010010000",11,4,0,0,0.7794902804257833,377.1331535578968,253.74186977270142,3.0186392027477202,260
590,"b00000100001000001000011010000100101011000101110110010000010011100011010000010000",4,8350.144395059035,"b00000101001001011000011010101110111011000101010110010100010011110111010000010001",11,1,0,0,0.779439992312496,6.172863094795587,403.83518812806324,5.14038007774891,77
591,"b00000101001000010000001010101110111111000101110100000100010011110111110000000011",4,7957.459864940711,"b00000101001001011000011010101110111011000101010110010100010011110111010000010001",6,4,0,0,0.791794048897018,6.647244731494019,45.57620318101231,1.299286966937808,78
592,"b00000000000000000000000001000000001000000000010010000001000000000000000000000000",5,3964.2099582572937,"b00000001011111001100000011001001101001000111110010000000010111101100110100001000",28,1,0,1,0.7234885423607915,197.30770767820428,201.58775945567297,0.8960377197279701,4
593,"b00010000000000000110011100011100001111101011010110000101010001110100100010000000",1,4167.755158159577,"b10011000011001100110111110111100001111101011010111000101110011101101110010010000",16,1,0,0,0.7426377160964809,103.80815097904458,392.35157979471967,3.336116451364471,261
594,"b00000000000000000000000000000000000111110111111111000011001000000000000000000000",5,2490.3800443304135,"b00000001011111001100000011001001101001000111110010000000010111101100110100001000",22,7,0,1,0.7842365035314869,411.43356560494834,97.52305760876885,3.6581573042658198,4
595,"b01001000010010101001100011101100010111000111100011011011000011000001110000001000",5,1967.0619182771213,"b00000001011111001100000011001001101001000111110010000000010111101100110100001000",15,16,0,0,0.817715326071055,452.1981789263685,121.20347648285352,5.731258814808755,4
596,"b00001001001100010110001011100000100011000001000000001101010000100000011000001001",1,7298.072120508199,"b10011000011001100110111110111100001111101011010111000101110011101101110010010000",21,1,0,0,0.7019572479244001,70.12337884369042,351.1454656970149,2.794790449739478,262
597,"b00000000001000010000011011101010101110000101000000010000000000000011000000010000",4,4831.681735575398,"b00000101001001011000011010101110111011000101010110010100010011110111010000010001",19,2,0,0,0.6973838320248811,203.66130893141263,419.7003232237574,4.659213510669179,79
598,"b10000000000011000100001010100100100011100011111010110101001000001000010010100000",4,5862.853902103188,"b00000101001001011000011010101110111011000101010110010100010011110111010000010001",14,5,0,0,0.909997823406806,69.28927138917682,268.1846816631226,1.7444432404747028,79
599,"b00000000001000000000000011000000001000000100000000000000100000000001100000000011",5,1765.4503321480197,"b00000001011111001100000011001001101001000111110010000000010111101100110100001000",26,4,1,0,0.7894245898602111,364.70752970686516,88.68295577229101,3.18587082734718,4
600,"b00000000001100000100001111110011110111000011100001100010000000010000001001000010",2,5692.152000754292,"b00100000101101110110101010110011100110010011000011100011010010010110011000000110",16,6,0,0,0.7610123647644005,494.0531890902008,354.19856401072695,5.3802666067086165,32
601,"b01000000000010011100111111010101100011100001000010011100010000011110000000010000",4,2978.9603924432404,"b00000101001001011000011010101110111011000101010110010100010011110111010000010001",18,11,0,0,0.8168975863094127,54.92847709504046,209.77770115574765,4.481027950367871,79
602,"b00000000000000000010001000001000100000110001110010110101001000011000000011000000",4,858.3839281882701,"b00000101001001011000011010101110111011000101010110010100010011110111010000010001",21,4,1,0,0.735021045535787,27.51705832811955,60.463042448502094,1.7591380779937396,79
603,"b10010000001000000010011100111100001111101010010110000101010011101000000010010000",1,8054.780494847023,"b10011000011001100110111110111100001111101011010111000101110011101101110010010000",14,0,0,0,0.6929410472939016,123.06283160382802,390.6306741022681,5.135514910805769,262
604,"b00000000000000000001000000000000000000100000001000000001000000110000000000000000",5,2997.922688520064,"b00000001011111001100000011001001101001000111110010000000010111101100110100001000",27,1,1,1,0.7815014957457534,509.93057773496054,273.6302569730531,1.079394770554965,4
605,"b00000000000111000000010110100010111100000011010000000001000000000010100000000100",4,2632.245416306209,"b00000101001001011000011010101110111011000101010110010100010011110111010000010001",25,8,0,-1,0.7399475340738828,394.2739731709095,161.87282145435105,6.077872112816504,79
606,"b00000000000001100000000000000000000000000000010000000000000000000000110000000000",5,1768.218035132648,"b00000001011111001100000011001001101001000111110010000000010111101100110100001000",28,1,0,1,0.749551936520444,299.9923095703125,126.3735105734605,2.2384226671443086,4
607,"b00110000000101101000111101110001011110001101101110011110111010001100110100010000",0,3785.2748302885057,"b00011000001011010110011010010101010110110110100101101010111010101101110100010001",16,15,0,0,0.801327333260441,304.02646264875017,62.72052657833232,1.6883126867679812,8
608,"b00110000000000000000000000000000100011000000000100000100000000000000110000000000",5,1208.791489671527,"b00000001011111001100000011001001101001000111110010000000010111101100110100001000",26,3,0,1,0.851303496892608,118.56015683607959,450.4955421839954,6.331346586010488,4
609,"b01000000000011110000001110110000101011110011111010111111110000111111110101000100",2,2148.0108023647235,"b00100000101101110110101010110011100110010011000011100011010010010110011000000110",14,19,0,0,0.7979681783483762,122.42047770204391,23.96463020097189,3.963174130879974,32
610,"b00001001000110111110001010100011101111000111110100111101010101100000010000000000",1,5009.56356979108,"b10011000011001100110111110111100001111101011010111000101110011101101110010010000",12,3,-1,0,0.7820225646888178,13.846731691436249,128.40613698796977,0.54431705432603,263
611,"b00000101001000000000011010101110111001000101010110010100000011110000110000010001",4,8591.237087497027,"b00000101001001011000011010101110111011000101010110010100010011110111010000010001",8,1,0,0,0.7110086674885102,253.32388093533913,390.194049273633,4.189205495725563,79
612,"b10011000111000000110001110111100001110100011010010000100000011111001000010010000",1,1711.7611165964795,"b10011000011001100110111110111100001111101011010111000101110011101101110010010000",14,2,0,0,0.7210887379303654,301.24080863423274,448.97978286414184,1.4196268257304374,264
613,"b11001100000111100000011100001001111010100011011010001001111100110000000111000010",4,2444.7254445837616,"b00000101001001011000011010101110111011000101010110010100010011110111010000010001",15,14,0,0,0.8514358317321526,498.2982208434136,242.60528801872363,4.824326046797767,80
614,"b00001000001110010110001010100001101111010110100000101000011000100000001000010000",1,5888.958204559396,"b10011000011001100110111110111100001111101011010111000101110011101101110010010000",18,1,0,0,0.6777403265953061,69.50993758965848,458.31683737326097,2.7025449405931274,265
615,"b01000000100011000000111110111101100001110101101110111100010000010111000000110110",4,3441.3832615676683,"b00000101001001011000011010101110111011000101010110010100010011110111010000010001",15,16,0,0,0.7726568874561194,289.5492652147643,187.20594381345947,1.1033364048059107,80
616,"b01000000000100010000000100000001010000001100010000000000000101011100010001000101",3,414.48847606777275,"b01000100111001101100110101101010000110111110111000110000000111001111010011011110",30,6,0,0,0.9390580578411508,190.93495274101636,452.59606985041006,1.921719086465811,1
617,"b11001000000000101111000000101001101010100011011000100101011000011000000000000000",4,5074.209663164375,"b00000101001001011000011010101110111011000101010110010100010011110111010000010001",11,1,0,0,0.7452870125531741,97.54045520771943,234.75859590054876,5.428078067975235,80
618,"b01011010100101000101010001010001001011001001110100000000100000100111000010111100",5,1582.2327148443517,"b00000001011111001100000011001001101001000111110010000000010111101100110100001000",19,18,0,0,0.9470222167903666,258.1582131561428,395.34401736812845,3.293212175855885,4
619,"b00000000000000000100000000000100000101100000011000000111000000110000000000000000",5,2461.114867201637,"b00000001011111001100000011001001101001000111110010000000010111101100110100001000",23,3,0,1,0.7535810633184781,509.8540200140783,162.96620768364693,1.0079510723476277,4
620,"b00000100000100110000000100000100101010100011101110111101010000101001000000000000",5,2402.994036873136,"b00000001011111001100000011001001101001000111110010000000010111101100110100001000",19,12,0,0,0.8020845982731266,377.95368718597604,321.8595546961334,2.5188991020999394,4
621,"b00000000000010111100101111000000110000100000110000100001010010001000000000000000",2,2160.6263820511085,"b00100000101101110110101010110011100110010011000011100011010010010110011000000110",25,9,0,0,1.2282436911001577,336.0341019968692,345.7588139278665,4.533210181574333,32
622,"b00000101000000011000011010100110101010000110000110010100000011110001100000000001",4,8772.165941120838,"b00000101001001011000011010101110111011000101010110010100010011110111010000010001",12,2,0,0,0.7327998433006191,443.6596561245842,293.8584692851706,4.983598948841634,81
623,"b00000000000000000000010000000000110000000011000000000000000000000000000000000010",5,1343.6931812960502,"b00000001011111001100000011001001101001000111110010000000010111101100110100001000",29,3,0,-1,0.8531683790935208,120.23544032049296,164.15350475295685,2.787383174353012,4
624,"b00000000000100000000011000000000100000000001110000000000000000000001000000000000",5,2542.3447596301567,"b00000001011111001100000011001001101001000111110010000000010111101100110100001000",27,3,0,-1,0.7066672399156411,374.2811751819876,35.31294036534131,6.018078038551798,4
625,"b10000000001011000110000000101001101111100011111111110111111000011000010000100000",4,6528.267460613505,"b00000101001001011000011010101110111011000101010110010100010011110111010000010001",7,6,0,0,0.8115657123436765,470.38049560503606,265.68705216247326,1.688256833604139,82
626,"b00010000001001000000111100001000010111101011111110000101110011110111100010010000",1,6634.901229175982,"b10011000011001100110111110111100001111101011010111000101110011101101110010010000",14,5,0,0,0.7701689160249812,21.689704696538644,55.138583368683776,4.387874137008648,266
627,"b00001000000110111011001010110011100011000001100000110100111101100000011100001001",1,6403.664217893927,"b10011000011001100110111110111100001111101011010111000101110011101101110010010000",14,3,0,0,0.7634990640103421,424.0715272089019,425.5819491018205,3.7217072706576504,267
628,"b00001000000011100000000000000000111010000001100000000000000000000001000000000100",4,1243.8482275491956,"b00000101001001011000011010101110111011000101010110010100010011110111010000010001",28,4,0,-1,0.7285567872350599,408.70272424991634,447.11252592339173,2.458423850975768,83
629,"b00000000000000000000000000000000100000100011000000001100000000000000000000100000",4,4172.727790793285,"b00000101001001011000011010101110111011000101010110010100010011110111010000010001",30,1,1,-1,0.7835902412406341,153.73515191548964,373.5375714716907,2.347069701324735,83
630,"b00001110010100000001001001000110101101000101100100111100000101100110011110011000",5,1958.3710409962093,"b00000001011111001100000011001001101001000111110010000000010111101100110100001000",16,17,0,0,1.1330896066683376,436.49524908985586,383.681638475602,4.467268305219614,4
631,"b00001001000110000011001110100001111010000011110000111101011100000000010000001000",1,8623.566703981234,"b10011000011001100110111110111100001111101011010111000101110011101101110010010000",16,1,0,0,0.732714728262272,205.6545033370582,381.8356104178138,1.522552707712934,268
632,"b00000000000000000000000000000000001100000000100000000010010000001000000000000000",5,1758.3355577926702,"b00000001011111001100000011001001101001000111110010000000010111101100110100001000",28,2,0,0,0.6773734369705791,177.5657586728893,319.8316849418308,3.1029026462781144,4
633,"b00001000011000000110101010111100001101001011010110000011000010101101100000010000",1,3682.5291620281587,"b10011000011001100110111110111100001111101011010111000101110011101101110010010000",15,1,0,0,0.6795429875779054,91.66556922208719,474.9632663763214,1.3273154413149926,269
634,"b00000101000000010000011010101110100010000101010010010100010010110011000000000101",4,8712.900135750346,"b00000101001001011000011010101110111011000101010110010100010011110111010000010001",11,1,0,0,0.7054632059426791,52.25399655497496,403.11290638031255,3.1502023772055727,83
635,"b00001000001000000100000000100000100010100001010000010100000000001000000010100000",4,1568.1600198935603,"b00000101001001011000011010101110111011000101010110010100010011110111010000010001",22,0,0,-1,0.7843239436070749,18.098820244154364,401.93858055777105,2.147468099843138,84
636,"b00000101001000010000011010000110111111010100111110010100010011100111000000010001",4,8936.592570932175,"b00000101001001011000011010101110111011000101010110010100010011110111010000010001",7,4,0,0,0.7462435444139882,319.0443622879306,294.7595161205679,0.32095451548174503,84
637,"b00100000011000001000001011000011000001001001100011000101010101101000110000000000",2,6393.194573190522,"b00100000101101110110101010110011100110010011000011100011010010010110011000000110",12,0,0,0,0.7616599581787706,256.3543763794113,486.38774959906874,4.3035868944638835,32
638,"b00000000000000001100000000000000000000000000100110000011000000000000000000000000",5,6866.200684675658,"b00000001011111001100000011001001101001000111110010000000010111101100110100001000",27,2,1,0,0.6610307572410412,255.48350093415723,293.7090141944425,4.688148414545029,4
639,"b10001000000111011001000101101001011110100011011011101101001000111000010010100000",4,5421.621073842211,"b00000101001001011000011010101110111011000101010110010100010011110111010000010001",10,9,0,0,0.8239666752235326,360.13308635492353,116.73065297054765,3.029192214017421,85
640,"b00000000000000000000011000001001110000100100010000000001000000000101000000000000",4,952.681129152117,"b00000101001001011000011010101110111011000101010110010100010011110111010000010001",27,3,-1,0,0.7365408675604009,309.6146971750842,256.44568197306955,1.536100205269408,85
641,"b10001000001000101110001000000001101010000011011100110101011000000000010010100000",4,5824.650972955433,"b00000101001001011000011010101110111011000101010110010100010011110111010000010001",10,0,0,0,0.883071181816311,458.96648862127546,372.7360801759944,6.011340708102484,85
642,"b00010011100001101110111011111010101001000100110010010111101101110000000001001100",5,3150.093769495449,"b00000001011111001100000011001001101001000111110010000000010111101100110100001000",14,20,0,0,0.8852123596487668,108.30974693289207,227.31372773889893,2.9094755047182526,4
643,"b00000000000110000000001000000001100010000111111000010100110000110110110010001100",5,2683.1301931778144,"b00000001011111001100000011001001101001000111110010000000010111101100110100001000",17,10,1,0,0.8174483249499364,198.32172334468646,19.139323511094485,3.9112832797985657,4
644,"b00000101001000011000011010111110011011000001010100010100010010111111010000010001",4,9775.565998007829,"b00000101001001011000011010101110111011000101010110010100010011110111010000010001",5,2,0,0,0.7259680340230817,127.57807194112729,146.81514447983253,4.046978774532192,86
645,"b00100000101100010100100001100011100110010011000010000001000010010011010000000110",2,6935.697001507264,"b00100000101101110110101010110011100110010011000011100011010010010110011000000110",12,2,0,0,0.7369489204463562,64.12960510224761,283.6585746132673,1.9773759567966867,33
646,"b01000000010001100000001011100000000110000000100111001101010001101000110100000100",2,7537.1138910957125,"b00100000101101110110101010110011100110010011000011100011010010010110011000000110",13,2,0,0,0.7139391003172895,243.1544623422611,319.0653716549877,1.6732185923239415,34
647,"b00000000000000000010000000011000000011100000001110000000100000000000000000000000",5,1105.2076405275207,"b00000001011111001100000011001001101001000111110010000000010111101100110100001000",26,4,0,1,0.7055336978748584,90.71623628850568,374.4782177306058,6.599371342722831,4
648,"b00011000000000000110100000110000001111101010000100000100100010110100010010010000",1,3270.921560095357,"b10011000011001100110111110111100001111101011010111000101110011101101110010010000",21,1,0,0,0.7841359420780878,159.30472133316366,89.0042525754875,3.5352988366033564,270
649,"b00000000000000000000000000000000000000100010111110011100000000000000000000000000",5,2493.544128699135,"b00000001011111001100000011001001101001000111110010000000010111101100110100001000",26,4,1,0,0.7180226902113002,80.15799711285663,274.6004216632852,6.26323776592383,4
650,"b00000000011000000110110110111100001111101011010101000101110011101001110010000000",1,6455.958765588559,"b10011000011001100110111110111100001111101011010111000101110011101101110010010000",9,0,0,0,0.7802478556557274,179.44944882034798,309.0378519054452,4.837733772822334,270
651,"b01110000000001001000010011000101000011000001100111000101000101101000110100000100",2,7661.11275724054,"b00100000101101110110101010110011100110010011000011100011010010010110011000000110",11,2,0,0,0.7591440511516924,47.303708585253304,467.40617377443135,0.893189501988912,35
652,"b00000000000001000000000000000000000000000000000010000000001000010000100000000000",5,1488.7776215699419,"b00000001011111001100000011001001101001000111110010000000010111101100110100001000",29,2,0,1,0.747419900178853,129.441094007902,361.91935617364913,5.00464016006074,4
653,"b00000000001000000000010000000001000000000000010000000001000000000100000000000000",5,5820.918348425401,"b00000001011111001100000011001001101001000111110010000000010111101100110100001000",28,2,1,-1,0.7844505904237475,416.1026669816679,196.68156307560352,4.080751448724156,4
654,"b00000000000000000000000000000000000100000000010000000000000000000000000000010000",5,1777.3900115549066,"b00000001011111001100000011001001101001000111110010000000010111101100110100001000",30,1,0,1,0.7125997965017743,268.4583422527221,380.81670250639246,1.1248078141287416,4
655,"b00001001001110000111001010000001101011110100110000110101011100100000010000001001",1,3584.3307552374986,"b10011000011001100110111110111100001111101011010111000101110011101101110010010000",14,1,0,0,0.7446342345619734,93.20231345870953,237.2565347186272,4.690180345017348,271
656,"b00000000000000000000000000000000000000000000000011111101101001100000001000010000",1,2941.047049965815,"b10011000011001100110111110111100001111101011010111000101110011101101110010010000",33,2,1,0,0.7110467269831398,178.6407531107601,345.18363359307403,0.6541196559297138,272
657,"b10001000001000000001111000011000001111110110111110001011111011111010000100000010",5,2521.0699058408118,"b00000001011111001100000011001001101001000111110010000000010111101100110100001000",14,18,0,0,0.8289817173208657,21.82482809626031,245.29595668841995,0.35474520421364,4
658,"b00000000000010000000000010000000010001000011110101010110110000110011010011000011",4,2550.6412667016243,"b00000101001001011000011010101110111011000101010110010100010011110111010000010001",21,9,1,0,0.8834145940220651,294.02481872619444,404.0806139138736,3.004017562902164,87
659,"b00000000001100001010001011110011111111010111111111010110011010110011100000000000",4,2083.8498019815706,"b00000101001001011000011010101110111011000101010110010100010011110111010000010001",12,14,0,0,0.7690502450297829,474.2583023575004,239.25847185924297,4.697307701266606,87
660,"b01111100001001001001001011000001010011001011100011011000010100000000000000000000",2,972.9469870198241,"b00100000101101110110101010110011100110010011000011100011010010010110011000000110",16,6,0,0,1.0169842933609767,19.337620970896083,228.56956797098198,4.071701747020281,36
661,"b10001000000011100101001000001001111110100011010100110001001000010000000010000000",4,7068.434710232887,"b00000101001001011000011010101110111011000101010110010100010011110111010000010001",12,2,0,0,0.7412191316483534,473.18383277145125,476.28622551276385,3.5106817329498616,87
662,"b00000000000000000000100000100000000110010001110000000111000000000000000000000000",5,1277.4148604328195,"b00000001011111001100000011001001101001000111110010000000010111101100110100001000",26,5,1,0,0.8337269918507727,408.0616909732834,87.86065127272478,1.2737620958708282,4
663,"b00000000000000000000000000000001000011110111100000011100000000000010000000001000",5,1452.8156392882752,"b00000001011111001100000011001001101001000111110010000000010111101100110100001000",25,7,0,0,0.7047836066066397,157.7630839137879,424.24651808194835,0.8708452149244843,4
664,"b01000000001111000000110110000001001110000001010000001101100000011110100000001000",5,1663.4427934843686,"b00000001011111001100000011001001101001000111110010000000010111101100110100001000",19,12,0,-1,0.9539277193905805,295.04608040588704,403.54190474521005,6.136841652427449,4
665,"b00000000010000000001000000010000001000001010101100111100000000011000010000100000",4,1794.8812357757065,"b00000101001001011000011010101110111011000101010110010100010011110111010000010001",24,5,0,0,1.182173089805165,478.5858879175544,157.01022198552522,2.921289933595009,88
666,"b00000000000100000000000000000000000000001000000000000111000000000000000000000000",5,1485.9207570260999,"b00000001011111001100000011001001101001000111110010000000010111101100110100001000",29,2,1,-1,0.7077423403284622,244.54316206439023,84.05346874175643,1.5244632068846011,4
667,"b10001000000111001111001100011001101110100010010001100101001000110000000010100000",4,4809.730234823486,"b00000101001001011000011010101110111011000101010110010100010011110111010000010001",11,5,0,0,0.8125928163797771,282.95651136924647,392.1050645468364,2.7963036522114493,88
668,"b01000000001001101000001001000111000011000001100110001001000101000000110100000100",2,2370.7003008525635,"b00100000101101110110101010110011100110010011000011100011010010010110011000000110",12,0,0,0,0.7144615803629009,200.05772586993672,441.1048864621366,0.38245904323231794,36
669,"b00000000011000000100101110111100001011101011110111000111010011101001110000110000",1,2007.0888859157271,"b10011000011001100110111110111100001111101011010111000101110011101101110010010000",11,3,0,0,0.7303865121006433,248.5967366981946,93.45441115463804,2.043292786006522,272
670,"b01000000000001000000000000000001000001000001000110000000000000000000000000000000",2,1024.7986177204727,"b00100000101101110110101010110011100110010011000011100011010010010110011000000110",29,0,0,0,0.6890084121707808,170.73415954649857,463.0927896115163,3.840795670512837,37
671,"b00000000010000011110000001110010111100001111000000010000000000000000000100000000",5,2234.374727956667,"b00000001011111001100000011001001101001000111110010000000010111101100110100001000",22,9,0,0,0.8097738721981196,485.9492259435602,89.25902507137407,2.6106249466922478,4
672,"b00000000000000000000000000000000001100000000010000000000010000000000000000000000",5,3502.43052117738,"b00000001011111001100000011001001101001000111110010000000010111101100110100001000",29,1,0,0,0.7435683572502242,362.50862085409767,505.3358329990721,4.092888525810713,4
673,"b00000000000000101110000001110000001100000000100000000100000001110000000011000000",5,2023.0959061369356,"b00000001011111001100000011001001101001000111110010000000010111101100110100001000",24,8,0,-1,1.0688602077079632,202.22436687028625,479.7907412291256,0.24687437091104364,4
674,"b10011000001000000110101110111100001111001011110111000001010001101101110010000000",1,5854.960499663788,"b10011000011001100110111110111100001111101011010111000101110011101101110010010000",9,1,0,0,0.7876901482020853,21.09351294096771,242.93400151421397,5.271809971059779,273
675,"b11001000001000000000111100101100010011101011010100000001000011001001100010010000",1,1465.2626674130088,"b10011000011001100110111110111100001111101011010111000101110011101101110010010000",18,2,0,0,0.7134828156545924,245.51448832889568,304.6492237116423,1.686335504565631,274
676,"b10010000000000000010011110111100001110001011000011000101010001101000000010010000",1,6851.495907611735,"b10011000011001100110111110111100001111101011010111000101110011101101110010010000",17,0,0,0,0.7311081851082851,33.59263684257462,429.9847424553892,5.120189429233235,274
677,"b10000000000010010010101010110000100100001001100010000110110000010000010000001100",2,2279.749281887408,"b00100000101101110110101010110011100110010011000011100011010010010110011000000110",20,7,0,0,0.7742271482518785,358.10817445354695,160.1014994868526,6.1897171276433305,37
678,"b00000000000000001000000000000000000100001000011110000000000000000000000000000000",5,1345.254490343128,"b00000001011111001100000011001001101001000111110010000000010111101100110100001000",28,3,1,0,0.7041775226230347,52.781046109565594,111.93472415547546,2.056592630882192,4
679,"b00011000000011100110011000010000010110100110000100101010011000000000000000000000",0,3407.1401767387365,"b00011000001011010110011010010101010110110110100101101010111010101101110100010001",19,1,-1,0,0.8102044622406346,279.0777798698845,402.2704766334039,4.230411199351531,8
680,"b10000000000000100000000000000000000011100000001000000000000000000000000000000000",5,1999.1222456446444,"b00000001011111001100000011001001101001000111110010000000010111101100110100001000",28,2,0,0,0.6880862792209826,179.07790373165298,27.764165781536725,1.557742814315319,4
681,"b00000000000000000010000110000001000011000000000110000000100000010000010000000000",5,965.0814173740249,"b00000001011111001100000011001001101001000111110010000000010111101100110100001000",24,3,0,1,0.7560483316928704,438.0570870775695,212.40327876379732,0.6856967495789917,4
682,"b00000000000010000000001000000000111010000100000000000000001001000000100100000000",5,1036.4930517897842,"b00000001011111001100000011001001101001000111110010000000010111101100110100001000",25,4,1,-1,0.7943890910865634,349.3853396088222,180.2851061551076,1.101636304986734,4
683,"b00000011100000100101010000000001110100110001010110001111010000011000101000100000",5,671.7014416679986,"b00000001011111001100000011001001101001000111110010000000010111101100110100001000",17,12,0,0,0.7691997626063863,312.99127898147805,303.8464331862649,5.844377941519633,4
684,"b00000000101110111111000000001100100110000010100101000100100000001000000000100000",4,2658.3316335579593,"b00000101001001011000011010101110111011000101010110010100010011110111010000010001",20,7,0,0,0.8690007457234903,95.2535426437005,33.49354493302386,1.4279579630223436,89
685,"b00000011100000010000000000001000000000000000000100111110000000100000011000000000",5,1194.920044118472,"b00000001011111001100000011001001101001000111110010000000010111101100110100001000",24,6,0,0,0.8236935742624498,64.60269592457851,163.82069573367713,2.168223853586704,4
686,"b00010000000100000000000000001100000101110000110010001111000000100000000000000000",5,936.2472076081966,"b00000001011111001100000011001001101001000111110010000000010111101100110100001000",22,6,0,1,0.7319044147888668,326.4815699628984,448.84232603448544,5.3009406349518695,4
687,"b00000001001000010001001001000010111100100101110100010000000000111011010000010011",4,2238.013966064932,"b00000101001001011000011010101110111011000101010110010100010011110111010000010001",16,7,0,0,1.0734701010682237,477.6953200621423,157.58568939896452,4.432754104798406,89
688,"b00000000000000001000000000100000000011000000000110000000000000000000000000000000",5,2767.602655278608,"b00000001011111001100000011001001101001000111110010000000010111101100110100001000",28,2,0,1,0.7193966768932711,270.0196228402714,38.646562925857225,4.966456790215505,4
689,"b00100000101000000110100000100001100110000001100011100110010011010100001000000010",2,4966.030715022071,"b00100000101101110110101010110011100110010011000011100011010010010110011000000110",14,3,0,0,1.0605660267462136,265.86835336175034,325.8269785310278,3.4225125385995563,37
690,"b00000000000100000000000000000000000000000000000000000001000100010000000000110000",5,1207.2054628238432,"b00000001011111001100000011001001101001000111110010000000010111101100110100001000",29,3,0,0,0.8220071336814948,394.2247372967655,47.81038761045143,2.419771666476353,4
691,"b00000000000000000000001000000000011110000001100111001101110000011110010000000000",2,2979.1128649759703,"b00100000101101110110101010110011100110010011000011100011010010010110011000000110",21,5,1,1,0.7344806281561139,401.4956246566855,457.46054841899314,3.666358824214538,38
692,"b01101100000100110000000110111000111100111111111010011111110000111111000101000000",4,1507.1013018451727,"b00000101001001011000011010101110111011000101010110010100010011110111010000010001",18,23,0,0,0.8376802084449463,475.1312106596469,264.52812297826466,1.5053376726136527,89
693,"b00001001000110000111001100100000100010000001010000011000101000000000010000000000",1,2191.906623728291,"b10011000011001100110111110111100001111101011010111000101110011101101110010010000",25,0,0,0,0.7647776734816564,54.477544223561004,247.3779330031353,5.942374814245079,275
694,"b01100000011111011000011100010001100010000111101000000100000000000001000000000000",5,1046.6977119533901,"b00000001011111001100000011001001101001000111110010000000010111101100110100001000",20,11,-1,0,0.7503641268403618,448.02816753288465,84.95746772597312,4.1607305242834185,4
695,"b00010000000000000010000000000001000001110110000100001010000000110000000010000000",5,1910.3179444829643,"b00000001011111001100000011001001101001000111110010000000010111101100110100001000",21,3,0,0,0.8469202803585025,20.463081017956995,79.17015588543022,4.933111367181472,4
696,"b10001000001001000010001000101001101010100011001100101101010000101000010010100000",4,7084.560054785936,"b00000101001001011000011010101110111011000101010110010100010011110111010000010001",11,2,0,0,0.8991896299474251,253.32883375168328,356.28783544450357,0.004146666995243181,89
697,"b00000000100000000000000001000000110000000001000000000000000000000000000000001000",5,1415.2603340229175,"b00000001011111001100000011001001101001000111110010000000010111101100110100001000",28,2,0,-1,0.8481761288395869,223.19377574573863,442.5023039661754,2.6327973764171184,4
698,"b00000000000000000000000111000000000000000000001000000000000100000000000000000000",5,4328.147295378232,"b00000001011111001100000011001001101001000111110010000000010111101100110100001000",29,2,-1,1,0.6937807985216238,85.98593399754174,228.7716699357772,5.55517505359817,4
699,"b00001000001000000110010000000010111001001101101110010000001000000000100000000000",4,678.1146515117347,"b00000101001001011000011010101110111011000101010110010100010011110111010000010001",24,8,0,-1,0.7923395478727792,33.03685068431208,45.12567001726784,3.531727878007147,90
700,"b00011000000000100010000000000001000000000000000000000010000000000000000000000000",5,1125.4765714787495,"b00000001011111001100000011001001101001000111110010000000010111101100110100001000",27,1,-1,0,0.6877863948427025,137.25701821450536,407.2164990499483,0.08651128044097114,4
701,"b00010100100001000000001101100100001001011111100001001100000010000000011000000000",2,1257.379423369565,"b00100000101101110110101010110011100110010011000011100011010010010110011000000110",25,12,0,0,1.2117427961488745,413.9177651013131,398.0795001790981,4.403420819059103,38
702,"b00000000000000000000100000011001110000000000000000000000000000000000000000000000",5,2307.581591297743,"b00000001011111001100000011001001101001000111110010000000010111101100110100001000",29,3,-1,0,0.6758777915601235,508.98571221068363,482.8077891231362,0.7227836800910956,4
703,"b01111010001010010001000111000001010100001011101000000100000100010000000011000110",2,1031.6889511488457,"b00100000101101110110101010110011100110010011000011100011010010010110011000000110",23,14,0,0,1.1937764338645056,280.31762345273273,402.0014592097356,1.1674517426097892,38
704,"b00000000000000110000000000000000000001000000000000010000000000000000000000000000",5,1598.968167535261,"b00000001011111001100000011001001101001000111110010000000010111101100110100001000",28,0,0,0,0.7611618186817101,28.07804329134524,103.24261097609997,1.3076247563732204,4
705,"b01000000001000100000011011001000001111101001111100000101010110101101000010000101",1,1261.018801759887,"b10011000011001100110111110111100001111101011010111000101110011101101110010010000",20,7,0,0,0.7729100168451933,68.0521072831028,171.32284950778848,4.477696675161372,275
706,"b00000000000000000000000110000000001001000010000000000010010000001000000000000000",5,1800.8878256788196,"b00000001011111001100000011001001101001000111110010000000010111101100110100001000",26,2,0,1,0.6897907136939314,455.50942469354885,291.8761235189244,2.3186640478024128,4
707,"b00000000111100000010000000000001100000000110000000010000000000000000000000000000",5,2165.9487816616997,"b00000001011111001100000011001001101001000111110010000000010111101100110100001000",25,3,-1,0,0.7320736003660083,310.9977526052739,79.8507745271367,3.968274250802649,4
709,"b00000100000000100000010000000000001010000000101000000000100100000000001000000000",5,642.7741393190815,"b00000001011111001100000011001001101001000111110010000000010111101100110100001000",28,6,0,0,1.4830281639263623,210.60275836291615,479.5691500826999,1.2713041303777812,4
710,"b00000000000000000000000000000001100000000010000000000000000000000000000000001000",5,1678.593169273455,"b00000001011111001100000011001001101001000111110010000000010111101100110100001000",28,0,1,-1,0.7917083175870969,109.5323728487089,140.65209853927811,3.794911426938828,4
711,"b00100000000001000000001000000000100000000011000000000100000000010010000000000000",4,1780.8865882997575,"b00000101001001011000011010101110111011000101010110010100010011110111010000010001",28,1,0,1,0.7849317842433299,19.10525771657045,403.56136654144734,2.5804062875684783,90
712,"b00000010000010000000000000000000000000000010000100000000011000000000110100000000",0,822.7901234385961,"b00011000001011010110011010010101010110110110100101101010111010101101110100010001",32,1,0,1,1.147915921140888,291.08639630981804,309.4760748165478,6.034345428148785,8
713,"b00000000000000000000000110000000000001000010000000000000000000000000000100000000",5,1704.8906247966358,"b00000001011111001100000011001001101001000111110010000000010111101100110100001000",28,1,0,0,0.7897218224989975,131.39142241933072,82.83339696410188,5.471050942796937,4
714,"b00000000000000000110000000001000000000000011110000010111000000010000000000000000",5,2807.167925463923,"b00000001011111001100000011001001101001000111110010000000010111101100110100001000",24,4,1,-1,0.7303742456389952,96.33098752719404,332.1438142964942,4.019416374324072,4
715,"b10000000001100010000011111100010111010100100011000101100110001100010000000101010",4,3254.6872275369105,"b00000101001001011000011010101110111011000101010110010100010011110111010000010001",18,12,0,-1,0.9033920517992232,346.19942094371623,433.0871625977237,5.7057555579587085,90
716,"b00001000000000100000000000000000011000000011000000000100000000010000010000000000",4,1093.964779667611,"b00000101001001011000011010101110111011000101010110010100010011110111010000010001",28,1,0,0,0.7136764029518292,428.30739940898064,449.21725545917917,3.7345505891182462,90
717,"b00000000000000000000000010000000000100000010010100000001010100000000000000000000",5,2245.5631334007903,"b00000001011111001100000011001001101001000111110010000000010111101100110100001000",27,3,1,1,0.672711557877116,199.13564597392852,494.4150037629192,4.611626536829256,4
718,"b00000000000000000000001000001100000000000000000000000110000000001000000000000000",4,1267.2616101455262,"b00000101001001011000011010101110111011000101010110010100010011110111010000010001",32,2,1,0,0.7546421149286706,254.23157922000996,319.39616667015537,2.876565633168161,90
719,"b00000010000001101000000010011000001111000000110100000000000000000000000000000000",5,2400.313231441053,"b00000001011111001100000011001001101001000111110010000000010111101100110100001000",24,6,-1,1,0.9886933074960556,430.61801617336306,417.9389422060693,0.42207604595022497,4
720,"b00011000000000000000001000000000010001000001000000100000000000010000000000000010",4,1152.6130577846825,"b00000101001001011000011010101110111011000101010110010100010011110111010000010001",31,4,0,-1,0.6826780883770148,120.09805704512686,274.5089686925842,4.006838836036353,90
721,"b00000000000000000000000000000000011000000111001000000100000000001100110000000111",5,1205.6299585352963,"b00000001011111001100000011001001101001000111110010000000010111101100110100001000",24,6,0,1,0.8115379530988908,7.6716468934759945,274.0587338534269,1.1773916712852055,4
722,"b01111000111000000001110000100100110100111011110000110010000110001000011010000001",3,2226.8242820292244,"b01000100111001101100110101101010000110111110111000110000000111001111010011011110",21,11,0,0,1.3832711862551825,203.92755215315796,167.102857997422,6.042609642264857,1
723,"b00000010000000001000000000000000001000000000000000000000000000000000000000000000",5,2714.8370443910785,"b00000001011111001100000011001001101001000111110010000000010111101100110100001000",30,1,0,0,0.7977588875898847,213.33063793297413,391.27613155056684,2.1025655522206996,4
724,"b00000100000000001010001011111110000000010000010000010001001100100000000100000010",5,495.9797600829135,"b00000001011111001100000011001001101001000111110010000000010111101100110100001000",24,12,0,0,1.485714399290912,222.23116711566323,228.9707442752102,1.329567195798248,4
725,"b11000011100001101100100110001001100000001010110001011101110101110000010111001000",5,1921.630697085988,"b00000001011111001100000011001001101001000111110010000000010111101100110100001000",14,17,0,0,1.142038156489327,266.432584295772,325.0342420038901,1.7771868256699803,4
726,"b00000000000000000000000001000000000001100000000000000000000001000000000000000000",5,1589.8338806332608,"b00000001011111001100000011001001101001000111110010000000010111101100110100001000",29,1,0,0,0.7884606104028477,123.15629226106905,199.5948337403471,4.2663872759685955,4
727,"b00000000000000000000000010000011000111000001001000000100000000011000000000000000",2,973.3448286820327,"b00100000101101110110101010110011100110010011000011100011010010010110011000000110",28,3,0,0,0.7912068580706514,217.8114159852498,44.09529387561567,2.3554288580352134,38
728,"b00000000000000000000000000000000000111100001110000010000000000000000000000000000",5,1698.5980936123856,"b00000001011111001100000011001001101001000111110010000000010111101100110100001000",26,2,0,1,0.7139784939715497,19.652674749995885,277.1412006947623,3.4689355255916414,4
729,"b00000000000001010000000011000000001000000001100000000000001000000000000000000000",5,1748.2309546058477,"b00000001011111001100000011001001101001000111110010000000010111101100110100001000",26,2,0,0,0.7336823434678067,375.9404588651693,391.70393178681365,4.839874084412255,4
730,"b00000000000000010000000001110000000111000001100110000000000000000000100000000000",5,1879.0497038935425,"b00000001011111001100000011001001101001000111110010000000010111101100110100001000",25,5,0,1,0.774480204219356,347.82990922937546,86.50148071485417,4.305775856432781,4
731,"b00100000000000000000000000000000001011000000110110000000110000000000100000000000",5,1098.730180089236,"b00000001011111001100000011001001101001000111110010000000010111101100110100001000",25,4,0,0,0.7487639716962122,161.30341451048392,410.6481470233225,5.680715409242579,4
732,"b00100000000000000000000000001000000000010000000000000000110000000011010000000010",2,949.2047201120829,"b00100000101101110110101010110011100110010011000011100011010010010110011000000110",30,3,0,1,0.7822457656480828,48.08069546551071,71.56239979813132,2.315143698432091,38
733,"b10000001000000011000000001110000011001000111100011000000001000000100110010010100",5,1060.23300030505,"b00000001011111001100000011001001101001000111110010000000010111101100110100001000",19,10,0,0,1.1707916121568516,9.149619223387216,274.5983158791037,0.3795566013008017,4
734,"b10000001000000001000000001100000001000000000111000000001100000001100000000100000",5,3155.8748263612856,"b00000001011111001100000011001001101001000111110010000000010111101100110100001000",24,6,0,0,0.7413637702472766,150.69399181797098,247.56074172034965,1.1262697165731144,4
735,"b00000000000000000000010000000001010000000000010100000000010000001100000000001000",5,2220.638966389016,"b00000001011111001100000011001001101001000111110010000000010111101100110100001000",26,3,1,-1,0.7674299173314114,249.44044335114742,433.8835073800767,4.103439134213124,4
736,"b00101000000010000000011100000000111010000011111000000110011000000001000000000000",4,2740.7867965341093,"b00000101001001011000011010101110111011000101010110010100010011110111010000010001",23,7,-1,0,0.7363020125491236,461.87720922549477,26.277867588176235,4.258706758264472,90
737,"b00000000000000000000000000011000001001000000110000000010000000000000000000000000",5,1538.6579545970803,"b00000001011111001100000011001001101001000111110010000000010111101100110100001000",28,3,-1,1,0.6798202561508941,341.7397215993781,226.5731693200898,0.9554602043519487,4
738,"b00000000000000000000000000000000000010000000001100001110000000010000000000000000",5,2204.1966843034747,"b00000001011111001100000011001001101001000111110010000000010111101100110100001000",28,3,1,0,0.7499707524548358,116.41721524633192,464.1209821880169,4.688962792527649,4
739,"b00000000000000000000100000000001000000000011000000000011000000000000000000000000",5,5121.041908699484,"b00000001011111001100000011001001101001000111110010000000010111101100110100001000",27,1,1,-1,0.8402761429084863,315.74132351674695,460.17908114831425,1.061966645126394,4
740,"b00000000000000000010001000110000001111000000000010000000000000000000000000000000",5,1137.4707322918007,"b00000001011111001100000011001001101001000111110010000000010111101100110100001000",25,2,-1,1,0.8431582370486267,289.612295857821,486.20407937793146,3.2557457343507226,4
741,"b00000000000000000000000011100000001001000000000110000000010000000000000000000000",2,1353.6223169129669,"b00100000101101110110101010110011100110010011000011100011010010010110011000000110",30,2,0,1,0.8195228058290982,471.51140960477204,377.27035907615175,1.5617911351323863,38
742,"b00000000000110000000000000000001100000000010000000000001000000000000000000000000",5,1869.780981529647,"b00000001011111001100000011001001101001000111110010000000010111101100110100001000",27,1,-1,-1,0.7241478672869945,461.6829131553913,26.487895158711325,5.227443292769387,4
743,"b00000000000000000000000111000000111111001111011100000000000000000000000000000000",5,3217.3155857237216,"b00000001011111001100000011001001101001000111110010000000010111101100110100001000",23,7,0,-1,0.6969558872985745,336.43439867460194,71.69683994086846,2.141759994659525,4
744,"b00000100000000000000000101110000001110000000010110000000110000000000110000000010",5,2070.6502146802404,"b00000001011111001100000011001001101001000111110010000000010111101100110100001000",24,8,0,1,0.7291616802997463,134.64281921161745,230.67321783530505,3.3069483691665402,4
745,"b00000001000000001000000000000100000000000000000100000000011111000000001000000000",4,819.6232618979387,"b00000101001001011000011010101110111011000101010110010100010011110111010000010001",29,3,0,0,0.9656455916296584,388.9332927125279,150.0398875729284,2.3603853831907378,90
746,"b00000000000101100000000011100000011111000000111010000010000000000000100000000000",5,3135.705699304185,"b00000001011111001100000011001001101001000111110010000000010111101100110100001000",22,7,0,0,0.7131189657470524,234.1507400471183,36.09750658799552,6.023891626473009,4
747,"b00000000000001100000000011010000001101110000000110000000010000000000000000000000",5,1610.6406516168329,"b00000001011111001100000011001001101001000111110010000000010111101100110100001000",25,6,0,1,0.7184209455968358,230.7428570105105,150.88982735458686,5.259363924613999,4
748,"b00100100000100100110010100110111111101001111101011110110000111110100000110010000",2,1841.8325742428697,"b00100000101101110110101010110011100110010011000011100011010010010110011000000110",16,19,0,0,0.8551499370274316,203.4652456603321,167.18334720017495,3.751654362363594,38
749,"b00000000010010000000001010000010111000000111000000001110000000011000000000011000",4,1946.3617059479313,"b00000101001001011000011010101110111011000101010110010100010011110111010000010001",25,7,0,0,0.7757577719226183,304.7891809531437,133.2918746112457,3.0094258870374526,90
750,"b00001000000001101000000111000000011000000000100010000110010001000000000000000000",5,1847.8386836744787,"b00000001011111001100000011001001101001000111110010000000010111101100110100001000",23,6,-1,0,0.7131076955075388,6.054345722207887,404.15287086633464,4.433490223178651,4
