node,origami_data,decoded_stream,false_negatives,false_positives,success,decoding_time
2,10110011110000011011000111010000000000101000010000010001000000100000110011000000,,13,2,0,32.527
2,11010111110001110011001111010010100100011000010000110001000101000000010111110100,,10,10,0,21.335
2,10000010111001001011000001010011100000110000010000110001000010100000010100000000,,14,2,0,32.951
2,00000000000000000011000110000100001001101100001000011011100111011011010111001000,00010011101011011011100111011011110100110111010000100001100111000001000000000000,17,9,0,1.556
2,00100001101000000100000010001100001000011100000110001001100011011010011111001100,,7,0,0,29.436
2,00011001101000000100000010001000001000011000000100001011101011111100011111001101,11110011111111110001001011101010011001000000100001000110011011000111000001100110,7,2,0,4.02
2,00110111101000000100000110001100011000111000000110011011100001001110011110001001,,9,7,0,25.111
2,01010011101000000100000010001000001000011100000100000010100010011000011111001011,11110010111101100001100010100011000001100000100000000011001010000111000101101110,12,3,0,1.74
2,10010011110001110011000111000001100000011000010000110001000000100000010110001000,,10,1,0,23.872
2,00111001101000000111000010001000001000011100000110001011100011011010001111001101,,5,2,0,14.517
2,00100000001010000101000000000100001000011100000100001011100001011010011111001101,,11,2,0,32.194
2,10010011000000010011000111010001100000111000010000110001000001100000010110011000,,10,1,0,32.216
2,00111001001000000100000010001100001000011100000110001001100011111110011111101101,11111011111111111101101001100011001001100000100001000010001110001001000011101100,4,2,0,15.908
2,10110011111001010011000011010000100000111000010000010000000011100000010110001100,,9,2,0,22.816
2,00010001100000000100000010001100001000011100000000001000100011111010011110001101,10111001111001111111000100011000000000111100010001110011001010100000000110001000,10,0,0,19.884
2,00110001101000000100000010001000000000001100000110000010100011010010010011001001,,13,0,0,35.476
2,00010001101000000100000010000100001000000100000100000010100010011000011111001101,11110011011001100011010010100001000001000011100001000010000110010101000001000110,13,0,0,1.111
2,10010000110001011011001100000001100100011000010000100001000000000010010110111000,00011101101011000001001010000100001000011001110110000000110011011010001100001001,14,4,0,6.931
2,01110011000000001100100010001100001000000000000010110010100000001010011111001100,,15,5,0,28.758
2,10100011001001001110000110010100100000110100011000011000100011010000000011001110,,15,9,0,19.327
2,00110101101000000100000000001100001000011100000110001111100011011000011101001101,11010011011101110001111111100001000011100000100011000000001110000011000011010111,7,2,0,2.381
2,00110001101000000100000010001000001000011100000110000001100010011010010111001001,01110010111001101001000001101011010101100000100001000010001110010001000010000110,10,0,0,7.973
2,00110001110001001000000111010001100000001000010000000001010001000010000110011000,,16,3,0,33.895
2,00100001101000000000000000001100001000011100000110001011100011111110011101001100,11011011001111111001001011100011000001100000100011010000001110101000100110000110,8,1,0,0.717
2,00110001001000000100000010001000001000011010000100001111100011111000011111001000,11110010101111100001001111100010100001100100100101011011001010000001000011000100,10,2,0,7.467
2,00111001101000000100000000001100001000011100000100001010000011000110010110001100,01000011001100011111001010000011010001100000100011010010001110000001000011100110,12,1,0,22.221
2,10010010001001001001000111010000100000111000010000110001000001100000010110011000,00010010011001011001011011100001000001000000110001100010001110011001100001100111,11,1,0,26.496
2,00110001111000010011000111010011000000110000010000001001000001100000010000101000,11100011001100101101001011100011010000110101100000000010010010000001100000010000,15,4,0,0.551
2,00010000001000000100000011001000001000011100000110001011100011011010010111001100,01110011101111101001001011100011001000100000100001010011001010100011000001000000,10,1,0,8.745
2,00110001001000000101000010000100001000011100000110001011100011011010011111101100,,7,2,0,29.563
2,00110000001000000000000010001000001000011100000100001011100010001110001010001001,10100010111100111001001011101111000001001000100001000010001010000010000011000100,15,1,0,0.253
2,00000000001000000100000010001000001000001100000100001111100011111010011111001100,10110011001111111001001111110011000001010000100000000010001010001001000100000000,11,1,0,5.663
2,00011001101000000000000000000100001000001000000110000011100011011110011100001100,,13,1,0,30.908
2,10010001111001001011000111000101100000111000010000110001000000100000010110001100,11100010011101011111100011100011001001100000100101000010101110000001000011100110,8,1,0,26.798
2,00100001001000000010000010001100011000011100000110001001100011111010010101001001,,10,2,0,26.18
2,01000001000000000000000100001000010000001000000100010011000000110100011110001001,,22,5,0,40.059
2,00110001111000010010000110010000100000011000010000010001000000100000010110001000,01000010101010000001010001010010001100100010000001000110010111000100100011000111,14,0,0,39.464
2,00110101001000000100000010001100001000010100000000001011100001010110011111001101,,10,2,0,25.069
2,00100101001000000000000010000000001000011100000110001011100001011000011001001101,00101001001101000001000001000010000100000110000011001101010011000110101111001011,13,1,0,25.845
2,00110001101000001100000000001100000000010100000100011011100001011110011111001101,01100111001011000001110010001011000000000010000010000111011010011111101011101111,8,2,0,4.97
2,00110001101000000100000010000100001000011000000010001011100010011010010111001101,,9,0,0,34.97
2,10010010111001011010000011010001101000111000110000010001000001100010000111001100,01110010001110001001010011001011011100000110100011000011010010010110101001001011,10,5,0,19.691
2,10010011110001101011010000010000000000111000010000001001000011100000100001101000,,18,8,0,30.003
2,10110001111001001010000111000000100000111000010000110001000010100000010110001000,00100110001110010001110001100010000100000010100011010111000010010010101011010111,10,1,0,2.007
2,00111001100000000000000010001100000000011100000110001011100011010010011110001000,,10,0,0,41.343
2,00011000000000000100010010000011001000011110000110011111100001011110010111001100,00110011101101111111000111111001100011111100000011000001001010100001000000011000,12,7,0,16.521
2,01111101101000000110000110001000011000010100000110001010100011001110011111001100,01110011001100111001011010101001000001110011100001010110001010000111100111110110,8,6,0,3.555
2,00111001101000000011000010000100001000011100100100001001100011110110010110000001,,11,4,0,27.595
2,11110001001010000100011011001100100000000010000000010010011000000000100110011000,,22,11,0,36.427
2,00010001101000000111000010001100001000010100000100000011100011010010011101001100,,11,2,0,22.782
2,00101101001000000100000011000100001000000100000010001011100010010010011111001001,11111010011001011001001011100001000100100000100000000011001110100001001110010100,12,2,0,14.495
2,10000001111001011111000111010000100000111000010000100001000001100000010110100000,11100000011111101001001111100011000011100000100011000010001110000001100001000110,10,2,0,6.277
2,00110001001000000100000100001000001000011100000100001011100011011110011010001000,10100011011101111001001011101011000000101000100001000100001011000001000011000100,12,2,0,4.388
2,01000000100000100110000110000000000000101100011000001011100111011011011110000000,11100000001101101101011011100111100110000010000010000110010010111001101100000010,18,9,0,15.49
2,00110001101100000100000010000100001000011100000010001011100011011110011101001100,,8,2,0,35.416
2,00111001001000000000000010000100001010010000000100001011100011110110011111001101,11110011011111011001001010100001100001000110101001011010000110000100000011100100,9,2,0,26.927
2,00110011111001001100000111000100110000010100011000010000000111010000001011000010,,17,10,0,34.956
2,00010010111001011010000100010000100000011000010000110001000000100000010010001000,00100010001011000111110001000011000100000010000101000100010010110111100001001011,14,0,0,1.051
2,10010011100001111001000100010001000100111100010000000000000001100000010010110000,,16,5,0,39.191
2,00011000101000000010000010000100001000001100000110001011100011010110011111001000,,11,2,0,38.385
2,00110101101000000100000000001100001000001100000110001011100011011100001111001101,,8,2,0,34.212
2,00000100000001010001000111100011010101100101010010011100011000000000000100101000,,24,14,0,28.737
2,00011001101000000111000010001100001000011000000110001011100011101110011110001001,,7,3,0,26.821
2,00010001100000000110000010001000001000011100000110001010000011001110010111001101,10110011001101110011000001011011100000111000010010010001010011100001000110001000,11,2,0,20.775
2,00111101101000000010000010001000001000011100000100000011100010011000010110001100,01100011001011100011001011100011000001000001000001000010001011000000100011110110,12,2,0,0.252
2,01010001101000000100000010001100000000011100000110001001100001001110011001001101,,11,2,0,26.956
2,00010001100000010010000001000101100001100100011100001111110111110110011101000000,,17,13,0,22.238
2,00100001101000000101000010001100000000001100000110001011100001011000001010000101,,13,1,0,38.066
2,00000001001000000100000010001100001000011100000100001011100011011010011111001001,11110010011101101111001011100011011001000000101001000010001110000001001000000100,9,0,0,2.824
2,00000000001000000100000010001100001000011100000110001011100011011000011101001001,,11,0,0,37.547
2,00100001101000000100000000000000000000011000000110001010100011010010011101001101,11011011011101001001001010101010000001100000000001000010001010001001101010000100,13,0,0,0.053
2,00110001101000000100000000001100001000011100000110001011100011010110011110001101,11100001011101011001011011101011100001100001100011011000001110000001000011000110,7,1,0,0.993
2,00110001001000000100000000000000000000001110000100011011100011001000000010000000,00110001001100010111000010000001000000001110000100011010100011001010000010000000,20,2,0,0.129
2,10100010101001011011000111010001100000111000000000100000000000100000010110001100,01010001011101101101001011100011000001100010000001010000000110001111000011001111,10,0,0,13.519
2,00111110101000000000000010000100000000011000000010001011100001010010011111000101,11110001011101001001001010100010000000101100000001000010001111000010000011111011,12,2,0,25.536
2,00111001001000000100100010001110000000011100000110001011100001111010011111001101,,5,2,0,30.222
2,00110111101000000100000010001100001000011100000110001001100001010000011111001001,01111111001010010001111001000010000100000110000011000111010010010010101001001011,9,2,0,11.781
2,01100001101000000110000000001100001000011100000100001111100011001000000111001101,,11,3,0,37.017
2,00110001001000000100000010001100001000001100000110001000100001011110011101011101,,9,1,0,27.001
2,00000001101000000100000010001000001000011100000110001010100010011000011111000000,11110000001001101001101010110011010001100001100000000010001010010101000000000110,13,0,0,26.174
2,10110011111001000011000111010001100000111000010000010001000000100000010010011000,11110111011111101001001011100011000001100000100001000010001110000011000011100110,8,0,1,6.185
2,00000001101000000000000000001000000000011100000110000011100001011010011101001101,,13,0,0,39.219
2,01010100100000000000000000001011001000010010000010111011100011111010011101000001,,15,7,0,28.06
2,00010101001000001101000010001000001000011100000100001011100011011110001111000001,,10,3,0,20.776
2,00111001100100000101010010001100001000011000000110001011100001011010011100001001,,9,3,0,25.672
2,00110011111000011011000111010001100000111000000000100001000011100000010010001000,00110011111010111011000111010001100000111000000110100001000011101000000010001100,10,2,0,2.589
2,00011001101000000100000010001000011000011100000000001011100011111000011111001001,01110011011111100011001011101011001000000001100101000010001010100011000001100110,8,1,0,1.634
2,00110001101000000100000000001100011000011100000100001011110010010000010111001101,01100111011001000001011011111111000001000001100001000000001110101001000011100110,10,2,0,6.279
2,00110001101000000110000000001100001000011100000110001001000011011010011110001101,11100011011101101001011001001011000001100100100011000101011110000001101011000110,8,1,0,24.152
2,10110001111000011011000110010001100000011000010000110001000000000000010110000100,11100001011101101101001001100011000001100000100001000011001110100010000010001110,10,0,0,0.826
2,00010001101000000110000010001000001000011100000010001011100011111110011111001001,11111010011111111101001011000011100000100000100001000010011010110101100001000110,7,2,0,4.239
2,01010000001100011110010010001000011000000100000100100111100001011100000111000100,,17,9,0,29.191
2,00100001101010000101000000001100001000011000000101001001100011011010011110001101,,10,3,0,33.304
2,10110001110000011010000111000000100000011000010000000001000000100000010110010100,,13,0,0,41.853
2,00010001001000000100000000001000011000011100000100001011100000010000011100001101,,15,1,0,32.556
2,10010011110001011011000111010001100000111000010000010001000001100000010100101100,,8,2,0,27.283
2,10111100001000001100000001011010000000100000000000010110000000000001000000000000,,25,6,0,26.138
2,00011001101000000100000010001100001000011100000110000010100001011010000111001101,,9,0,0,28.762
2,10011011111001011011001111010001100000111000010000110001000000100000010111011100,11110111011101101001011011101011000001100000100001000010011110001101000011101110,3,2,0,0.203
2,00111001101000000100000110001000001000011000000110001011000010010110000010001101,00111001101000000101000100001001001000111000010110101011000010110110000010001101,12,2,0,29.185
2,00100111001000000000000010001100001000010000000100001001100011011010011111001001,11111010011111101101001001100000100111000000100001000011001110000100000010011100,12,2,0,9.513
2,00110001101000000110000010001100001000011100000010000001000001011000011111000101,11110101011111100001010001100011000000100000100001001010001111010001100011000110,11,1,0,15.377
2,00011001101000000100000010001000001000001100000110001000100011011000001011001101,,11,0,0,43.229
2,00001000101000000100000010001100000000011100000110001011100011001110010101001001,,11,1,0,36.607
2,00100000001000000100000000001100001000011000000110001011000011011010010011001000,00110010001101101011001011010010000001110000100010000000101111000001000010100000,14,0,0,4.388
2,00010010000100000011000000001010000000011100010000001010011011011110001010101000,,21,10,0,27.433
2,10100011000001011101000100010001100000011000000000010001000000100000010110011100,,12,0,0,39.544
2,00100000001000000000000010001000001000011100000110010010100001011010011111000101,11110011011101101001010110100011000001100100110001000010001011010010000010000000,13,1,0,27.848
2,00111001001001000010000010000100001000011100000000001011000011101110001101001100,,12,3,0,32.644
2,00100000100000000100000010001000001000010000000000001001000011011010011010001001,,17,0,0,43.109
2,00110001101000000100000010001000001000011100000100001011100010000010011111000001,11110001011101011001001011100011000001000000100001000010001010000001100111000111,11,0,0,0.585
2,00101001101000000100000010001100001000000100000100000011100001011010011110001101,,10,0,0,36.071
2,00000001101000000111000010001110001000011100000110001011100011111000011111101000,11111010001111101011011111100011000101101000100001010010001110000101100000000110,8,4,0,15.35
2,00111110100000000110000010001100001000011100000010000011100011011110011110001001,,9,4,0,27.281
2,00010001101000000101000010001100001000001100000000001011110011000000010011001001,,14,2,0,28.659
2,00110001101000000000000010001100001000001100000110000011100011011000010010001000,00100010001101110011000011100011000101100010100000000010001110000011100011000100,13,0,0,2.234
2,10110011111001000011000101000000000000010000010000110001000000100000010110011000,11110011001100001011000010101010010000000001100100000010001110010011000001100110,12,0,0,11.013
2,00010011000101000100000000000100000000010000000000000000000010000000001111000000,,26,3,0,31.578
2,00111001101000000110000000001100001000111100000110000011100011011010010111001100,,7,2,0,19.951
2,00010001001000000100000010001000001000011100000110001011100011011100011110001101,11100011011101110001001011101101000001100100100001000110001010110001001001000100,9,1,0,3.518
2,00110011111000001001000101000001100000111000010000110001000000000000010100001000,11010011001001100001010010110011000001100000100101010010001110100001000001000010,13,0,0,3.573
2,00010001101000000000000000001000001000011100000110001001100000011100001111001101,,13,1,0,34.585
2,00111001101000000100000010000000001000011100000110000011100010011110011110001100,11100011001001111001000011100011000001100010000011100010010010100101000111100110,9,1,0,16.251
2,00001000000100000000000010001000001101111100000001000001111110111001011111001100,,16,9,0,24.137
2,00100101101000000000000010001100001000011000000010001011100011011110010110001101,01100011011101111011001011100010101000100000100011101010001110000100000010011110,10,2,0,7.07
2,00111001001000000100000000001000001000011100000100001011100011001100001100001101,,12,1,0,31.381
2,00111001101000001100000010001100001000011100000000001011100011011010011111101100,11111011001111101001001111100011000100000000100001000010001110000011000101100110,5,1,0,1.034
2,10111010111001110011000111010001100000111000010000110001000000100000010011101100,,6,3,0,28.889
2,00110001101000000100000000001000001000011000000100001001100001001010011111001100,,12,0,0,34.735
2,00100001101000000100000000001100001000011100000010000011000001011010011111000100,11110001101101111001000011000011010001110000100001000000001110000001000010100110,12,0,0,14.855
2,00010000001000000100000010001100001000011100000100001011100011011000011111001100,11110111101101101001001011100011000001000000100011001010001110010001001001000000,10,0,0,3.03
2,00000001001000000101000010000000001000001100000110001011000001010000011111000101,00100000101011001001000001000000000100001110000011000011010011000110101010011111,15,1,0,7.144
2,00110000001000000100000010001100001000011100000010000011100011001010001100001001,,13,0,0,39.344
2,00110000111001111011000111000000100000111000000000000001000001100000000110001000,00110000111001111011000111000100100000111000000011000000001011100000000110001000,14,2,0,0.039
2,00110101101000000000000000001100001000011000000000001011100011010000001110001101,,13,1,0,37.529
2,10110110111000110001000110010001000001111000010000110001000001100000010110011100,11011011101100111001011001100011100000101000100011001010001110000001100011100110,9,4,0,9.688
2,00110000101000000100000010001100001000011100000110001001100010011010011111000101,11110001011011101001001011100011000001100100100101000010001111010011000111000010,8,0,0,0.082
2,10010011111001111011000111000001000000011000010000010001000000100000010010100000,,12,2,0,32.248
2,10110011111001011011000111010001100000111000010000110000000000100000010110000100,11110001011101101001001011101011000001100001111001010000001110110001000010000110,6,0,0,7.33
2,00110001101000000101000010001100001000011000000110000011100011010010011110001001,,9,1,0,24.213
2,00110001001000000101000010000100001000001100000110001011000011011010001111101101,00110001001000011101000110000100001100101110000110001011000111011010001111101101,9,2,0,0.4
2,00011000101000000000000010001100000000011100000100001010000010011010011111001001,11110010011011101001011010000011000001000000001001000011011110000000000001100010,12,0,0,0.463
2,00010001001000000100000010000110001000011100000010001001100011010000011111001101,11100011011101001011011001100011000000101000100011000110010110000001000001000100,11,1,0,0.349
2,00111001001000000101000000001000000000011100000110001011100011011010011111101001,10010111111001111011000111010001100010111000000100010000000010110100000011011100,8,2,0,1.663
2,00000000101000000100000010000100001001011000000100001001100011011010001111001001,,13,1,0,38.172
2,00011110101000000110000000010100001000011000000001001000010011101110001101001001,,16,7,0,20.906
2,00110100101001000110000000001100001000011100000110001011100011010000011101001100,11010011001101100001011011100011100001100000101011001001001110010001100011110010,10,3,0,7.919
2,10011011101000011011000110000001100000111000010000110000000010000000011110011000,00011001111110001001000000001100001000011100000110000101110111011010000111011001,10,2,0,17.617
2,00110001101000000100000010001100001000011100000000000010100011011010011111001001,11111010011101101001000011110011000000000000100001000110001111100001000110000110,9,0,0,29.167
2,00100001101000000100000010001100001000011100000100001011100011011110011101001100,10010111001111111001001011101111000001001000100001001010001110000001100010000110,8,1,0,14.577
2,00011001100000000100000010001100001000011100000100001011100011011110001111000101,,8,1,0,32.034
2,00000001001000000100000000000100001000011100000010001001100011100011011111001100,,13,1,0,36.116
2,10010000111000011011000110010000000000010000010000110000000001100000010111100100,11010010011111100001001001101010000000010001100000000000001111010001100010011100,15,3,0,7.244
2,00010000101000000000000000001100001000001000000110001011000011010010011111001001,11110110011101001001001011000010000001100000000110101000001110000000100001001010,13,0,0,3.315
2,00110001101000000101000000001100001000010100000110001000100011001010010110011101,,10,1,0,27.346
2,01110011100000000110000010001110001000011100000100001011100010011110011011001100,,9,5,0,29.219
2,01010001001000000100000110001100011000001000000110001000100011011010001100001100,,14,3,0,30.633
2,00010010001001011000000010010001100000111000010000110001000010100000010000001000,00000010101010000001110000000010010100000110000011010010010010010111000001001100,16,1,0,11.655
2,10110011101001011011000111010001000000111000010000000000000000100000010110011100,11110111011111101001001011100011000001100000100001000010001110000011000011100110,8,0,1,3.398
2,10100010101000010011000011010000100000111100010000110001000000000000000110010000,,14,1,0,44.94
2,00100001001000000100000010001100001000011000000110000001100011110010011111001001,11111010011111011111000001101010010001100000101001000010001111000001000010000100,10,0,0,6.638
2,10110010101000001011000101010001100000110000010000010001000011100000000110001010,10110010101010011011000101010001100101110110010000010001000011101001000110001010,13,3,0,6.412
2,00111100101000010100000010000100001000010000000110001011100011011000011111001100,11110011001101111011011011100000100011110000100001000010000110100101000011110010,9,2,0,2.62
2,00110001100001011001000000010000100000111000010000100001000001000000010100101000,,17,2,0,37.999
2,00010001101000000100000010001100000000011100000110001011100011011010001111000101,00110001101001000101000010001100000001011110001110001011100011111010001011000101,8,0,0,12.091
2,00010000101000000100000010000000001000001000000110001011100001100000010101001101,,15,0,0,41.044
2,00010001111000000111000010001000001000011100000110001010100011111010001000001001,00000001111001000111100010001101001000011110000110001010100011111011001000001001,11,3,0,13.484
2,00100001100000000111000000001100001000001100000110001001100011011110000100101100,,14,4,0,24.916
2,10110001111001110011000110000001100000111000010000010001000000000000000110011000,,11,1,0,25.713
2,00000001001000000100000010001100000000011000000100001011100011010000010000011000,00000110001101010001001011100011000001000000001011010010001110100001000101000100,17,0,0,7.44
2,00100000101000000100000010001100000000010100000110001101100011111000010111000100,,12,1,0,37.526
2,01010000000000000100000110001100001000011000000110001011100011010010011111001100,11111001001101011101101011110011000001100000100001000110001110000001000101000000,11,2,0,10.03
2,00110100101000000110000010001100001000010000000000001010100011011000011101001000,11010010001101100101011010100001000110010010100001000010001110000011100011010010,14,2,0,12.511
2,01111100000000000010000011100010001111000100000110110101000000000001001101000100,,23,13,0,32.778
2,00110100101000000100000010001100001000011100000110001011100011010010010111001001,01110010011111001001000011100011000001100100100001000010001110101011100111010010,8,1,0,5.97
2,00010010110001001011000111010000100000011000010000110001000000100000010110000100,11110010001101101001001010110010000101000000100001010010001111000001000010000110,12,0,0,0.228
2,00110001101000000110000010001100001000001100000100001011100010101000011111001101,11110011011010110001011011101011000011000000110000000110001111000001100011000110,8,1,0,0.033
2,00100001101000000100000010001100001000011100000100010010100011000000011101001100,11010011011100000001010010100011000001001000100001000011011110101101000110000110,13,1,0,10.375
2,01111101001000000100000010001100001000011100000110001010100011011000010111001101,01110011011101100111101010100011000001100110100011100010001110000001000101110100,7,2,0,0.823
2,00000110011000100011100010001100000001101100010000001011100111011011001011000100,,17,12,0,33.887
2,00100001101000000110000010001100001100011100000100001011100011011110010111001001,11110110011101111001011011100111000001000100110001000010001111001001100010010110,8,3,0,1.851
2,00111100100000000110000000001100001000011100000110001011100011110110010111001101,01110001011111011001001011100011001001100000110001010010001110000011100011111010,7,3,0,19.931
2,00110001101000000101000010001000001000011100000110000011100001010010011111001101,01100011001011100001010001010010000100000110000011001111010110010011101011001111,8,1,0,0.538
2,00110001001000000100000010001100001000011100000100001110100000011010010101001101,00100011101110001101110011000011100100000010000011000101110010010110001011001010,11,1,0,3.686
2,00010001000000000010000100000100110000011100000110011101100000100110000111000100,,19,7,0,20.502
2,00111001101000000100000010000100001000011100000110001000000011011110000011000101,,11,1,0,38.941
2,10100010111001001011000111010001000000111000010000110001000000100000010110101000,11010001011101001001001011100011010000110000100001000010001110101101000111011110,9,1,0,4.443
2,00111001101000000100000010001100001000011100000000001010100010011010011111001101,11110111011111101001001011100011000001100000100001000010001110000011000011100110,7,0,1,1.525
2,00110001101000000100000010000100001000010100000110000011100011011010011001001000,10010010011101111001000011101001000001100100100001000010000110000011001011010111,11,0,0,23.477
2,00110001101000000100000010001100001000000100000110001011100010001110011101001100,11010011101000111101001011100001000011100000100000010010001110010101001011000111,10,1,0,21.698
2,00111001101100000110000000001000001000011000010110001011100011011010011011101101,,7,4,0,26.179
2,00010000101000000100000010000000001000010100000110001011100011011100011010001001,10100010011101110101000011100001000001101001100001000010000011000101100001000010,13,1,0,6.863
2,10111001111001010010000111010000100000111000010000110001000000100000010110101000,,8,1,0,31.082
2,00011000001000000100000010000000001100010100000110000011100010011110011110001101,11100011001011111101000011101001010001100000110001100010000010000011000001100000,12,2,0,0.306
2,10110010100000110100000110001100000100101000010000110000000100100000000110100100,,18,6,0,38.581
2,00011001101000000100000000001100000000010100000100000010100010011000010111000101,,14,0,0,41.208
2,00110000101000000000000010001100000000011100000110001011100011011110001111001001,,9,1,0,32.904
2,00011110001000000100000010001100001100011100000110001011100011111100011111001101,,6,4,0,23.559
2,00110011101001011011000101010001000000011000011000110001000001100010000011111000,,11,5,0,27.306
2,10110000110001011011000111010001100000111000000000110001000011100000010110000110,01100001101000000111000011001101011000111100000110101111101011011010001100001101,9,3,0,11.873
2,00100101101000000110000010001100001000011100000110001011100001111110010111001101,,6,3,0,15.976
2,00110011011001010011000110011001100001111000010000001000000001100000000001001000,00110011011001010011000110011001100000111100011010001000000011100001000001001010,15,5,0,10.872
2,00011111000100000010000001001000001100010110000001011010011011111110001110101101,,15,13,0,21.142
2,00010001101001000010000010011111001000011100000110001111100011010100011110001000,11100010011111110001001111100011000001101100101001000000011110110011100001000110,11,7,0,1.644
2,00111101101000000100000010001100000000001100000110001111100001001110011111001001,,8,3,0,26.217
2,00111001101000000100000000000100001000011100000100000000100011001010011111000101,11110001001100101101000000100011000001000000100011000100011110010001000011110110,11,0,0,0.053
2,00000001110001111000001011000001000000010000010000110000000011100001000011110000,,20,7,0,33.794
2,10011011100001001011000101000001100000010000010000100001000000000000000110001100,10011011101101111111000101000001100000010000011000100001000010000000000110011100,14,0,0,17.224
2,00000000100001010000000111100100001000011100000110001011100010011110001110001100,,14,6,0,36.463
2,10110011100000001011000111000001100000111000010000110000000000100000000010001000,,13,0,0,43.89
2,00010001101000000100000010001000011000001100000110001011100011001000011111001000,11110010001101100001001011110011000001100101100001001010101010000011000001000110,11,1,0,1.196
2,10111001110001101011000001000000100000110000010000010001000000100000010110001000,,13,1,0,29.396
2,00011001101000000101000010001100000000011000000100001011100011010110011001001000,00011001101000000111000010001100011001111100000100001011100011110110001001001000,12,2,0,24.374
2,00100001000100000100010111100100010000011101000000000100000000011100001000101000,,24,10,0,36.991
2,00100000101000000100000010001000001000011000000110001001100011001010011111001101,11110011011110101001001001100010010101100000100001010010001111000001000010000011,10,0,0,4.594
2,00000000101000000100000010000000001000001110000110000011000001111010011110001101,,13,1,0,2071.495
2,00111000001000000000000010001100001000010100000100001011100011100010001111001100,,11,0,0,1471.059
2,00101000000000100000000001011000000000000000000110010000010000000000000010000000,,30,5,0,4699.597
2,00110001010001000000000111001000011100101100110000011000000000010000000000100000,,23,8,0,2656.62
3,00110000100011000110011101110001101100000000010000000010001110010101101100001000,,9,19,0,59.186
3,00000000010000000000001000000000000000000011011111100101111100011101000000000001,,14,16,0,3338.753
3,10010010110001110100010000001010000000010100010000001000000101100010000001101000,,14,18,0,3264.876
3,01001000001011010000000001100000001010000000000010000000000001010000011110000000,00000100101000101101000110001000010100000110000000010000000011100010100000001111,6,4,0,1.077
3,00001000001010000000000000000100011000010000010000100101110000100111000010100110,,12,14,0,234.716
3,01101000000101000001010000001001110110001000000000101100000001000000100100101010,,13,17,0,41.082
3,00000001100000110110000000000000000000000101000000000110000000001001001000000010,,11,6,0,46.75
3,00000000000000000000011100000001001000000000111000111100100000011000000000000000,,15,11,0,30.392
3,00010000001001000010110000001000000000000000101011010001001001000000011010000000,10000100001100000001010101001000001110110001000010110000001010010001100001000000,16,15,0,6.051
3,00100000110000001000100000011000011011000100101100100000011000000101100100101100,,13,19,0,34.984
3,00100000100001110010000110000100011000100001101010000110000010001010000000010001,,11,15,0,35.663
3,11010000001010000010010000001000100100110010000001111000001010011011100000101000,11010000101010000011011000101000100101110110000001111000001010111011100010101000,13,20,0,3.311
3,01101000000110000000001100000100110011000001100000001100000000100100110000010100,,13,16,0,34.259
3,01000000100010101110001001111011001001110000001000011101100000111000000000000000,,10,18,0,30.432
3,11010001000110000010111000001001100100010011000000011100001001000001100010001100,,15,23,0,24.702
3,00011100111111110001010011000000001100000001110110001110111000010011001110001100,,7,24,0,15.609
3,00001000001010100000000000000100001110000000001001000000001011011000000000100000,00001001001101101011010000001000000010011000111001010000000110101000000000100000,10,7,0,28.071
3,01100100000111010000000100100000000100000000001100010000100101110000001001000000,,13,14,0,29.714
3,00000000000000000000000000000000001000000000100000000001000000110000000000000000,,16,2,0,53.182
3,00110000100010000111011011110001100100000000110000000000000010011111011000111000,,9,19,0,22.738
3,01001000001010000000000000000000000010010000010000000000000001100000011000000000,10000000001110000001100010000000000100100001001001000000000010100001000100100000,8,0,0,1.136
3,01010010000010000000011000001001101000000000000001011000000000001001100000001110,,15,15,0,39.419
3,00110001100000010100001111010001111110000000110000001110000110011111101100000000,,9,22,0,22.25
3,00001100001001100010000100001111001100010000000110000101000001000011000110000100,,11,16,0,34.267
3,01100100100111000000001000000001000110001111000000000100000100010001001100111110,,12,19,0,28.486
3,01101000000101000000011000001100100000101000000001111000000100010011001101010110,,14,21,0,31.522
3,00001000000000100010001000001000001000110000011010000100010000000101000100100110,,12,12,0,41.733
3,00000000000101000010011100110111010110000001011010001110000000110000000001000000,,14,19,0,26.347
3,01000000000000100001000000100000001010010000010010000000000100110000001100000000,00010100111000101101100010000001011000101001010000000100000010000100000000000010,7,2,0,32.207
3,11000001001000000000010000001001101100001010000000101000000000010010001100000100,,13,13,0,35.487
3,00110000001000100100010000100000000010000001100110000100001101000000100000001011,00110000001100100101010000100000100011100001100110000100001111000000100000001001,15,16,0,27.632
3,00011100000010100000001111100000000100000000000010000000000000000000000000000000,,14,7,0,37.355
3,10010011110000111001011010011010000100111000110000000000000011000000100001111000,10010110111000111011011010011010000100111000110000010000000011010000100011111001,11,21,0,24.617
3,00010000001101000010101000000001100010000010000000000110000101110100010010010100,,13,16,0,31.489
3,01101100001001000010000100001100000001010000000111100000110001001101000011100100,,12,19,0,31.038
3,00001000001000000001000000000000001011010000010110000000000001111000011100000000,00000100011000000101000000001010110100000110100011010000000010000111100000100010,4,2,0,16.832
3,01000000001010000000000000000000000000000000010010000000000100011000011100000000,11010001001001100011000000000100000100100000001000010001000010100010000100000000,9,1,0,16.388
3,01100100000000000000000001100000001100000000010001000000001011111000001000000000,,10,7,0,28.409
3,11100000000000001100000000110000111000110000000000001010000000001000000000110000,,15,13,0,41.362
3,01010000000010000000110000001001100100000010000010011000001110000001000000110000,,16,16,0,26.424
3,00000101000100110100001110000100011000000111000000000010000011000010000100010001,,12,15,0,38.435
3,00000001000000000111100001110000100000000110000000100101000000001000001000000001,01100000001110000001001110001100000000000000000110010010100110000100101000100001,15,13,0,34.855
3,01101001000100000000011000000000100100100010010010111000000100000000001000010100,,14,15,0,28.42
3,00100001001010000000101000000100101100000010000000000100011000011001000000011100,,14,15,0,34.638
3,00000000000000100000100000001000000111100100111100000110010111000001000011000000,,15,17,0,33.786
3,10010000001010000001100001000001110000010001000000001001000000100001000000100000,10110000001010000101000001010001110000010001000000001001000010110001100000100010,13,11,0,41.827
3,10000000000000011011010000111000111000000001100000000100000000000000000000100000,,14,11,0,40.421
3,01101001000100100010010100000011010100100001010001011100000001000001100100001010,,13,20,0,28.4
3,01000000001010000001000000000000000010010000000100000000000100011000011100000000,00000000101001000101000000000010110000000010010011100000000010000110100001000011,8,2,0,3.456
3,00100100000000010000000001100100000000000000001000000001001011101000001100000001,,13,10,0,37.994
3,01001000001010100001000001000000001011010000011000000000000001111000011100000000,00000100101000011111010010000011010100000101100000000100001010000111100000000011,1,2,0,4.129
3,00000000000000000100000000011000000000000000001100001000000000100100001110000000,,16,8,0,52.219
3,00100101100011110000000100100011111000011000100000110000101000000100000000111000,,12,19,0,31.277
3,01001000001010000000001000000100001010000000111011000011110011110000000001000010,,8,12,0,41.946
3,01001000000010100001000001000000001000010000010010000000000000101000011100000000,00000100101000010101000010000010010100000100100000000000000010000111100000000011,4,0,1,0.02
3,00000000000000000000110000000000000000001000000000000011000000000101100000001110,,14,6,0,45.423
3,11010000001000000100001000011011101100010011000001011100000001000001100100000100,,13,19,0,35.942
3,01011001000000111000000111110101010101001110001010011100011100001000001110101000,,11,26,0,12.424
3,00010001100011100000010001000011100100010011010100001100110010110000000010010000,,12,19,0,30.662
3,00000010000000010011000000011100000000000001000000000110000000000000000010000000,,15,7,0,34.907
3,01000011000110111000011110100011011110010001100011000011011000011110001000110010,,9,26,0,23.105
3,00100000000110100100110010110011000010000000101100000110001001000011110000000011,,14,21,0,25.808
3,11000001000011000000111000001001100000000010000001111000000000010000100101110000,,15,18,0,36.563
3,01101100101000000000011000001100110100010011000001101000000100010001001101100110,,12,21,0,31.103
3,01101100000101000001011000000100110110110011000000111000000000001001100100001010,,12,20,0,33.557
3,00010000000010000000010001000000000111000000011110000000001100000000110000000010,,13,10,0,36.477
3,10001000001001100010000000000000001101110000011010100100010000000101000111100010,,11,16,0,31.979
3,01000000001000000000000000000000000010010000010010000000000001010000011100000000,00000100101000010101000010000010010100000100100000000000000010000111100000000011,8,0,1,22.394
3,01001000001010000000000001000000001010010000010010000000000001111000011100000000,00000100101000010101000010000010010100000100100000000000000010000111100000000011,2,0,1,0.008
3,01000000001010000001001111000000001000010000010010000000000001111000011100000000,00000000101000000101000011110011100110010100100010010000000110000111100000000010,3,3,0,13.247
3,00110000001100001000000011000010000011101000110001000110011111100000000011000100,,13,20,0,34.948
3,01100000000011000001011000000000100110000011000001110100000100000001101100111010,,13,19,0,36.105
3,00011110000000011000000001011100100111000010000110010100001110000000001101000010,,13,20,0,28.16
3,00110000100010011110011111110001001000000000100000000001011110011111011100100000,,8,21,0,27.176
3,00011000011110111000011000000000000100100001011000000111110000100001000010000100,,11,17,0,27.614
3,01101001100111000000010000001000101100001010000010100000000100010001001000111100,,12,18,0,29.396
3,00000000001010100000000001000100001000000000000001000000011000010000001011000011,,12,8,0,65.989
3,00110000100001000110011110100001101111001000110000000011001110011110011100101000,11011011001011111001000011001110001100000110110110011110100010010001100011000010,8,23,0,6.209
3,00010000000000000010010000111100000000100000100001011000000100100000010001000101,,17,16,0,46.196
3,11001000000001100000000000000101000000011000000011010000000001000000100010000010,,13,10,0,34.312
3,11000100000000001001000011101000000000000000000001000111000011100000000100000000,11000101101010001001000011101000000000101000000001000111000011100100000101000000,13,11,0,2.208
3,00001000000001000000001100000100100000000000000000010000001001000000010100000000,,15,7,0,45.668
3,00000000101000011100000000000001001000001001110000000000000000000000010000000000,00000000001010110011000000000010011100000100100010000000100010001111000000000010,8,1,0,1.752
3,00110100100000011110000000010001000001100110101000011110000010000000111100001000,,10,17,0,28.519
3,11010001000110000100000011010011101100010010000001101100011010011010100000001100,,12,23,0,23.118
3,00000010100000011110100000000001111000001001010000000000000010000000000000010010,,6,4,0,35.727
3,01001000001010000000000001000000001010000000010010000000000001111000011100000000,00000100101000010101000010000010010100000100100000000000000010000111100000000011,3,0,1,0.018
3,00110100000000100000000000000000011010000001100000000010000000100000010000000100,,14,8,0,41.924
3,01000000001010000001001100000000001110000000010010000000000000111000011100000000,00001000101100000101000000110000011100011100000000000000000010100111100000000011,5,3,0,3.417
3,01010000001000000000010011000000001000000001000000111110001100000010000000010100,,15,14,0,43.815
3,01000000011010110000000001100100000100100000000000000010000101111000001110000000,,8,9,0,39.461
3,01100100010001011000101001100011000010000000010010000010111100001100100001100010,,11,19,0,31.058
3,01001000001011000001000010000000001010010000010010000000000001111000011100000000,00000110101000101101000010010010010100000100100000010000001010100111100000000011,2,2,0,26.415
3,01000000000010000001000001000000001010010000000000000000000000110000011100000000,00000010101011000101000010000011010100000000000000000100000010100011000000000011,7,0,0,0.046
3,01110100100101000000001000000100000110001001011010101000000100010010011100111110,,11,21,0,34.878
3,01001000000000000000000001000100011000000000110011000000010001100000000010000010,,11,7,0,28.612
3,00100000100000000011000001000000001110010000001000001110000000111100000000000001,,11,10,0,34.69
3,01001000000011000000000101000000001010010000011011000000001000010000000100000010,,8,6,0,29.564
3,00000000101110100000000000100100011110100000010000000000000101101000001100000000,,8,8,0,32.016
3,10000110110000110100011000001110000100001000000000001000000101100011000001100000,,13,17,0,33.359
3,00100010000000000000000000000000000000001000000000000000000000000001000000000100,,17,3,0,49.589
3,00100011000110001100111111100010010110001001110000000010000100011101110001111000,,9,24,0,20.298
3,01000000001000000001000011000000001010010000000000000000000000111000010100000000,00000000101100000001010011000010010100001100000100100000000010000111100000100010,7,1,0,1.921
3,01001000000000100001000001000000001010010000011010000000000001111000010100000000,00000100101000010101000010000010010100000100100000000000000010000111100000000011,3,1,1,3.916
3,01001000000010000001000001000000000000010000010010000000000001111000011100000000,00000100101000010101000010000010010100000100100000000000000010000111100000000011,4,0,1,0.027
3,11010001100110000000010001100001100100010011000000001110011010001011000110001100,,13,23,0,27.664
3,01101001000111000000000000001000000100000011000001100000000000000001001100100010,,14,13,0,29.81
3,00000000010000001111000000000000100100000000101000100001000001000000100100001000,,15,11,0,48.142
3,01001000000010110001000001100000001010010000000000000000000001001000011100000000,00000100101000110101010010000011010100001000000000010000000010000111100000000011,5,2,0,4.273
3,01000000000000000000000001110000000011110011000010000000000000000000000010110000,,14,9,0,43.096
3,00000000000000000001000111000000011100000101010000010000000001000000000001000000,,14,8,0,37.792
3,00010000001000000010101000000001100100010011000000000100001001000000000000010110,,13,11,0,37.54
3,01000011110001111010001000000000000000111000010000000000000001001000010001101000,,11,13,0,32.233
3,11010000101110000000110000001011110100010000000000010100011001001101110000000100,01010010111000010111010100001110001011110000000010011000101011101100100011000010,12,20,0,3.106
3,01001000000010000001000001000000001010000000011000000000000001111000011101000000,,4,2,0,39.294
3,11011000000010000000010000001001101000000010000001101000000000000000100100111000,00011100101100000001000000010110000001000100010110011000001011000001100000011011,14,14,0,29.174
3,00000001100000001000010011000100000000000000100010100011010011001000001000000000,01010101101000001001010011000100000000100000000010100011010011101000001000000000,15,13,0,40.014
3,00010000001100000010111000001011100000000011000000000100000001111000110010010100,,13,17,0,28.322
3,00000000111000001110000000000001001000001001010000000010000010000001000000010000,00000100101000010101000010000010010100000100100000000000000010000111100000000011,4,0,1,0.141
3,00000000000000000000000000000011110000000111111010001110100000000110000000000010,,13,12,0,42.399
3,00001000000010110001000000000000000010010000010000000000000001111000011100000000,,5,1,0,48.445
3,00110000100000000110011111011000101100000100110000000000000110011111111100110000,11001100001001111111000000001101011101010010010000111111011010000001100011000010,9,21,0,0.036
3,01100010000101011100010001100010000111100000100110100100011100000010110100001100,,13,24,0,30.843
3,01000100110011111000111000000001000000110000110011100111111000011000000011000110,,11,24,0,21.368
3,00001100011011111001000001000000000100000001010010000111111000110000000100000100,,8,14,0,36.781
3,11000000000010000000000011000000000010010000010011000000000001011000010000000000,00000000111000010101000011001010010000000100100010010000000010000111100000000000,8,3,0,0.848
3,01101001000100000000011000001100000110000001000000101000000100010001001100100110,,13,16,0,34.602
3,00011011000001100011000000000000001100011100000000001000001011110110001111001000,,9,16,0,27.377
3,11000001000110000011001000000000110110000000000100000000000000000000100000010000,,15,11,0,39.589
3,11100001000000000010010000000001001000000001010100000111000000000000001010000000,,13,10,0,33.385
3,00000000101000011010000000000001000000001001010000000010000010000001000000010010,00000100101000010101000010000010010100000100100000000000000010000111100000000011,5,0,1,1.945
3,11010000101100000010100001100101100100000011000000000110001101000101010000000110,,9,16,0,28.363
3,01101000100100000001011000000000110100000101000000111100000100001001001100000110,,13,18,0,33.311
3,01100000110001011001101001000011000000100000011011000110001100011000100011000010,,11,20,0,29.898
3,00000000000000000000000000000001010000000110100000000110000000000000010000000000,,16,5,0,46.041
3,01100000100010001100011110100011111000010001100000000010000000011011011000110000,,9,18,0,30.35
3,00100000000000101100000000111011000110101000000000000000000000001001011100010000,,13,13,0,33.247
3,00010001100000001110011111110001000000000100100000000000000010001101111100101000,,10,17,0,31.374
3,00111100000000010110000010100010001110000000000100011001000000000001111000011100,,12,17,0,24.014
3,01100001000011000010011000000001100100000011000000110000000110011000100000111000,,15,19,0,29.793
3,11010001001010000000010001000100100110000001000000010110010000000011110010011100,10100111001000001111010110010000010000010010011010010001000010100011001101100100,13,19,0,10.359
3,01001000001011100001000001000000001110110000010011000000000001101000011000000000,00100100101000011111000010000011011100001110100001000000101010000101100000000101,2,4,0,10.604
3,01001000001011000001000111000000001010000000010110000000000001101000000100000000,,5,4,0,37.325
3,00110001100000000110011110100001011110000100110000000000001000011101111000111000,,9,20,0,26.409
3,00001000001000100001000000000000001010010000010010000000000001111000010101100000,00010100101010010011000000000010010100000100100100001000000010100111100010011010,4,2,0,2.092
3,10110000100001000011000010001000001100110001011100100101100000101101100001000000,,12,20,0,25.295
3,11010000101110000000000000100001100100000000000001011100001101100001000000010100,,14,17,0,34.21
3,01100010000001011000010110100001101100000000100001000011011100001110001100000000,,14,21,0,22.856
3,01001000001010000000001001000000001010010000010000000000000000111000011110000000,,4,2,0,32.894
3,00011001000001100000100000000000100000000000000001001100000000010000000000000010,,18,11,0,51.213
3,01001000001010000000000000000000001010010000011110000000000001011000011100000000,,4,2,0,31.451
3,01001000001000000001000001000000001010010000010000000000000001101000011100000000,00000100101000010101000010000010010100000100100000000000000010000111100000000011,4,0,1,0.468
3,00000000001001000111001010001001000110010100010001000001100011000110000000011000,00000000001111000111000011001001000111010100010011000001101011000110000010011000,11,15,0,8.265
3,01001000000010010001001011000000000010100000010010000000000001011000011101000000,,5,5,0,33.081
3,11101000001000000010000100001111111101110000011110100100110000000101000010000010,11101000011100000011000100001111111101110001011110100100110010000101100011000010,11,22,0,12.702
3,00010100000000010100000001010001011000001001010000000001000000000011000110000100,,11,10,0,43.11
3,01001100000000000000010100000100000100011001011111000001100001001110000100100100,,11,16,0,24.207
3,10000000000000100000001010000000110000000011000011001110000000011000000000110000,,15,13,0,33.556
3,00001010000000011001000000001101000001000110100110010101001100010000001101001110,,13,20,0,26.721
3,01100000000010000001001001000000001010000000110010000000000001111000011100000000,,4,3,0,32.253
3,00000010100000011010000000000001001000001001110000000010000010000001000000010010,,5,2,0,41.581
3,10000101000001011101000001000001011110001010000000010001111001100000100011000000,,13,20,0,28.306
3,11010000101110000010010001100100110100000001000000011100001101000001000010001100,,14,21,0,31.212
3,01010000000110001101000000011001000101001000110011001000000101100000011100101100,,9,17,0,24.575
3,00000000100100000000000001000110000000001000000001010101010100000000000000100000,,17,11,0,42.607
3,00000001000000000000000000000110100000100000000011100000001111000000001100000000,,15,10,0,41.329
3,00010001101000000110000010001000001000101100111110010111100001110000001110000000,,10,19,0,27.393
3,01001000000010000001000000000000000010010000010010000000000001111000001100000000,00000100101000010101000010000010010100000100100000000000000010000111100000000011,5,0,1,2.75
3,01100001000101000011011000000100100100100010000000111110000000011001101100000010,,13,20,0,28.015
3,00110000100011000110001111110001111010001101110000000010001100001101011001101110,,6,23,0,18.251
3,01001000000010100000000001000000000010010000010010000000000001111000011001000000,10110000001111100001010000000000000100100100001001100001010010101010000100100000,4,1,0,12.006
3,00011000101110011001000000000000001100000001010110001100111001100000000000001100,,10,15,0,30.255
3,00011000101000000001000101011000000010000000100110010000100100010100000000100000,,12,12,0,34.716
3,00000000001010000001000011000100001000010000010000000000000101111000011100000000,00000001001000011101100011000010000100100000100000100100001011000111100000000011,5,3,0,0.611
3,01001000000011100001000001000000000010010000010010000000000001111000000100000000,,4,1,0,43.915
3,00010100010110110001010000000000000110100000011110000111111000100001000010000100,,12,19,0,30.079
3,01010000001010000000100000000100110000000001000000001110001100000101000000001010,,13,12,0,44.155
3,00000000001000011110000000000001000000001001010000000010000010000101000000010000,,5,0,0,35.471
3,00100100100011110010000100000101101000001111010001110000100001000010010000110001,,9,18,0,31.323
3,01001000001010000001000011000000001010010000001010000000000001110000011100000000,00000000101100000101000011000010010100000101010010000000000011000011100000001011,3,2,0,0.032
3,00110000000011110000000111100000001111001000000100000000000000000000010001000000,,13,12,0,27.648
3,00000000000000000000000010000000001000000000111000000010000000001100100000000000,,15,5,0,45.384
3,00000000000000000000000000000000011000000001100000000000000000000000000000000000,,17,2,0,85.413
3,01001000001000000000001000000100000010000000111000000101001000111000001100000001,,9,8,0,32.166
3,00011000001110110000100001000000001100000001010010001100111000110001100010000100,,9,15,0,26.363
3,01001000000000100001011001100100000101101000110010010011000001000000000110000010,,10,14,0,40.847
3,00000000100111000001101101000000000100100000110010000101111000100001000110000100,,12,17,0,28.359
3,00100100111000000101000101111001100001000011000110111000000000110000000001110000,00100100011100011101000101111101100001000011000110111000001010110000000101110000,12,20,0,15.384
3,10110000001001100010000000001100001101110000010110100100110000000111100110100110,,12,23,0,23.324
3,00010010001001000111101000000010100110000110000000000100001101111100110100000110,,13,22,0,28.745
3,01101000000101000000011000001000100110000011000001111100000000001001101100001010,,13,19,0,34.497
3,01100000110110000110000110001000010000100001100010110111111000110001100011000000,,12,23,0,25.145
3,00100000100101000000011000000000110110100001000000101100000100011001001100011010,,14,19,0,35.962
3,00001000001000000000000001000000001000010000000011000000000000111000001100000000,,8,1,0,31.259
3,01000000011010000001000001000000000010010000010011000000000011011000011100000000,,4,3,0,47.043
3,11010000101110000010101000101001110110000011000000010110011101100101000000000010,,13,24,0,24.406
3,01001000000000000001000001000000001110000000010010000000000000111000001100000000,00000100101000000001000110000010011100000100100000100000000011001111001000000011,6,1,0,33.542
3,10000100100000000000010010000010010100000000100000100001010100000100100000010000,,16,13,0,45.072
3,00100001000000001110010111100011111000000110100000000000001100010101011000011000,,10,18,0,27.482
3,00000000101111110001011011000000000100000000110110001001111001111011000100001000,,7,18,0,21.731
3,01000000001010000001001000000000001010010000010000000000000001001000011100000000,00001000101000100101000000011010010100000000101100010000001010000100100000000011,6,1,0,0.183
3,01100001000010011000010110100011001100000100100000000001001111000101001100010000,,11,18,0,26.096
3,01101001000100000001010000001001100110100010010000111000000010010001011001111110,01111110011010011001000001011100001001101101100110110000001010001000100010010110,11,21,0,0.652
3,01001000001010100000000001000000001010010000010010000000000001111000001100000000,00000100101000010101000010000010010100000100100000000000000010000111100000000011,2,0,1,0.011
3,00100000100000100010110010000110001000000000110000000011000000011100000001100000,,13,13,0,28.369
3,01001100101000000000000101000101000100110000010110100010110000100101100011010010,,11,19,0,28.614
3,11011001100000000010100001000001000100010011000000011110011000001011000010011100,,12,20,0,33.69
3,01001000000000100001000000000000001000010001100010000000000000011000011100000000,00000010111100011001000000000001010110001000010000000000000011000100100000010000,7,2,0,1.499
3,00000100011000011010000000000001001000001010010000000010000010000001010000010010,00000100101000000101000010000010100100000101100010000000100010001111101000010101,4,2,0,1.186
3,00000000110000000000000000000000000000000000000000000010000000011000000000100000,,16,3,0,32.079
3,00111001000000101100000011100000011001001000000010011100000101000001111101101000,,10,19,0,25.708
3,00110000100010000110011011100001101010000100100000000000000100000001101100100100,,13,18,0,23.78
3,00000000001000000000001001000001100011100100000000000000000010000000000000000000,00000000001000000001001001000001000011100100000000010000000010101000000010001100,16,7,0,23.408
3,00110000100000000110010110110001100010001000100000000010000000011001101100101000,,12,17,0,30.901
3,00000000111000010110000000000001001000001001000000000010000010000000010000010010,00000100101000010101000010000010010100000100100000000000000010000111100000000011,4,0,1,0.018
3,00001001000000100000001000000001100000000100001011000001010001000000010001000011,,14,12,0,48.737
3,01001000001010100001000001000000001010010000011010000000000000111000011110000000,00000100101000011111010010000011010100000101100000000100001010000111100000000011,1,2,0,0.034
3,00010100111100011001000000000000001100000011110010001101111011000010000100001100,,12,21,0,24.438
3,00001000000010000001000001000000001010010000010010000000000001110000011100000000,00000100101000010101000010000010010100000100100000000000000010000111100000000011,4,0,1,0.138
3,00000000001101100000010000101100000011010000000000000000110000000010000000000000,,15,10,0,32.493
3,00001000001010000001000001000000001010010000010010000000000001111000011101100000,00000100001010010101000010001010010110000100100000000000011010010111100000010011,2,2,0,2.277
3,01001000001010000001000001000000001010000000000000000000000001111000011100000000,00000100101000010101000010000010010100000100100000000000000010000111100000000011,4,0,1,0.022
3,00010011000100000010000000001000001100011100000000001000000011111010001111000001,,11,15,0,30.834
3,00100001001000000000001001000110001100001100000001001000001100110001000010000110,,14,16,0,29.917
3,00110000100010000110011011010001101011000000010000000000000010010011111100110000,,9,17,0,30.399
3,01000000000100100000110000010000000010000001100100000000011001000000000000001011,,15,12,0,37.251
3,00001000000010000000000010000100001100000000110010000010000011110000001010000010,,10,8,0,23.327
3,00001000001011100000000001000000000011010000010000000000000001100000011000000000,00000100001000111101000010000010010000100000100000000000000010000001100000010001,7,2,0,7.456
3,00000100111000011110000000000001000000000001010000000000000000000100010000010010,,5,1,0,36.188
3,10101000111001000001000101011101000010100000100100000000101000010010000001100000,,13,18,0,35.753
3,00000001100000011100000010100000000000000001100000000100000000000111110000000001,00000000011001111111010100000000011000000000001000000010100010000111000101000110,11,8,0,15.541
3,01000000001000000000010000000000101100100010000001001000001000010111001000100100,,15,14,0,25.205
3,00000000000110000000001000000001000000001100000001000000000000000000100000000100,,18,8,0,42.884
3,00010000010011100000000011000100001010010000011011011111001100101100000000110000,,9,17,0,27.482
3,01000000001010000001001001100100001000010000000010000000000001110000011101000000,00000000101001001101101110011011000100000100000000010100000110000011100000001011,5,4,0,4.207
3,01111000001000000000000001000000001000000000011001000000001001101000000100000001,,9,6,0,38.443
3,00100001100000000110010111110001101010000100110000000010000110011101111100011110,01111010111110111001000001001000001100100001010110001111101011101001001110010100,6,20,0,20.433
3,01001000000010000001001001000000001010010000111010000000000001011000010100000000,00100010111000011011000000000001011100011101010000010010010010000001000000010010,4,3,0,17.783
3,11010001101110000000111001100001100100010011000000001110001101100101000001001100,,12,24,0,26.767
3,10000010110001010100010010000110000100000000010000000010000100101101000101101010,,10,15,0,32.246
3,01001000001011000001000001000000001110010000010000000000000001111000001000000000,,4,2,0,29.868
3,01001000000110000000000001000000001010000000011010000001000001111000011100000000,,4,3,0,31.507
3,01111001000000001000000001010000011000000100001000011000001111100000000010010100,,13,16,0,32.181
3,01001000001010000001000000000000001010010000010010000000000001110000011100000000,00000100101000010101000010000010010100000100100000000000000010000111100000000011,3,0,1,0.012
3,00011100111100111001000001000000001100000010101100011011111011000011000000011000,01011100111100111101000001001000011100000010101100011011011011001011100010011000,9,21,0,0.054
3,00000000000000000000000000000000011010010110001000111000000000000000010000000000,,15,7,0,39.368
3,11010000001100000000000000000011000101000010000000001000000000000001000100010000,,16,11,0,40.024
3,00000000111000011110010001000001001000001001110000000010000000000100010000000000,01000000001000010001000010000010011100100100101100010001000110010111100000000011,4,3,0,2.527
3,01010001001010000010010000001001101100000000000001111000000100010011001001110110,10011001101001111101111001000101000000010110110000011000001010100000100101000100,13,20,0,19.399
3,01100001000100010000111110100111001000000001100010000010010100010111001100001100,,12,22,0,24.545
3,11010001001110000000111000000001101100110010000000011000011001001001100000001000,,12,19,0,23.292
3,01000000001010000001000001000000001010000000011010000000000000111000001100000000,00000100101000010101000010000010010100000100100000000000000010000111100000000011,5,1,1,31.452
3,00000000000011001001000110000011000001000100000110001010000000100000000000000000,00000000001111001101000001100000100000110110001010000001010010000011100000000001,15,11,0,18.869
3,00110001000000111000000001100000000101001100000011011100000101000001001100101000,,13,18,0,23.569
3,00110010001111100000110100010100000101000000101000010000101001111000000010000010,,12,19,0,30.387
3,00000000101000001000000000000001001000001001010000000000000010000101010000010000,00000100101000010101000010000010010100000100100000000000000010000111100000000011,6,0,1,0.04
3,00000000000000000000000000001001000011100000000000011011000011011110000000010000,,15,12,0,31.732
3,11001100111111111000000001000000001100100001010110001110011001100000000100001100,,7,19,0,26.227
3,00000000011000011110000010000001000000001001010000000001000010000101010000010000,00010100001000110101000001000110010110001100000000000010010010000111100100000001,4,2,0,2.945
3,01110000100111000000011000000000110100010110001001101100000100010001001101000100,,13,21,0,34.374
3,00010100000000001000001100000011000111101000001001100010010100010000011000000010,,13,16,0,36.789
3,00000000000010100000000110100000000111001000101010000100001000000001000000000000,,15,11,0,48.997
3,01011100000000100001000100001100000100011000001111100000110000100111000110100000,,11,18,0,36.812
3,00001000001010000000000001000000001000000000000011000000000001111000001110000001,,7,3,0,34.743
3,00100000100010001100011110000011001100000100100000000011001100000111101100100000,,11,18,0,28.524
3,01000001000100111000110110000001111100001100100000000000011100011111001100000000,,12,21,0,28.227
3,00000000000100110000011011110001101000100001110000000000000000000001110000000010,,11,12,0,36.887
3,00100000100000000110001001110001001010000000110000000000000010011001111000111000,10001111001001100111000000000000001101000100111010011001110010010001100010000010,9,13,0,6.683
3,00000000000100110000010001000000001001100000001100001001011001111000000001100000,,12,13,0,39.338
3,11000010000110011000111000100000010000000001000011000010010100010010001100000010,,13,17,0,29.091
3,00011110000000001101000000111000000000100010010000001010010000100000110110010100,,13,17,0,42.665
3,01001000001010000001000000000000001010010000000011000000000001111000011100000000,00000100101000110101000010000000011100001100000000000000000010001111100000000011,3,1,0,4.809
3,01011100000000110000000100000000000100000000101101100100111000000111100111010010,,14,21,0,32.747
3,00000000000000000000000000000000000000000000011111000001000000000000000000000000,,17,4,0,43.076
3,00110000000011000000000011000000011100000000110000000010010000000001000000000000,,15,10,0,31.508
3,01001000000011000001000001000000001110000000011010000000000011111000011000000000,00000000011010011111000000001001111000000001110000110010000011000011000010010011,4,4,0,16.621
3,00000000000000000100000100100000000110000000110000001010000001000000000000000000,,16,7,0,48.335
3,00000000000011000000000110000000001100000000000000000000000000000000000000000000,,17,4,0,39.732
3,00110000000010000110001111110011011000001000000000000100000000011011111001101100,,12,21,0,32.226
3,01101000001011000001000001000000001010000000011010000000000001010000001101000000,,5,4,0,47.687
3,00011000000010000001000001000000001010010000010000000000000001111000011101000000,00001010111000011111000000001010001000001001010010000010001010000001000000011010,4,2,0,5.166
3,00010100111011001001000000000000000000000001000010001111111011000000100100001000,00010100111011011001000100000001100000000001001010001110111011100000100100001000,13,17,0,5.467
3,00110000000010000110011110110001110010000110000000000000011110011111101100001000,,13,24,0,23.301
3,00110000100001000010010110000001101100000000100000000000001010010111111100111000,00011100111111101001110001000001000000010000110110000001101011001010000101001100,10,17,0,5.208
3,00001000001011010001000001000000001111010000010000000000000001110000011100000000,00000101001100101101000010000011111100000001100000010000001010001011101000000011,4,4,0,2.473
3,10000000001000000001110000000011001100010000110000000010000100110001100001000110,,12,14,0,27.968
3,01100001100010001110011011000000101000000100110000000010000100001101111000111000,00011101011110110101100001000010001100100000010100010011011011110001001010000110,8,17,0,18.5
3,00000010000000001100010011100000101110000011101000000000000100000000010000000000,,14,12,0,40.134
3,00100100000110110000000100100001100000001111010011110000100001000101010000010101,,13,21,0,29.156
3,00000000001000000000000000100000011000000000101000000011000000000000000000010000,,15,5,0,46.78
3,01100011000000001100110111100001011110000100100000000010001110011101101000001000,,11,22,0,17.361
3,00100000100110010100010010100001101000000000100000000010001110011110001100100000,,11,16,0,22.796
3,01000000001011000001000001000000000010010000010010000000000001010000010100000000,00000000101010001111000010000010010000101101100000000000001010000110100000000110,6,1,0,11.883
3,00001000001000000000000011000000001010010000010010000001000001111000011100000000,,4,2,0,41.919
3,01001000001000010000000001000000000010010000010010000000000001111000011100000000,11010000001111100011000000000000000100100001000001000001000011010101000100100000,4,1,0,5.838
3,01001000001000000000000000000000001010010000010010000000000001111000011100000000,00000100101000010101000010000010010100000100100000000000000010000111100000000011,4,0,1,0.024
3,01001001000010100100001100000101100000000000100010100000100010000010000000100010,,14,14,0,41.323
3,00000000000000000000000000000001000000000100000011000000010000000000000000000000,,18,4,0,46.854
3,00000000001000011000000000000000010011000010001100000000000000000101000010010010,,12,7,0,45.282
3,10011100000001000000010111001000000000011001010010000001100001001101000110000100,,11,16,0,34.896
3,00000000110010110000000000000100000110100000000000000000000101000000000100000000,,14,7,0,38.755
3,00000000000110110000000000000000000111000000010000000000000000000000000000000000,,15,4,0,50.628
3,01101001000000101000000011100100011001011100000000011100000101000000100100101000,,11,17,0,28.206
3,00100001000110001100111110100001010000000000000000000000000110000110011000100000,,13,15,0,26.559
3,00000000001010000001000000000000000010010000010000000000000001011000011000000000,00000000001011000101001001000010010000100000100000000000010010011110100000000001,8,0,0,0.908
3,10111000111000000011000101011101000010100000000110010000101100000110000001110000,,13,22,0,20.318
3,01000000000000000001000001000000000010010000010110000000001001111000110100000000,00000000101001000101000010000011010000000111100001010000000011000111100000000010,6,3,0,12.156
3,00011100010110011000100000000000001100110001010110000100111001000001000000001100,,12,18,0,20.632
3,01001000001010000001000001000000001000010000010000000000000001111000011011000000,00000100101000100111100010000010000100000110000000000000010011000111100000001101,4,2,0,21.732
3,00000000000000100000000011000000011000000001000000000000000000000100000000000000,,16,4,0,50.212
3,00001000001000000001000001000000001000010000000010000000000000110000011100000000,10000100001000000111000010100011000100000100100010000000000010010011000000000011,7,0,0,1.239
3,00000000001000000100000000000000000000001001000000000010000010000101010000010000,00000100001000111101000010000010010000100000100000000000000010000001100000010001,9,0,0,3.532
3,00001000000010000001000001000000000010010000010010000000000100100000010100000000,00000100001000010101000010000010010000000100100011010000001010010001000000000010,8,1,0,0.05
3,00000011100110111110001100011100000010000000000000000010000000101001000000000100,,12,14,0,29.841
3,01001000001010000001011001000000001110010000010010010000000000111000011100000000,10000100101101000101000010011010011110000100100000100000001011001111000100000011,2,4,0,7.54
3,00000000000000000000000000000000000000000001100000000000000000000000000000000000,,18,1,0,29.209
3,01000010001100010000011111000011011000001001100000000000011100011110001001100000,,12,20,0,29.361
3,00000000000010100000110000000000000000000110011110111010001001111010000100001100,,10,14,0,30.205
3,00100100001100110000100011000100000010000000001001000001001000011000001001000000,,12,12,0,33.556
3,10100000010000010000000001000101001000000001001000100100110000001010000100011000,,13,13,0,38.629
3,01101000100001000000011000000000110100101001001010100000000100010000001101000100,,13,16,0,34.114
3,00000011000001001010010011110000001110000010000001010000100011100000000001000010,,14,17,0,27.63
3,00100000001001000110110000000101001100000110000000001100011100110001010000010010,,10,15,0,27.406
3,00100101100010110010001010100101111000001101010001100001010001100010010000011101,,9,22,0,23.367
3,11101000001000100010000100001111000000111000011111100100110000001101000110000110,,10,22,0,25.189
3,01001000001010000001000000000000001010010000000010000000000001110000011000000000,00000100101100010101000000000010110100000100000110000000000011000111100000100001,5,0,0,5.257
3,01001000000100000000000001000000000000000000011001000001000001111000001100000011,,9,6,0,43.094
3,00000000110000011110100000100000000000000100000000100110000000000101000100010000,,9,6,0,44.923
3,00100000101000000100100000110000000011100001101110010000001101000010110100001010,,13,19,0,30.463
3,00100000000000001000010011100011011010000100100000000010010000001001101000001000,,14,15,0,40.24
3,01101101010100010001000000000000010001000001010000001100011100011001111000100000,,11,17,0,24.322
3,01000000101110110000000011100100001000100000000000000000000001111000001110000000,,7,8,0,28.438
3,01001000000011000001000000000000001010010000011000000000000001111000011000000000,00001100101000001101000001010010010100100001000001000000000010100111100000000001,5,2,0,45.798
3,00000100101110000000110001110000111100001100000000111000100101110010000000011000,,12,20,0,17.981
3,00000000000000000000000100000001111100010101110010000000000000000000000000000000,,15,8,0,42.76
3,00001000000000110000000001000000001110000011010000000000000000000000000000000000,,13,4,0,31.329
3,01011100000000100001010100000101000101011001000111000100110001100111000110000100,,10,20,0,25.133
3,00001000001010000001000001000000001000010000010010000000000000011000011100000000,00000100101000010101000010000010010100000100100000000000000010000111100000000011,5,0,1,0.162
3,00001000000010000001000001000000001000000000010010000000000001111000011100000000,00000100101000010101000010000010010100000100100000000000000010000111100000000011,5,0,1,0.942
3,01001000001010000001000000000000001010010000010000000000000000010000011000000000,00000100101000001111001000001010010100000000100000000000001010000010000000001001,7,0,0,0.031
3,00000000001000000000000011100001000110000000000000010000000000000000000000000000,,16,5,0,40.227
3,01000000001010100001001000000000001110010000010010000000000001111000011100000000,10001000101100010101010000010010011100000100100000110100000011000111100000000011,2,2,0,6.722
3,00000011100010010010001000000100100000000101010001010001010011100001000010001110,,11,16,0,22.587
3,00000000001011100010000000001100000000010100010111000100100010000011000010010000,01100100001110001101000100100001000110110000000001000000001110111010100000100000,13,14,0,23.75
3,01000000001001110010000000101001001100000010111000010000110001100101100010000110,,10,17,0,22.844
3,01010000101100000010100001100001110100000000000000011111001101001100000001001000,,13,19,0,26.191
3,11010000001010000100110000000001101000000010000000110000000100010011001000110100,,13,16,0,24.8
3,00011110000000000000000001011001000111000100000011010000001000000000011101000101,,12,15,0,35.411
3,00000000000000001110000010000100011000000001000000000000000010000000000000000000,,13,3,0,64.082
3,01001000000010000000000000000000001010000000010010000000000001101000011100000000,00000100101000010101000010000010010100000100100000000000000010000111100000000011,6,0,1,4.47
3,00001100000001111000100100001001100100000100000010111010100010000010000000010100,,13,17,0,33.787
3,00000001100000100100000010000010011000000111110000000110000010001100010000000010,,9,10,0,36.495
3,01001000000010000001000000000000001010010000011000000000001101101000010100000000,,6,3,0,46.282
3,11010000000110000000110001100101100000000001000000010100001101000001000000001100,,16,18,0,38.533
3,00011000000000100000000001110010001110000001001100101001000000000000101010001010,,13,15,0,41.393
3,00000000000000000000000000000010110001111101011111000110010011100000111100010000,00001000111100000111001001101101111010111110001111100001000010000010000000000000,12,18,0,33.537
3,11010000001000000000111000001100101000000011000000110100001000000010100100001000,,15,17,0,31.538
3,10111100110000111001000000000000000001100011010010011101111001000010000100001100,,12,22,0,25.773
3,01010100000001000001110100000100000110011001001011000001110001101101000111100110,,10,22,0,21.138
3,11010000001011000000000000000000000010010000000010000000000001111000011000000000,,7,3,0,38.337
3,00000000000000000000000000000000001100000000110000000000000000000001000000000000,,16,2,0,126.259
3,11000000001010000001000011000000001110010000010000000000000101111000011110000000,01000000111100000101000011000110011100100000100100100000000010001111100100000111,3,5,0,2.379
3,00001110000000110000010110000110000100010001011101010001111101011110001101011000,,10,24,0,22.177
3,01000000111000000000000010100100001100000000010000000000000100011000001110000000,,11,8,0,38.488
3,00000000001111100000000110000000011110110000100000010000000001110011010000000000,,9,11,0,37.521
3,10010001001010000110010011000101100000000010000000111100011000001010100110011000,,14,22,0,25.207
3,00001000001000100001000000000000000010010000000010000000000001111000011100000000,00000100001000011011000000000100010000010100000000000000000011010111100100000011,5,0,0,6.012
3,01001000001000000000000011000000001010010000011110000000000001111000011100000000,11000000001111100001000000000001100111100000101011000011010010001010000000100000,3,3,0,8.682
3,00110000100010001111011111101110011010000011010000000111100000011110110001100110,,8,26,0,14.016
3,01001000000000000001000001000000000010010000001010000000000001101000001000000000,,8,1,0,52.755
3,00000000000000000000000000000000000000000001111100000111010000000100000000000000,,15,6,0,53.085
3,01001000000010010000000001000000000010010000000010000000000001111000011100000000,,5,1,0,43.071
3,01110001000010000110011011000001101010000100110000000110000100000001101000011000,,11,18,0,26.516
3,00100000001000101110100000100000000011100001000010000000011101000000110100001000,,12,14,0,20.892
3,00110001100010010110011110110001101110000000110000000010000010011111111000111000,,6,21,0,22.391
3,00001000000010000001000010000000001010000000000010000000000000111000011100000000,00000100001000000101010001000001010100000101000010000000100010010111000000000111,7,1,0,1.14
3,00000010010000011110000000000000001000001000010000000010000010000001000000010000,,7,1,0,52.172
3,01001000001010100001000000000000001000010000010010000000000001110000011100000000,00000100101000010101000010000010010100000100100000000000000010000111100000000011,3,0,1,0.604
3,01001000001010000001000000000000001010010000010010000000000000111000011100000000,00000100101000010101000010000010010100000100100000000000000010000111100000000011,3,0,1,0.013
3,00000000000000000001000000010100000001100000000011001010010001001101010101100000,,13,12,0,33.293
3,01100011000010011000111111000100011000011111100000000010010000011111001000100000,,11,23,0,25.0
3,00000100000010110100001000000100101010000111100001110001000011000000000100011100,,13,18,0,30.287
3,00110000000000000010011100110011111010000000110000000000000100000001011100011000,,12,16,0,36.888
3,10011100111111111001000000000000001100100001010010001111111001000010100110001100,10111100111111111001000000000001001101100001010010011111111011100110101110001100,9,24,0,8.6
3,00000000000000001000000000000000000000000000011100000000010000000000001100000000,,17,5,0,44.846
3,01001000000000000001000010000000001010010000000000000000000001101000011100000000,01000000111000010111000000001100000100011001010000000001000010010000000010010010,7,1,0,37.611
3,10000000000000000000000001000001010110000001000000000000000000000000000000000000,,17,5,0,40.655
3,11000001001000000110010001010000100000111010000001100110010000011010101100010000,,11,18,0,27.722
3,00110001001000000000001001001011101100010011000001001100011100111000010000001000,00010010001011100001101100011100100010011110110001001001001010000110001011000100,11,18,0,3.823
3,00001100001000010001000001000000001010010000010010000000000000111000011100000000,00001100001000100001000010000010011101100100100000000000001010100111100000000011,4,2,0,0.539
3,00000110001000010000110101000010111000001100100011010011011000001011000000000011,,12,20,0,30.731
3,00000000110000011110000000000001001000001001010000000010000010000001000000010000,00000100101000010101000010000010010100000100100000000000000010000111100000000011,4,0,1,3.343
3,01001000001010100000000000000000001000010000011010000000000000111000011000100000,10001010001011100001000000000000001110100100100101010000000010101010100100100000,5,2,0,3.271
3,00011100011110011001000000000000000100100011110000001111111001000011000000001110,,10,20,0,26.022
3,01101000000000100000100000100000000011000000000101110000000011001000000000000001,,13,10,0,39.72
3,01101001000101000000010000001001100110100010000011111000000100011001001100000110,,11,19,0,29.423
3,00000000000000000000000000000001101000000001000000000010000000000000000000000000,,15,1,0,36.243
3,00001000001011100010001100001000111000010100010110000101110010000011000010010010,00100100101001011101001001110001001101100011100001101100001010111000100000100001,11,19,0,21.496
3,00000000001000000000010000000000100101000000010011000011000000000001000000001000,,15,8,0,49.142
3,00000000011000011110000001000001000000000000010000000010010010000001000000010010,,6,2,0,33.776
3,01101001000100000000010000000010010110101100000001111100010000010011001100100100,,13,20,0,30.831
3,01000000000010111001001011000000000010000000000010011010000011110000010000000000,01000100101000011111000001011001000001000101000000000011010010011101001000001010,8,8,0,6.44
3,01101100001111000000000101100100001000000000010001000001001011001000001100000001,11000000011100101001000001001110000100010000100000000101100111110001000110110000,8,12,0,16.944
3,10100100011000011001000001000000101100000000110100001000000001000010000000010000,,13,13,0,37.726
3,01001000001011000001000011000000001010010000010010000000000001110000001100000000,,3,2,0,14.537
3,00100000100010000100000000001100001000010000000010001001100001000000010110000100,,12,10,0,28.919
3,00001000001011100001000010000000001010010000010000000000000001000000011100000000,00000100001001111101000001001010011100000001100100000000000110000000100100000011,6,2,0,17.327
3,00000000000000000011000001000100001111001111100000101010000000110000000010000000,,13,13,0,31.386
3,01000110000011011000100001000011011000000000000111000111000010001000001100000010,,11,16,0,33.871
3,11011000001001000000000100001100000100000000011010100000110000000101000000110010,,13,15,0,32.396
3,11001001001011000010100000001000101100100111000001111000000000010011000101010100,,12,21,0,24.435
3,00000000111000011110000000000001001000001001010000000010000000000001010000010010,00000100101000010101000010000010010100000100100000000000000010000111100000000011,2,0,1,0.008
3,10000000000010000000110000000000000000010000000011100000000100000000100000010000,,16,8,0,49.797
3,11110001000010000100110001011000000000110010000000111010011000001011100010011000,,14,23,0,29.368
3,00100001100010001110011001000001101010000001110000000000000010001011010000011000,,7,12,0,34.972
3,11000000001100000000101010000000011000010000111001000010000000000100000000001110,00000000111111000011000001010110000110001001110000000001000011101000000101000000,13,13,0,11.993
3,00000000001000011110000000000000000000001000010000100000000010000000000000010000,10000010001010111111000000100100000000001000010000100100000010000000000000010000,10,1,0,11.657
3,00000000111000010110000000000001001000001001010000000000000010000001010000010000,00000100101000010101000010000010010100000100100000000000000010000111100000000011,4,0,1,0.023
3,00000000000000010000000000010000111000000011000000001100000000000000000000000000,,16,6,0,46.252
3,11010001101110000110100001100101100100010001000000000100011101000101000000011100,,10,20,0,27.64
3,01100100000101010000000000100000000100000000001100000000001111101000001100000000,,13,12,0,52.788
3,00101100000010010000000001000100000010000000001001000000000011111000001111000001,,9,10,0,34.367
3,00000000000000000000000000000001000100000011111000010011110000100011000000001000,,14,11,0,42.804
3,01001000001010100001000001000000000010010000001001000000010001001000010100000000,00000100101010011101000010001010010001001001000000001000110010001100100000001010,6,3,0,15.042
3,00000000000000110000000001000000001000000001010000000000000000000000000000000000,,15,2,0,62.159
3,11000010000000010000011111000010011100001001000001000010110000010110001000100000,,14,19,0,33.195
3,10010000001101000000110000101001100100010011000000011000001001101001110100001000,,12,19,0,25.423
3,00000000000000000000010000000001100000000010000000000000000000000111100010010110,,14,7,0,36.756
3,11010000101000000000000001100100000000000001000000010010000100000001100010001000,,14,11,0,36.704
3,00011100111100011001000000000000001001000010000010001100111011000000000000001100,00011100111101011001000001000000001001000010100010001100111011110001100001001100,13,17,0,8.821
3,00110001100011000110011110000001100111000100110000000010000100001001001000111100,,11,21,0,25.783
3,10111000000001100010001000001100001010110000011010000001110001001110000001100100,,10,18,0,29.361
3,01001000010010010000000001000100001100110000000000000001000000110100000110000000,,10,8,0,31.531
3,11000010000010101111001110001000000000000000000000001010000000000100000000110000,00001100001000100101000001011000000000000000000010010001100011111101100001000011,13,12,0,6.378
3,00000100010000010000001001000000000110111000011011000010111000110000000011000110,,13,18,0,28.249
3,00000000110000100101000011011000111011010111011100001111000000000000000000000000,,12,18,0,37.787
3,00001001001010111101100000001000001100101000110011110000000000000001100110000010,00001001001010111101100010001000101101101000110011110100000110001001100111000010,10,17,0,4.837
3,00001100000000011000000000001010100100000011000010011001100011100000010000001101,,14,17,0,32.596
3,00110010001010000100110001110000000110000000001000100000111011000010100100010110,,13,20,0,32.364
3,00000000011000011110000000000001001000001001010000000000000010000001010000010000,00000100101000010101000010000010010100000100100000000000000010000111100000000011,4,0,1,0.287
3,00000000001000000011110000001001000000000000000010000000001000000000000000000000,,16,6,0,33.312
3,01001000001010000001000001000000001000010000010010000001000001011000011100000000,00000100101000010101000010000010010100000100100000000000000010000111100000000011,3,1,1,0.021
3,00000000110000011000100001000000001000000100110000100101100000000101100100000001,,11,11,0,32.507
3,11010000101110000000101000000001100000010000000001011100011001000011100000011100,,14,20,0,31.33
3,00000001000000000100000000001000000000000000000000000000000010000000000000000000,,17,2,0,30.729
3,10101000001010000010000000001110001001000000011110100100110000000101000110010110,,11,18,0,18.56
3,01001000001010100001000000000000001011010000000010000000000001011000001100100000,,4,2,0,34.381
3,00000000000000000000000000000000011010100000010100000000000000000000000000000000,,16,3,0,46.755
3,00000000110000011110100000000000001000000101110000100100010000000001100100001000,,9,9,0,44.04
3,01100001000111000110000000000000111111100001110100111110000001111000010000000011,,9,21,0,19.559
3,00100000000000000000000010000000010101100100100010010000001000110000010010000001,,15,12,0,31.224
3,11011001000100000010100000001001100110000011000001111000000110010001100100101000,,14,22,0,30.935
3,01000000000010000001000001000000001011000000010010000000000000111000011110000000,00000001111001011101010100001001000000000011010000000010000010000011000000000010,5,2,0,14.063
3,01000000001000000000000000000100000010000000000000000011100000000111010000000100,00000001001000011101000011101000000000000000001000000001100110001100000100000000,14,7,0,8.983
3,01001000001010000001000000000000000010010000011000000000000000101000001100000000,01001000001010101001000010000100000010010000011000000100000010101011001100000000,7,1,0,20.878
3,00100010001001001001000000100000000001000101101100100000100000000011000100110110,,13,16,0,37.889
3,00010100111110000001000000000000001100100011110110001001111001100010000100001100,,10,19,0,19.965
3,01001000001010010001000001000000001010010000000010000000000001111000011101000000,00000100101001111101000010001010010100000100001000010000000010001111100100001011,2,2,0,0.221
3,01001000001011100010100100000100011000010100000011000110101010000001000010000010,,11,16,0,29.139
3,00110001100010000110011111100001001110000000110000000000000010001001111100101000,,10,19,0,27.475
3,01001000000010000001000000000000001000010000010000000000000001101000011100000000,00000100101000010101000010000010010100000100100000000000000010000111100000000011,6,0,1,0.802
3,00000000100000000000000000000000000100000000011000000111000001100000000000000000,,16,6,0,40.119
3,00001100000000110000000110000000010000000000000001000001001000000010001000101010,,16,12,0,30.699
3,00011100011011111001000000000000001100000001010010001001111001100000000100001100,10001110001011111101000000000000001100100100101000011110010110000101101010100010,8,15,0,24.193
3,01101000100101000001011000000100110110010111000000111100000100011000101100111010,,10,23,0,22.524
3,00000000000001100100000111000000000011100000001110000001011000101110000000000000,,13,13,0,36.103
3,11110000001010000000100011010001101100000110000010111100110000010011001100110000,,10,21,0,26.507
3,00000000000000000000000000010000011011100000100111000000000000000000000000000000,,16,7,0,30.408
3,00000000000011000000011100000000011100000000010000000011100101001110000000000111,,14,15,0,37.262
3,00001110000000011100000001100001100001110100011110001100010010000100001010000001,,12,19,0,34.61
3,10010000001010001000001100000000000100001000010000010000111000110111000011001000,,13,16,0,30.117
3,01001000000000000001000001000000001010010000010000000000000000010000001100000000,00000100101000010101000010000010010100000100100000000000000010000111100000000011,8,0,1,0.295
3,00000000000110100000000011000000000110000000000000000001000000000100000000000000,,15,5,0,56.751
3,01000101010100010000010001000000000000001000001000000010100000000000000000010000,,14,8,0,39.199
3,00111100000000111100000001100011011101000100000000010101000100000001001001100000,,13,19,0,24.433
3,10001100000000111010010000111011110100000101110000100011000011101100000110001000,,12,24,0,24.782
3,00010100111010111001010000000000000100000010100111001001110001000010000100000100,,12,18,0,31.779
3,00000000001000000000000001100000001110000001010000000110000000000000000000000000,,14,5,0,47.365
3,00100100001000000110000010000000001000010000000000001010100010011010001111000001,,13,14,0,27.843
3,00001000001010010001000000000000001000010000010010000001000001010000011101000000,00000100001100100101000000001010000100010100100000000010100010100010100010001011,6,3,0,0.08
3,11001001001000000000011000001001000100110011000001001100000010000001000000101010,,13,16,0,29.835
3,00001000001000100000000010000100011010000000111011000000011001110000000000000010,,9,9,0,41.302
3,01001000001010000001000001000000001010010000010000000000000000100000011100000000,00000100101000010101000010000010010100000100100000000000000010000111100000000011,5,0,1,0.021
3,00000010000001010000000010000000001011000010110000001100000010000100010011000101,,13,13,0,29.76
3,00000000111111010001000011100100001110100000000000000000000101111000000110000000,,8,12,0,32.361
3,00000110000000011000101010000000000001100000010110100100000000000000100000011010,,14,13,0,37.639
3,00000000000100000000000000000000000111100000010110000000001000000000000000000000,,16,6,0,57.829
3,01001000001000000001000001000000001011010000010000000010000001101000011100000000,00000111101000100001001010000011110100000000100000000001000110100101100000000011,4,2,0,8.087
3,01000000001000100000000001000000001010010000010010000000000001011000011100000000,00000100101000010101000010000010010100000100100000000000000010000111100000000011,4,0,1,0.02
3,00001000000011000001000000000000001010010000010010000000000001011000011101000000,,5,2,0,48.746
3,11010010010100011101000010010000000000000100000001000000000000100000000001011000,,16,15,0,38.403
3,00000000000000000010000000001000001110000000110000001011111100001111110000000000,,12,13,0,34.93
3,01001000000010000000000010000000001010010000010011000000001011001000001100000011,,7,6,0,32.081
3,01010100000001100001110000000100000100010001011111000101111001001110000110100100,,10,21,0,26.966
3,01001001100110000000100100000001100000100001011000001000000001110000000000100110,,12,14,0,28.638
3,10000000110000010010110000000000011000000011110000000100100000000010000000110100,,11,11,0,23.839
3,01100000001110000000000000000000000110000100111110000100010000000000000000000000,,13,9,0,36.238
3,00000000000000000000000100000011011000000000001000000010000100001001100000000010,,14,7,0,45.061
3,00000001101000001000010000010000000100110000000101000001100110100000000000100000,00000000111000001001010000011010000100110000000101000001100110110001000000100100,15,13,0,10.402
3,11000000010010110000111000000011000110010000111111000110111000000000010001100010,,11,21,0,21.379
3,00010100011100110000100000000000001101110000111000000100101000000001000000000000,,13,14,0,32.108
3,01001000001000000000000001000000001010010000000010000000000001111000010100000000,01000000001111100001000000001000000001100000101001000001010010001000100100100000,5,0,0,2.059
3,01000001000000010001010011000010000000000000001000000001000000001000000000100000,,15,8,0,48.718
3,00000000100000000000010000001001101001000000111100100011100011000110100100000000,,12,14,0,33.533
3,00000000000000000000000000000000001000000000110000000000000000000000000000000000,,17,1,0,66.344
3,10000000001000000000000000000000000010000000011000000000000100000011000000100000,,16,6,0,49.889
3,00101000000101000000001000001000100100100010010010101000000100010010001000000100,,14,14,0,38.842
3,00010100011110110001000000000000000100100001010110000101111001100000000100001100,,10,16,0,25.53
3,00000000000000000000001000000001000000001101111100011111100000001100000000000000,,13,11,0,43.346
3,10010010010100000000001010000000100010010001110000001100000000101000000000011000,,14,14,0,41.388
3,00110110000101101000000000100000000110000000011100000000100111111100001111100001,,10,19,0,26.872
3,01001000001010100000000010000100001110000000011011000001011011011000001100000011,01001000001010101001000011000000101110000000011011100001011111011000101100000011,5,11,0,23.066
3,01001000000000000001000001000000000010010000010010000000000001111000011100000000,00000100101000010101000010000010010100000100100000000000000010000111100000000011,4,0,1,0.024
3,01000000001010000001000001000000001010000000001110000000000001111000010000000000,00000000101010000101000010100000011100000111000000000000011010010111100000110000,6,2,0,15.609
3,00011100111110111000000001000000000100100001011100000101111001100000000110001000,,10,19,0,27.18
3,11010000001010000001010001100000000000000001000011011100010100100101000001000000,,12,14,0,34.702
3,00000000010100000001000100001011000000101000000011100000000100000001000000110100,,14,12,0,26.022
3,11000110000011001111000110001000010000000000000000011110000000011100000000100000,,14,17,0,31.298
3,00000000101000000110000000011111001001100001010000000110000000001000000000100100,,10,10,0,31.039
3,00010000100101100000000011000000000101100000100010000000001101111000001000000000,,11,11,0,28.901
3,00000000000000000000000000000000011011110000001010000000000000000000000000000000,,15,4,0,48.825
3,00000000111010111000110001000000000100010001011010000111011000110001000010000110,,10,18,0,28.024
3,01101000001010100001000000000000001010000000010010000000000001111000001101000000,00000101101010111101000000100000010100000110100000000000010010000111101000001011,3,2,0,13.88
3,01001000001010000000001000000000001010010000010010000000000001111000011100000000,00000100101000010101000010000010010100000100100000000000000010000111100000000011,3,1,1,0.032
3,00110100100011101000000000000000110100010101011000111000000100011000001100000110,,11,18,0,26.747
3,00000000001010100000000010100100000100100000010000000000000101110000001000000000,,11,6,0,40.164
3,01001000001010000001000001000000001010010000010010000000000001110000011100000000,00000100101000010101000010000010010100000100100000000000000010000111100000000011,2,0,1,0.003
3,01110000001100100110000001100000000011000001101110000000111010000001110000010011,00010100111000010111100000111000010011100000001100010001100011001101100111001100,10,18,0,16.679
3,00000000101000010110000000000001001000001001010000100000000010000001000000010000,,6,1,0,41.625
3,01001000000010100001000011000000001010010000000010000000000001111000001100000000,,3,1,0,29.444
3,00011000000011010100101101001111000000001110000000011000000100001001000001100000,,14,19,0,34.343
3,00011000000001000011011111111000111101000000110000000000000010011001011100011000,00011000111010111101000000000001001100000010111111011110111011010010000000011000,9,19,0,0.483
3,00000000000000000110000000010000011001000001000000000100000000000000000000000000,,15,4,0,39.249
3,01001000001011000001000001000000001010010000000010000000000001001000011000000000,00000100101000001111000110000010000100000100100000000001000010001111100000000001,5,1,0,0.383
3,01100000110010000100101000000100000110100000110000000001000000001000000110101110,,13,16,0,40.974
3,01000000110000000000000011101100001110000000000000000010000101101000001110000000,,10,10,0,41.084
3,00000000000000000000000000000000000000000001111000001111000000000000000000000000,,16,5,0,45.113
3,01001000000011000001000001000000000000000000010010000000000000111000011110000000,00000001111000011111000000001001001000000100000000000110000010000011001000010010,6,2,0,2.272
3,00100001001000000110111000000111100000010111000000000110001000010101000010000100,,11,16,0,30.554
3,01001000001010000001000001000000001010000000001000000000100000101000001100000000,00100100101000000101001000001000010100000001100000000100000010100101000000000011,7,2,0,7.979
3,01001000000000000000001000000000001010010000001010000000000000101000011001000000,,9,3,0,49.865
3,00000011000000001100100000100011000000010110001100000001100000010111000000000001,,14,15,0,35.647
3,01100000001100000000000000000000000000000000000011111110001101000000000000010000,,15,11,0,41.815
3,11000000000000000001000001000000001010000000000011000010000000101000011000000000,00000000111000000101000010000010010100001100000001000001000010011101000000000011,9,3,0,13.251
3,01000000101100000110000000110000100010000000011000000010000000000000000000000000,,13,7,0,47.685
3,00011000000011111001000100000000000000000100000001010000000000000000001100000100,,13,9,0,35.867
3,00000000000000000000000010000000001100000000010000000000000000000000000000000000,,17,2,0,58.7
3,01011001000000100000000000010010001000000100100110101100010000011100000000100000,,12,13,0,47.256
3,00001100011000111000010000000000001100100001111110000001111000001010000110001110,,11,20,0,28.305
3,01100000000111101000000000000100000000100000001001000000010001010000001000000010,,13,10,0,34.848
3,00000000000000000000000000100000001011100000000100000101100010000010000000100000,00000100001001010001000111100000100000000111010000000100000010100001100000010000,17,10,0,42.845
3,11101000000000000000000100000000111000000000100110110000011000000000110011000000,,14,14,0,38.727
3,00000000111000001110000000000001001000001001010000000010000010000101010000010010,00000100101000010101000010000010010100000100100000000000000010000111100000000011,1,0,1,0.003
3,00001000001010100000000001000000001000010000000010000000000000011000001100000000,,7,0,0,39.475
3,00001000011000011111010000110001100100000010010000001000000000000000000100000000,10010100001111100001001100101001001001100000000100010000010110000000000100000010,11,10,0,22.225
3,11001000001011100010000000000110011000110100000111100100100010000111100100010010,11001000001111100011000010001111011100110100000111100100100010000111100100011010,10,20,0,15.35
3,01000000000000000000000000000000001010000000111100000000000000000000000000000000,,15,3,0,34.028
3,00000000101000010100000000000001001000000001010000000000010010000001010000010010,01001100101000010101000000010001010100010100100000000000010010000111000000000010,6,1,0,10.436
3,01000000000000000000000001000000001010000000011101010100001000110000000000000010,,12,7,0,33.699
3,01001000001010000000000011000000000000010000010010000000000001100000011100000000,00010100101010000101000011010010000000010101100000000000000010000101100000100011,6,1,0,26.189
3,00000000000000000000000001110000001111000000111000000000000000000100000000000000,,15,7,0,48.55
3,00000000000000000000000000000000000100000000010000000000000000000000000000000000,,18,1,0,40.308
3,00000110110000011000000011000000000000010111000000100100000000100000000100000000,,15,12,0,39.11
3,01001000001010000000000000000000000010010000000010000000000001110000011100000000,11000010001111000011000000000000001000100101001001000000000010100000100100100000,6,0,0,6.936
3,00000000100000011010000000000000001100001000010000000000010001000000100000000000,,12,4,0,44.065
3,00000000000000000010000000001001000000111100000011000000001000000000000000000000,,16,7,0,48.082
3,00100001001100000001111001001011101100000110000011000110001101110101000010011110,,11,25,0,23.322
3,00000000000000100000000011100100100111000001000000000000000000000000000000000000,,16,7,0,38.518
3,00000000000000000000000000000000011000000001110000010011110010000000000000000000,,14,6,0,42.6
3,01100100000101010000000001100100000100000000011001000001001011101000000100000001,,12,14,0,29.962
3,10010000001010000110010000000101100100000011000000010110001100000011100010000100,,12,16,0,25.08
3,01000000000011000001000001000000000110000000011010000000000001110000011000000000,,7,3,0,47.159
3,01000000001010000000001000000000000110010000011000000100000001101000011100000000,,7,4,0,34.856
3,11010001101000000000000000000001100100000011000001011000011001001000100000001100,01100010111000100001000000000001001011100000001100011000011011001100100011000001,15,17,0,31.126
3,01000000001010000001000000000000001010010001001010000000000000000000001000000000,00001000101000010101100001000010000100000101001000000000000010001000100000000001,10,2,0,3.107
3,01000000101000000000100101111001001001000110000010111100000000000000000001111000,,14,18,0,31.009
3,00001000001010000001000000000000001010010000000010000000000001111000011000000000,00000100101100010101000000000010110100000100000110000000000011000111100000100001,5,0,0,2.598
3,01000000001010010000000011000100001110010000010000000010000101101000001100000000,01000100001010010101000011000100001010010000010010000010000111111001001100000000,6,6,0,9.568
3,00010000100000000000000000111110001001000001110110010000101101000011010010011011,,11,19,0,29.615
3,00000001101000000110010011111001000110000000000000000000000000000000000000000000,,16,11,0,40.743
3,00000100000110100000000100000000011000000100000000001100100000011011000000000010,,14,11,0,32.773
3,01001000000000000001000001000000001010010000010010000000000001100000011100100000,00000100101000010101000010000010010100000100100000000000000010000111100000000011,5,1,1,0.035
3,00000000000010000000001000000000000111000101111000110000000000010100000000000000,,15,10,0,37.006
3,00000000000000000000001000000001101100100111111000000000000000000000000000000000,,15,8,0,44.009
3,00000000001001000000000000000000001000110000111010000011010011100100001100000000,,10,9,0,33.407
3,00000000000000000001101000000000001011010000010010000000000001111000011110000000,00000001111011011111010000000001001000001001010011000000010110000000000001000000,6,4,0,3.768
3,01000000000010100001000001000000001010000000000110000000000101111000011100000000,00000000111100010101000010000000110100000110000000100000000010101111100000100011,4,2,0,6.946
3,01000000001010000001001001000000011010010000011011000000001000001000011100000000,00000000101001000101000010011011010100001101100000010001000011000100000000001011,5,5,0,0.358
3,00000000001010000000000000000000000010010000000000000000000001001000011000000000,10000000001110100001000000000000000100000100001001000010000010111000000000000000,11,0,0,0.182
3,01000000100010010000000010100100000100100000000000001110000101101000001010000000,,13,12,0,34.894
3,00010000000000000000000100110000001100000000000000000100000000011100001000000000,,15,7,0,40.058
3,00100000000011000000000110011000001000100000000010000000010000000000000000000000,,16,8,0,44.397
3,01101001000101000000011000001001101100000011000000101000000100010001001001100110,,14,20,0,26.799
3,01000011000110000000000110000100000000000000011000011001100000101000010001010000,,13,13,0,42.168
3,00000000000110000001011100001000110001000000000000101000000001110000100010000000,,14,12,0,34.578
3,00001111001011101000001011000000011011110101011000101011110011001001110000000001,,7,23,0,26.26
3,00000000111000001110000000000001001000001000010000000010000010000011000000010010,00100100101010001101010010000011000100000100100000001000000010010011100001000011,4,1,0,1.563
3,00000000000000000000000001000000001100000000010000000001000000000000000000000000,,16,2,0,44.665
3,01000000011001100010000101111001011100101101101010000011000000000000000011000100,,11,19,0,30.16
3,00010000000000001000101011000010000111101100000010000010000100010000001000000100,,14,14,0,30.273
3,01001000001010000001000001000000001010010000010010000000000000110000011100000000,00000100101000010101000010000010010100000100100000000000000010000111100000000011,3,0,1,0.008
3,00000011100000010000100000000111000000000100000001100000100001000000000011010001,,18,16,0,43.977
3,11010000101110000010110000000001100100010011000001001100001101101001110000011100,,11,22,0,22.746
3,00000000000000000001000001000000001010010000010010000000000001011000010100000000,,7,0,0,29.478
3,11000000000010100001000000000001100100000000001100010100010000100000000000000100,,14,10,0,38.437
3,00001000000000100100000000000000000001100000010001000000100000000000000000000000,,16,5,0,45.483
3,00100000000010000000000010000000001000000000001110000000001000001000100000010000,,15,7,0,38.452
3,00000000100000000100000000000001111000001001010000000010000010000111000000010000,,7,3,0,38.721
3,00100000000001000000100000000010100000001100000000000001110000001110010000000001,,16,12,0,43.357
3,01100001000000000100000000000011001100110100100110010000000000011010100000100110,,13,16,0,30.661
3,01000000000100100000000001000000000100001000010000000000001000000000100000000000,,15,5,0,45.515
3,10011000100011010000000001000100001110100000010010000010000101111000001100000000,,6,10,0,30.652
3,01000000010000001001000000001100000010100000111100000000000000010000000000000000,00001000101011000001110000000001010000000111110011000000000010000010000000000000,14,8,0,40.836
3,00000000001100000010000001101000011100000000000001000000000000111000000000000000,,13,7,0,50.569
3,00000000000010000000001100000000011000000001110000000000000000000001110000000010,,13,6,0,39.56
3,00010000001001000000111000000111000000000011000000010000001001100000110010010100,01010110001000001001100000011100000000110110001000010000001011000001100010100100,14,15,0,4.099
3,00000000000000000011000000010000001001000000000111001001000001100010000101000000,,13,9,0,49.391
3,00000000000000000000000100000100010000000000010000001000000000010000000001000000,,17,5,0,46.276
3,00000110100000010100011000001000100011110000111000000011000010000000001000000000,00000001111100000001000011001000011100001110000100010000011010101100000101100000,13,14,0,0.33
3,01001000001010000001000001000000000010000000011000000000000001111000011101000000,00000100101010000101001010101000010000000001100110000000000011000111100100001011,4,2,0,3.537
3,00000000000010000001001001000000001010010000000000000000000001101000011100000000,00000000001001100101000010010010010110000000000010000001010010000101100001000011,7,1,0,1.444
3,00000000000000000000000000000000110110000000011000000000000000000000000000000000,,17,4,0,35.509
3,00000000000000000000000000000000000100000000011000000011000000001000000000000000,,17,4,0,40.15
3,00100000001000000000000000000000001000110011101101101100111011000001110000000111,00001001111100101111101100111000111111010000000011010000100010010000000010000000,12,18,0,7.561
3,01001000001000000001000001000000000010000000011010000000000001001000011100000000,00000100101000010101000010000010010100000100100000000000000010000111100000000011,6,1,1,0.26
3,01000000000001100000000001000000001010010000000010000000000000101000011100000000,,7,1,0,43.933
3,00000000000011000000000011100000011010000000000000000000000000000000000000000000,,15,4,0,39.944
3,00001000001010000001000000000000000011010000000010000000000000111000001100100000,00000100001000000101000000000010110000100100000000000000011010101111001000010011,7,2,0,5.551
3,00000000001000000000000010001000000000100000000001011110000011000000000000000000,,16,8,0,44.161
3,00001000010001000001000001000000000110001000111110001000000000100000000000100000,,12,9,0,35.972
3,00000000000000000010000000000000000000000001100000000011000000000100000000000000,,15,2,0,52.614
3,00000100000000001110000000000001110000110101000000000000000000000000000000000000,,14,6,0,25.075
3,10000000000001100010010101000100000011111000000100000001001001110100100000000100,,12,15,0,32.645
3,00000000000000000000000000000000001010001101110000000001000000000000000000000000,,15,4,0,55.378
3,00111100000000010100100000101111000101000001000000001110000100000000001100100000,,14,17,0,47.641
3,00001000001000000000000001000100000010000000001000000000001001000000001100000001,,12,4,0,40.295
3,00000000000000000000000000000000000000100001100000000011000000000000000000010000,,16,3,0,48.215
3,01101000100101000000010000001000110110110111000001101100000100001001000100001110,,13,22,0,30.95
3,00100000010000000000001110100000000100101100010100010000001000000000100000000100,,16,13,0,36.5
3,00000000010000000001000000100000000100011010110001011010000010110110100000010000,00001000001101101101000001011010001101011100110000000011000010000100001100000000,12,13,0,20.085
3,01010000000011000000001001100001000011111101010100111000010100000000100000000010,,14,19,0,32.006
3,01101000001010000001001000000000001010010000010000000000000001111000010100000000,00000101101100100101100000010011010100000100110100000000000010000111100000000000,4,2,0,2.918
3,00010000000000000000001000110000001010001000000100000000000000000100011000000001,,15,8,0,43.474
3,00000000000000000000000000010000001011000000111000000000000000000000000000000000,,16,4,0,64.718
3,01000000000110000000000000000000000000000000001000000000000000000000000000000000,,17,2,0,32.607
3,01001100001010000000000011000100001110000000000011000000000001110000001001000000,,7,6,0,41.151
3,01000000001000000001000000000000001010010000000010000000000001110000010000000000,00001110101000001001000001000010010100000100000010000000000010100011101000000000,8,0,0,16.114
3,00000000001000000100000000010000000000110001011000000001100001100000000000000000,,14,7,0,31.373
3,01000000001000000000100000000000000000000000010000000000000000110000000011000001,,14,4,0,44.06
3,00000000000000000000000001000000001010000010011100011011100010110000000000000000,,13,9,0,28.941
3,00000000000000000000000000000000000111000001010000000000000000000000000000000000,,17,3,0,63.912
3,00110000100000110000010000000000000000000000010000001011100001110000000001000000,,14,10,0,44.652
3,00000000000110000000010000000001011100001001000000001110001000000000000000000000,,14,8,0,44.937
3,00000000000000000100000011111000001110000000000110000000000000000000000000000000,,15,7,0,33.864
3,00000000000000000000000000000100010000000011000000001000000000000000000000100000,,18,5,0,43.091
3,00000000100000000000000000000000000100000000111100000010100000001000000000000000,,17,7,0,24.469
3,01000000001010110000000010100100000110100000000000011010000111010000000001000000,00110000001101001001011010000110000000100000011010000000100110101100000100000000,12,12,0,27.464
3,01000000001010000000001100000000001000110000000000000010000100011000001110000000,,10,6,0,49.998
3,01001000001010000001000000000000001010010000000010000000000001111000010100000000,00000100101000010101000010000010010100000100100000000000000010000111100000000011,4,0,1,5.061
3,00000000000000000000000011000000001111100000011100000000000000000000000000000000,,15,6,0,42.167
3,00000000000000000000000000000000100000001110000100001101000000101100000110000000,,16,10,0,34.956
3,01000100000000001100000000010100101010000010010000010000110000100001000011000011,,14,15,0,37.693
3,00000011110001001100000000010011100000000011010000000000000000000000000000000000,,12,7,0,40.891
3,10100000001010000000001000000000000000000000000011000000001100000001100000000110,,16,10,0,34.029
3,01100000000110000000000000000000000000000000000000000000000000000001110000000000,,16,4,0,40.522
3,00000000000000000000000000011000000111000000011010000000100000000000000111100000,,15,9,0,42.331
3,00100000101100010000000000001000001000000010100000000010010010000000000000010000,,12,6,0,43.11
3,00000000000000000001000001000000000110000000001110000000001001110010000111100000,,11,8,0,32.207
3,00000000000000000000001011000000100100000000010000000110000000100000000000000000,,16,6,0,27.138
3,00001101000000000110000000001011011000000001010000000010000000000000000000000000,,12,6,0,44.143
3,01000000001010000000001000000000100000010000000000000000000010000000000000000000,00000001001000000001000000000011000000000010000001011000000010100100000100000100,15,3,0,21.626
3,00000001000010000100000000001000000001110000000010000011011000001110000000010000,,15,12,0,40.04
3,00000000000000000000000001010000001101000001111011000000000000000000000000000000,,15,7,0,39.102
3,00100000000000000000000011000000001110000000011100100000001000000000000000000000,,15,7,0,47.583
3,00011100000001100000001110001000111111000001010000000000000000000000000000000000,,14,12,0,38.914
3,00110001101011011001010111110001100000011000000010000001000000000100000010011000,,11,18,0,29.965
3,00000000000000000000000000011000000001110000000000000000000000000000000100000000,,17,4,0,52.447
3,00000000000001001000001100100001011000000000000000000000000000000000000000000000,,16,5,0,49.484
3,00000000000000000000000000000000100100000001110000000110000000000100000000000000,,15,4,0,44.814
3,11000000000010000000001000000000100010000000001000000000100000000001101100000010,,14,8,0,48.573
3,00101000000000000001000000000001000001000000001100100111110000101100001000110001,,14,15,0,43.752
3,00000000000011000000001111000000001000000000010000000001000000011000000001000000,,13,6,0,33.072
3,00000000000000000000000000000000110111001000111000000110000001100000001100000000,,13,9,0,33.499
3,10000000000000000000001000000000000000000100000000000010001010001010100001010000,,16,8,0,45.625
3,00000000000111000000101100100000000010000000001000000000001000000110010000001100,,17,13,0,38.791
3,00011100000001111000011100100100100000000000100101000101001010001000000100100010,,15,20,0,28.262
3,00100000101000100001010011010100000100000000011100000001100000011100000001001001,01000001011001010001101011001000001000000011100000010110000010011110000101001010,12,15,0,31.302
3,00000000000000000000000000000000000000000001111000000011000000000000000000000000,,16,3,0,41.547
3,10000110001000000000010010100101000000000010100001001100010000001001000010010000,,15,15,0,41.895
