node,origami_data,decoded_stream,false_negatives,false_positives,success,decoding_time
0,00000000011111110001100000100111101010000111000010001001000011110001000001101000,01000100011111110001100000100111101010000111000010001001000011110001000001101000,2,0,1,0.01
0,00000100001111110001100000100111101010000111000010001001000011110001000001101000,01000100011111110001100000100111101010000111000010001001000011110001000001101000,2,0,1,0.009
0,00000100010111110001100000100111101010000111000010001001000011110001000001101000,01000100011111110001100000100111101010000111000010001001000011110001000001101000,2,0,1,0.418
0,00000100011011110001100000100111101010000111000010001001000011110001000001101000,01000100011111110001100000100111101010000111000010001001000011110001000001101000,2,0,1,0.005
0,00000100011101110001100000100111101010000111000010001001000011110001000001101000,01000100011111110001100000100111101010000111000010001001000011110001000001101000,2,0,1,0.005
0,00000100011110110001100000100111101010000111000010001001000011110001000001101000,01000100011111110001100000100111101010000111000010001001000011110001000001101000,2,0,1,0.007
0,00000100011111010001100000100111101010000111000010001001000011110001000001101000,01000100011111110001100000100111101010000111000010001001000011110001000001101000,2,0,1,0.007
0,00000100011111100001100000100111101010000111000010001001000011110001000001101000,01000100011111110001100000100111101010000111000010001001000011110001000001101000,2,0,1,0.005
0,00000100011111110000100000100111101010000111000010001001000011110001000001101000,01000100011111110001100000100111101010000111000010001001000011110001000001101000,2,0,1,0.008
0,00000100011111110001000000100111101010000111000010001001000011110001000001101000,01000100011111110001100000100111101010000111000010001001000011110001000001101000,2,0,1,0.008
0,00000100011111110001100000000111101010000111000010001001000011110001000001101000,01000100011111110011100000000111101011001111000010011011000011111001000001101000,2,0,0,0.172
0,00000100011111110001100000100011101010000111000010001001000011110001000001101000,01000100011111110001100000100111101010000111000010001001000011110001000001101000,2,0,1,0.008
0,00000100011111110001100000100101101010000111000010001001000011110001000001101000,01000100011111110001100000100111101010000111000010001001000011110001000001101000,2,0,1,0.007
0,00000100011111110001100000100110101010000111000010001001000011110001000001101000,01000100011111110001100000100111101010000111000010001001000011110001000001101000,2,0,1,0.006
0,00000100011111110001100000100111001010000111000010001001000011110001000001101000,01000100011111110001100000100111101010000111000010001001000011110001000001101000,2,0,1,0.007
0,00000100011111110001100000100111100010000111000010001001000011110001000001101000,01000100011111110001100000100111101010000111000010001001000011110001000001101000,2,0,1,0.008
0,00000100011111110001100000100111101000000111000010001001000011110001000001101000,01000100011111110001100000100111101010000111000010001001000011110001000001101000,2,0,1,0.008
0,00000100011111110001100000100111101010000011000010001001000011110001000001101000,01000100011111110001100000100111101010000111000010001001000011110001000001101000,2,0,1,0.007
0,00000100011111110001100000100111101010000101000010001001000011110001000001101000,01000100011111110001100000100111101010000111000010001001000011110001000001101000,2,0,1,0.469
0,00000100011111110001100000100111101010000110000010001001000011110001000001101000,01000100011111110001100000100111101010000111000010001001000011110001000001101000,2,0,1,0.009
0,00000100011111110001100000100111101010000111000000001001000011110001000001101000,01000100011111110001100000100111101010000111000010001001000011110001000001101000,2,0,1,0.007
0,00000100011111110001100000100111101010000111000010000001000011110001000001101000,01000100011111110001100000100111101010000111000010001001000011110001000001101000,2,0,1,0.009
0,00000100011111110001100000100111101010000111000010001000000011110001000001101000,01000100011111110001100000100111101010000111000010001001000011110001000001101000,2,0,1,0.418
0,00000100011111110001100000100111101010000111000010001001000001110001000001101000,01000100011111110001100000100111101010000111000010001001000011110001000001101000,2,0,1,0.01
0,00000100011111110001100000100111101010000111000010001001000010110001000001101000,01000100011111110001100000100111101010000111000010001001000011110001000001101000,2,0,1,0.007
0,00000100011111110001100000100111101010000111000010001001000011010001000001101000,01000100011111110001100000100111101010000111000010001001000011110001000001101000,2,0,1,0.006
0,00000100011111110001100000100111101010000111000010001001000011100001000001101000,01000100011111110001100000100111101010000111000010001001000011110001000001101000,2,0,1,0.006
0,00000100011111110001100000100111101010000111000010001001000011110000000001101000,01000100011111110001100000100111101010000111000010001001000011110001000001101000,2,0,1,0.007
0,00000100011111110001100000100111101010000111000010001001000011110001000000101000,01000100011111110001100000100111101010000111000010001001000011110001000001101000,2,0,1,0.01
0,00000100011111110001100000100111101010000111000010001001000011110001000001001000,01000100011111110001100000100111101010000111000010001001000011110001000001101000,2,0,1,0.008
0,00000100011111110001100000100111101010000111000010001001000011110001000001100000,01000100011111110001100000100111101010000111000010001001000011110001000001101000,2,0,1,0.009
0,01000000001111110001100000100111101010000111000010001001000011110001000001101000,01000100011111110001100000100111101010000111000010001001000011110001000001101000,2,0,1,0.01
0,01000000010111110001100000100111101010000111000010001001000011110001000001101000,01000100011111110001100000100111101010000111000010001001000011110001000001101000,2,0,1,0.009
0,01000000011011110001100000100111101010000111000010001001000011110001000001101000,01000100011111110001100000100111101010000111000010001001000011110001000001101000,2,0,1,0.008
0,01000000011101110001100000100111101010000111000010001001000011110001000001101000,01000100011111110001100000100111101010000111000010001001000011110001000001101000,2,0,1,0.008
0,01000000011110110001100000100111101010000111000010001001000011110001000001101000,01000100011111110001100000100111101010000111000010001001000011110001000001101000,2,0,1,0.006
0,01000000011111010001100000100111101010000111000010001001000011110001000001101000,01000100011111110001100000100111101010000111000010001001000011110001000001101000,2,0,1,0.007
0,01000000011111100001100000100111101010000111000010001001000011110001000001101000,01000100011111110001100000100111101010000111000010001001000011110001000001101000,2,0,1,0.008
0,01000000011111110000100000100111101010000111000010001001000011110001000001101000,01000100011111110001100000100111101010000111000010001001000011110001000001101000,2,0,1,0.009
0,01000000011111110001000000100111101010000111000010001001000011110001000001101000,01000100011111110001100000100111101010000111000010001001000011110001000001101000,2,0,1,0.01
0,01000000011111110001100000000111101010000111000010001001000011110001000001101000,01000100011111110001100000100111101010000111000010001001000011110001000001101000,2,0,1,0.535
0,01000000011111110001100000100011101010000111000010001001000011110001000001101000,01000100011111110001100000100111101010000111000010001001000011110001000001101000,2,0,1,0.009
0,01000000011111110001100000100101101010000111000010001001000011110001000001101000,01000100011111110001100000100111101010000111000010001001000011110001000001101000,2,0,1,0.01
0,01000000011111110001100000100110101010000111000010001001000011110001000001101000,01000100011111110001100000100111101010000111000010001001000011110001000001101000,2,0,1,0.006
0,01000000011111110001100000100111001010000111000010001001000011110001000001101000,01000100011111110001100000100111101010000111000010001001000011110001000001101000,2,0,1,0.495
0,01000000011111110001100000100111100010000111000010001001000011110001000001101000,01000100011111110001100000100111101010000111000010001001000011110001000001101000,2,0,1,0.01
0,01000000011111110001100000100111101000000111000010001001000011110001000001101000,01000100011111110001100000100111101010000111000010001001000011110001000001101000,2,0,1,0.008
0,01000000011111110001100000100111101010000011000010001001000011110001000001101000,01000100011111110001100000100111101010000111000010001001000011110001000001101000,2,0,1,0.008
0,01000000011111110001100000100111101010000101000010001001000011110001000001101000,01000100011111110001100000100111101010000111000010001001000011110001000001101000,2,0,1,0.011
0,01000000011111110001100000100111101010000110000010001001000011110001000001101000,01000100011111110001100000100111101010000111000010001001000011110001000001101000,2,0,1,0.008
0,01000000011111110001100000100111101010000111000000001001000011110001000001101000,01000100011111110001100000100111101010000111000010001001000011110001000001101000,2,0,1,0.008
0,01000000011111110001100000100111101010000111000010000001000011110001000001101000,01000100011111110001100000100111101010000111000010001001000011110001000001101000,2,0,1,0.009
0,01000000011111110001100000100111101010000111000010001000000011110001000001101000,01000100011111110001100000100111101010000111000010001001000011110001000001101000,2,0,1,0.011
0,01000000011111110001100000100111101010000111000010001001000001110001000001101000,01000100011111110001100000100111101010000111000010001001000011110001000001101000,2,0,1,1.102
0,01000000011111110001100000100111101010000111000010001001000010110001000001101000,01000100011111110001100000100111101010000111000010001001000011110001000001101000,2,0,1,0.008
0,01000000011111110001100000100111101010000111000010001001000011010001000001101000,01000100011111110001100000100111101010000111000010001001000011110001000001101000,2,0,1,0.008
0,01000000011111110001100000100111101010000111000010001001000011100001000001101000,01000100011111110001100000100111101010000111000010001001000011110001000001101000,2,0,1,0.007
0,01000000011111110001100000100111101010000111000010001001000011110000000001101000,01000100011111110001100000100111101010000111000010001001000011110001000001101000,2,0,1,0.006
0,01000000011111110001100000100111101010000111000010001001000011110001000000101000,01000100011111110001100000100111101010000111000010001001000011110001000001101000,2,0,1,0.01
0,01000000011111110001100000100111101010000111000010001001000011110001000001001000,01000100011111110001100000100111101010000111000010001001000011110001000001101000,2,0,1,0.01
0,01000000011111110001100000100111101010000111000010001001000011110001000001100000,01000100011111110001100000100111101010000111000010001001000011110001000001101000,2,0,1,0.011
0,01000100000111110001100000100111101010000111000010001001000011110001000001101000,01000100011111110001100000100111101010000111000010001001000011110001000001101000,2,0,1,0.009
0,01000100001011110001100000100111101010000111000010001001000011110001000001101000,01000100011111110001100000100111101010000111000010001001000011110001000001101000,2,0,1,0.007
0,01000100001101110001100000100111101010000111000010001001000011110001000001101000,01000100011111110001100000100111101010000111000010001001000011110001000001101000,2,0,1,0.006
0,01000100001110110001100000100111101010000111000010001001000011110001000001101000,01000100011111110001100000100111101010000111000010001001000011110001000001101000,2,0,1,0.006
0,01000100001111010001100000100111101010000111000010001001000011110001000001101000,01000100011111110001100000100111101010000111000010001001000011110001000001101000,2,0,1,0.007
0,01000100001111100001100000100111101010000111000010001001000011110001000001101000,01000100011111110001100000100111101010000111000010001001000011110001000001101000,2,0,1,0.007
0,01000100001111110000100000100111101010000111000010001001000011110001000001101000,01000100011111110001100000100111101010000111000010001001000011110001000001101000,2,0,1,0.009
0,01000100001111110001000000100111101010000111000010001001000011110001000001101000,01000100011111110001100000100111101010000111000010001001000011110001000001101000,2,0,1,0.656
0,01000100001111110001100000000111101010000111000010001001000011110001000001101000,01000100011111110001100000100111101010000111000010001001000011110001000001101000,2,0,1,0.007
0,01000100001111110001100000100011101010000111000010001001000011110001000001101000,01000100011111110001100000100111101010000111000010001001000011110001000001101000,2,0,1,0.691
0,01000100001111110001100000100101101010000111000010001001000011110001000001101000,01000100011111110001100000100111101010000111000010001001000011110001000001101000,2,0,1,0.009
0,01000100001111110001100000100110101010000111000010001001000011110001000001101000,01000100011111110001100000100111101010000111000010001001000011110001000001101000,2,0,1,0.007
0,01000100001111110001100000100111001010000111000010001001000011110001000001101000,01000100011111110001100000100111101010000111000010001001000011110001000001101000,2,0,1,0.608
0,01000100001111110001100000100111100010000111000010001001000011110001000001101000,01000100011111110001100000100111101010000111000010001001000011110001000001101000,2,0,1,0.009
0,01000100001111110001100000100111101000000111000010001001000011110001000001101000,01000100011111110001100000100111101010000111000010001001000011110001000001101000,2,0,1,0.007
0,01000100001111110001100000100111101010000011000010001001000011110001000001101000,01000100011111110001100000100111101010000111000010001001000011110001000001101000,2,0,1,0.006
0,01000100001111110001100000100111101010000101000010001001000011110001000001101000,01000100011111110001100000100111101010000111000010001001000011110001000001101000,2,0,1,0.428
0,01000100001111110001100000100111101010000110000010001001000011110001000001101000,01000100011111110001100000100111101010000111000010001001000011110001000001101000,2,0,1,0.01
0,01000100001111110001100000100111101010000111000000001001000011110001000001101000,01000100011111110001100000100111101010000111000010001001000011110001000001101000,2,0,1,0.007
0,01000100001111110001100000100111101010000111000010000001000011110001000001101000,01000100011111110001100000100111101010000111000010001001000011110001000001101000,2,0,1,0.325
0,01000100001111110001100000100111101010000111000010001000000011110001000001101000,01000100011111110001100000100111101010000111000010001001000011110001000001101000,2,0,1,0.01
0,01000100001111110001100000100111101010000111000010001001000001110001000001101000,01000100011111110001100000100111101010000111000010001001000011110001000001101000,2,0,1,0.009
0,01000100001111110001100000100111101010000111000010001001000010110001000001101000,01000100011111110001100000100111101010000111000010001001000011110001000001101000,2,0,1,0.006
0,01000100001111110001100000100111101010000111000010001001000011010001000001101000,01000100011111110001100000100111101010000111000010001001000011110001000001101000,2,0,1,0.007
0,01000100001111110001100000100111101010000111000010001001000011100001000001101000,01000100011111110001100000100111101010000111000010001001000011110001000001101000,2,0,1,0.005
0,01000100001111110001100000100111101010000111000010001001000011110000000001101000,01000100011111110001100000100111101010000111000010001001000011110001000001101000,2,0,1,0.007
0,01000100001111110001100000100111101010000111000010001001000011110001000000101000,01000100001111110011100000101111101010110110000010001001001011110101000000101000,2,0,0,1.052
0,01000100001111110001100000100111101010000111000010001001000011110001000001001000,01000100011111110001100000100111101010000111000010001001000011110001000001101000,2,0,1,0.014
0,01000100001111110001100000100111101010000111000010001001000011110001000001100000,01000100011111110001100000100111101010000111000010001001000011110001000001101000,2,0,1,0.013
0,01000100010011110001100000100111101010000111000010001001000011110001000001101000,01000100011111110001100000100111101010000111000010001001000011110001000001101000,2,0,1,0.009
0,01000100010101110001100000100111101010000111000010001001000011110001000001101000,01000100011111110001100000100111101010000111000010001001000011110001000001101000,2,0,1,0.009
0,01000100010110110001100000100111101010000111000010001001000011110001000001101000,01000100011111110001100000100111101010000111000010001001000011110001000001101000,2,0,1,0.008
0,01000100010111010001100000100111101010000111000010001001000011110001000001101000,01000100011111110001100000100111101010000111000010001001000011110001000001101000,2,0,1,0.007
0,01000100010111100001100000100111101010000111000010001001000011110001000001101000,01000100011111110001100000100111101010000111000010001001000011110001000001101000,2,0,1,0.008
0,01000100010111110000100000100111101010000111000010001001000011110001000001101000,01000100011111110001100000100111101010000111000010001001000011110001000001101000,2,0,1,0.01
0,01000100010111110001000000100111101010000111000010001001000011110001000001101000,01000100011111110001100000100111101010000111000010001001000011110001000001101000,2,0,1,0.029
0,01000100010111110001100000000111101010000111000010001001000011110001000001101000,01000100011111110001100000100111101010000111000010001001000011110001000001101000,2,0,1,0.008
0,01000100010111110001100000100011101010000111000010001001000011110001000001101000,01000100011111110001100000100111101010000111000010001001000011110001000001101000,2,0,1,0.01
0,01000100010111110001100000100101101010000111000010001001000011110001000001101000,01000100011111110001100000100111101010000111000010001001000011110001000001101000,2,0,1,0.008
0,01000100010111110001100000100110101010000111000010001001000011110001000001101000,01000100011111110001100000100111101010000111000010001001000011110001000001101000,2,0,1,0.008
0,01000100010111110001100000100111001010000111000010001001000011110001000001101000,01000100011111110001100000100111101010000111000010001001000011110001000001101000,2,0,1,0.008
0,01000100010111110001100000100111100010000111000010001001000011110001000001101000,01000100011111110001100000100111101010000111000010001001000011110001000001101000,2,0,1,0.01
0,01000100010111110001100000100111101000000111000010001001000011110001000001101000,01000100011111110001100000100111101010000111000010001001000011110001000001101000,2,0,1,0.01
0,01000100010111110001100000100111101010000011000010001001000011110001000001101000,01000100011111110001100000100111101010000111000010001001000011110001000001101000,2,0,1,0.005
0,01000100010111110001100000100111101010000101000010001001000011110001000001101000,01000100011111110001100000100111101010000111000010001001000011110001000001101000,2,0,1,0.01
0,01000100010111110001100000100111101010000110000010001001000011110001000001101000,01000100011111110001100000100111101010000111000010001001000011110001000001101000,2,0,1,0.787
0,01000100010111110001100000100111101010000111000000001001000011110001000001101000,01000100011111110001100000100111101010000111000010001001000011110001000001101000,2,0,1,0.006
0,01000100010111110001100000100111101010000111000010000001000011110001000001101000,01000100011111110001100000100111101010000111000010001001000011110001000001101000,2,0,1,0.454
0,01000100010111110001100000100111101010000111000010001000000011110001000001101000,01000100011111110001100000100111101010000111000010001001000011110001000001101000,2,0,1,2.002
0,01000100010111110001100000100111101010000111000010001001000001110001000001101000,01000100011111110001100000100111101010000111000010001001000011110001000001101000,2,0,1,0.01
0,01000100010111110001100000100111101010000111000010001001000010110001000001101000,01000100011111110001100000100111101010000111000010001001000011110001000001101000,2,0,1,0.006
0,01000100010111110001100000100111101010000111000010001001000011010001000001101000,01000100011111110001100000100111101010000111000010001001000011110001000001101000,2,0,1,0.006
0,01000100010111110001100000100111101010000111000010001001000011100001000001101000,01000100011111110001100000100111101010000111000010001001000011110001000001101000,2,0,1,0.005
0,01000100010111110001100000100111101010000111000010001001000011110000000001101000,01000100011111110001100000100111101010000111000010001001000011110001000001101000,2,0,1,0.006
0,01000100010111110001100000100111101010000111000010001001000011110001000000101000,01000100011111110001100000100111101010000111000010001001000011110001000001101000,2,0,1,0.009
0,01000100010111110001100000100111101010000111000010001001000011110001000001001000,01000100011111110001100000100111101010000111000010001001000011110001000001101000,2,0,1,0.011
0,01000100010111110001100000100111101010000111000010001001000011110001000001100000,01000100011111110001100000100111101010000111000010001001000011110001000001101000,2,0,1,0.552
0,01000100011001110001100000100111101010000111000010001001000011110001000001101000,01000100011111110001100000100111101010000111000010001001000011110001000001101000,2,0,1,0.005
0,01000100011010110001100000100111101010000111000010001001000011110001000001101000,01000100011111110001100000100111101010000111000010001001000011110001000001101000,2,0,1,0.003
0,01000100011011010001100000100111101010000111000010001001000011110001000001101000,01000100011111110001100000100111101010000111000010001001000011110001000001101000,2,0,1,0.004
0,01000100011011100001100000100111101010000111000010001001000011110001000001101000,01000100011111110001100000100111101010000111000010001001000011110001000001101000,2,0,1,0.004
0,01000100011011110000100000100111101010000111000010001001000011110001000001101000,01000100011111110001100000100111101010000111000010001001000011110001000001101000,2,0,1,0.006
0,01000100011011110001000000100111101010000111000010001001000011110001000001101000,01000100011111110001100000100111101010000111000010001001000011110001000001101000,2,0,1,0.008
0,01000100011011110001100000000111101010000111000010001001000011110001000001101000,01000100011111110001100000100111101010000111000010001001000011110001000001101000,2,0,1,0.006
0,01000100011011110001100000100011101010000111000010001001000011110001000001101000,01000100011111110001100000100111101010000111000010001001000011110001000001101000,2,0,1,0.006
0,01000100011011110001100000100101101010000111000010001001000011110001000001101000,01000100011111110001100000100111101010000111000010001001000011110001000001101000,2,0,1,0.008
0,01000100011011110001100000100110101010000111000010001001000011110001000001101000,01000100011111110001100000100111101010000111000010001001000011110001000001101000,2,0,1,0.004
0,01000100011011110001100000100111001010000111000010001001000011110001000001101000,01000100011111110001100000100111101010000111000010001001000011110001000001101000,2,0,1,0.008
0,01000100011011110001100000100111100010000111000010001001000011110001000001101000,01000100011111110001100000100111101010000111000010001001000011110001000001101000,2,0,1,0.008
0,01000100011011110001100000100111101000000111000010001001000011110001000001101000,01000100011111110001100000100111101010000111000010001001000011110001000001101000,2,0,1,0.008
0,01000100011011110001100000100111101010000011000010001001000011110001000001101000,01000100011111110001100000100111101010000111000010001001000011110001000001101000,2,0,1,0.003
0,01000100011011110001100000100111101010000101000010001001000011110001000001101000,01000100011111110001100000100111101010000111000010001001000011110001000001101000,2,0,1,0.007
0,01000100011011110001100000100111101010000110000010001001000011110001000001101000,01000100011111110001100000100111101010000111000010001001000011110001000001101000,2,0,1,0.007
0,01000100011011110001100000100111101010000111000000001001000011110001000001101000,01000100011111110001100000100111101010000111000010001001000011110001000001101000,2,0,1,0.003
0,01000100011011110001100000100111101010000111000010000001000011110001000001101000,01000100011111110001100000100111101010000111000010001001000011110001000001101000,2,0,1,0.007
0,01000100011011110001100000100111101010000111000010001000000011110001000001101000,01000100011111110001100000100111101010000111000010001001000011110001000001101000,2,0,1,0.008
0,01000100011011110001100000100111101010000111000010001001000001110001000001101000,01000100011111110001100000100111101010000111000010001001000011110001000001101000,2,0,1,0.008
0,01000100011011110001100000100111101010000111000010001001000010110001000001101000,01000100011111110001100000100111101010000111000010001001000011110001000001101000,2,0,1,0.003
0,01000100011011110001100000100111101010000111000010001001000011010001000001101000,01000100011111110001100000100111101010000111000010001001000011110001000001101000,2,0,1,0.004
0,01000100011011110001100000100111101010000111000010001001000011100001000001101000,01000100011111110001100000100111101010000111000010001001000011110001000001101000,2,0,1,0.003
0,01000100011011110001100000100111101010000111000010001001000011110000000001101000,01000100011111110001100000100111101010000111000010001001000011110001000001101000,2,0,1,0.003
0,01000100011011110001100000100111101010000111000010001001000011110001000000101000,01000100011111110001100000100111101010000111000010001001000011110001000001101000,2,0,1,0.007
0,01000100011011110001100000100111101010000111000010001001000011110001000001001000,01000100011111110001100000100111101010000111000010001001000011110001000001101000,2,0,1,0.005
0,01000100011011110001100000100111101010000111000010001001000011110001000001100000,01000100011111110001100000100111101010000111000010001001000011110001000001101000,2,0,1,0.006
0,01000100011100110001100000100111101010000111000010001001000011110001000001101000,01000100011111110001100000100111101010000111000010001001000011110001000001101000,2,0,1,0.003
0,01000100011101010001100000100111101010000111000010001001000011110001000001101000,01000100011111110001100000100111101010000111000010001001000011110001000001101000,2,0,1,0.003
0,01000100011101100001100000100111101010000111000010001001000011110001000001101000,01000100011111110001100000100111101010000111000010001001000011110001000001101000,2,0,1,0.003
0,01000100011101110000100000100111101010000111000010001001000011110001000001101000,01000100011111110001100000100111101010000111000010001001000011110001000001101000,2,0,1,0.007
0,01000100011101110001000000100111101010000111000010001001000011110001000001101000,01000100011111110001100000100111101010000111000010001001000011110001000001101000,2,0,1,0.006
0,01000100011101110001100000000111101010000111000010001001000011110001000001101000,01000100011111110001100000100111101010000111000010001001000011110001000001101000,2,0,1,0.005
0,01000100011101110001100000100011101010000111000010001001000011110001000001101000,01000100011111110001100000100111101010000111000010001001000011110001000001101000,2,0,1,0.007
0,01000100011101110001100000100101101010000111000010001001000011110001000001101000,01000100011111110001100000100111101010000111000010001001000011110001000001101000,2,0,1,0.006
0,01000100011101110001100000100110101010000111000010001001000011110001000001101000,01000100011111110001100000100111101010000111000010001001000011110001000001101000,2,0,1,0.003
0,01000100011101110001100000100111001010000111000010001001000011110001000001101000,01000100011111110001100000100111101010000111000010001001000011110001000001101000,2,0,1,0.007
0,01000100011101110001100000100111100010000111000010001001000011110001000001101000,01000100011111110001100000100111101010000111000010001001000011110001000001101000,2,0,1,0.007
0,01000100011101110001100000100111101000000111000010001001000011110001000001101000,01000100011111110001100000100111101010000111000010001001000011110001000001101000,2,0,1,0.005
0,01000100011101110001100000100111101010000011000010001001000011110001000001101000,01000100011111110001100000100111101010000111000010001001000011110001000001101000,2,0,1,0.003
0,01000100011101110001100000100111101010000101000010001001000011110001000001101000,01000100011111110001100000100111101010000111000010001001000011110001000001101000,2,0,1,0.007
0,01000100011101110001100000100111101010000110000010001001000011110001000001101000,01000100011111110001100000100111101010000111000010001001000011110001000001101000,2,0,1,0.006
0,01000100011101110001100000100111101010000111000000001001000011110001000001101000,01000100011111110001100000100111101010000111000010001001000011110001000001101000,2,0,1,0.003
0,01000100011101110001100000100111101010000111000010000001000011110001000001101000,01000100011111110001100000100111101010000111000010001001000011110001000001101000,2,0,1,0.007
0,01000100011101110001100000100111101010000111000010001000000011110001000001101000,01000100011111110001100000100111101010000111000010001001000011110001000001101000,2,0,1,0.008
0,01000100011101110001100000100111101010000111000010001001000001110001000001101000,01000100011111110001100000100111101010000111000010001001000011110001000001101000,2,0,1,0.007
0,01000100011101110001100000100111101010000111000010001001000010110001000001101000,01000100011111110001100000100111101010000111000010001001000011110001000001101000,2,0,1,0.003
0,01000100011101110001100000100111101010000111000010001001000011010001000001101000,01000100011111110001100000100111101010000111000010001001000011110001000001101000,2,0,1,0.003
0,01000100011101110001100000100111101010000111000010001001000011100001000001101000,01000100011111110001100000100111101010000111000010001001000011110001000001101000,2,0,1,0.003
0,01000100011101110001100000100111101010000111000010001001000011110000000001101000,01000100011111110001100000100111101010000111000010001001000011110001000001101000,2,0,1,0.003
0,01000100011101110001100000100111101010000111000010001001000011110001000000101000,01000100011111110001100000100111101010000111000010001001000011110001000001101000,2,0,1,0.007
0,01000100011101110001100000100111101010000111000010001001000011110001000001001000,01000100011111110001100000100111101010000111000010001001000011110001000001101000,2,0,1,0.005
0,01000100011101110001100000100111101010000111000010001001000011110001000001100000,01000100011111110001100000100111101010000111000010001001000011110001000001101000,2,0,1,0.005
0,01000100011110010001100000100111101010000111000010001001000011110001000001101000,01000100011111110001100000100111101010000111000010001001000011110001000001101000,2,0,1,0.003
0,01000100011110100001100000100111101010000111000010001001000011110001000001101000,01000100011111110001100000100111101010000111000010001001000011110001000001101000,2,0,1,0.003
0,01000100011110110000100000100111101010000111000010001001000011110001000001101000,01000100011111110001100000100111101010000111000010001001000011110001000001101000,2,0,1,0.007
0,01000100011110110001000000100111101010000111000010001001000011110001000001101000,01000100011111110001100000100111101010000111000010001001000011110001000001101000,2,0,1,0.006
0,01000100011110110001100000000111101010000111000010001001000011110001000001101000,01000100011111110001100000100111101010000111000010001001000011110001000001101000,2,0,1,0.006
0,01000100011110110001100000100011101010000111000010001001000011110001000001101000,01000100011111110001100000100111101010000111000010001001000011110001000001101000,2,0,1,0.007
0,01000100011110110001100000100101101010000111000010001001000011110001000001101000,01000100011111110001100000100111101010000111000010001001000011110001000001101000,2,0,1,0.006
0,01000100011110110001100000100110101010000111000010001001000011110001000001101000,01000100011111110001100000100111101010000111000010001001000011110001000001101000,2,0,1,0.003
0,01000100011110110001100000100111001010000111000010001001000011110001000001101000,01000100011111110001100000100111101010000111000010001001000011110001000001101000,2,0,1,0.005
0,01000100011110110001100000100111100010000111000010001001000011110001000001101000,01000100011111110001100000100111101010000111000010001001000011110001000001101000,2,0,1,0.007
0,01000100011110110001100000100111101000000111000010001001000011110001000001101000,01000100011111110001100000100111101010000111000010001001000011110001000001101000,2,0,1,0.006
0,01000100011110110001100000100111101010000011000010001001000011110001000001101000,01000100011111110001100000100111101010000111000010001001000011110001000001101000,2,0,1,0.003
0,01000100011110110001100000100111101010000101000010001001000011110001000001101000,01000100011111110001100000100111101010000111000010001001000011110001000001101000,2,0,1,0.007
0,01000100011110110001100000100111101010000110000010001001000011110001000001101000,01000100011111110001100000100111101010000111000010001001000011110001000001101000,2,0,1,0.006
0,01000100011110110001100000100111101010000111000000001001000011110001000001101000,01000100011111110001100000100111101010000111000010001001000011110001000001101000,2,0,1,0.003
0,01000100011110110001100000100111101010000111000010000001000011110001000001101000,01000100011111110001100000100111101010000111000010001001000011110001000001101000,2,0,1,0.007
0,01000100011110110001100000100111101010000111000010001000000011110001000001101000,01000100011111110001100000100111101010000111000010001001000011110001000001101000,2,0,1,0.007
0,01000100011110110001100000100111101010000111000010001001000001110001000001101000,01000100011111110001100000100111101010000111000010001001000011110001000001101000,2,0,1,0.006
0,01000100011110110001100000100111101010000111000010001001000010110001000001101000,01000100011111110001100000100111101010000111000010001001000011110001000001101000,2,0,1,0.004
0,01000100011110110001100000100111101010000111000010001001000011010001000001101000,01000100011111110001100000100111101010000111000010001001000011110001000001101000,2,0,1,0.003
0,01000100011110110001100000100111101010000111000010001001000011100001000001101000,01000100011111110001100000100111101010000111000010001001000011110001000001101000,2,0,1,0.003
0,01000100011110110001100000100111101010000111000010001001000011110000000001101000,01000100011111110001100000100111101010000111000010001001000011110001000001101000,2,0,1,0.003
0,01000100011110110001100000100111101010000111000010001001000011110001000000101000,01000100011111110001100000100111101010000111000010001001000011110001000001101000,2,0,1,0.007
0,01000100011110110001100000100111101010000111000010001001000011110001000001001000,01000100011111110001100000100111101010000111000010001001000011110001000001101000,2,0,1,0.007
0,01000100011110110001100000100111101010000111000010001001000011110001000001100000,01000100011111110001100000100111101010000111000010001001000011110001000001101000,2,0,1,0.006
0,01000100011111000001100000100111101010000111000010001001000011110001000001101000,01000100011111110001100000100111101010000111000010001001000011110001000001101000,2,0,1,0.003
0,01000100011111010000100000100111101010000111000010001001000011110001000001101000,01000100011111110001100000100111101010000111000010001001000011110001000001101000,2,0,1,0.007
0,01000100011111010001000000100111101010000111000010001001000011110001000001101000,01000100011111110001100000100111101010000111000010001001000011110001000001101000,2,0,1,0.006
0,01000100011111010001100000000111101010000111000010001001000011110001000001101000,01000100011111110001100000100111101010000111000010001001000011110001000001101000,2,0,1,0.005
0,01000100011111010001100000100011101010000111000010001001000011110001000001101000,01000100011111110001100000100111101010000111000010001001000011110001000001101000,2,0,1,0.007
0,01000100011111010001100000100101101010000111000010001001000011110001000001101000,01000100011111110001100000100111101010000111000010001001000011110001000001101000,2,0,1,0.007
0,01000100011111010001100000100110101010000111000010001001000011110001000001101000,01000100011111110001100000100111101010000111000010001001000011110001000001101000,2,0,1,0.003
0,01000100011111010001100000100111001010000111000010001001000011110001000001101000,01000100011111110001100000100111101010000111000010001001000011110001000001101000,2,0,1,0.007
0,01000100011111010001100000100111100010000111000010001001000011110001000001101000,01000100011111110001100000100111101010000111000010001001000011110001000001101000,2,0,1,0.008
0,01000100011111010001100000100111101000000111000010001001000011110001000001101000,01000100011111110001100000100111101010000111000010001001000011110001000001101000,2,0,1,0.005
0,01000100011111010001100000100111101010000011000010001001000011110001000001101000,01000100011111110001100000100111101010000111000010001001000011110001000001101000,2,0,1,0.005
0,01000100011111010001100000100111101010000101000010001001000011110001000001101000,01000100011111110001100000100111101010000111000010001001000011110001000001101000,2,0,1,0.009
0,01000100011111010001100000100111101010000110000010001001000011110001000001101000,01000100011111110001100000100111101010000111000010001001000011110001000001101000,2,0,1,0.007
0,01000100011111010001100000100111101010000111000000001001000011110001000001101000,01000100011111110001100000100111101010000111000010001001000011110001000001101000,2,0,1,0.003
0,01000100011111010001100000100111101010000111000010000001000011110001000001101000,01000100011111110001100000100111101010000111000010001001000011110001000001101000,2,0,1,0.007
0,01000100011111010001100000100111101010000111000010001000000011110001000001101000,01000100011111110001100000100111101010000111000010001001000011110001000001101000,2,0,1,0.007
0,01000100011111010001100000100111101010000111000010001001000001110001000001101000,01000100011111110001100000100111101010000111000010001001000011110001000001101000,2,0,1,0.008
0,01000100011111010001100000100111101010000111000010001001000010110001000001101000,01000100011111110001100000100111101010000111000010001001000011110001000001101000,2,0,1,0.003
0,01000100011111010001100000100111101010000111000010001001000011010001000001101000,01000100011111110001100000100111101010000111000010001001000011110001000001101000,2,0,1,0.003
0,01000100011111010001100000100111101010000111000010001001000011100001000001101000,01000100011111110001100000100111101010000111000010001001000011110001000001101000,2,0,1,0.003
0,01000100011111010001100000100111101010000111000010001001000011110000000001101000,01000100011111110001100000100111101010000111000010001001000011110001000001101000,2,0,1,0.003
0,01000100011111010001100000100111101010000111000010001001000011110001000000101000,01000100011111110001100000100111101010000111000010001001000011110001000001101000,2,0,1,0.007
0,01000100011111010001100000100111101010000111000010001001000011110001000001001000,01000100011111110001100000100111101010000111000010001001000011110001000001101000,2,0,1,0.006
0,01000100011111010001100000100111101010000111000010001001000011110001000001100000,01000100011111110001100000100111101010000111000010001001000011110001000001101000,2,0,1,0.006
0,01000100011111100000100000100111101010000111000010001001000011110001000001101000,01000100011111110001100000100111101010000111000010001001000011110001000001101000,2,0,1,0.006
0,01000100011111100001000000100111101010000111000010001001000011110001000001101000,01000100011111110001100000100111101010000111000010001001000011110001000001101000,2,0,1,0.007
0,01000100011111100001100000000111101010000111000010001001000011110001000001101000,01000100011111110001100000100111101010000111000010001001000011110001000001101000,2,0,1,0.007
0,01000100011111100001100000100011101010000111000010001001000011110001000001101000,01000100011111110001100000100111101010000111000010001001000011110001000001101000,2,0,1,0.008
0,01000100011111100001100000100101101010000111000010001001000011110001000001101000,01000100011111110001100000100111101010000111000010001001000011110001000001101000,2,0,1,0.006
0,01000100011111100001100000100110101010000111000010001001000011110001000001101000,01000100011111110001100000100111101010000111000010001001000011110001000001101000,2,0,1,0.003
0,01000100011111100001100000100111001010000111000010001001000011110001000001101000,01000100011111110001100000100111101010000111000010001001000011110001000001101000,2,0,1,0.007
0,01000100011111100001100000100111100010000111000010001001000011110001000001101000,01000100011111110001100000100111101010000111000010001001000011110001000001101000,2,0,1,0.007
0,01000100011111100001100000100111101000000111000010001001000011110001000001101000,01000100011111110001100000100111101010000111000010001001000011110001000001101000,2,0,1,0.006
0,01000100011111100001100000100111101010000011000010001001000011110001000001101000,01000100011111110001100000100111101010000111000010001001000011110001000001101000,2,0,1,0.003
0,01000100011111100001100000100111101010000101000010001001000011110001000001101000,01000100011111110001100000100111101010000111000010001001000011110001000001101000,2,0,1,0.005
0,01000100011111100001100000100111101010000110000010001001000011110001000001101000,01000100011111110001100000100111101010000111000010001001000011110001000001101000,2,0,1,0.006
0,01000100011111100001100000100111101010000111000000001001000011110001000001101000,01000100011111110001100000100111101010000111000010001001000011110001000001101000,2,0,1,0.004
0,01000100011111100001100000100111101010000111000010000001000011110001000001101000,01000100011111110001100000100111101010000111000010001001000011110001000001101000,2,0,1,0.006
0,01000100011111100001100000100111101010000111000010001000000011110001000001101000,01000100011111110001100000100111101010000111000010001001000011110001000001101000,2,0,1,0.006
0,01000100011111100001100000100111101010000111000010001001000001110001000001101000,01000100011111110001100000100111101010000111000010001001000011110001000001101000,2,0,1,0.007
0,01000100011111100001100000100111101010000111000010001001000010110001000001101000,01000100011111110001100000100111101010000111000010001001000011110001000001101000,2,0,1,0.003
0,01000100011111100001100000100111101010000111000010001001000011010001000001101000,01000100011111110001100000100111101010000111000010001001000011110001000001101000,2,0,1,0.003
0,01000100011111100001100000100111101010000111000010001001000011100001000001101000,01000100011111110001100000100111101010000111000010001001000011110001000001101000,2,0,1,0.003
0,01000100011111100001100000100111101010000111000010001001000011110000000001101000,01000100011111110001100000100111101010000111000010001001000011110001000001101000,2,0,1,0.003
0,01000100011111100001100000100111101010000111000010001001000011110001000000101000,01000100011111110001100000100111101010000111000010001001000011110001000001101000,2,0,1,0.006
0,01000100011111100001100000100111101010000111000010001001000011110001000001001000,01000100011111110001100000100111101010000111000010001001000011110001000001101000,2,0,1,0.007
0,01000100011111100001100000100111101010000111000010001001000011110001000001100000,01000100011111110001100000100111101010000111000010001001000011110001000001101000,2,0,1,0.007
0,01000100011111110000000000100111101010000111000010001001000011110001000001101000,01000100011111110001100000100111101010000111000010001001000011110001000001101000,2,0,1,0.01
0,01000100011111110000100000000111101010000111000010001001000011110001000001101000,01000100011111110001100000100111101010000111000010001001000011110001000001101000,2,0,1,0.424
0,01000100011111110000100000100011101010000111000010001001000011110001000001101000,01000100011111110001100000100111101010000111000010001001000011110001000001101000,2,0,1,1.186
0,01000100011111110000100000100101101010000111000010001001000011110001000001101000,01000100011111110001100000100111101010000111000010001001000011110001000001101000,2,0,1,0.008
0,01000100011111110000100000100110101010000111000010001001000011110001000001101000,01000100011111110001100000100111101010000111000010001001000011110001000001101000,2,0,1,0.006
0,01000100011111110000100000100111001010000111000010001001000011110001000001101000,01000100011111110001100000100111101010000111000010001001000011110001000001101000,2,0,1,0.009
0,01000100011111110000100000100111100010000111000010001001000011110001000001101000,01000100011111110001100000100111101010000111000010001001000011110001000001101000,2,0,1,1.144
0,01000100011111110000100000100111101000000111000010001001000011110001000001101000,01000100011111110001100000100111101010000111000010001001000011110001000001101000,2,0,1,0.008
0,01000100011111110000100000100111101010000011000010001001000011110001000001101000,01000100011111110001100000100111101010000111000010001001000011110001000001101000,2,0,1,0.008
0,01000100011111110000100000100111101010000101000010001001000011110001000001101000,01000100011111110001100000100111101010000111000010001001000011110001000001101000,2,0,1,0.009
0,01000100011111110000100000100111101010000110000010001001000011110001000001101000,01000100011111110001100000100111101010000111000010001001000011110001000001101000,2,0,1,0.011
0,01000100011111110000100000100111101010000111000000001001000011110001000001101000,01000100011111110001100000100111101010000111000010001001000011110001000001101000,2,0,1,0.006
0,01000100011111110000100000100111101010000111000010000001000011110001000001101000,01000100011111110001100000100111101010000111000010001001000011110001000001101000,2,0,1,0.01
0,01000100011111110000100000100111101010000111000010001000000011110001000001101000,01000100011111110001100000100111101010000111000010001001000011110001000001101000,2,0,1,0.567
0,01000100011111110000100000100111101010000111000010001001000001110001000001101000,01000100011111110001100000100111101010000111000010001001000011110001000001101000,2,0,1,0.011
0,01000100011111110000100000100111101010000111000010001001000010110001000001101000,01000100011111110001100000100111101010000111000010001001000011110001000001101000,2,0,1,0.007
0,01000100011111110000100000100111101010000111000010001001000011010001000001101000,01000100011111110001100000100111101010000111000010001001000011110001000001101000,2,0,1,0.006
0,01000100011111110000100000100111101010000111000010001001000011100001000001101000,01000100011111110001100000100111101010000111000010001001000011110001000001101000,2,0,1,0.006
0,01000100011111110000100000100111101010000111000010001001000011110000000001101000,01000100011111110001100000100111101010000111000010001001000011110001000001101000,2,0,1,0.007
0,01000100011111110000100000100111101010000111000010001001000011110001000000101000,01000100011111110001100000100111101010000111000010001001000011110001000001101000,2,0,1,0.809
0,01000100011111110000100000100111101010000111000010001001000011110001000001001000,01000100011111110001100000100111101010000111000010001001000011110001000001101000,2,0,1,1.722
0,01000100011111110000100000100111101010000111000010001001000011110001000001100000,01000100011111110001100000100111101010000111000010001001000011110001000001101000,2,0,1,0.01
0,01000100011111110001000000000111101010000111000010001001000011110001000001101000,01000100011111110001100000100111101010000111000010001001000011110001000001101000,2,0,1,0.009
0,01000100011111110001000000100011101010000111000010001001000011110001000001101000,01000100011111110001100000100111101010000111000010001001000011110001000001101000,2,0,1,0.01
0,01000100011111110001000000100101101010000111000010001001000011110001000001101000,01000100011111110001100000100111101010000111000010001001000011110001000001101000,2,0,1,0.4
0,01000100011111110001000000100110101010000111000010001001000011110001000001101000,01000100011111110001100000100111101010000111000010001001000011110001000001101000,2,0,1,0.006
0,01000100011111110001000000100111001010000111000010001001000011110001000001101000,01000100011111110001100000100111101010000111000010001001000011110001000001101000,2,0,1,0.007
0,01000100011111110001000000100111100010000111000010001001000011110001000001101000,01000100011111110001100000100111101010000111000010001001000011110001000001101000,2,0,1,0.008
0,01000100011111110001000000100111101000000111000010001001000011110001000001101000,01000100011111110001100000100111101010000111000010001001000011110001000001101000,2,0,1,0.009
0,01000100011111110001000000100111101010000011000010001001000011110001000001101000,01000100011111110001100000100111101010000111000010001001000011110001000001101000,2,0,1,0.005
0,01000100011111110001000000100111101010000101000010001001000011110001000001101000,01000100011111110001100000100111101010000111000010001001000011110001000001101000,2,0,1,0.009
0,01000100011111110001000000100111101010000110000010001001000011110001000001101000,01000100011111110001100000100111101010000111000010001001000011110001000001101000,2,0,1,0.007
0,01000100011111110001000000100111101010000111000000001001000011110001000001101000,01000100011111110001100000100111101010000111000010001001000011110001000001101000,2,0,1,0.006
0,01000100011111110001000000100111101010000111000010000001000011110001000001101000,01000100011111110001100000100111101010000111000010001001000011110001000001101000,2,0,1,0.008
0,01000100011111110001000000100111101010000111000010001000000011110001000001101000,01000100011111110001100000100111101010000111000010001001000011110001000001101000,2,0,1,1.176
0,01000100011111110001000000100111101010000111000010001001000001110001000001101000,01000100011111110001100000100111101010000111000010001001000011110001000001101000,2,0,1,0.009
0,01000100011111110001000000100111101010000111000010001001000010110001000001101000,01000100011111110001100000100111101010000111000010001001000011110001000001101000,2,0,1,0.006
0,01000100011111110001000000100111101010000111000010001001000011010001000001101000,01000100011111110001100000100111101010000111000010001001000011110001000001101000,2,0,1,0.007
0,01000100011111110001000000100111101010000111000010001001000011100001000001101000,01000100011111110001100000100111101010000111000010001001000011110001000001101000,2,0,1,0.006
0,01000100011111110001000000100111101010000111000010001001000011110000000001101000,01000100011111110001100000100111101010000111000010001001000011110001000001101000,2,0,1,0.007
0,01000100011111110001000000100111101010000111000010001001000011110001000000101000,01000100011111110001100000100111101010000111000010001001000011110001000001101000,2,0,1,0.009
0,01000100011111110001000000100111101010000111000010001001000011110001000001001000,01000100011111110001100000100111101010000111000010001001000011110001000001101000,2,0,1,0.008
0,01000100011111110001000000100111101010000111000010001001000011110001000001100000,01000100011111110001100000100111101010000111000010001001000011110001000001101000,2,0,1,0.827
0,01000100011111110001100000000011101010000111000010001001000011110001000001101000,01000100011111110001100000100111101010000111000010001001000011110001000001101000,2,0,1,0.826
0,01000100011111110001100000000101101010000111000010001001000011110001000001101000,01000100011111110001100000100111101010000111000010001001000011110001000001101000,2,0,1,0.009
0,01000100011111110001100000000110101010000111000010001001000011110001000001101000,01000100011111110001100000100111101010000111000010001001000011110001000001101000,2,0,1,0.006
0,01000100011111110001100000000111001010000111000010001001000011110001000001101000,01000100011111110001100000100111101010000111000010001001000011110001000001101000,2,0,1,0.009
0,01000100011111110001100000000111100010000111000010001001000011110001000001101000,01000100011111110001100000100111101010000111000010001001000011110001000001101000,2,0,1,0.011
0,01000100011111110001100000000111101000000111000010001001000011110001000001101000,01000100011111110001100000100111101010000111000010001001000011110001000001101000,2,0,1,0.403
0,01000100011111110001100000000111101010000011000010001001000011110001000001101000,01000100011111110001100000100111101010000111000010001001000011110001000001101000,2,0,1,0.006
0,01000100011111110001100000000111101010000101000010001001000011110001000001101000,01000100011111110001100000100111101010000111000010001001000011110001000001101000,2,0,1,0.459
0,01000100011111110001100000000111101010000110000010001001000011110001000001101000,01000100011111110001100000100111101010000111000010001001000011110001000001101000,2,0,1,0.008
0,01000100011111110001100000000111101010000111000000001001000011110001000001101000,01000100011111110001100000100111101010000111000010001001000011110001000001101000,2,0,1,0.005
0,01000100011111110001100000000111101010000111000010000001000011110001000001101000,01000100011111110001100000100111101010000111000010001001000011110001000001101000,2,0,1,0.008
0,01000100011111110001100000000111101010000111000010001000000011110001000001101000,01000100011111110001100000100111101010000111000010001001000011110001000001101000,2,0,1,0.01
0,01000100011111110001100000000111101010000111000010001001000001110001000001101000,01000100011111110001100000100111101010000111000010001001000011110001000001101000,2,0,1,0.01
0,01000100011111110001100000000111101010000111000010001001000010110001000001101000,01000100011111110001100000100111101010000111000010001001000011110001000001101000,2,0,1,0.006
0,01000100011111110001100000000111101010000111000010001001000011010001000001101000,01000100011111110001100000100111101010000111000010001001000011110001000001101000,2,0,1,0.006
0,01000100011111110001100000000111101010000111000010001001000011100001000001101000,01000100011111110001100000100111101010000111000010001001000011110001000001101000,2,0,1,0.005
0,01000100011111110001100000000111101010000111000010001001000011110000000001101000,01000100011111110001100000100111101010000111000010001001000011110001000001101000,2,0,1,0.006
0,01000100011111110001100000000111101010000111000010001001000011110001000000101000,01000100011111110001100000100111101010000111000010001001000011110001000001101000,2,0,1,0.009
0,01000100011111110001100000000111101010000111000010001001000011110001000001001000,01000100011111110001100000100111101010000111000010001001000011110001000001101000,2,0,1,0.007
0,01000100011111110001100000000111101010000111000010001001000011110001000001100000,01000100011111110001100000100111101010000111000010001001000011110001000001101000,2,0,1,0.009
0,01000100011111110001100000100001101010000111000010001001000011110001000001101000,01000100011111110001100000100111101010000111000010001001000011110001000001101000,2,0,1,0.009
0,01000100011111110001100000100010101010000111000010001001000011110001000001101000,01000100011111110001100000100111101010000111000010001001000011110001000001101000,2,0,1,0.006
0,01000100011111110001100000100011001010000111000010001001000011110001000001101000,01000100011111110001100000100111101010000111000010001001000011110001000001101000,2,0,1,0.009
0,01000100011111110001100000100011100010000111000010001001000011110001000001101000,01000100011111110001100000100111101010000111000010001001000011110001000001101000,2,0,1,0.518
0,01000100011111110001100000100011101000000111000010001001000011110001000001101000,01000100011111110001100000100111101010000111000010001001000011110001000001101000,2,0,1,0.006
0,01000100011111110001100000100011101010000011000010001001000011110001000001101000,01000100011111110001100000100111101010000111000010001001000011110001000001101000,2,0,1,0.006
0,01000100011111110001100000100011101010000101000010001001000011110001000001101000,01000100011111110001100000100111101010000111000010001001000011110001000001101000,2,0,1,0.008
0,01000100011111110001100000100011101010000110000010001001000011110001000001101000,01000100011111110001100000100111101010000111000010001001000011110001000001101000,2,0,1,0.009
0,01000100011111110001100000100011101010000111000000001001000011110001000001101000,01000100011111110001100000100111101010000111000010001001000011110001000001101000,2,0,1,0.006
0,01000100011111110001100000100011101010000111000010000001000011110001000001101000,01000100011111110001100000100111101010000111000010001001000011110001000001101000,2,0,1,0.008
0,01000100011111110001100000100011101010000111000010001000000011110001000001101000,01000100011111110001100000100111101010000111000010001001000011110001000001101000,2,0,1,0.01
0,01000100011111110001100000100011101010000111000010001001000001110001000001101000,01000100011111110001100000100111101010000111000010001001000011110001000001101000,2,0,1,0.01
0,01000100011111110001100000100011101010000111000010001001000010110001000001101000,01000100011111110001100000100111101010000111000010001001000011110001000001101000,2,0,1,0.006
0,01000100011111110001100000100011101010000111000010001001000011010001000001101000,01000100011111110001100000100111101010000111000010001001000011110001000001101000,2,0,1,0.006
0,01000100011111110001100000100011101010000111000010001001000011100001000001101000,01000100011111110001100000100111101010000111000010001001000011110001000001101000,2,0,1,0.005
0,01000100011111110001100000100011101010000111000010001001000011110000000001101000,01000100011111110001100000100111101010000111000010001001000011110001000001101000,2,0,1,0.006
0,01000100011111110001100000100011101010000111000010001001000011110001000000101000,01000100011111110001100000100111101010000111000010001001000011110001000001101000,2,0,1,2.301
0,01000100011111110001100000100011101010000111000010001001000011110001000001001000,01000100011111110001100000100111101010000111000010001001000011110001000001101000,2,0,1,2.425
0,01000100011111110001100000100011101010000111000010001001000011110001000001100000,01000100011111110001100000100111101010000111000010001001000011110001000001101000,2,0,1,0.01
0,01000100011111110001100000100100101010000111000010001001000011110001000001101000,01000100011111110001100000100111101010000111000010001001000011110001000001101000,2,0,1,0.007
0,01000100011111110001100000100101001010000111000010001001000011110001000001101000,01000100011111110001100000100111101010000111000010001001000011110001000001101000,2,0,1,0.009
0,01000100011111110001100000100101100010000111000010001001000011110001000001101000,01000100011111110001100000100111101010000111000010001001000011110001000001101000,2,0,1,3.992
0,01000100011111110001100000100101101000000111000010001001000011110001000001101000,01000100011111110001100000100111101010000111000010001001000011110001000001101000,2,0,1,1.383
0,01000100011111110001100000100101101010000011000010001001000011110001000001101000,01000100011111110001100000100111101010000111000010001001000011110001000001101000,2,0,1,0.005
0,01000100011111110001100000100101101010000101000010001001000011110001000001101000,01000100011111110001100000100111101010000111000010001001000011110001000001101000,2,0,1,0.008
0,01000100011111110001100000100101101010000110000010001001000011110001000001101000,01000100011111110001100000100111101010000111000010001001000011110001000001101000,2,0,1,0.009
0,01000100011111110001100000100101101010000111000000001001000011110001000001101000,01000100011111110001100000100111101010000111000010001001000011110001000001101000,2,0,1,0.006
0,01000100011111110001100000100101101010000111000010000001000011110001000001101000,01000100011111110001100000100111101010000111000010001001000011110001000001101000,2,0,1,0.01
0,01000100011111110001100000100101101010000111000010001000000011110001000001101000,01000100011111110001100000100111101010000111000010001001000011110001000001101000,2,0,1,0.009
0,01000100011111110001100000100101101010000111000010001001000001110001000001101000,01000100011111110001100000100111101010000111000010001001000011110001000001101000,2,0,1,0.011
0,01000100011111110001100000100101101010000111000010001001000010110001000001101000,01000100011111110001100000100111101010000111000010001001000011110001000001101000,2,0,1,0.005
0,01000100011111110001100000100101101010000111000010001001000011010001000001101000,01000100011111110001100000100111101010000111000010001001000011110001000001101000,2,0,1,0.006
0,01000100011111110001100000100101101010000111000010001001000011100001000001101000,01000100011111110001100000100111101010000111000010001001000011110001000001101000,2,0,1,0.007
0,01000100011111110001100000100101101010000111000010001001000011110000000001101000,01000100011111110001100000100111101010000111000010001001000011110001000001101000,2,0,1,0.007
0,01000100011111110001100000100101101010000111000010001001000011110001000000101000,01000100011111110001100000100111101010000111000010001001000011110001000001101000,2,0,1,0.01
0,01000100011111110001100000100101101010000111000010001001000011110001000001001000,01000100011111110001100000100111101010000111000010001001000011110001000001101000,2,0,1,0.45
0,01000100011111110001100000100101101010000111000010001001000011110001000001100000,01000100011111110001100000100111101010000111000010001001000011110001000001101000,2,0,1,0.851
0,01000100011111110001100000100110001010000111000010001001000011110001000001101000,01000100011111110001100000100111101010000111000010001001000011110001000001101000,2,0,1,0.007
0,01000100011111110001100000100110100010000111000010001001000011110001000001101000,01000100011111110001100000100111101010000111000010001001000011110001000001101000,2,0,1,0.006
0,01000100011111110001100000100110101000000111000010001001000011110001000001101000,01000100011111110001100000100111101010000111000010001001000011110001000001101000,2,0,1,0.007
0,01000100011111110001100000100110101010000011000010001001000011110001000001101000,01000100011111110001100000100111101010000111000010001001000011110001000001101000,2,0,1,0.003
0,01000100011111110001100000100110101010000101000010001001000011110001000001101000,01000100011111110001100000100111101010000111000010001001000011110001000001101000,2,0,1,0.007
0,01000100011111110001100000100110101010000110000010001001000011110001000001101000,01000100011111110001100000100111101010000111000010001001000011110001000001101000,2,0,1,0.007
0,01000100011111110001100000100110101010000111000000001001000011110001000001101000,01000100011111110001100000100111101010000111000010001001000011110001000001101000,2,0,1,0.003
0,01000100011111110001100000100110101010000111000010000001000011110001000001101000,01000100011111110001100000100111101010000111000010001001000011110001000001101000,2,0,1,0.006
0,01000100011111110001100000100110101010000111000010001000000011110001000001101000,01000100011111110001100000100111101010000111000010001001000011110001000001101000,2,0,1,0.008
0,01000100011111110001100000100110101010000111000010001001000001110001000001101000,01000100011111110001100000100111101010000111000010001001000011110001000001101000,2,0,1,0.006
0,01000100011111110001100000100110101010000111000010001001000010110001000001101000,01000100011111110001100000100111101010000111000010001001000011110001000001101000,2,0,1,0.003
0,01000100011111110001100000100110101010000111000010001001000011010001000001101000,01000100011111110001100000100111101010000111000010001001000011110001000001101000,2,0,1,0.003
0,01000100011111110001100000100110101010000111000010001001000011100001000001101000,01000100011111110001100000100111101010000111000010001001000011110001000001101000,2,0,1,0.003
0,01000100011111110001100000100110101010000111000010001001000011110000000001101000,01000100011111110001100000100111101010000111000010001001000011110001000001101000,2,0,1,0.003
0,01000100011111110001100000100110101010000111000010001001000011110001000000101000,01000100011111110001100000100111101010000111000010001001000011110001000001101000,2,0,1,0.006
0,01000100011111110001100000100110101010000111000010001001000011110001000001001000,01000100011111110001100000100111101010000111000010001001000011110001000001101000,2,0,1,0.007
0,01000100011111110001100000100110101010000111000010001001000011110001000001100000,01000100011111110001100000100111101010000111000010001001000011110001000001101000,2,0,1,0.007
0,01000100011111110001100000100111000010000111000010001001000011110001000001101000,01000100011111110001100000100111101010000111000010001001000011110001000001101000,2,0,1,0.009
0,01000100011111110001100000100111001000000111000010001001000011110001000001101000,01000100011111110001100000100111101010000111000010001001000011110001000001101000,2,0,1,0.009
0,01000100011111110001100000100111001010000011000010001001000011110001000001101000,01000100011111110001100000100111101010000111000010001001000011110001000001101000,2,0,1,0.006
0,01000100011111110001100000100111001010000101000010001001000011110001000001101000,01000100011111110001100000100111101010000111000010001001000011110001000001101000,2,0,1,1.546
0,01000100011111110001100000100111001010000110000010001001000011110001000001101000,01000100011111110001100000100111101010000111000010001001000011110001000001101000,2,0,1,1.192
0,01000100011111110001100000100111001010000111000000001001000011110001000001101000,01000100011111110001100000100111101010000111000010001001000011110001000001101000,2,0,1,0.007
0,01000100011111110001100000100111001010000111000010000001000011110001000001101000,01000100011111110001100000100111101010000111000010001001000011110001000001101000,2,0,1,0.525
0,01000100011111110001100000100111001010000111000010001000000011110001000001101000,01000100011111110001100000100111101010000111000010001001000011110001000001101000,2,0,1,0.009
0,01000100011111110001100000100111001010000111000010001001000001110001000001101000,01000100011111110001100000100111101010000111000010001001000011110001000001101000,2,0,1,0.009
0,01000100011111110001100000100111001010000111000010001001000010110001000001101000,01000100011111110001100000100111101010000111000010001001000011110001000001101000,2,0,1,0.006
0,01000100011111110001100000100111001010000111000010001001000011010001000001101000,01000100011111110001100000100111101010000111000010001001000011110001000001101000,2,0,1,0.007
0,01000100011111110001100000100111001010000111000010001001000011100001000001101000,01000100011111110001100000100111101010000111000010001001000011110001000001101000,2,0,1,0.007
0,01000100011111110001100000100111001010000111000010001001000011110000000001101000,01000100011111110001100000100111101010000111000010001001000011110001000001101000,2,0,1,0.005
0,01000100011111110001100000100111001010000111000010001001000011110001000000101000,01000100011111110001100000100111101010000111000010001001000011110001000001101000,2,0,1,0.01
0,01000100011111110001100000100111001010000111000010001001000011110001000001001000,01000100011111110001100000100111101010000111000010001001000011110001000001101000,2,0,1,0.009
0,01000100011111110001100000100111001010000111000010001001000011110001000001100000,01000100011111110001100000100111101010000111000010001001000011110001000001101000,2,0,1,0.398
0,01000100011111110001100000100111100000000111000010001001000011110001000001101000,01000100011111110001100000100111101010000111000010001001000011110001000001101000,2,0,1,0.009
0,01000100011111110001100000100111100010000011000010001001000011110001000001101000,01000100011111110001100000100111101010000111000010001001000011110001000001101000,2,0,1,0.007
0,01000100011111110001100000100111100010000101000010001001000011110001000001101000,01000100011111110001100000100111101010000111000010001001000011110001000001101000,2,0,1,0.01
0,01000100011111110001100000100111100010000110000010001001000011110001000001101000,01000100011111110001100000100111101010000111000010001001000011110001000001101000,2,0,1,0.01
0,01000100011111110001100000100111100010000111000000001001000011110001000001101000,01000100011111110001100000100111101010000111000010001001000011110001000001101000,2,0,1,0.007
0,01000100011111110001100000100111100010000111000010000001000011110001000001101000,01000100011111110001100000100111101010000111000010001001000011110001000001101000,2,0,1,0.011
0,01000100011111110001100000100111100010000111000010001000000011110001000001101000,01000100011111110001100000100111101010000111000010001001000011110001000001101000,2,0,1,0.541
0,01000100011111110001100000100111100010000111000010001001000001110001000001101000,01000100011111110001100000100111101010000111000010001001000011110001000001101000,2,0,1,0.01
0,01000100011111110001100000100111100010000111000010001001000010110001000001101000,01000100011111110001100000100111101010000111000010001001000011110001000001101000,2,0,1,0.006
0,01000100011111110001100000100111100010000111000010001001000011010001000001101000,01000100011111110001100000100111101010000111000010001001000011110001000001101000,2,0,1,0.006
0,01000100011111110001100000100111100010000111000010001001000011100001000001101000,01000100011111110001100000100111101010000111000010001001000011110001000001101000,2,0,1,0.007
0,01000100011111110001100000100111100010000111000010001001000011110000000001101000,01000100011111110001100000100111101010000111000010001001000011110001000001101000,2,0,1,0.007
0,01000100011111110001100000100111100010000111000010001001000011110001000000101000,01000100011111110001100000100111101010000111000010001001000011110001000001101000,2,0,1,0.01
0,01000100011111110001100000100111100010000111000010001001000011110001000001001000,01000100011111110001100000100111101010000111000010001001000011110001000001101000,2,0,1,0.009
0,01000100011111110001100000100111100010000111000010001001000011110001000001100000,01000100011111110001100000100111101010000111000010001001000011110001000001101000,2,0,1,0.663
0,01000100011111110001100000100111101000000011000010001001000011110001000001101000,01000100011111110001100000100111101010000111000010001001000011110001000001101000,2,0,1,0.006
0,01000100011111110001100000100111101000000101000010001001000011110001000001101000,01000100011111110001100000100111101010000111000010001001000011110001000001101000,2,0,1,0.008
0,01000100011111110001100000100111101000000110000010001001000011110001000001101000,01000100011111110001100000100111101010000111000010001001000011110001000001101000,2,0,1,0.009
0,01000100011111110001100000100111101000000111000000001001000011110001000001101000,01000100011111110001100000100111101010000111000010001001000011110001000001101000,2,0,1,0.006
0,01000100011111110001100000100111101000000111000010000001000011110001000001101000,01000100011111110001100000100111101010000111000010001001000011110001000001101000,2,0,1,0.009
0,01000100011111110001100000100111101000000111000010001000000011110001000001101000,01000100011111110001100000100111101010000111000010001001000011110001000001101000,2,0,1,0.01
0,01000100011111110001100000100111101000000111000010001001000001110001000001101000,01000100011111110001100000100111101010000111000010001001000011110001000001101000,2,0,1,0.01
0,01000100011111110001100000100111101000000111000010001001000010110001000001101000,01000100011111110001100000100111101010000111000010001001000011110001000001101000,2,0,1,0.005
0,01000100011111110001100000100111101000000111000010001001000011010001000001101000,01000100011111110001100000100111101010000111000010001001000011110001000001101000,2,0,1,0.007
0,01000100011111110001100000100111101000000111000010001001000011100001000001101000,01000100011111110001100000100111101010000111000010001001000011110001000001101000,2,0,1,0.006
0,01000100011111110001100000100111101000000111000010001001000011110000000001101000,01000100011111110001100000100111101010000111000010001001000011110001000001101000,2,0,1,0.006
0,01000100011111110001100000100111101000000111000010001001000011110001000000101000,01000100011111110001100000100111101010000111000010001001000011110001000001101000,2,0,1,0.009
0,01000100011111110001100000100111101000000111000010001001000011110001000001001000,01000100011111110001100000100111101010000111000010001001000011110001000001101000,2,0,1,0.008
0,01000100011111110001100000100111101000000111000010001001000011110001000001100000,01000100011111110001100000100111101010000111000010001001000011110001000001101000,2,0,1,0.007
0,01000100011111110001100000100111101010000001000010001001000011110001000001101000,01000100011111110001100000100111101010000111000010001001000011110001000001101000,2,0,1,0.006
0,01000100011111110001100000100111101010000010000010001001000011110001000001101000,01000100011111110001100000100111101010000111000010001001000011110001000001101000,2,0,1,0.006
0,01000100011111110001100000100111101010000011000000001001000011110001000001101000,01000100011111110001100000100111101010000111000010001001000011110001000001101000,2,0,1,0.003
0,01000100011111110001100000100111101010000011000010000001000011110001000001101000,01000100011111110001100000100111101010000111000010001001000011110001000001101000,2,0,1,0.007
0,01000100011111110001100000100111101010000011000010001000000011110001000001101000,01000100011111110001100000100111101010000111000010001001000011110001000001101000,2,0,1,0.006
0,01000100011111110001100000100111101010000011000010001001000001110001000001101000,01000100011111110001100000100111101010000111000010001001000011110001000001101000,2,0,1,0.008
0,01000100011111110001100000100111101010000011000010001001000010110001000001101000,01000100011111110001100000100111101010000111000010001001000011110001000001101000,2,0,1,0.003
0,01000100011111110001100000100111101010000011000010001001000011010001000001101000,01000100011111110001100000100111101010000111000010001001000011110001000001101000,2,0,1,0.003
0,01000100011111110001100000100111101010000011000010001001000011100001000001101000,01000100011111110001100000100111101010000111000010001001000011110001000001101000,2,0,1,0.003
0,01000100011111110001100000100111101010000011000010001001000011110000000001101000,01000100011111110001100000100111101010000111000010001001000011110001000001101000,2,0,1,0.003
0,01000100011111110001100000100111101010000011000010001001000011110001000000101000,01000100011111110001100000100111101010000111000010001001000011110001000001101000,2,0,1,0.007
0,01000100011111110001100000100111101010000011000010001001000011110001000001001000,01000100011111110001100000100111101010000111000010001001000011110001000001101000,2,0,1,0.006
0,01000100011111110001100000100111101010000011000010001001000011110001000001100000,01000100011111110001100000100111101010000111000010001001000011110001000001101000,2,0,1,0.005
0,01000100011111110001100000100111101010000100000010001001000011110001000001101000,01000100011111110001100000100111101010000111000010001001000011110001000001101000,2,0,1,0.008
0,01000100011111110001100000100111101010000101000000001001000011110001000001101000,01000100011111110001100000100111101010000111000010001001000011110001000001101000,2,0,1,0.006
0,01000100011111110001100000100111101010000101000010000001000011110001000001101000,01000100011111110001100000100111101010000111000010001001000011110001000001101000,2,0,1,0.399
0,01000100011111110001100000100111101010000101000010001000000011110001000001101000,01000100011111110001100000100111101010000111000010001001000011110001000001101000,2,0,1,0.009
0,01000100011111110001100000100111101010000101000010001001000001110001000001101000,01000100011111110001100000100111101010000111000010001001000011110001000001101000,2,0,1,0.008
0,01000100011111110001100000100111101010000101000010001001000010110001000001101000,01000100011111110001100000100111101010000111000010001001000011110001000001101000,2,0,1,0.005
0,01000100011111110001100000100111101010000101000010001001000011010001000001101000,01000100011111110001100000100111101010000111000010001001000011110001000001101000,2,0,1,0.006
0,01000100011111110001100000100111101010000101000010001001000011100001000001101000,01000100011111110001100000100111101010000111000010001001000011110001000001101000,2,0,1,0.005
0,01000100011111110001100000100111101010000101000010001001000011110000000001101000,01000100011111110001100000100111101010000111000010001001000011110001000001101000,2,0,1,0.006
0,01000100011111110001100000100111101010000101000010001001000011110001000000101000,01000100011111110001100000100111101010000111000010001001000011110001000001101000,2,0,1,0.976
0,01000100011111110001100000100111101010000101000010001001000011110001000001001000,01000100011111110001100000100111101010000111000010001001000011110001000001101000,2,0,1,0.008
0,01000100011111110001100000100111101010000101000010001001000011110001000001100000,01000100011111110001100000100111101010000111000010001001000011110001000001101000,2,0,1,0.009
0,01000100011111110001100000100111101010000110000000001001000011110001000001101000,01000100011111110001100000100111101010000111000010001001000011110001000001101000,2,0,1,0.006
0,01000100011111110001100000100111101010000110000010000001000011110001000001101000,01000100011111110001100000100111101010000111000010001001000011110001000001101000,2,0,1,0.401
0,01000100011111110001100000100111101010000110000010001000000011110001000001101000,01000100011111110001100000100111101010000111000010001001000011110001000001101000,2,0,1,0.707
0,01000100011111110001100000100111101010000110000010001001000001110001000001101000,01000100011111110001100000100111101010000111000010001001000011110001000001101000,2,0,1,0.008
0,01000100011111110001100000100111101010000110000010001001000010110001000001101000,01000100011111110001100000100111101010000111000010001001000011110001000001101000,2,0,1,0.006
0,01000100011111110001100000100111101010000110000010001001000011010001000001101000,01000100011111110001100000100111101010000111000010001001000011110001000001101000,2,0,1,0.006
0,01000100011111110001100000100111101010000110000010001001000011100001000001101000,01000100011111110001100000100111101010000111000010001001000011110001000001101000,2,0,1,0.006
0,01000100011111110001100000100111101010000110000010001001000011110000000001101000,01000100011111110001100000100111101010000111000010001001000011110001000001101000,2,0,1,0.006
0,01000100011111110001100000100111101010000110000010001001000011110001000000101000,01000100011111110001100000100111101010000111000010001001000011110001000001101000,2,0,1,0.009
0,01000100011111110001100000100111101010000110000010001001000011110001000001001000,01000100011111110001100000100111101010000111000010001001000011110001000001101000,2,0,1,0.008
0,01000100011111110001100000100111101010000110000010001001000011110001000001100000,01000100011111110001100000100111101010000111000010001001000011110001000001101000,2,0,1,0.011
0,01000100011111110001100000100111101010000111000000000001000011110001000001101000,01000100011111110001100000100111101010000111000010001001000011110001000001101000,2,0,1,0.007
0,01000100011111110001100000100111101010000111000000001000000011110001000001101000,01000100011111110001100000100111101010000111000010001001000011110001000001101000,2,0,1,0.009
0,01000100011111110001100000100111101010000111000000001001000001110001000001101000,01000100011111110001100000100111101010000111000010001001000011110001000001101000,2,0,1,0.009
0,01000100011111110001100000100111101010000111000000001001000010110001000001101000,01000100011111110001100000100111101010000111000010001001000011110001000001101000,2,0,1,0.003
0,01000100011111110001100000100111101010000111000000001001000011010001000001101000,01000100011111110001100000100111101010000111000010001001000011110001000001101000,2,0,1,0.004
0,01000100011111110001100000100111101010000111000000001001000011100001000001101000,01000100011111110001100000100111101010000111000010001001000011110001000001101000,2,0,1,0.004
0,01000100011111110001100000100111101010000111000000001001000011110000000001101000,01000100011111110001100000100111101010000111000010001001000011110001000001101000,2,0,1,0.004
0,01000100011111110001100000100111101010000111000000001001000011110001000000101000,01000100011111110001100000100111101010000111000010001001000011110001000001101000,2,0,1,0.006
0,01000100011111110001100000100111101010000111000000001001000011110001000001001000,01000100011111110001100000100111101010000111000010001001000011110001000001101000,2,0,1,0.007
0,01000100011111110001100000100111101010000111000000001001000011110001000001100000,01000100011111110001100000100111101010000111000010001001000011110001000001101000,2,0,1,0.009
0,01000100011111110001100000100111101010000111000010000000000011110001000001101000,01000100011111110001100000100111101010000111000010001001000011110001000001101000,2,0,1,0.012
0,01000100011111110001100000100111101010000111000010000001000001110001000001101000,01000100011111110001100000100111101010000111000010001001000011110001000001101000,2,0,1,0.007
0,01000100011111110001100000100111101010000111000010000001000010110001000001101000,01000100011111110001100000100111101010000111000010001001000011110001000001101000,2,0,1,0.008
0,01000100011111110001100000100111101010000111000010000001000011010001000001101000,01000100011111110001100000100111101010000111000010001001000011110001000001101000,2,0,1,0.009
0,01000100011111110001100000100111101010000111000010000001000011100001000001101000,01000100011111110001100000100111101010000111000010001001000011110001000001101000,2,0,1,0.006
0,01000100011111110001100000100111101010000111000010000001000011110000000001101000,01000100011111110001100000100111101010000111000010001001000011110001000001101000,2,0,1,0.007
0,01000100011111110001100000100111101010000111000010000001000011110001000000101000,01000100011111110001100000100111101010000111000010001001000011110001000001101000,2,0,1,2.02
0,01000100011111110001100000100111101010000111000010000001000011110001000001001000,01000100011111110001100000100111101010000111000010001001000011110001000001101000,2,0,1,0.006
0,01000100011111110001100000100111101010000111000010000001000011110001000001100000,01000100011111110001100000100111101010000111000010001001000011110001000001101000,2,0,1,0.008
0,01000100011111110001100000100111101010000111000010001000000001110001000001101000,01000100011111110001100000100111101010000111000010001001000011110001000001101000,2,0,1,0.011
0,01000100011111110001100000100111101010000111000010001000000010110001000001101000,01000100011111110001100000100111101010000111000010001001000011110001000001101000,2,0,1,0.007
0,01000100011111110001100000100111101010000111000010001000000011010001000001101000,01000100011111110001100000100111101010000111000010001001000011110001000001101000,2,0,1,0.008
0,01000100011111110001100000100111101010000111000010001000000011100001000001101000,01000100011111110001100000100111101010000111000010001001000011110001000001101000,2,0,1,0.007
0,01000100011111110001100000100111101010000111000010001000000011110000000001101000,01000100011111110001100000100111101010000111000010001001000011110001000001101000,2,0,1,0.006
0,01000100011111110001100000100111101010000111000010001000000011110001000000101000,01000100011111110001100000100111101010000111000010001001000011110001000001101000,2,0,1,0.01
0,01000100011111110001100000100111101010000111000010001000000011110001000001001000,01000100011111110001100000100111101010000111000010001001000011110001000001101000,2,0,1,0.01
0,01000100011111110001100000100111101010000111000010001000000011110001000001100000,01000100011111110001100000100111101010000111000010001001000011110001000001101000,2,0,1,0.008
0,01000100011111110001100000100111101010000111000010001001000000110001000001101000,01000100011111110001100000100111101010000111000010001001000011110001000001101000,2,0,1,0.007
0,01000100011111110001100000100111101010000111000010001001000001010001000001101000,01000100011111110001100000100111101010000111000010001001000011110001000001101000,2,0,1,0.008
0,01000100011111110001100000100111101010000111000010001001000001100001000001101000,01000100011111110001100000100111101010000111000010001001000011110001000001101000,2,0,1,0.007
0,01000100011111110001100000100111101010000111000010001001000001110000000001101000,01000100011111110001100000100111101010000111000010001001000011110001000001101000,2,0,1,0.007
0,01000100011111110001100000100111101010000111000010001001000001110001000000101000,01000100011111110001100000100111101010000111000010001001000011110001000001101000,2,0,1,0.006
0,01000100011111110001100000100111101010000111000010001001000001110001000001001000,01000100011111110001100000100111101010000111000010001001000011110001000001101000,2,0,1,0.009
0,01000100011111110001100000100111101010000111000010001001000001110001000001100000,01000100011111110001100000100111101010000111000010001001000011110001000001101000,2,0,1,0.009
0,01000100011111110001100000100111101010000111000010001001000010010001000001101000,01000100011111110001100000100111101010000111000010001001000011110001000001101000,2,0,1,0.003
0,01000100011111110001100000100111101010000111000010001001000010100001000001101000,01000100011111110001100000100111101010000111000010001001000011110001000001101000,2,0,1,0.003
0,01000100011111110001100000100111101010000111000010001001000010110000000001101000,01000100011111110001100000100111101010000111000010001001000011110001000001101000,2,0,1,0.003
0,01000100011111110001100000100111101010000111000010001001000010110001000000101000,01000100011111110001100000100111101010000111000010001001000011110001000001101000,2,0,1,0.006
0,01000100011111110001100000100111101010000111000010001001000010110001000001001000,01000100011111110001100000100111101010000111000010001001000011110001000001101000,2,0,1,0.006
0,01000100011111110001100000100111101010000111000010001001000010110001000001100000,01000100011111110001100000100111101010000111000010001001000011110001000001101000,2,0,1,0.005
0,01000100011111110001100000100111101010000111000010001001000011000001000001101000,01000100011111110001100000100111101010000111000010001001000011110001000001101000,2,0,1,0.003
0,01000100011111110001100000100111101010000111000010001001000011010000000001101000,01000100011111110001100000100111101010000111000010001001000011110001000001101000,2,0,1,0.003
0,01000100011111110001100000100111101010000111000010001001000011010001000000101000,01000100011111110001100000100111101010000111000010001001000011110001000001101000,2,0,1,0.007
0,01000100011111110001100000100111101010000111000010001001000011010001000001001000,01000100011111110001100000100111101010000111000010001001000011110001000001101000,2,0,1,0.006
0,01000100011111110001100000100111101010000111000010001001000011010001000001100000,01000100011111110001100000100111101010000111000010001001000011110001000001101000,2,0,1,0.007
0,01000100011111110001100000100111101010000111000010001001000011100000000001101000,01000100011111110001100000100111101010000111000010001001000011110001000001101000,2,0,1,0.003
0,01000100011111110001100000100111101010000111000010001001000011100001000000101000,01000100011111110001100000100111101010000111000010001001000011110001000001101000,2,0,1,0.006
0,01000100011111110001100000100111101010000111000010001001000011100001000001001000,01000100011111110001100000100111101010000111000010001001000011110001000001101000,2,0,1,0.006
0,01000100011111110001100000100111101010000111000010001001000011100001000001100000,01000100011111110001100000100111101010000111000010001001000011110001000001101000,2,0,1,0.006
0,01000100011111110001100000100111101010000111000010001001000011110000000000101000,01000100011111110001100000100111101010000111000010001001000011110001000001101000,2,0,1,0.007
0,01000100011111110001100000100111101010000111000010001001000011110000000001001000,01000100011111110001100000100111101010000111000010001001000011110001000001101000,2,0,1,0.006
0,01000100011111110001100000100111101010000111000010001001000011110000000001100000,01000100011111110001100000100111101010000111000010001001000011110001000001101000,2,0,1,0.007
0,01000100011111110001100000100111101010000111000010001001000011110001000000001000,01000100011111110001100000100111101010000111000010001001000011110001000001101000,2,0,1,0.006
0,01000100011111110001100000100111101010000111000010001001000011110001000000100000,01000100011111110001100000100111101010000111000010001001000011110001000001101000,2,0,1,0.01
0,01000100011111110001100000100111101010000111000010001001000011110001000001000000,01000100011111110001100000100111101010000111000010001001000011110001000001101000,2,0,1,0.94
1,00001100111100001111000100001000111101100110101100101100011011110101100000011001,01011100111100001111000100001000111101100110101100101100011011110101100000011001,2,0,1,0.007
1,00010100111100001111000100001000111101100110101100101100011011110101100000011001,01011100111100001111000100001000111101100110101100101100011011110101100000011001,2,0,1,0.302
1,00011000111100001111000100001000111101100110101100101100011011110101100000011001,01011100111100001111000100001000111101100110101100101100011011110101100000011001,2,0,1,0.008
1,00011100011100001111000100001000111101100110101100101100011011110101100000011001,01011100111100001111000100001000111101100110101100101100011011110101100000011001,2,0,1,0.008
1,00011100101100001111000100001000111101100110101100101100011011110101100000011001,01011100111100001111000100001000111101100110101100101100011011110101100000011001,2,0,1,0.008
1,00011100110100001111000100001000111101100110101100101100011011110101100000011001,01011100111100001111000100001000111101100110101100101100011011110101100000011001,2,0,1,0.317
1,00011100111000001111000100001000111101100110101100101100011011110101100000011001,01011100111100001111000100001000111101100110101100101100011011110101100000011001,2,0,1,0.004
1,00011100111100000111000100001000111101100110101100101100011011110101100000011001,01011100111100001111000100001000111101100110101100101100011011110101100000011001,2,0,1,0.006
1,00011100111100001011000100001000111101100110101100101100011011110101100000011001,01011100111100001111000100001000111101100110101100101100011011110101100000011001,2,0,1,0.006
1,00011100111100001101000100001000111101100110101100101100011011110101100000011001,01011100111100001111000100001000111101100110101100101100011011110101100000011001,2,0,1,0.006
1,00011100111100001110000100001000111101100110101100101100011011110101100000011001,01011100111100001111000100001000111101100110101100101100011011110101100000011001,2,0,1,0.007
1,00011100111100001111000000001000111101100110101100101100011011110101100000011001,01011100111100001111000100001000111101100110101100101100011011110101100000011001,2,0,1,0.227
1,00011100111100001111000100000000111101100110101100101100011011110101100000011001,01011100111100001111000100001000111101100110101100101100011011110101100000011001,2,0,1,0.006
1,00011100111100001111000100001000011101100110101100101100011011110101100000011001,01011100111100001111000100001000111101100110101100101100011011110101100000011001,2,0,1,0.006
1,00011100111100001111000100001000101101100110101100101100011011110101100000011001,01011100111100001111000100001000111101100110101100101100011011110101100000011001,2,0,1,0.006
1,00011100111100001111000100001000110101100110101100101100011011110101100000011001,01011100111100001111000100001000111101100110101100101100011011110101100000011001,2,0,1,0.007
1,00011100111100001111000100001000111001100110101100101100011011110101100000011001,01011100111100001111000100001000111101100110101100101100011011110101100000011001,2,0,1,0.009
1,00011100111100001111000100001000111100100110101100101100011011110101100000011001,01011100111100001111000100001000111101100110101100101100011011110101100000011001,2,0,1,0.008
1,00011100111100001111000100001000111101000110101100101100011011110101100000011001,01011100111100001111000100001000111101100110101100101100011011110101100000011001,2,0,1,0.006
1,00011100111100001111000100001000111101100010101100101100011011110101100000011001,01011100111100001111000100001000111101100110101100101100011011110101100000011001,2,0,1,0.006
1,00011100111100001111000100001000111101100100101100101100011011110101100000011001,01011100111100001111000100001000111101100110101100101100011011110101100000011001,2,0,1,0.007
1,00011100111100001111000100001000111101100110001100101100011011110101100000011001,01011100111100001111000100001000111101100110101100101100011011110101100000011001,2,0,1,0.007
1,00011100111100001111000100001000111101100110100100101100011011110101100000011001,01011100111100001111000100001000111101100110101100101100011011110101100000011001,2,0,1,0.006
1,00011100111100001111000100001000111101100110101000101100011011110101100000011001,01011100111100001111000100001000111101100110101100101100011011110101100000011001,2,0,1,0.373
1,00011100111100001111000100001000111101100110101100001100011011110101100000011001,01011100111100001111000100001000111101100110101100101100011011110101100000011001,2,0,1,0.022
1,00011100111100001111000100001000111101100110101100100100011011110101100000011001,01011100111100001111000100001000111101100110101100101100011011110101100000011001,2,0,1,0.008
1,00011100111100001111000100001000111101100110101100101000011011110101100000011001,01011100111100001111000100001000111101100110101100101100011011110101100000011001,2,0,1,0.008
1,00011100111100001111000100001000111101100110101100101100001011110101100000011001,01011100111100001111000100001000111101100110101100101100011011110101100000011001,2,0,1,0.008
1,00011100111100001111000100001000111101100110101100101100010011110101100000011001,01011100111100001111000100001000111101100110101100101100011011110101100000011001,2,0,1,0.006
1,00011100111100001111000100001000111101100110101100101100011001110101100000011001,01011100111100001111000100001000111101100110101100101100011011110101100000011001,2,0,1,0.009
1,00011100111100001111000100001000111101100110101100101100011010110101100000011001,01011100111100001111000100001000111101100110101100101100011011110101100000011001,2,0,1,0.006
1,00011100111100001111000100001000111101100110101100101100011011010101100000011001,01011100111100001111000100001000111101100110101100101100011011110101100000011001,2,0,1,0.006
1,00011100111100001111000100001000111101100110101100101100011011100101100000011001,01011100111100001111000100001000111101100110101100101100011011110101100000011001,2,0,1,0.005
1,00011100111100001111000100001000111101100110101100101100011011110001100000011001,01011100111100001111000100001000111101100110101100101100011011110101100000011001,2,0,1,0.006
1,00011100111100001111000100001000111101100110101100101100011011110100100000011001,01011100111100001111000100001000111101100110101100101100011011110101100000011001,2,0,1,0.006
1,00011100111100001111000100001000111101100110101100101100011011110101000000011001,01011100111100001111000100001000111101100110101100101100011011110101100000011001,2,0,1,0.006
1,00011100111100001111000100001000111101100110101100101100011011110101100000001001,01011100111100001111000100001000111101100110101100101100011011110101100000011001,2,0,1,0.008
1,00011100111100001111000100001000111101100110101100101100011011110101100000010001,01011100111100001111000100001000111101100110101100101100011011110101100000011001,2,0,1,0.008
1,00011100111100001111000100001000111101100110101100101100011011110101100000011000,01011100111100001111000100001000111101100110101100101100011011110101100000011001,2,0,1,0.237
1,01000100111100001111000100001000111101100110101100101100011011110101100000011001,01011100111100001111000100001000111101100110101100101100011011110101100000011001,2,0,1,0.006
1,01001000111100001111000100001000111101100110101100101100011011110101100000011001,01011100111100001111000100001000111101100110101100101100011011110101100000011001,2,0,1,0.752
1,01001100011100001111000100001000111101100110101100101100011011110101100000011001,01011100111100001111000100001000111101100110101100101100011011110101100000011001,2,0,1,0.006
1,01001100101100001111000100001000111101100110101100101100011011110101100000011001,01011100111100001111000100001000111101100110101100101100011011110101100000011001,2,0,1,0.008
1,01001100110100001111000100001000111101100110101100101100011011110101100000011001,01011100111100001111000100001000111101100110101100101100011011110101100000011001,2,0,1,0.005
1,01001100111000001111000100001000111101100110101100101100011011110101100000011001,01011100111100001111000100001000111101100110101100101100011011110101100000011001,2,0,1,0.005
1,01001100111100000111000100001000111101100110101100101100011011110101100000011001,01011100111100001111000100001000111101100110101100101100011011110101100000011001,2,0,1,0.006
1,01001100111100001011000100001000111101100110101100101100011011110101100000011001,01011100111100001111000100001000111101100110101100101100011011110101100000011001,2,0,1,0.005
1,01001100111100001101000100001000111101100110101100101100011011110101100000011001,01011100111100001111000100001000111101100110101100101100011011110101100000011001,2,0,1,0.004
1,01001100111100001110000100001000111101100110101100101100011011110101100000011001,01011100111100001111000100001000111101100110101100101100011011110101100000011001,2,0,1,0.008
1,01001100111100001111000000001000111101100110101100101100011011110101100000011001,01011100111100001111000100001000111101100110101100101100011011110101100000011001,2,0,1,0.412
1,01001100111100001111000100000000111101100110101100101100011011110101100000011001,01011100111100001111000100001000111101100110101100101100011011110101100000011001,2,0,1,0.006
1,01001100111100001111000100001000011101100110101100101100011011110101100000011001,01011100111100001111000100001000111101100110101100101100011011110101100000011001,2,0,1,0.772
1,01001100111100001111000100001000101101100110101100101100011011110101100000011001,01011100111100001111000100001000111101100110101100101100011011110101100000011001,2,0,1,0.006
1,01001100111100001111000100001000110101100110101100101100011011110101100000011001,01011100111100001111000100001000111101100110101100101100011011110101100000011001,2,0,1,0.007
1,01001100111100001111000100001000111001100110101100101100011011110101100000011001,01011100111100001111000100001000111101100110101100101100011011110101100000011001,2,0,1,0.007
1,01001100111100001111000100001000111100100110101100101100011011110101100000011001,01011100111100001111000100001000111101100110101100101100011011110101100000011001,2,0,1,0.008
1,01001100111100001111000100001000111101000110101100101100011011110101100000011001,01011100111100001111000100001000111101100110101100101100011011110101100000011001,2,0,1,0.004
1,01001100111100001111000100001000111101100010101100101100011011110101100000011001,01011100111100001111000100001000111101100110101100101100011011110101100000011001,2,0,1,0.005
1,01001100111100001111000100001000111101100100101100101100011011110101100000011001,01011100111100001111000100001000111101100110101100101100011011110101100000011001,2,0,1,0.008
1,01001100111100001111000100001000111101100110001100101100011011110101100000011001,01011100111100001111000100001000111101100110101100101100011011110101100000011001,2,0,1,0.008
1,01001100111100001111000100001000111101100110100100101100011011110101100000011001,01011100111100001111000100001000111101100110101100101100011011110101100000011001,2,0,1,0.008
1,01001100111100001111000100001000111101100110101000101100011011110101100000011001,01011100111100001111000100001000111101100110101100101100011011110101100000011001,2,0,1,0.351
1,01001100111100001111000100001000111101100110101100001100011011110101100000011001,01011100111100001111000100001000111101100110101100101100011011110101100000011001,2,0,1,0.008
1,01001100111100001111000100001000111101100110101100100100011011110101100000011001,01011100111100001111000100001000111101100110101100101100011011110101100000011001,2,0,1,0.009
1,01001100111100001111000100001000111101100110101100101000011011110101100000011001,01011100111100001111000100001000111101100110101100101100011011110101100000011001,2,0,1,0.008
1,01001100111100001111000100001000111101100110101100101100001011110101100000011001,01011100111100001111000100001000111101100110101100101100011011110101100000011001,2,0,1,0.008
1,01001100111100001111000100001000111101100110101100101100010011110101100000011001,01011100111100001111000100001000111101100110101100101100011011110101100000011001,2,0,1,0.005
1,01001100111100001111000100001000111101100110101100101100011001110101100000011001,01011100111100001111000100001000111101100110101100101100011011110101100000011001,2,0,1,0.008
1,01001100111100001111000100001000111101100110101100101100011010110101100000011001,01011100111100001111000100001000111101100110101100101100011011110101100000011001,2,0,1,0.005
1,01001100111100001111000100001000111101100110101100101100011011010101100000011001,01011100111100001111000100001000111101100110101100101100011011110101100000011001,2,0,1,0.005
1,01001100111100001111000100001000111101100110101100101100011011100101100000011001,01011100111100001111000100001000111101100110101100101100011011110101100000011001,2,0,1,0.006
1,01001100111100001111000100001000111101100110101100101100011011110001100000011001,01011100111100001111000100001000111101100110101100101100011011110101100000011001,2,0,1,0.005
1,01001100111100001111000100001000111101100110101100101100011011110100100000011001,01011100111100001111000100001000111101100110101100101100011011110101100000011001,2,0,1,0.004
1,01001100111100001111000100001000111101100110101100101100011011110101000000011001,01011100111100001111000100001000111101100110101100101100011011110101100000011001,2,0,1,0.005
1,01001100111100001111000100001000111101100110101100101100011011110101100000001001,01011100111100001111000100001000111101100110101100101100011011110101100000011001,2,0,1,0.008
1,01001100111100001111000100001000111101100110101100101100011011110101100000010001,01011100111100001111000100001000111101100110101100101100011011110101100000011001,2,0,1,0.009
1,01001100111100001111000100001000111101100110101100101100011011110101100000011000,01011100111100001111000100001000111101100110101100101100011011110101100000011001,2,0,1,2.456
1,01010000111100001111000100001000111101100110101100101100011011110101100000011001,01011100111100001111000100001000111101100110101100101100011011110101100000011001,2,0,1,0.009
1,01010100011100001111000100001000111101100110101100101100011011110101100000011001,01011100111100001111000100001000111101100110101100101100011011110101100000011001,2,0,1,0.008
1,01010100101100001111000100001000111101100110101100101100011011110101100000011001,01011100111100001111000100001000111101100110101100101100011011110101100000011001,2,0,1,0.008
1,01010100110100001111000100001000111101100110101100101100011011110101100000011001,01011100111100001111000100001000111101100110101100101100011011110101100000011001,2,0,1,0.008
1,01010100111000001111000100001000111101100110101100101100011011110101100000011001,01011100111100001111000100001000111101100110101100101100011011110101100000011001,2,0,1,0.006
1,01010100111100000111000100001000111101100110101100101100011011110101100000011001,01011100111100001111000100001000111101100110101100101100011011110101100000011001,2,0,1,0.005
1,01010100111100001011000100001000111101100110101100101100011011110101100000011001,01011100111100001111000100001000111101100110101100101100011011110101100000011001,2,0,1,0.006
1,01010100111100001101000100001000111101100110101100101100011011110101100000011001,01011100111100001111000100001000111101100110101100101100011011110101100000011001,2,0,1,0.007
1,01010100111100001110000100001000111101100110101100101100011011110101100000011001,01011100111100001111000100001000111101100110101100101100011011110101100000011001,2,0,1,0.008
1,01010100111100001111000000001000111101100110101100101100011011110101100000011001,01011100111100001111000100001000111101100110101100101100011011110101100000011001,2,0,1,0.373
1,01010100111100001111000100000000111101100110101100101100011011110101100000011001,01011100111100001111000100001000111101100110101100101100011011110101100000011001,2,0,1,0.007
1,01010100111100001111000100001000011101100110101100101100011011110101100000011001,01011100111100001111000100001000111101100110101100101100011011110101100000011001,2,0,1,0.007
1,01010100111100001111000100001000101101100110101100101100011011110101100000011001,01011100111100001111000100001000111101100110101100101100011011110101100000011001,2,0,1,0.006
1,01010100111100001111000100001000110101100110101100101100011011110101100000011001,01011100111100001111000100001000111101100110101100101100011011110101100000011001,2,0,1,2.35
1,01010100111100001111000100001000111001100110101100101100011011110101100000011001,01011100111100001111000100001000111101100110101100101100011011110101100000011001,2,0,1,0.008
1,01010100111100001111000100001000111100100110101100101100011011110101100000011001,01011100111100001111000100001000111101100110101100101100011011110101100000011001,2,0,1,0.428
1,01010100111100001111000100001000111101000110101100101100011011110101100000011001,01011100111100001111000100001000111101100110101100101100011011110101100000011001,2,0,1,0.005
1,01010100111100001111000100001000111101100010101100101100011011110101100000011001,01011100111100001111000100001000111101100110101100101100011011110101100000011001,2,0,1,0.006
1,01010100111100001111000100001000111101100100101100101100011011110101100000011001,01011100111100001111000100001000111101100110101100101100011011110101100000011001,2,0,1,0.008
1,01010100111100001111000100001000111101100110001100101100011011110101100000011001,01011100111100001111000100001000111101100110101100101100011011110101100000011001,2,0,1,0.008
1,01010100111100001111000100001000111101100110100100101100011011110101100000011001,01011100111100001111000100001000111101100110101100101100011011110101100000011001,2,0,1,0.007
1,01010100111100001111000100001000111101100110101000101100011011110101100000011001,01011100111100001111000100001000111101100110101100101100011011110101100000011001,2,0,1,0.009
1,01010100111100001111000100001000111101100110101100001100011011110101100000011001,01011100111100001111000100001000111101100110101100101100011011110101100000011001,2,0,1,0.007
1,01010100111100001111000100001000111101100110101100100100011011110101100000011001,01011100111100001111000100001000111101100110101100101100011011110101100000011001,2,0,1,0.01
1,01010100111100001111000100001000111101100110101100101000011011110101100000011001,01011100111100001111000100001000111101100110101100101100011011110101100000011001,2,0,1,0.008
1,01010100111100001111000100001000111101100110101100101100001011110101100000011001,01011100111100001111000100001000111101100110101100101100011011110101100000011001,2,0,1,0.008
1,01010100111100001111000100001000111101100110101100101100010011110101100000011001,01011100111100001111000100001000111101100110101100101100011011110101100000011001,2,0,1,0.006
1,01010100111100001111000100001000111101100110101100101100011001110101100000011001,01011100111100001111000100001000111101100110101100101100011011110101100000011001,2,0,1,0.009
1,01010100111100001111000100001000111101100110101100101100011010110101100000011001,01011100111100001111000100001000111101100110101100101100011011110101100000011001,2,0,1,0.005
1,01010100111100001111000100001000111101100110101100101100011011010101100000011001,01011100111100001111000100001000111101100110101100101100011011110101100000011001,2,0,1,0.005
1,01010100111100001111000100001000111101100110101100101100011011100101100000011001,01011100111100001111000100001000111101100110101100101100011011110101100000011001,2,0,1,0.006
1,01010100111100001111000100001000111101100110101100101100011011110001100000011001,01011100111100001111000100001000111101100110101100101100011011110101100000011001,2,0,1,0.006
1,01010100111100001111000100001000111101100110101100101100011011110100100000011001,01011100111100001111000100001000111101100110101100101100011011110101100000011001,2,0,1,0.006
1,01010100111100001111000100001000111101100110101100101100011011110101000000011001,01011100111100001111000100001000111101100110101100101100011011110101100000011001,2,0,1,0.006
1,01010100111100001111000100001000111101100110101100101100011011110101100000001001,01011100111100001111000100001000111101100110101100101100011011110101100000011001,2,0,1,0.009
1,01010100111100001111000100001000111101100110101100101100011011110101100000010001,01011100111100001111000100001000111101100110101100101100011011110101100000011001,2,0,1,0.008
1,01010100111100001111000100001000111101100110101100101100011011110101100000011000,01011100111100001111000100001000111101100110101100101100011011110101100000011001,2,0,1,0.008
1,01011000011100001111000100001000111101100110101100101100011011110101100000011001,01011100111100001111000100001000111101100110101100101100011011110101100000011001,2,0,1,0.581
1,01011000101100001111000100001000111101100110101100101100011011110101100000011001,01011100111100001111000100001000111101100110101100101100011011110101100000011001,2,0,1,0.008
1,01011000110100001111000100001000111101100110101100101100011011110101100000011001,01011100111100001111000100001000111101100110101100101100011011110101100000011001,2,0,1,0.007
1,01011000111000001111000100001000111101100110101100101100011011110101100000011001,01011100111100001111000100001000111101100110101100101100011011110101100000011001,2,0,1,0.006
1,01011000111100000111000100001000111101100110101100101100011011110101100000011001,01011100111100001111000100001000111101100110101100101100011011110101100000011001,2,0,1,0.006
1,01011000111100001011000100001000111101100110101100101100011011110101100000011001,01011100111100001111000100001000111101100110101100101100011011110101100000011001,2,0,1,0.006
1,01011000111100001101000100001000111101100110101100101100011011110101100000011001,01011100111100001111000100001000111101100110101100101100011011110101100000011001,2,0,1,0.006
1,01011000111100001110000100001000111101100110101100101100011011110101100000011001,01011100111100001111000100001000111101100110101100101100011011110101100000011001,2,0,1,0.008
1,01011000111100001111000000001000111101100110101100101100011011110101100000011001,01011100111100001111000100001000111101100110101100101100011011110101100000011001,2,0,1,0.009
1,01011000111100001111000100000000111101100110101100101100011011110101100000011001,01011100111100001111000100001000111101100110101100101100011011110101100000011001,2,0,1,0.007
1,01011000111100001111000100001000011101100110101100101100011011110101100000011001,01011100111100001111000100001000111101100110101100101100011011110101100000011001,2,0,1,0.241
1,01011000111100001111000100001000101101100110101100101100011011110101100000011001,01011100111100001111000100001000111101100110101100101100011011110101100000011001,2,0,1,0.008
1,01011000111100001111000100001000110101100110101100101100011011110101100000011001,01011100111100001111000100001000111101100110101100101100011011110101100000011001,2,0,1,0.009
1,01011000111100001111000100001000111001100110101100101100011011110101100000011001,01011100111100001111000100001000111101100110101100101100011011110101100000011001,2,0,1,1.796
1,01011000111100001111000100001000111100100110101100101100011011110101100000011001,01011100111100001111000100001000111101100110101100101100011011110101100000011001,2,0,1,0.007
1,01011000111100001111000100001000111101000110101100101100011011110101100000011001,01011100111100001111000100001000111101100110101100101100011011110101100000011001,2,0,1,0.006
1,01011000111100001111000100001000111101100010101100101100011011110101100000011001,01011100111100001111000100001000111101100110101100101100011011110101100000011001,2,0,1,0.007
1,01011000111100001111000100001000111101100100101100101100011011110101100000011001,01011100111100001111000100001000111101100110101100101100011011110101100000011001,2,0,1,0.009
1,01011000111100001111000100001000111101100110001100101100011011110101100000011001,01011100111100001111000100001000111101100110101100101100011011110101100000011001,2,0,1,0.009
1,01011000111100001111000100001000111101100110100100101100011011110101100000011001,01011100111100001111000100001000111101100110101100101100011011110101100000011001,2,0,1,0.008
1,01011000111100001111000100001000111101100110101000101100011011110101100000011001,01011100111100001111000100001000111101100110101100101100011011110101100000011001,2,0,1,0.009
1,01011000111100001111000100001000111101100110101100001100011011110101100000011001,01011100111100001111000100001000111101100110101100101100011011110101100000011001,2,0,1,1.065
1,01011000111100001111000100001000111101100110101100100100011011110101100000011001,01011100111100001111000100001000111101100110101100101100011011110101100000011001,2,0,1,0.009
1,01011000111100001111000100001000111101100110101100101000011011110101100000011001,01011100111100001111000100001000111101100110101100101100011011110101100000011001,2,0,1,0.008
1,01011000111100001111000100001000111101100110101100101100001011110101100000011001,01011100111100001111000100001000111101100110101100101100011011110101100000011001,2,0,1,0.009
1,01011000111100001111000100001000111101100110101100101100010011110101100000011001,01011100111100001111000100001000111101100110101100101100011011110101100000011001,2,0,1,0.005
1,01011000111100001111000100001000111101100110101100101100011001110101100000011001,01011100111100001111000100001000111101100110101100101100011011110101100000011001,2,0,1,0.443
1,01011000111100001111000100001000111101100110101100101100011010110101100000011001,01011100111100001111000100001000111101100110101100101100011011110101100000011001,2,0,1,0.006
1,01011000111100001111000100001000111101100110101100101100011011010101100000011001,01011100111100001111000100001000111101100110101100101100011011110101100000011001,2,0,1,0.007
1,01011000111100001111000100001000111101100110101100101100011011100101100000011001,01011100111100001111000100001000111101100110101100101100011011110101100000011001,2,0,1,0.006
1,01011000111100001111000100001000111101100110101100101100011011110001100000011001,01011100111100001111000100001000111101100110101100101100011011110101100000011001,2,0,1,0.006
1,01011000111100001111000100001000111101100110101100101100011011110100100000011001,01011100111100001111000100001000111101100110101100101100011011110101100000011001,2,0,1,0.005
1,01011000111100001111000100001000111101100110101100101100011011110101000000011001,01011100111100001111000100001000111101100110101100101100011011110101100000011001,2,0,1,0.005
1,01011000111100001111000100001000111101100110101100101100011011110101100000001001,01011100111100001111000100001000111101100110101100101100011011110101100000011001,2,0,1,0.009
1,01011000111100001111000100001000111101100110101100101100011011110101100000010001,01011100111100001111000100001000111101100110101100101100011011110101100000011001,2,0,1,0.009
1,01011000111100001111000100001000111101100110101100101100011011110101100000011000,01011100111100001111000100001000111101100110101100101100011011110101100000011001,2,0,1,1.121
1,01011100001100001111000100001000111101100110101100101100011011110101100000011001,01011100111100001111000100001000111101100110101100101100011011110101100000011001,2,0,1,0.006
1,01011100010100001111000100001000111101100110101100101100011011110101100000011001,01011100111100001111000100001000111101100110101100101100011011110101100000011001,2,0,1,0.006
1,01011100011000001111000100001000111101100110101100101100011011110101100000011001,01011100111100001111000100001000111101100110101100101100011011110101100000011001,2,0,1,0.006
1,01011100011100000111000100001000111101100110101100101100011011110101100000011001,01011100111100001111000100001000111101100110101100101100011011110101100000011001,2,0,1,0.006
1,01011100011100001011000100001000111101100110101100101100011011110101100000011001,01011100111100001111000100001000111101100110101100101100011011110101100000011001,2,0,1,0.006
1,01011100011100001101000100001000111101100110101100101100011011110101100000011001,01011100111100001111000100001000111101100110101100101100011011110101100000011001,2,0,1,0.005
1,01011100011100001110000100001000111101100110101100101100011011110101100000011001,01011100111100001111000100001000111101100110101100101100011011110101100000011001,2,0,1,0.435
1,01011100011100001111000000001000111101100110101100101100011011110101100000011001,01011100111100001111000100001000111101100110101100101100011011110101100000011001,2,0,1,1.263
1,01011100011100001111000100000000111101100110101100101100011011110101100000011001,01011100111100001111000100001000111101100110101100101100011011110101100000011001,2,0,1,0.006
1,01011100011100001111000100001000011101100110101100101100011011110101100000011001,01011100111100001111000100001000111101100110101100101100011011110101100000011001,2,0,1,0.008
1,01011100011100001111000100001000101101100110101100101100011011110101100000011001,01011100111100001111000100001000111101100110101100101100011011110101100000011001,2,0,1,0.007
1,01011100011100001111000100001000110101100110101100101100011011110101100000011001,01011100111100001111000100001000111101100110101100101100011011110101100000011001,2,0,1,0.009
1,01011100011100001111000100001000111001100110101100101100011011110101100000011001,01011100111100001111000100001000111101100110101100101100011011110101100000011001,2,0,1,0.007
1,01011100011100001111000100001000111100100110101100101100011011110101100000011001,01011100111100001111000100001000111101100110101100101100011011110101100000011001,2,0,1,0.006
1,01011100011100001111000100001000111101000110101100101100011011110101100000011001,01011100111100001111000100001000111101100110101100101100011011110101100000011001,2,0,1,0.006
1,01011100011100001111000100001000111101100010101100101100011011110101100000011001,01011100111100001111000100001000111101100110101100101100011011110101100000011001,2,0,1,0.006
1,01011100011100001111000100001000111101100100101100101100011011110101100000011001,01011100111100001111000100001000111101100110101100101100011011110101100000011001,2,0,1,0.368
1,01011100011100001111000100001000111101100110001100101100011011110101100000011001,01011100111100001111000100001000111101100110101100101100011011110101100000011001,2,0,1,0.008
1,01011100011100001111000100001000111101100110100100101100011011110101100000011001,01011100111100001111000100001000111101100110101100101100011011110101100000011001,2,0,1,0.008
1,01011100011100001111000100001000111101100110101000101100011011110101100000011001,01011100111100001111000100001000111101100110101100101100011011110101100000011001,2,0,1,0.419
1,01011100011100001111000100001000111101100110101100001100011011110101100000011001,01011100111100001111000100001000111101100110101100101100011011110101100000011001,2,0,1,0.008
1,01011100011100001111000100001000111101100110101100100100011011110101100000011001,01011100111100001111000100001000111101100110101100101100011011110101100000011001,2,0,1,0.008
1,01011100011100001111000100001000111101100110101100101000011011110101100000011001,01011100111100001111000100001000111101100110101100101100011011110101100000011001,2,0,1,0.009
1,01011100011100001111000100001000111101100110101100101100001011110101100000011001,01011100111100001111000100001000111101100110101100101100011011110101100000011001,2,0,1,0.008
1,01011100011100001111000100001000111101100110101100101100010011110101100000011001,01011100111100001111000100001000111101100110101100101100011011110101100000011001,2,0,1,0.005
1,01011100011100001111000100001000111101100110101100101100011001110101100000011001,01011100111100001111000100001000111101100110101100101100011011110101100000011001,2,0,1,0.432
1,01011100011100001111000100001000111101100110101100101100011010110101100000011001,01011100111100001111000100001000111101100110101100101100011011110101100000011001,2,0,1,0.006
1,01011100011100001111000100001000111101100110101100101100011011010101100000011001,01011100111100001111000100001000111101100110101100101100011011110101100000011001,2,0,1,0.006
1,01011100011100001111000100001000111101100110101100101100011011100101100000011001,01011100111100001111000100001000111101100110101100101100011011110101100000011001,2,0,1,0.006
1,01011100011100001111000100001000111101100110101100101100011011110001100000011001,01011100111100001111000100001000111101100110101100101100011011110101100000011001,2,0,1,0.006
1,01011100011100001111000100001000111101100110101100101100011011110100100000011001,01011100111100001111000100001000111101100110101100101100011011110101100000011001,2,0,1,0.006
1,01011100011100001111000100001000111101100110101100101100011011110101000000011001,01011100111100001111000100001000111101100110101100101100011011110101100000011001,2,0,1,0.006
1,01011100011100001111000100001000111101100110101100101100011011110101100000001001,01011100111100001111000100001000111101100110101100101100011011110101100000011001,2,0,1,0.007
1,01011100011100001111000100001000111101100110101100101100011011110101100000010001,01011100111100001111000100001000111101100110101100101100011011110101100000011001,2,0,1,0.008
1,01011100011100001111000100001000111101100110101100101100011011110101100000011000,01011100111100001111000100001000111101100110101100101100011011110101100000011001,2,0,1,0.008
1,01011100100100001111000100001000111101100110101100101100011011110101100000011001,01011100111100001111000100001000111101100110101100101100011011110101100000011001,2,0,1,0.008
1,01011100101000001111000100001000111101100110101100101100011011110101100000011001,01011100111100001111000100001000111101100110101100101100011011110101100000011001,2,0,1,0.006
1,01011100101100000111000100001000111101100110101100101100011011110101100000011001,01011100111100001111000100001000111101100110101100101100011011110101100000011001,2,0,1,0.006
1,01011100101100001011000100001000111101100110101100101100011011110101100000011001,01011100111100001111000100001000111101100110101100101100011011110101100000011001,2,0,1,0.005
1,01011100101100001101000100001000111101100110101100101100011011110101100000011001,01011100111100001111000100001000111101100110101100101100011011110101100000011001,2,0,1,0.005
1,01011100101100001110000100001000111101100110101100101100011011110101100000011001,01011100111100001111000100001000111101100110101100101100011011110101100000011001,2,0,1,0.007
1,01011100101100001111000000001000111101100110101100101100011011110101100000011001,01011100111100001111000100001000111101100110101100101100011011110101100000011001,2,0,1,0.008
1,01011100101100001111000100000000111101100110101100101100011011110101100000011001,01011100111100001111000100001000111101100110101100101100011011110101100000011001,2,0,1,0.006
1,01011100101100001111000100001000011101100110101100101100011011110101100000011001,01011100111100001111000100001000111101100110101100101100011011110101100000011001,2,0,1,0.265
1,01011100101100001111000100001000101101100110101100101100011011110101100000011001,01011100111100001111000100001000111101100110101100101100011011110101100000011001,2,0,1,0.007
1,01011100101100001111000100001000110101100110101100101100011011110101100000011001,01011100111100001111000100001000111101100110101100101100011011110101100000011001,2,0,1,0.008
1,01011100101100001111000100001000111001100110101100101100011011110101100000011001,01011100111100001111000100001000111101100110101100101100011011110101100000011001,2,0,1,0.846
1,01011100101100001111000100001000111100100110101100101100011011110101100000011001,01011100111100001111000100001000111101100110101100101100011011110101100000011001,2,0,1,0.007
1,01011100101100001111000100001000111101000110101100101100011011110101100000011001,01011100111100001111000100001000111101100110101100101100011011110101100000011001,2,0,1,0.004
1,01011100101100001111000100001000111101100010101100101100011011110101100000011001,01011100111100001111000100001000111101100110101100101100011011110101100000011001,2,0,1,0.005
1,01011100101100001111000100001000111101100100101100101100011011110101100000011001,01011100111100001111000100001000111101100110101100101100011011110101100000011001,2,0,1,0.661
1,01011100101100001111000100001000111101100110001100101100011011110101100000011001,01011100111100001111000100001000111101100110101100101100011011110101100000011001,2,0,1,0.008
1,01011100101100001111000100001000111101100110100100101100011011110101100000011001,01011100111100001111000100001000111101100110101100101100011011110101100000011001,2,0,1,0.007
1,01011100101100001111000100001000111101100110101000101100011011110101100000011001,01011100111100001111000100001000111101100110101100101100011011110101100000011001,2,0,1,0.008
1,01011100101100001111000100001000111101100110101100001100011011110101100000011001,01011100111100001111000100001000111101100110101100101100011011110101100000011001,2,0,1,0.008
1,01011100101100001111000100001000111101100110101100100100011011110101100000011001,01011100111100001111000100001000111101100110101100101100011011110101100000011001,2,0,1,0.358
1,01011100101100001111000100001000111101100110101100101000011011110101100000011001,01011100111100001111000100001000111101100110101100101100011011110101100000011001,2,0,1,0.008
1,01011100101100001111000100001000111101100110101100101100001011110101100000011001,01011100111100001111000100001000111101100110101100101100011011110101100000011001,2,0,1,0.007
1,01011100101100001111000100001000111101100110101100101100010011110101100000011001,01011100111100001111000100001000111101100110101100101100011011110101100000011001,2,0,1,0.006
1,01011100101100001111000100001000111101100110101100101100011001110101100000011001,01011100111100001111000100001000111101100110101100101100011011110101100000011001,2,0,1,0.008
1,01011100101100001111000100001000111101100110101100101100011010110101100000011001,01011100111100001111000100001000111101100110101100101100011011110101100000011001,2,0,1,0.006
1,01011100101100001111000100001000111101100110101100101100011011010101100000011001,01011100111100001111000100001000111101100110101100101100011011110101100000011001,2,0,1,0.006
1,01011100101100001111000100001000111101100110101100101100011011100101100000011001,01011100111100001111000100001000111101100110101100101100011011110101100000011001,2,0,1,0.005
1,01011100101100001111000100001000111101100110101100101100011011110001100000011001,01011100111100001111000100001000111101100110101100101100011011110101100000011001,2,0,1,0.006
1,01011100101100001111000100001000111101100110101100101100011011110100100000011001,01011100111100001111000100001000111101100110101100101100011011110101100000011001,2,0,1,0.007
1,01011100101100001111000100001000111101100110101100101100011011110101000000011001,01011100111100001111000100001000111101100110101100101100011011110101100000011001,2,0,1,0.006
1,01011100101100001111000100001000111101100110101100101100011011110101100000001001,01011100111100001111000100001000111101100110101100101100011011110101100000011001,2,0,1,1.123
1,01011100101100001111000100001000111101100110101100101100011011110101100000010001,01011100111100001111000100001000111101100110101100101100011011110101100000011001,2,0,1,0.008
1,01011100101100001111000100001000111101100110101100101100011011110101100000011000,01011100111100001111000100001000111101100110101100101100011011110101100000011001,2,0,1,0.008
1,01011100110000001111000100001000111101100110101100101100011011110101100000011001,01011100111100001111000100001000111101100110101100101100011011110101100000011001,2,0,1,0.006
1,01011100110100000111000100001000111101100110101100101100011011110101100000011001,01011100111100001111000100001000111101100110101100101100011011110101100000011001,2,0,1,0.006
1,01011100110100001011000100001000111101100110101100101100011011110101100000011001,01011100111100001111000100001000111101100110101100101100011011110101100000011001,2,0,1,0.006
1,01011100110100001101000100001000111101100110101100101100011011110101100000011001,01011100111100001111000100001000111101100110101100101100011011110101100000011001,2,0,1,0.005
1,01011100110100001110000100001000111101100110101100101100011011110101100000011001,01011100111100001111000100001000111101100110101100101100011011110101100000011001,2,0,1,0.007
1,01011100110100001111000000001000111101100110101100101100011011110101100000011001,01011100111100001111000100001000111101100110101100101100011011110101100000011001,2,0,1,0.475
1,01011100110100001111000100000000111101100110101100101100011011110101100000011001,01011100111100001111000100001000111101100110101100101100011011110101100000011001,2,0,1,0.006
1,01011100110100001111000100001000011101100110101100101100011011110101100000011001,01011100111100001111000100001000111101100110101100101100011011110101100000011001,2,0,1,0.007
1,01011100110100001111000100001000101101100110101100101100011011110101100000011001,01011100111100001111000100001000111101100110101100101100011011110101100000011001,2,0,1,0.006
1,01011100110100001111000100001000110101100110101100101100011011110101100000011001,01011100111100001111000100001000111101100110101100101100011011110101100000011001,2,0,1,0.008
1,01011100110100001111000100001000111001100110101100101100011011110101100000011001,01011100111100001111000100001000111101100110101100101100011011110101100000011001,2,0,1,0.419
1,01011100110100001111000100001000111100100110101100101100011011110101100000011001,01011100111100001111000100001000111101100110101100101100011011110101100000011001,2,0,1,0.009
1,01011100110100001111000100001000111101000110101100101100011011110101100000011001,01011100111100001111000100001000111101100110101100101100011011110101100000011001,2,0,1,0.007
1,01011100110100001111000100001000111101100010101100101100011011110101100000011001,01011100111100001111000100001000111101100110101100101100011011110101100000011001,2,0,1,0.006
1,01011100110100001111000100001000111101100100101100101100011011110101100000011001,01011100111100001111000100001000111101100110101100101100011011110101100000011001,2,0,1,0.009
1,01011100110100001111000100001000111101100110001100101100011011110101100000011001,01011100111100001111000100001000111101100110101100101100011011110101100000011001,2,0,1,0.01
1,01011100110100001111000100001000111101100110100100101100011011110101100000011001,01011100111100001111000100001000111101100110101100101100011011110101100000011001,2,0,1,0.01
1,01011100110100001111000100001000111101100110101000101100011011110101100000011001,01011100111100001111000100001000111101100110101100101100011011110101100000011001,2,0,1,0.009
1,01011100110100001111000100001000111101100110101100001100011011110101100000011001,01011100111100001111000100001000111101100110101100101100011011110101100000011001,2,0,1,0.009
1,01011100110100001111000100001000111101100110101100100100011011110101100000011001,01011100111100001111000100001000111101100110101100101100011011110101100000011001,2,0,1,0.435
1,01011100110100001111000100001000111101100110101100101000011011110101100000011001,01011100111100001111000100001000111101100110101100101100011011110101100000011001,2,0,1,0.008
1,01011100110100001111000100001000111101100110101100101100001011110101100000011001,01011100111100001111000100001000111101100110101100101100011011110101100000011001,2,0,1,0.01
1,01011100110100001111000100001000111101100110101100101100010011110101100000011001,01011100111100001111000100001000111101100110101100101100011011110101100000011001,2,0,1,0.005
1,01011100110100001111000100001000111101100110101100101100011001110101100000011001,01011100111100001111000100001000111101100110101100101100011011110101100000011001,2,0,1,0.01
1,01011100110100001111000100001000111101100110101100101100011010110101100000011001,01011100111100001111000100001000111101100110101100101100011011110101100000011001,2,0,1,0.007
1,01011100110100001111000100001000111101100110101100101100011011010101100000011001,01011100111100001111000100001000111101100110101100101100011011110101100000011001,2,0,1,0.006
1,01011100110100001111000100001000111101100110101100101100011011100101100000011001,01011100111100001111000100001000111101100110101100101100011011110101100000011001,2,0,1,0.005
1,01011100110100001111000100001000111101100110101100101100011011110001100000011001,01011100111100001111000100001000111101100110101100101100011011110101100000011001,2,0,1,0.006
1,01011100110100001111000100001000111101100110101100101100011011110100100000011001,01011100111100001111000100001000111101100110101100101100011011110101100000011001,2,0,1,0.006
1,01011100110100001111000100001000111101100110101100101100011011110101000000011001,01011100111100001111000100001000111101100110101100101100011011110101100000011001,2,0,1,0.006
1,01011100110100001111000100001000111101100110101100101100011011110101100000001001,01011100111100001111000100001000111101100110101100101100011011110101100000011001,2,0,1,0.962
1,01011100110100001111000100001000111101100110101100101100011011110101100000010001,01011100111100001111000100001000111101100110101100101100011011110101100000011001,2,0,1,0.849
1,01011100110100001111000100001000111101100110101100101100011011110101100000011000,01011100111100001111000100001000111101100110101100101100011011110101100000011001,2,0,1,0.007
1,01011100111000000111000100001000111101100110101100101100011011110101100000011001,01011100111100001111000100001000111101100110101100101100011011110101100000011001,2,0,1,0.003
1,01011100111000001011000100001000111101100110101100101100011011110101100000011001,01011100111100001111000100001000111101100110101100101100011011110101100000011001,2,0,1,0.002
1,01011100111000001101000100001000111101100110101100101100011011110101100000011001,01011100111100001111000100001000111101100110101100101100011011110101100000011001,2,0,1,0.003
1,01011100111000001110000100001000111101100110101100101100011011110101100000011001,01011100111100001111000100001000111101100110101100101100011011110101100000011001,2,0,1,0.005
1,01011100111000001111000000001000111101100110101100101100011011110101100000011001,01011100111100001111000100001000111101100110101100101100011011110101100000011001,2,0,1,0.006
1,01011100111000001111000100000000111101100110101100101100011011110101100000011001,01011100111100001111000100001000111101100110101100101100011011110101100000011001,2,0,1,0.003
1,01011100111000001111000100001000011101100110101100101100011011110101100000011001,01011100111100001111000100001000111101100110101100101100011011110101100000011001,2,0,1,0.005
1,01011100111000001111000100001000101101100110101100101100011011110101100000011001,01011100111100001111000100001000111101100110101100101100011011110101100000011001,2,0,1,0.005
1,01011100111000001111000100001000110101100110101100101100011011110101100000011001,01011100111100001111000100001000111101100110101100101100011011110101100000011001,2,0,1,0.006
1,01011100111000001111000100001000111001100110101100101100011011110101100000011001,01011100111100001111000100001000111101100110101100101100011011110101100000011001,2,0,1,0.006
1,01011100111000001111000100001000111100100110101100101100011011110101100000011001,01011100111100001111000100001000111101100110101100101100011011110101100000011001,2,0,1,0.005
1,01011100111000001111000100001000111101000110101100101100011011110101100000011001,01011100111100001111000100001000111101100110101100101100011011110101100000011001,2,0,1,0.003
1,01011100111000001111000100001000111101100010101100101100011011110101100000011001,01011100111100001111000100001000111101100110101100101100011011110101100000011001,2,0,1,0.002
1,01011100111000001111000100001000111101100100101100101100011011110101100000011001,01011100111100001111000100001000111101100110101100101100011011110101100000011001,2,0,1,0.006
1,01011100111000001111000100001000111101100110001100101100011011110101100000011001,01011100111100001111000100001000111101100110101100101100011011110101100000011001,2,0,1,0.007
1,01011100111000001111000100001000111101100110100100101100011011110101100000011001,01011100111100001111000100001000111101100110101100101100011011110101100000011001,2,0,1,0.004
1,01011100111000001111000100001000111101100110101000101100011011110101100000011001,01011100111100001111000100001000111101100110101100101100011011110101100000011001,2,0,1,0.008
1,01011100111000001111000100001000111101100110101100001100011011110101100000011001,01011100111100001111000100001000111101100110101100101100011011110101100000011001,2,0,1,0.007
1,01011100111000001111000100001000111101100110101100100100011011110101100000011001,01011100111100001111000100001000111101100110101100101100011011110101100000011001,2,0,1,0.007
1,01011100111000001111000100001000111101100110101100101000011011110101100000011001,01011100111100001111000100001000111101100110101100101100011011110101100000011001,2,0,1,0.007
1,01011100111000001111000100001000111101100110101100101100001011110101100000011001,01011100111100001111000100001000111101100110101100101100011011110101100000011001,2,0,1,0.007
1,01011100111000001111000100001000111101100110101100101100010011110101100000011001,01011100111100001111000100001000111101100110101100101100011011110101100000011001,2,0,1,0.003
1,01011100111000001111000100001000111101100110101100101100011001110101100000011001,01011100111100001111000100001000111101100110101100101100011011110101100000011001,2,0,1,0.007
1,01011100111000001111000100001000111101100110101100101100011010110101100000011001,01011100111100001111000100001000111101100110101100101100011011110101100000011001,2,0,1,0.003
1,01011100111000001111000100001000111101100110101100101100011011010101100000011001,01011100111100001111000100001000111101100110101100101100011011110101100000011001,2,0,1,0.003
1,01011100111000001111000100001000111101100110101100101100011011100101100000011001,01011100111100001111000100001000111101100110101100101100011011110101100000011001,2,0,1,0.004
1,01011100111000001111000100001000111101100110101100101100011011110001100000011001,01011100111100001111000100001000111101100110101100101100011011110101100000011001,2,0,1,0.003
1,01011100111000001111000100001000111101100110101100101100011011110100100000011001,01011100111100001111000100001000111101100110101100101100011011110101100000011001,2,0,1,0.003
1,01011100111000001111000100001000111101100110101100101100011011110101000000011001,01011100111100001111000100001000111101100110101100101100011011110101100000011001,2,0,1,0.003
1,01011100111000001111000100001000111101100110101100101100011011110101100000001001,01011100111100001111000100001000111101100110101100101100011011110101100000011001,2,0,1,0.007
1,01011100111000001111000100001000111101100110101100101100011011110101100000010001,01011100111100001111000100001000111101100110101100101100011011110101100000011001,2,0,1,0.007
1,01011100111000001111000100001000111101100110101100101100011011110101100000011000,01011100111100001111000100001000111101100110101100101100011011110101100000011001,2,0,1,0.007
1,01011100111100000011000100001000111101100110101100101100011011110101100000011001,01011100111100001111000100001000111101100110101100101100011011110101100000011001,2,0,1,0.003
1,01011100111100000101000100001000111101100110101100101100011011110101100000011001,01011100111100001111000100001000111101100110101100101100011011110101100000011001,2,0,1,0.003
1,01011100111100000110000100001000111101100110101100101100011011110101100000011001,01011100111100001111000100001000111101100110101100101100011011110101100000011001,2,0,1,0.007
1,01011100111100000111000000001000111101100110101100101100011011110101100000011001,01011100111100001111000100001000111101100110101100101100011011110101100000011001,2,0,1,0.006
1,01011100111100000111000100000000111101100110101100101100011011110101100000011001,01011100111100001111000100001000111101100110101100101100011011110101100000011001,2,0,1,0.004
1,01011100111100000111000100001000011101100110101100101100011011110101100000011001,01011100111100001111000100001000111101100110101100101100011011110101100000011001,2,0,1,0.022
1,01011100111100000111000100001000101101100110101100101100011011110101100000011001,01011100111100001111000100001000111101100110101100101100011011110101100000011001,2,0,1,0.01
1,01011100111100000111000100001000110101100110101100101100011011110101100000011001,01011100111100001111000100001000111101100110101100101100011011110101100000011001,2,0,1,0.011
1,01011100111100000111000100001000111001100110101100101100011011110101100000011001,01011100111100001111000100001000111101100110101100101100011011110101100000011001,2,0,1,0.008
1,01011100111100000111000100001000111100100110101100101100011011110101100000011001,01011100111100001111000100001000111101100110101100101100011011110101100000011001,2,0,1,0.005
1,01011100111100000111000100001000111101000110101100101100011011110101100000011001,01011100111100001111000100001000111101100110101100101100011011110101100000011001,2,0,1,0.003
1,01011100111100000111000100001000111101100010101100101100011011110101100000011001,01011100111100001111000100001000111101100110101100101100011011110101100000011001,2,0,1,0.003
1,01011100111100000111000100001000111101100100101100101100011011110101100000011001,01011100111100001111000100001000111101100110101100101100011011110101100000011001,2,0,1,0.007
1,01011100111100000111000100001000111101100110001100101100011011110101100000011001,01011100111100001111000100001000111101100110101100101100011011110101100000011001,2,0,1,0.006
1,01011100111100000111000100001000111101100110100100101100011011110101100000011001,01011100111100001111000100001000111101100110101100101100011011110101100000011001,2,0,1,0.007
1,01011100111100000111000100001000111101100110101000101100011011110101100000011001,01011100111100001111000100001000111101100110101100101100011011110101100000011001,2,0,1,0.007
1,01011100111100000111000100001000111101100110101100001100011011110101100000011001,01011100111100001111000100001000111101100110101100101100011011110101100000011001,2,0,1,0.006
1,01011100111100000111000100001000111101100110101100100100011011110101100000011001,01011100111100001111000100001000111101100110101100101100011011110101100000011001,2,0,1,0.007
1,01011100111100000111000100001000111101100110101100101000011011110101100000011001,01011100111100001111000100001000111101100110101100101100011011110101100000011001,2,0,1,0.005
1,01011100111100000111000100001000111101100110101100101100001011110101100000011001,01011100111100001111000100001000111101100110101100101100011011110101100000011001,2,0,1,0.007
1,01011100111100000111000100001000111101100110101100101100010011110101100000011001,01011100111100001111000100001000111101100110101100101100011011110101100000011001,2,0,1,0.003
1,01011100111100000111000100001000111101100110101100101100011001110101100000011001,01011100111100001111000100001000111101100110101100101100011011110101100000011001,2,0,1,0.007
1,01011100111100000111000100001000111101100110101100101100011010110101100000011001,01011100111100001111000100001000111101100110101100101100011011110101100000011001,2,0,1,0.003
1,01011100111100000111000100001000111101100110101100101100011011010101100000011001,01011100111100001111000100001000111101100110101100101100011011110101100000011001,2,0,1,0.003
1,01011100111100000111000100001000111101100110101100101100011011100101100000011001,01011100111100001111000100001000111101100110101100101100011011110101100000011001,2,0,1,0.003
1,01011100111100000111000100001000111101100110101100101100011011110001100000011001,01011100111100001111000100001000111101100110101100101100011011110101100000011001,2,0,1,0.003
1,01011100111100000111000100001000111101100110101100101100011011110100100000011001,01011100111100001111000100001000111101100110101100101100011011110101100000011001,2,0,1,0.003
1,01011100111100000111000100001000111101100110101100101100011011110101000000011001,01011100111100001111000100001000111101100110101100101100011011110101100000011001,2,0,1,0.003
1,01011100111100000111000100001000111101100110101100101100011011110101100000001001,01011100111100001111000100001000111101100110101100101100011011110101100000011001,2,0,1,0.008
1,01011100111100000111000100001000111101100110101100101100011011110101100000010001,01011100111100001111000100001000111101100110101100101100011011110101100000011001,2,0,1,0.008
1,01011100111100000111000100001000111101100110101100101100011011110101100000011000,01011100111100001111000100001000111101100110101100101100011011110101100000011001,2,0,1,0.006
1,01011100111100001001000100001000111101100110101100101100011011110101100000011001,01011100111100001111000100001000111101100110101100101100011011110101100000011001,2,0,1,0.003
1,01011100111100001010000100001000111101100110101100101100011011110101100000011001,01011100111100001111000100001000111101100110101100101100011011110101100000011001,2,0,1,0.007
1,01011100111100001011000000001000111101100110101100101100011011110101100000011001,01011100111100001111000100001000111101100110101100101100011011110101100000011001,2,0,1,0.005
1,01011100111100001011000100000000111101100110101100101100011011110101100000011001,01011100111100001111000100001000111101100110101100101100011011110101100000011001,2,0,1,0.003
1,01011100111100001011000100001000011101100110101100101100011011110101100000011001,01011100111100001111000100001000111101100110101100101100011011110101100000011001,2,0,1,0.006
1,01011100111100001011000100001000101101100110101100101100011011110101100000011001,01011100111100001111000100001000111101100110101100101100011011110101100000011001,2,0,1,0.004
1,01011100111100001011000100001000110101100110101100101100011011110101100000011001,01011100111100001111000100001000111101100110101100101100011011110101100000011001,2,0,1,0.007
1,01011100111100001011000100001000111001100110101100101100011011110101100000011001,01011100111100001111000100001000111101100110101100101100011011110101100000011001,2,0,1,0.006
1,01011100111100001011000100001000111100100110101100101100011011110101100000011001,01011100111100001111000100001000111101100110101100101100011011110101100000011001,2,0,1,0.006
1,01011100111100001011000100001000111101000110101100101100011011110101100000011001,01011100111100001111000100001000111101100110101100101100011011110101100000011001,2,0,1,0.003
1,01011100111100001011000100001000111101100010101100101100011011110101100000011001,01011100111100001111000100001000111101100110101100101100011011110101100000011001,2,0,1,0.003
1,01011100111100001011000100001000111101100100101100101100011011110101100000011001,01011100111100001111000100001000111101100110101100101100011011110101100000011001,2,0,1,0.005
1,01011100111100001011000100001000111101100110001100101100011011110101100000011001,01011100111100001111000100001000111101100110101100101100011011110101100000011001,2,0,1,0.006
1,01011100111100001011000100001000111101100110100100101100011011110101100000011001,01011100111100001111000100001000111101100110101100101100011011110101100000011001,2,0,1,0.006
1,01011100111100001011000100001000111101100110101000101100011011110101100000011001,01011100111100001111000100001000111101100110101100101100011011110101100000011001,2,0,1,0.006
1,01011100111100001011000100001000111101100110101100001100011011110101100000011001,01011100111100001111000100001000111101100110101100101100011011110101100000011001,2,0,1,0.006
1,01011100111100001011000100001000111101100110101100100100011011110101100000011001,01011100111100001111000100001000111101100110101100101100011011110101100000011001,2,0,1,0.007
1,01011100111100001011000100001000111101100110101100101000011011110101100000011001,01011100111100001111000100001000111101100110101100101100011011110101100000011001,2,0,1,0.006
1,01011100111100001011000100001000111101100110101100101100001011110101100000011001,01011100111100001111000100001000111101100110101100101100011011110101100000011001,2,0,1,0.007
1,01011100111100001011000100001000111101100110101100101100010011110101100000011001,01011100111100001111000100001000111101100110101100101100011011110101100000011001,2,0,1,0.003
1,01011100111100001011000100001000111101100110101100101100011001110101100000011001,01011100111100001111000100001000111101100110101100101100011011110101100000011001,2,0,1,0.006
1,01011100111100001011000100001000111101100110101100101100011010110101100000011001,01011100111100001111000100001000111101100110101100101100011011110101100000011001,2,0,1,0.003
1,01011100111100001011000100001000111101100110101100101100011011010101100000011001,01011100111100001111000100001000111101100110101100101100011011110101100000011001,2,0,1,0.002
1,01011100111100001011000100001000111101100110101100101100011011100101100000011001,01011100111100001111000100001000111101100110101100101100011011110101100000011001,2,0,1,0.003
1,01011100111100001011000100001000111101100110101100101100011011110001100000011001,01011100111100001111000100001000111101100110101100101100011011110101100000011001,2,0,1,0.003
1,01011100111100001011000100001000111101100110101100101100011011110100100000011001,01011100111100001111000100001000111101100110101100101100011011110101100000011001,2,0,1,0.003
1,01011100111100001011000100001000111101100110101100101100011011110101000000011001,01011100111100001111000100001000111101100110101100101100011011110101100000011001,2,0,1,0.004
1,01011100111100001011000100001000111101100110101100101100011011110101100000001001,01011100111100001111000100001000111101100110101100101100011011110101100000011001,2,0,1,0.006
1,01011100111100001011000100001000111101100110101100101100011011110101100000010001,01011100111100001111000100001000111101100110101100101100011011110101100000011001,2,0,1,0.007
1,01011100111100001011000100001000111101100110101100101100011011110101100000011000,01011100111100001111000100001000111101100110101100101100011011110101100000011001,2,0,1,0.006
1,01011100111100001100000100001000111101100110101100101100011011110101100000011001,01011100111100001111000100001000111101100110101100101100011011110101100000011001,2,0,1,0.007
1,01011100111100001101000000001000111101100110101100101100011011110101100000011001,01011100111100001111000100001000111101100110101100101100011011110101100000011001,2,0,1,0.006
1,01011100111100001101000100000000111101100110101100101100011011110101100000011001,01011100111100001111000100001000111101100110101100101100011011110101100000011001,2,0,1,0.004
1,01011100111100001101000100001000011101100110101100101100011011110101100000011001,01011100111100001111000100001000111101100110101100101100011011110101100000011001,2,0,1,0.007
1,01011100111100001101000100001000101101100110101100101100011011110101100000011001,01011100111100001111000100001000111101100110101100101100011011110101100000011001,2,0,1,0.006
1,01011100111100001101000100001000110101100110101100101100011011110101100000011001,01011100111100001111000100001000111101100110101100101100011011110101100000011001,2,0,1,0.007
1,01011100111100001101000100001000111001100110101100101100011011110101100000011001,01011100111100001111000100001000111101100110101100101100011011110101100000011001,2,0,1,0.007
1,01011100111100001101000100001000111100100110101100101100011011110101100000011001,01011100111100001111000100001000111101100110101100101100011011110101100000011001,2,0,1,0.005
1,01011100111100001101000100001000111101000110101100101100011011110101100000011001,01011100111100001111000100001000111101100110101100101100011011110101100000011001,2,0,1,0.004
1,01011100111100001101000100001000111101100010101100101100011011110101100000011001,01011100111100001111000100001000111101100110101100101100011011110101100000011001,2,0,1,0.004
1,01011100111100001101000100001000111101100100101100101100011011110101100000011001,01011100111100001111000100001000111101100110101100101100011011110101100000011001,2,0,1,0.008
1,01011100111100001101000100001000111101100110001100101100011011110101100000011001,01011100111100001111000100001000111101100110101100101100011011110101100000011001,2,0,1,0.008
1,01011100111100001101000100001000111101100110100100101100011011110101100000011001,01011100111100001111000100001000111101100110101100101100011011110101100000011001,2,0,1,0.006
1,01011100111100001101000100001000111101100110101000101100011011110101100000011001,01011100111100001111000100001000111101100110101100101100011011110101100000011001,2,0,1,0.007
1,01011100111100001101000100001000111101100110101100001100011011110101100000011001,01011100111100001111000100001000111101100110101100101100011011110101100000011001,2,0,1,0.007
1,01011100111100001101000100001000111101100110101100100100011011110101100000011001,01011100111100001111000100001000111101100110101100101100011011110101100000011001,2,0,1,0.007
1,01011100111100001101000100001000111101100110101100101000011011110101100000011001,01011100111100001111000100001000111101100110101100101100011011110101100000011001,2,0,1,0.007
1,01011100111100001101000100001000111101100110101100101100001011110101100000011001,01011100111100001111000100001000111101100110101100101100011011110101100000011001,2,0,1,0.007
1,01011100111100001101000100001000111101100110101100101100010011110101100000011001,01011100111100001111000100001000111101100110101100101100011011110101100000011001,2,0,1,0.003
1,01011100111100001101000100001000111101100110101100101100011001110101100000011001,01011100111100001111000100001000111101100110101100101100011011110101100000011001,2,0,1,0.008
1,01011100111100001101000100001000111101100110101100101100011010110101100000011001,01011100111100001111000100001000111101100110101100101100011011110101100000011001,2,0,1,0.003
1,01011100111100001101000100001000111101100110101100101100011011010101100000011001,01011100111100001111000100001000111101100110101100101100011011110101100000011001,2,0,1,0.003
1,01011100111100001101000100001000111101100110101100101100011011100101100000011001,01011100111100001111000100001000111101100110101100101100011011110101100000011001,2,0,1,0.003
1,01011100111100001101000100001000111101100110101100101100011011110001100000011001,01011100111100001111000100001000111101100110101100101100011011110101100000011001,2,0,1,0.004
1,01011100111100001101000100001000111101100110101100101100011011110100100000011001,01011100111100001111000100001000111101100110101100101100011011110101100000011001,2,0,1,0.003
1,01011100111100001101000100001000111101100110101100101100011011110101000000011001,01011100111100001111000100001000111101100110101100101100011011110101100000011001,2,0,1,0.003
1,01011100111100001101000100001000111101100110101100101100011011110101100000001001,01011100111100001111000100001000111101100110101100101100011011110101100000011001,2,0,1,0.006
1,01011100111100001101000100001000111101100110101100101100011011110101100000010001,01011100111100001111000100001000111101100110101100101100011011110101100000011001,2,0,1,0.007
1,01011100111100001101000100001000111101100110101100101100011011110101100000011000,01011100111100001111000100001000111101100110101100101100011011110101100000011001,2,0,1,0.007
1,01011100111100001110000000001000111101100110101100101100011011110101100000011001,01011100111100001111000100001000111101100110101100101100011011110101100000011001,2,0,1,0.008
1,01011100111100001110000100000000111101100110101100101100011011110101100000011001,01011100111100001111000100001000111101100110101100101100011011110101100000011001,2,0,1,0.008
1,01011100111100001110000100001000011101100110101100101100011011110101100000011001,01011100111100001111000100001000111101100110101100101100011011110101100000011001,2,0,1,0.009
1,01011100111100001110000100001000101101100110101100101100011011110101100000011001,01011100111100001111000100001000111101100110101100101100011011110101100000011001,2,0,1,0.01
1,01011100111100001110000100001000110101100110101100101100011011110101100000011001,01011100111100001111000100001000111101100110101100101100011011110101100000011001,2,0,1,2.373
1,01011100111100001110000100001000111001100110101100101100011011110101100000011001,01011100111100001111000100001000111101100110101100101100011011110101100000011001,2,0,1,0.008
1,01011100111100001110000100001000111100100110101100101100011011110101100000011001,01011100111100001111000100001000111101100110101100101100011011110101100000011001,2,0,1,0.006
1,01011100111100001110000100001000111101000110101100101100011011110101100000011001,01011100111100001111000100001000111101100110101100101100011011110101100000011001,2,0,1,0.006
1,01011100111100001110000100001000111101100010101100101100011011110101100000011001,01011100111100001111000100001000111101100110101100101100011011110101100000011001,2,0,1,0.006
1,01011100111100001110000100001000111101100100101100101100011011110101100000011001,01011100111100001111000100001000111101100110101100101100011011110101100000011001,2,0,1,0.01
1,01011100111100001110000100001000111101100110001100101100011011110101100000011001,01011100111100001111000100001000111101100110101100101100011011110101100000011001,2,0,1,0.009
1,01011100111100001110000100001000111101100110100100101100011011110101100000011001,01011100111100001111000100001000111101100110101100101100011011110101100000011001,2,0,1,1.288
1,01011100111100001110000100001000111101100110101000101100011011110101100000011001,01011100111100001111000100001000111101100110101100101100011011110101100000011001,2,0,1,0.008
1,01011100111100001110000100001000111101100110101100001100011011110101100000011001,01011100111100001111000100001000111101100110101100101100011011110101100000011001,2,0,1,0.008
1,01011100111100001110000100001000111101100110101100100100011011110101100000011001,01011100111100001111000100001000111101100110101100101100011011110101100000011001,2,0,1,0.008
1,01011100111100001110000100001000111101100110101100101000011011110101100000011001,01011100111100001111000100001000111101100110101100101100011011110101100000011001,2,0,1,0.008
1,01011100111100001110000100001000111101100110101100101100001011110101100000011001,01011100111100001111000100001000111101100110101100101100011011110101100000011001,2,0,1,0.337
1,01011100111100001110000100001000111101100110101100101100010011110101100000011001,01011100111100001111000100001000111101100110101100101100011011110101100000011001,2,0,1,0.006
1,01011100111100001110000100001000111101100110101100101100011001110101100000011001,01011100111100001111000100001000111101100110101100101100011011110101100000011001,2,0,1,0.009
1,01011100111100001110000100001000111101100110101100101100011010110101100000011001,01011100111100001111000100001000111101100110101100101100011011110101100000011001,2,0,1,0.006
1,01011100111100001110000100001000111101100110101100101100011011010101100000011001,01011100111100001111000100001000111101100110101100101100011011110101100000011001,2,0,1,0.005
1,01011100111100001110000100001000111101100110101100101100011011100101100000011001,01011100111100001111000100001000111101100110101100101100011011110101100000011001,2,0,1,0.005
1,01011100111100001110000100001000111101100110101100101100011011110001100000011001,01011100111100001111000100001000111101100110101100101100011011110101100000011001,2,0,1,0.006
1,01011100111100001110000100001000111101100110101100101100011011110100100000011001,01011100111100001111000100001000111101100110101100101100011011110101100000011001,2,0,1,0.005
1,01011100111100001110000100001000111101100110101100101100011011110101000000011001,01011100111100001111000100001000111101100110101100101100011011110101100000011001,2,0,1,0.006
1,01011100111100001110000100001000111101100110101100101100011011110101100000001001,01011100111100001111000100001000111101100110101100101100011011110101100000011001,2,0,1,0.009
1,01011100111100001110000100001000111101100110101100101100011011110101100000010001,01011100111100001111000100001000111101100110101100101100011011110101100000011001,2,0,1,0.008
1,01011100111100001110000100001000111101100110101100101100011011110101100000011000,01011100111100001111000100001000111101100110101100101100011011110101100000011001,2,0,1,0.007
1,01011100111100001111000000000000111101100110101100101100011011110101100000011001,01011100111100001111000100001000111101100110101100101100011011110101100000011001,2,0,1,0.005
1,01011100111100001111000000001000011101100110101100101100011011110101100000011001,01011100111100001111000100001000111101100110101100101100011011110101100000011001,2,0,1,0.007
1,01011100111100001111000000001000101101100110101100101100011011110101100000011001,01011100111100001111000100001000111101100110101100101100011011110101100000011001,2,0,1,0.319
1,01011100111100001111000000001000110101100110101100101100011011110101100000011001,01011100111100001111000100001000111101100110101100101100011011110101100000011001,2,0,1,0.006
1,01011100111100001111000000001000111001100110101100101100011011110101100000011001,01011100111100001111000100001000111101100110101100101100011011110101100000011001,2,0,1,0.009
1,01011100111100001111000000001000111100100110101100101100011011110101100000011001,01011100111100001111000100001000111101100110101100101100011011110101100000011001,2,0,1,0.007
1,01011100111100001111000000001000111101000110101100101100011011110101100000011001,01011100111100001111000100001000111101100110101100101100011011110101100000011001,2,0,1,0.006
1,01011100111100001111000000001000111101100010101100101100011011110101100000011001,01011100111100001111000100001000111101100110101100101100011011110101100000011001,2,0,1,0.004
1,01011100111100001111000000001000111101100100101100101100011011110101100000011001,01011100111100001111000100001000111101100110101100101100011011110101100000011001,2,0,1,0.008
1,01011100111100001111000000001000111101100110001100101100011011110101100000011001,01011100111100001111000100001000111101100110101100101100011011110101100000011001,2,0,1,0.012
1,01011100111100001111000000001000111101100110100100101100011011110101100000011001,01011100111100001111000100001000111101100110101100101100011011110101100000011001,2,0,1,0.008
1,01011100111100001111000000001000111101100110101000101100011011110101100000011001,01011100111100001111000100001000111101100110101100101100011011110101100000011001,2,0,1,0.007
1,01011100111100001111000000001000111101100110101100001100011011110101100000011001,01011100111100001111000100001000111101100110101100101100011011110101100000011001,2,0,1,0.007
1,01011100111100001111000000001000111101100110101100100100011011110101100000011001,01011100111100001111000100001000111101100110101100101100011011110101100000011001,2,0,1,0.009
1,01011100111100001111000000001000111101100110101100101000011011110101100000011001,01011100111100001111000100001000111101100110101100101100011011110101100000011001,2,0,1,0.008
1,01011100111100001111000000001000111101100110101100101100001011110101100000011001,01011100111100001111000100001000111101100110101100101100011011110101100000011001,2,0,1,0.007
1,01011100111100001111000000001000111101100110101100101100010011110101100000011001,01011100111100001111000100001000111101100110101100101100011011110101100000011001,2,0,1,0.005
1,01011100111100001111000000001000111101100110101100101100011001110101100000011001,01011100111100001111000100001000111101100110101100101100011011110101100000011001,2,0,1,0.008
1,01011100111100001111000000001000111101100110101100101100011010110101100000011001,01011100111100001111000100001000111101100110101100101100011011110101100000011001,2,0,1,0.005
1,01011100111100001111000000001000111101100110101100101100011011010101100000011001,01011100111100001111000100001000111101100110101100101100011011110101100000011001,2,0,1,0.005
1,01011100111100001111000000001000111101100110101100101100011011100101100000011001,01011100111100001111000100001000111101100110101100101100011011110101100000011001,2,0,1,0.005
1,01011100111100001111000000001000111101100110101100101100011011110001100000011001,01011100111100001111000100001000111101100110101100101100011011110101100000011001,2,0,1,0.005
1,01011100111100001111000000001000111101100110101100101100011011110100100000011001,01011100111100001111000100001000111101100110101100101100011011110101100000011001,2,0,1,0.005
1,01011100111100001111000000001000111101100110101100101100011011110101000000011001,01011100111100001111000100001000111101100110101100101100011011110101100000011001,2,0,1,0.005
1,01011100111100001111000000001000111101100110101100101100011011110101100000001001,01011100111100001111000100001000111101100110101100101100011011110101100000011001,2,0,1,0.006
1,01011100111100001111000000001000111101100110101100101100011011110101100000010001,01011100111100001111000100001000111101100110101100101100011011110101100000011001,2,0,1,0.007
1,01011100111100001111000000001000111101100110101100101100011011110101100000011000,01011100111100001111000100001000111101100110101100101100011011110101100000011001,2,0,1,0.008
1,01011100111100001111000100000000011101100110101100101100011011110101100000011001,01011100111100001111000100001000111101100110101100101100011011110101100000011001,2,0,1,0.006
1,01011100111100001111000100000000101101100110101100101100011011110101100000011001,01011100111100001111000100001000111101100110101100101100011011110101100000011001,2,0,1,0.004
1,01011100111100001111000100000000110101100110101100101100011011110101100000011001,01011100111100001111000100001000111101100110101100101100011011110101100000011001,2,0,1,0.006
1,01011100111100001111000100000000111001100110101100101100011011110101100000011001,01011100111100001111000100001000111101100110101100101100011011110101100000011001,2,0,1,0.006
1,01011100111100001111000100000000111100100110101100101100011011110101100000011001,01011100111100001111000100001000111101100110101100101100011011110101100000011001,2,0,1,0.006
1,01011100111100001111000100000000111101000110101100101100011011110101100000011001,01011100111100001111000100001000111101100110101100101100011011110101100000011001,2,0,1,0.003
1,01011100111100001111000100000000111101100010101100101100011011110101100000011001,01011100111100001111000100001000111101100110101100101100011011110101100000011001,2,0,1,0.003
1,01011100111100001111000100000000111101100100101100101100011011110101100000011001,01011100111100001111000100001000111101100110101100101100011011110101100000011001,2,0,1,0.005
1,01011100111100001111000100000000111101100110001100101100011011110101100000011001,01011100111100001111000100001000111101100110101100101100011011110101100000011001,2,0,1,0.007
1,01011100111100001111000100000000111101100110100100101100011011110101100000011001,01011100111100001111000100001000111101100110101100101100011011110101100000011001,2,0,1,0.005
1,01011100111100001111000100000000111101100110101000101100011011110101100000011001,01011100111100001111000100001000111101100110101100101100011011110101100000011001,2,0,1,0.006
1,01011100111100001111000100000000111101100110101100001100011011110101100000011001,01011100111100001111000100001000111101100110101100101100011011110101100000011001,2,0,1,0.006
1,01011100111100001111000100000000111101100110101100100100011011110101100000011001,01011100111100001111000100001000111101100110101100101100011011110101100000011001,2,0,1,0.005
1,01011100111100001111000100000000111101100110101100101000011011110101100000011001,01011100111100001111000100001000111101100110101100101100011011110101100000011001,2,0,1,0.006
1,01011100111100001111000100000000111101100110101100101100001011110101100000011001,01011100111100001111000100001000111101100110101100101100011011110101100000011001,2,0,1,0.006
1,01011100111100001111000100000000111101100110101100101100010011110101100000011001,01011100111100001111000100001000111101100110101100101100011011110101100000011001,2,0,1,0.002
1,01011100111100001111000100000000111101100110101100101100011001110101100000011001,01011100111100001111000100001000111101100110101100101100011011110101100000011001,2,0,1,0.004
1,01011100111100001111000100000000111101100110101100101100011010110101100000011001,01011100111100001111000100001000111101100110101100101100011011110101100000011001,2,0,1,0.003
1,01011100111100001111000100000000111101100110101100101100011011010101100000011001,01011100111100001111000100001000111101100110101100101100011011110101100000011001,2,0,1,0.003
1,01011100111100001111000100000000111101100110101100101100011011100101100000011001,01011100111100001111000100001000111101100110101100101100011011110101100000011001,2,0,1,0.003
1,01011100111100001111000100000000111101100110101100101100011011110001100000011001,01011100111100001111000100001000111101100110101100101100011011110101100000011001,2,0,1,0.003
1,01011100111100001111000100000000111101100110101100101100011011110100100000011001,01011100111100001111000100001000111101100110101100101100011011110101100000011001,2,0,1,0.003
1,01011100111100001111000100000000111101100110101100101100011011110101000000011001,01011100111100001111000100001000111101100110101100101100011011110101100000011001,2,0,1,0.003
1,01011100111100001111000100000000111101100110101100101100011011110101100000001001,01011100111100001111000100001000111101100110101100101100011011110101100000011001,2,0,1,0.005
1,01011100111100001111000100000000111101100110101100101100011011110101100000010001,01011100111100001111000100001000111101100110101100101100011011110101100000011001,2,0,1,0.006
1,01011100111100001111000100000000111101100110101100101100011011110101100000011000,01011100111100001111000100001000111101100110101100101100011011110101100000011001,2,0,1,0.007
1,01011100111100001111000100001000001101100110101100101100011011110101100000011001,01011100111100001111000100001000111101100110101100101100011011110101100000011001,2,0,1,0.007
1,01011100111100001111000100001000010101100110101100101100011011110101100000011001,01011100111100001111000100001000111101100110101100101100011011110101100000011001,2,0,1,0.009
1,01011100111100001111000100001000011001100110101100101100011011110101100000011001,01011100111100001111000100001000111101100110101100101100011011110101100000011001,2,0,1,0.747
1,01011100111100001111000100001000011100100110101100101100011011110101100000011001,01011100111100001111000100001000111101100110101100101100011011110101100000011001,2,0,1,0.009
1,01011100111100001111000100001000011101000110101100101100011011110101100000011001,01011100111100001111000100001000111101100110101100101100011011110101100000011001,2,0,1,0.005
1,01011100111100001111000100001000011101100010101100101100011011110101100000011001,01011100111100001111000100001000111101100110101100101100011011110101100000011001,2,0,1,0.006
1,01011100111100001111000100001000011101100100101100101100011011110101100000011001,01011100111100001111000100001000111101100110101100101100011011110101100000011001,2,0,1,1.238
1,01011100111100001111000100001000011101100110001100101100011011110101100000011001,01011100111100001111000100001000111101100110101100101100011011110101100000011001,2,0,1,0.008
1,01011100111100001111000100001000011101100110100100101100011011110101100000011001,01011100111100001111000100001000111101100110101100101100011011110101100000011001,2,0,1,0.007
1,01011100111100001111000100001000011101100110101000101100011011110101100000011001,01011100111100001111000100001000111101100110101100101100011011110101100000011001,2,0,1,0.009
1,01011100111100001111000100001000011101100110101100001100011011110101100000011001,01011100111100001111000100001000111101100110101100101100011011110101100000011001,2,0,1,0.01
1,01011100111100001111000100001000011101100110101100100100011011110101100000011001,01011100111100001111000100001000111101100110101100101100011011110101100000011001,2,0,1,0.627
1,01011100111100001111000100001000011101100110101100101000011011110101100000011001,01011100111100001111000100001000111101100110101100101100011011110101100000011001,2,0,1,0.007
1,01011100111100001111000100001000011101100110101100101100001011110101100000011001,01011100111100001111000100001000111101100110101100101100011011110101100000011001,2,0,1,0.008
1,01011100111100001111000100001000011101100110101100101100010011110101100000011001,01011100111100001111000100001000111101100110101100101100011011110101100000011001,2,0,1,0.006
1,01011100111100001111000100001000011101100110101100101100011001110101100000011001,01011100111100001111000100001000111101100110101100101100011011110101100000011001,2,0,1,0.008
1,01011100111100001111000100001000011101100110101100101100011010110101100000011001,01011100111100001111000100001000111101100110101100101100011011110101100000011001,2,0,1,0.006
1,01011100111100001111000100001000011101100110101100101100011011010101100000011001,01011100111100001111000100001000111101100110101100101100011011110101100000011001,2,0,1,0.015
1,01011100111100001111000100001000011101100110101100101100011011100101100000011001,01011100111100001111000100001000111101100110101100101100011011110101100000011001,2,0,1,0.008
1,01011100111100001111000100001000011101100110101100101100011011110001100000011001,01011100111100001111000100001000111101100110101100101100011011110101100000011001,2,0,1,0.01
1,01011100111100001111000100001000011101100110101100101100011011110100100000011001,01011100111100001111000100001000111101100110101100101100011011110101100000011001,2,0,1,0.005
1,01011100111100001111000100001000011101100110101100101100011011110101000000011001,01011100111100001111000100001000111101100110101100101100011011110101100000011001,2,0,1,0.007
1,01011100111100001111000100001000011101100110101100101100011011110101100000001001,01011100111100001111000100001000111101100110101100101100011011110101100000011001,2,0,1,0.01
1,01011100111100001111000100001000011101100110101100101100011011110101100000010001,01011100111100001111000100001000111101100110101100101100011011110101100000011001,2,0,1,0.351
1,01011100111100001111000100001000011101100110101100101100011011110101100000011000,01011100111100001111000100001000111101100110101100101100011011110101100000011001,2,0,1,0.423
1,01011100111100001111000100001000100101100110101100101100011011110101100000011001,01011100111100001111000100001000111101100110101100101100011011110101100000011001,2,0,1,0.007
1,01011100111100001111000100001000101001100110101100101100011011110101100000011001,01011100111100001111000100001000111101100110101100101100011011110101100000011001,2,0,1,0.007
1,01011100111100001111000100001000101100100110101100101100011011110101100000011001,01011100111100001111000100001000111101100110101100101100011011110101100000011001,2,0,1,0.008
1,01011100111100001111000100001000101101000110101100101100011011110101100000011001,01011100111100001111000100001000111101100110101100101100011011110101100000011001,2,0,1,0.006
1,01011100111100001111000100001000101101100010101100101100011011110101100000011001,01011100111100001111000100001000111101100110101100101100011011110101100000011001,2,0,1,0.005
1,01011100111100001111000100001000101101100100101100101100011011110101100000011001,01011100111100001111000100001000111101100110101100101100011011110101100000011001,2,0,1,0.904
1,01011100111100001111000100001000101101100110001100101100011011110101100000011001,01011100111100001111000100001000111101100110101100101100011011110101100000011001,2,0,1,0.009
1,01011100111100001111000100001000101101100110100100101100011011110101100000011001,01011100111100001111000100001000111101100110101100101100011011110101100000011001,2,0,1,0.008
1,01011100111100001111000100001000101101100110101000101100011011110101100000011001,01011100111100001111000100001000111101100110101100101100011011110101100000011001,2,0,1,0.007
1,01011100111100001111000100001000101101100110101100001100011011110101100000011001,01011100111100001111000100001000111101100110101100101100011011110101100000011001,2,0,1,0.006
1,01011100111100001111000100001000101101100110101100100100011011110101100000011001,01011100111100001111000100001000111101100110101100101100011011110101100000011001,2,0,1,0.453
1,01011100111100001111000100001000101101100110101100101000011011110101100000011001,01011100111100001111000100001000111101100110101100101100011011110101100000011001,2,0,1,0.359
1,01011100111100001111000100001000101101100110101100101100001011110101100000011001,01011100111100001111000100001000111101100110101100101100011011110101100000011001,2,0,1,0.009
1,01011100111100001111000100001000101101100110101100101100010011110101100000011001,01011100111100001111000100001000111101100110101100101100011011110101100000011001,2,0,1,0.007
1,01011100111100001111000100001000101101100110101100101100011001110101100000011001,01011100111100001111000100001000111101100110101100101100011011110101100000011001,2,0,1,0.911
1,01011100111100001111000100001000101101100110101100101100011010110101100000011001,01011100111100001111000100001000111101100110101100101100011011110101100000011001,2,0,1,0.005
1,01011100111100001111000100001000101101100110101100101100011011010101100000011001,01011100111100001111000100001000111101100110101100101100011011110101100000011001,2,0,1,0.006
1,01011100111100001111000100001000101101100110101100101100011011100101100000011001,01011100111100001111000100001000111101100110101100101100011011110101100000011001,2,0,1,0.005
1,01011100111100001111000100001000101101100110101100101100011011110001100000011001,01011100111100001111000100001000111101100110101100101100011011110101100000011001,2,0,1,0.005
1,01011100111100001111000100001000101101100110101100101100011011110100100000011001,01011100111100001111000100001000111101100110101100101100011011110101100000011001,2,0,1,0.006
1,01011100111100001111000100001000101101100110101100101100011011110101000000011001,01011100111100001111000100001000111101100110101100101100011011110101100000011001,2,0,1,0.004
1,01011100111100001111000100001000101101100110101100101100011011110101100000001001,01011100111100001111000100001000111101100110101100101100011011110101100000011001,2,0,1,0.007
1,01011100111100001111000100001000101101100110101100101100011011110101100000010001,01011100111100001111000100001000111101100110101100101100011011110101100000011001,2,0,1,0.008
1,01011100111100001111000100001000101101100110101100101100011011110101100000011000,01011100111100001111000100001000111101100110101100101100011011110101100000011001,2,0,1,0.008
1,01011100111100001111000100001000110001100110101100101100011011110101100000011001,01011100111100001111000100001000111101100110101100101100011011110101100000011001,2,0,1,0.01
1,01011100111100001111000100001000110100100110101100101100011011110101100000011001,01011100111100001111000100001000111101100110101100101100011011110101100000011001,2,0,1,1.126
1,01011100111100001111000100001000110101000110101100101100011011110101100000011001,01011100111100001111000100001000111101100110101100101100011011110101100000011001,2,0,1,0.006
1,01011100111100001111000100001000110101100010101100101100011011110101100000011001,01011100111100001111000100001000111101100110101100101100011011110101100000011001,2,0,1,0.006
1,01011100111100001111000100001000110101100100101100101100011011110101100000011001,01011100111100001111000100001000111101100110101100101100011011110101100000011001,2,0,1,0.008
1,01011100111100001111000100001000110101100110001100101100011011110101100000011001,01011100111100001111000100001000111101100110101100101100011011110101100000011001,2,0,1,0.008
1,01011100111100001111000100001000110101100110100100101100011011110101100000011001,01011100111100001111000100001000111101100110101100101100011011110101100000011001,2,0,1,0.862
1,01011100111100001111000100001000110101100110101000101100011011110101100000011001,01011100111100001111000100001000111101100110101100101100011011110101100000011001,2,0,1,0.008
1,01011100111100001111000100001000110101100110101100001100011011110101100000011001,01011100111100001111000100001000111101100110101100101100011011110101100000011001,2,0,1,0.008
1,01011100111100001111000100001000110101100110101100100100011011110101100000011001,01011100111100001111000100001000111101100110101100101100011011110101100000011001,2,0,1,0.009
1,01011100111100001111000100001000110101100110101100101000011011110101100000011001,01011100111100001111000100001000111101100110101100101100011011110101100000011001,2,0,1,0.008
1,01011100111100001111000100001000110101100110101100101100001011110101100000011001,01011100111100001111000100001000111101100110101100101100011011110101100000011001,2,0,1,1.132
1,01011100111100001111000100001000110101100110101100101100010011110101100000011001,01011100111100001111000100001000111101100110101100101100011011110101100000011001,2,0,1,0.006
1,01011100111100001111000100001000110101100110101100101100011001110101100000011001,01011100111100001111000100001000111101100110101100101100011011110101100000011001,2,0,1,0.008
1,01011100111100001111000100001000110101100110101100101100011010110101100000011001,01011100111100001111000100001000111101100110101100101100011011110101100000011001,2,0,1,0.005
1,01011100111100001111000100001000110101100110101100101100011011010101100000011001,01011100111100001111000100001000111101100110101100101100011011110101100000011001,2,0,1,0.005
1,01011100111100001111000100001000110101100110101100101100011011100101100000011001,01011100111100001111000100001000111101100110101100101100011011110101100000011001,2,0,1,0.007
1,01011100111100001111000100001000110101100110101100101100011011110001100000011001,01011100111100001111000100001000111101100110101100101100011011110101100000011001,2,0,1,0.006
1,01011100111100001111000100001000110101100110101100101100011011110100100000011001,01011100111100001111000100001000111101100110101100101100011011110101100000011001,2,0,1,0.006
1,01011100111100001111000100001000110101100110101100101100011011110101000000011001,01011100111100001111000100001000111101100110101100101100011011110101100000011001,2,0,1,0.006
1,01011100111100001111000100001000110101100110101100101100011011110101100000001001,01011100111100001111000100001000111101100110101100101100011011110101100000011001,2,0,1,0.009
1,01011100111100001111000100001000110101100110101100101100011011110101100000010001,01011100111100001111000100001000111101100110101100101100011011110101100000011001,2,0,1,0.545
1,01011100111100001111000100001000110101100110101100101100011011110101100000011000,01011100111100001111000100001000111101100110101100101100011011110101100000011001,2,0,1,0.009
1,01011100111100001111000100001000111000100110101100101100011011110101100000011001,01011100111100001111000100001000111101100110101100101100011011110101100000011001,2,0,1,0.008
1,01011100111100001111000100001000111001000110101100101100011011110101100000011001,01011100111100001111000100001000111101100110101100101100011011110101100000011001,2,0,1,0.005
1,01011100111100001111000100001000111001100010101100101100011011110101100000011001,01011100111100001111000100001000111101100110101100101100011011110101100000011001,2,0,1,0.006
1,01011100111100001111000100001000111001100100101100101100011011110101100000011001,01011100111100001111000100001000111101100110101100101100011011110101100000011001,2,0,1,0.008
1,01011100111100001111000100001000111001100110001100101100011011110101100000011001,01011100111100001111000100001000111101100110101100101100011011110101100000011001,2,0,1,0.009
1,01011100111100001111000100001000111001100110100100101100011011110101100000011001,01011100111100001111000100001000111101100110101100101100011011110101100000011001,2,0,1,0.009
1,01011100111100001111000100001000111001100110101000101100011011110101100000011001,01011100111100001111000100001000111101100110101100101100011011110101100000011001,2,0,1,0.009
1,01011100111100001111000100001000111001100110101100001100011011110101100000011001,01011100111100001111000100001000111101100110101100101100011011110101100000011001,2,0,1,0.723
1,01011100111100001111000100001000111001100110101100100100011011110101100000011001,01011100111100001111000100001000111101100110101100101100011011110101100000011001,2,0,1,1.155
1,01011100111100001111000100001000111001100110101100101000011011110101100000011001,01011100111100001111000100001000111101100110101100101100011011110101100000011001,2,0,1,0.728
1,01011100111100001111000100001000111001100110101100101100001011110101100000011001,01011100111100001111000100001000111101100110101100101100011011110101100000011001,2,0,1,0.009
1,01011100111100001111000100001000111001100110101100101100010011110101100000011001,01011100111100001111000100001000111101100110101100101100011011110101100000011001,2,0,1,0.005
1,01011100111100001111000100001000111001100110101100101100011001110101100000011001,01011100111100001111000100001000111101100110101100101100011011110101100000011001,2,0,1,0.008
1,01011100111100001111000100001000111001100110101100101100011010110101100000011001,01011100111100001111000100001000111101100110101100101100011011110101100000011001,2,0,1,0.007
1,01011100111100001111000100001000111001100110101100101100011011010101100000011001,01011100111100001111000100001000111101100110101100101100011011110101100000011001,2,0,1,0.006
1,01011100111100001111000100001000111001100110101100101100011011100101100000011001,01011100111100001111000100001000111101100110101100101100011011110101100000011001,2,0,1,0.005
1,01011100111100001111000100001000111001100110101100101100011011110001100000011001,01011100111100001111000100001000111101100110101100101100011011110101100000011001,2,0,1,0.005
1,01011100111100001111000100001000111001100110101100101100011011110100100000011001,01011100111100001111000100001000111101100110101100101100011011110101100000011001,2,0,1,0.005
1,01011100111100001111000100001000111001100110101100101100011011110101000000011001,01011100111100001111000100001000111101100110101100101100011011110101100000011001,2,0,1,0.005
1,01011100111100001111000100001000111001100110101100101100011011110101100000001001,01011100111100001111000100001000111101100110101100101100011011110101100000011001,2,0,1,0.008
1,01011100111100001111000100001000111001100110101100101100011011110101100000010001,01011100111100001111000100001000111101100110101100101100011011110101100000011001,2,0,1,0.008
1,01011100111100001111000100001000111001100110101100101100011011110101100000011000,01011100111100001111000100001000111101100110101100101100011011110101100000011001,2,0,1,0.008
1,01011100111100001111000100001000111100000110101100101100011011110101100000011001,01011100111100001111000100001000111101100110101100101100011011110101100000011001,2,0,1,0.006
1,01011100111100001111000100001000111100100010101100101100011011110101100000011001,01011100111100001111000100001000111101100110101100101100011011110101100000011001,2,0,1,0.005
1,01011100111100001111000100001000111100100100101100101100011011110101100000011001,01011100111100001111000100001000111101100110101100101100011011110101100000011001,2,0,1,0.009
1,01011100111100001111000100001000111100100110001100101100011011110101100000011001,01011100111100001111000100001000111101100110101100101100011011110101100000011001,2,0,1,0.008
1,01011100111100001111000100001000111100100110100100101100011011110101100000011001,01011100111100001111000100001000111101100110101100101100011011110101100000011001,2,0,1,0.903
1,01011100111100001111000100001000111100100110101000101100011011110101100000011001,01011100111100001111000100001000111101100110101100101100011011110101100000011001,2,0,1,1.389
1,01011100111100001111000100001000111100100110101100001100011011110101100000011001,01011100111100001111000100001000111101100110101100101100011011110101100000011001,2,0,1,0.008
1,01011100111100001111000100001000111100100110101100100100011011110101100000011001,01011100111100001111000100001000111101100110101100101100011011110101100000011001,2,0,1,0.01
1,01011100111100001111000100001000111100100110101100101000011011110101100000011001,01011100111100001111000100001000111101100110101100101100011011110101100000011001,2,0,1,0.499
1,01011100111100001111000100001000111100100110101100101100001011110101100000011001,01011100111100001111000100001000111101100110101100101100011011110101100000011001,2,0,1,0.445
1,01011100111100001111000100001000111100100110101100101100010011110101100000011001,01011100111100001111000100001000111101100110101100101100011011110101100000011001,2,0,1,0.007
1,01011100111100001111000100001000111100100110101100101100011001110101100000011001,01011100111100001111000100001000111101100110101100101100011011110101100000011001,2,0,1,0.009
1,01011100111100001111000100001000111100100110101100101100011010110101100000011001,01011100111100001111000100001000111101100110101100101100011011110101100000011001,2,0,1,0.007
1,01011100111100001111000100001000111100100110101100101100011011010101100000011001,01011100111100001111000100001000111101100110101100101100011011110101100000011001,2,0,1,0.005
1,01011100111100001111000100001000111100100110101100101100011011100101100000011001,01011100111100001111000100001000111101100110101100101100011011110101100000011001,2,0,1,0.007
1,01011100111100001111000100001000111100100110101100101100011011110001100000011001,01011100111100001111000100001000111101100110101100101100011011110101100000011001,2,0,1,0.007
1,01011100111100001111000100001000111100100110101100101100011011110100100000011001,01011100111100001111000100001000111101100110101100101100011011110101100000011001,2,0,1,0.008
1,01011100111100001111000100001000111100100110101100101100011011110101000000011001,01011100111100001111000100001000111101100110101100101100011011110101100000011001,2,0,1,0.006
1,01011100111100001111000100001000111100100110101100101100011011110101100000001001,01011100111100001111000100001000111101100110101100101100011011110101100000011001,2,0,1,0.01
1,01011100111100001111000100001000111100100110101100101100011011110101100000010001,01011100111100001111000100001000111101100110101100101100011011110101100000011001,2,0,1,0.01
1,01011100111100001111000100001000111100100110101100101100011011110101100000011000,01011100111100001111000100001000111101100110101100101100011011110101100000011001,2,0,1,0.012
1,01011100111100001111000100001000111101000010101100101100011011110101100000011001,01011100111100001111000100001000111101100110101100101100011011110101100000011001,2,0,1,0.003
1,01011100111100001111000100001000111101000100101100101100011011110101100000011001,01011100111100001111000100001000111101100110101100101100011011110101100000011001,2,0,1,0.007
1,01011100111100001111000100001000111101000110001100101100011011110101100000011001,01011100111100001111000100001000111101100110101100101100011011110101100000011001,2,0,1,0.009
1,01011100111100001111000100001000111101000110100100101100011011110101100000011001,01011100111100001111000100001000111101100110101100101100011011110101100000011001,2,0,1,0.007
1,01011100111100001111000100001000111101000110101000101100011011110101100000011001,01011100111100001111000100001000111101100110101100101100011011110101100000011001,2,0,1,0.007
1,01011100111100001111000100001000111101000110101100001100011011110101100000011001,01011100111100001111000100001000111101100110101100101100011011110101100000011001,2,0,1,0.006
1,01011100111100001111000100001000111101000110101100100100011011110101100000011001,01011100111100001111000100001000111101100110101100101100011011110101100000011001,2,0,1,0.007
1,01011100111100001111000100001000111101000110101100101000011011110101100000011001,01011100111100001111000100001000111101100110101100101100011011110101100000011001,2,0,1,0.006
1,01011100111100001111000100001000111101000110101100101100001011110101100000011001,01011100111100001111000100001000111101100110101100101100011011110101100000011001,2,0,1,0.006
1,01011100111100001111000100001000111101000110101100101100010011110101100000011001,01011100111100001111000100001000111101100110101100101100011011110101100000011001,2,0,1,0.003
1,01011100111100001111000100001000111101000110101100101100011001110101100000011001,01011100111100001111000100001000111101100110101100101100011011110101100000011001,2,0,1,0.007
1,01011100111100001111000100001000111101000110101100101100011010110101100000011001,01011100111100001111000100001000111101100110101100101100011011110101100000011001,2,0,1,0.003
1,01011100111100001111000100001000111101000110101100101100011011010101100000011001,01011100111100001111000100001000111101100110101100101100011011110101100000011001,2,0,1,0.004
1,01011100111100001111000100001000111101000110101100101100011011100101100000011001,01011100111100001111000100001000111101100110101100101100011011110101100000011001,2,0,1,0.003
1,01011100111100001111000100001000111101000110101100101100011011110001100000011001,01011100111100001111000100001000111101100110101100101100011011110101100000011001,2,0,1,0.003
1,01011100111100001111000100001000111101000110101100101100011011110100100000011001,01011100111100001111000100001000111101100110101100101100011011110101100000011001,2,0,1,0.003
1,01011100111100001111000100001000111101000110101100101100011011110101000000011001,01011100111100001111000100001000111101100110101100101100011011110101100000011001,2,0,1,0.003
1,01011100111100001111000100001000111101000110101100101100011011110101100000001001,01011100111100001111000100001000111101100110101100101100011011110101100000011001,2,0,1,0.007
1,01011100111100001111000100001000111101000110101100101100011011110101100000010001,01011100111100001111000100001000111101100110101100101100011011110101100000011001,2,0,1,0.007
1,01011100111100001111000100001000111101000110101100101100011011110101100000011000,01011100111100001111000100001000111101100110101100101100011011110101100000011001,2,0,1,0.008
1,01011100111100001111000100001000111101100000101100101100011011110101100000011001,01011100111100001111000100001000111101100110101100101100011011110101100000011001,2,0,1,0.007
1,01011100111100001111000100001000111101100010001100101100011011110101100000011001,01011100111100001111000100001000111101100110101100101100011011110101100000011001,2,0,1,0.006
1,01011100111100001111000100001000111101100010100100101100011011110101100000011001,01011100111100001111000100001000111101100110101100101100011011110101100000011001,2,0,1,0.007
1,01011100111100001111000100001000111101100010101000101100011011110101100000011001,01011100111100001111000100001000111101100110101100101100011011110101100000011001,2,0,1,0.007
1,01011100111100001111000100001000111101100010101100001100011011110101100000011001,01011100111100001111000100001000111101100110101100101100011011110101100000011001,2,0,1,0.007
1,01011100111100001111000100001000111101100010101100100100011011110101100000011001,01011100111100001111000100001000111101100110101100101100011011110101100000011001,2,0,1,0.007
1,01011100111100001111000100001000111101100010101100101000011011110101100000011001,01011100111100001111000100001000111101100110101100101100011011110101100000011001,2,0,1,0.008
1,01011100111100001111000100001000111101100010101100101100001011110101100000011001,01011100111100001111000100001000111101100110101100101100011011110101100000011001,2,0,1,0.006
1,01011100111100001111000100001000111101100010101100101100010011110101100000011001,01011100111100001111000100001000111101100110101100101100011011110101100000011001,2,0,1,0.004
1,01011100111100001111000100001000111101100010101100101100011001110101100000011001,01011100111100001111000100001000111101100110101100101100011011110101100000011001,2,0,1,0.008
1,01011100111100001111000100001000111101100010101100101100011010110101100000011001,01011100111100001111000100001000111101100110101100101100011011110101100000011001,2,0,1,0.004
1,01011100111100001111000100001000111101100010101100101100011011010101100000011001,01011100111100001111000100001000111101100110101100101100011011110101100000011001,2,0,1,0.004
1,01011100111100001111000100001000111101100010101100101100011011100101100000011001,01011100111100001111000100001000111101100110101100101100011011110101100000011001,2,0,1,0.003
1,01011100111100001111000100001000111101100010101100101100011011110001100000011001,01011100111100001111000100001000111101100110101100101100011011110101100000011001,2,0,1,0.004
1,01011100111100001111000100001000111101100010101100101100011011110100100000011001,01011100111100001111000100001000111101100110101100101100011011110101100000011001,2,0,1,0.004
1,01011100111100001111000100001000111101100010101100101100011011110101000000011001,01011100111100001111000100001000111101100110101100101100011011110101100000011001,2,0,1,0.004
1,01011100111100001111000100001000111101100010101100101100011011110101100000001001,01011100111100001111000100001000111101100110101100101100011011110101100000011001,2,0,1,0.007
1,01011100111100001111000100001000111101100010101100101100011011110101100000010001,01011100111100001111000100001000111101100110101100101100011011110101100000011001,2,0,1,0.007
1,01011100111100001111000100001000111101100010101100101100011011110101100000011000,01011100111100001111000100001000111101100110101100101100011011110101100000011001,2,0,1,0.008
1,01011100111100001111000100001000111101100100001100101100011011110101100000011001,01011100111100001111000100001000111101100110101100101100011011110101100000011001,2,0,1,0.01
1,01011100111100001111000100001000111101100100100100101100011011110101100000011001,01011100111100001111000100001000111101100110101100101100011011110101100000011001,2,0,1,0.01
1,01011100111100001111000100001000111101100100101000101100011011110101100000011001,01011100111100001111000100001000111101100110101100101100011011110101100000011001,2,0,1,0.013
1,01011100111100001111000100001000111101100100101100001100011011110101100000011001,01011100111100001111000100001000111101100110101100101100011011110101100000011001,2,0,1,0.008
1,01011100111100001111000100001000111101100100101100100100011011110101100000011001,01011100111100001111000100001000111101100110101100101100011011110101100000011001,2,0,1,1.056
1,01011100111100001111000100001000111101100100101100101000011011110101100000011001,01011100111100001111000100001000111101100110101100101100011011110101100000011001,2,0,1,0.009
1,01011100111100001111000100001000111101100100101100101100001011110101100000011001,01011100111100001111000100001000111101100110101100101100011011110101100000011001,2,0,1,0.01
1,01011100111100001111000100001000111101100100101100101100010011110101100000011001,01011100111100001111000100001000111101100110101100101100011011110101100000011001,2,0,1,0.008
1,01011100111100001111000100001000111101100100101100101100011001110101100000011001,01011100111100001111000100001000111101100110101100101100011011110101100000011001,2,0,1,0.008
1,01011100111100001111000100001000111101100100101100101100011010110101100000011001,01011100111100001111000100001000111101100110101100101100011011110101100000011001,2,0,1,0.006
1,01011100111100001111000100001000111101100100101100101100011011010101100000011001,01011100111100001111000100001000111101100110101100101100011011110101100000011001,2,0,1,0.007
1,01011100111100001111000100001000111101100100101100101100011011100101100000011001,01011100111100001111000100001000111101100110101100101100011011110101100000011001,2,0,1,0.005
1,01011100111100001111000100001000111101100100101100101100011011110001100000011001,01011100111100001111000100001000111101100110101100101100011011110101100000011001,2,0,1,0.007
1,01011100111100001111000100001000111101100100101100101100011011110100100000011001,01011100111100001111000100001000111101100110101100101100011011110101100000011001,2,0,1,0.007
1,01011100111100001111000100001000111101100100101100101100011011110101000000011001,01011100111100001111000100001000111101100110101100101100011011110101100000011001,2,0,1,0.008
1,01011100111100001111000100001000111101100100101100101100011011110101100000001001,01011100111100001111000100001000111101100110101100101100011011110101100000011001,2,0,1,0.44
1,01011100111100001111000100001000111101100100101100101100011011110101100000010001,01011100111100001111000100001000111101100110101100101100011011110101100000011001,2,0,1,0.01
1,01011100111100001111000100001000111101100100101100101100011011110101100000011000,01011100111100001111000100001000111101100110101100101100011011110101100000011001,2,0,1,0.487
1,01011100111100001111000100001000111101100110000100101100011011110101100000011001,01011100111100001111000100001000111101100110101100101100011011110101100000011001,2,0,1,0.007
1,01011100111100001111000100001000111101100110001000101100011011110101100000011001,01011100111100001111000100001000111101100110101100101100011011110101100000011001,2,0,1,1.243
1,01011100111100001111000100001000111101100110001100001100011011110101100000011001,01011100111100001111000100001000111101100110101100101100011011110101100000011001,2,0,1,0.007
1,01011100111100001111000100001000111101100110001100100100011011110101100000011001,01011100111100001111000100001000111101100110101100101100011011110101100000011001,2,0,1,0.007
1,01011100111100001111000100001000111101100110001100101000011011110101100000011001,01011100111100001111000100001000111101100110101100101100011011110101100000011001,2,0,1,0.006
1,01011100111100001111000100001000111101100110001100101100001011110101100000011001,01011100111100001111000100001000111101100110101100101100011011110101100000011001,2,0,1,0.008
1,01011100111100001111000100001000111101100110001100101100010011110101100000011001,01011100111100001111000100001000111101100110101100101100011011110101100000011001,2,0,1,0.006
1,01011100111100001111000100001000111101100110001100101100011001110101100000011001,01011100111100001111000100001000111101100110101100101100011011110101100000011001,2,0,1,0.008
1,01011100111100001111000100001000111101100110001100101100011010110101100000011001,01011100111100001111000100001000111101100110101100101100011011110101100000011001,2,0,1,0.006
1,01011100111100001111000100001000111101100110001100101100011011010101100000011001,01011100111100001111000100001000111101100110101100101100011011110101100000011001,2,0,1,0.006
1,01011100111100001111000100001000111101100110001100101100011011100101100000011001,01011100111100001111000100001000111101100110101100101100011011110101100000011001,2,0,1,0.006
1,01011100111100001111000100001000111101100110001100101100011011110001100000011001,01011100111100001111000100001000111101100110101100101100011011110101100000011001,2,0,1,0.006
1,01011100111100001111000100001000111101100110001100101100011011110100100000011001,01011100111100001111000100001000111101100110101100101100011011110101100000011001,2,0,1,0.007
1,01011100111100001111000100001000111101100110001100101100011011110101000000011001,01011100111100001111000100001000111101100110101100101100011011110101100000011001,2,0,1,0.006
1,01011100111100001111000100001000111101100110001100101100011011110101100000001001,01011100111100001111000100001000111101100110101100101100011011110101100000011001,2,0,1,0.009
1,01011100111100001111000100001000111101100110001100101100011011110101100000010001,01011100111100001111000100001000111101100110101100101100011011110101100000011001,2,0,1,0.008
1,01011100111100001111000100001000111101100110001100101100011011110101100000011000,01011100111100001111000100001000111101100110101100101100011011110101100000011001,2,0,1,0.008
1,01011100111100001111000100001000111101100110100000101100011011110101100000011001,01011100111100001111000100001000111101100110101100101100011011110101100000011001,2,0,1,0.007
1,01011100111100001111000100001000111101100110100100001100011011110101100000011001,01011100111100001111000100001000111101100110101100101100011011110101100000011001,2,0,1,0.008
1,01011100111100001111000100001000111101100110100100100100011011110101100000011001,01011100111100001111000100001000111101100110101100101100011011110101100000011001,2,0,1,0.008
1,01011100111100001111000100001000111101100110100100101000011011110101100000011001,01011100111100001111000100001000111101100110101100101100011011110101100000011001,2,0,1,0.008
1,01011100111100001111000100001000111101100110100100101100001011110101100000011001,01011100111100001111000100001000111101100110101100101100011011110101100000011001,2,0,1,0.334
1,01011100111100001111000100001000111101100110100100101100010011110101100000011001,01011100111100001111000100001000111101100110101100101100011011110101100000011001,2,0,1,0.006
1,01011100111100001111000100001000111101100110100100101100011001110101100000011001,01011100111100001111000100001000111101100110101100101100011011110101100000011001,2,0,1,0.008
1,01011100111100001111000100001000111101100110100100101100011010110101100000011001,01011100111100001111000100001000111101100110101100101100011011110101100000011001,2,0,1,0.006
1,01011100111100001111000100001000111101100110100100101100011011010101100000011001,01011100111100001111000100001000111101100110101100101100011011110101100000011001,2,0,1,0.005
1,01011100111100001111000100001000111101100110100100101100011011100101100000011001,01011100111100001111000100001000111101100110101100101100011011110101100000011001,2,0,1,0.005
1,01011100111100001111000100001000111101100110100100101100011011110001100000011001,01011100111100001111000100001000111101100110101100101100011011110101100000011001,2,0,1,0.006
1,01011100111100001111000100001000111101100110100100101100011011110100100000011001,01011100111100001111000100001000111101100110101100101100011011110101100000011001,2,0,1,0.005
1,01011100111100001111000100001000111101100110100100101100011011110101000000011001,01011100111100001111000100001000111101100110101100101100011011110101100000011001,2,0,1,0.005
1,01011100111100001111000100001000111101100110100100101100011011110101100000001001,01011100111100001111000100001000111101100110101100101100011011110101100000011001,2,0,1,0.006
1,01011100111100001111000100001000111101100110100100101100011011110101100000010001,01011100111100001111000100001000111101100110101100101100011011110101100000011001,2,0,1,0.007
1,01011100111100001111000100001000111101100110100100101100011011110101100000011000,01011100111100001111000100001000111101100110101100101100011011110101100000011001,2,0,1,0.006
1,01011100111100001111000100001000111101100110101000001100011011110101100000011001,01011100111100001111000100001000111101100110101100101100011011110101100000011001,2,0,1,0.008
1,01011100111100001111000100001000111101100110101000100100011011110101100000011001,01011100111100001111000100001000111101100110101100101100011011110101100000011001,2,0,1,0.008
1,01011100111100001111000100001000111101100110101000101000011011110101100000011001,01011100111100001111000100001000111101100110101100101100011011110101100000011001,2,0,1,0.008
1,01011100111100001111000100001000111101100110101000101100001011110101100000011001,01011100111100001111000100001000111101100110101100101100011011110101100000011001,2,0,1,0.818
1,01011100111100001111000100001000111101100110101000101100010011110101100000011001,01011100111100001111000100001000111101100110101100101100011011110101100000011001,2,0,1,0.007
1,01011100111100001111000100001000111101100110101000101100011001110101100000011001,01011100111100001111000100001000111101100110101100101100011011110101100000011001,2,0,1,0.009
1,01011100111100001111000100001000111101100110101000101100011010110101100000011001,01011100111100001111000100001000111101100110101100101100011011110101100000011001,2,0,1,0.006
1,01011100111100001111000100001000111101100110101000101100011011010101100000011001,01011100111100001111000100001000111101100110101100101100011011110101100000011001,2,0,1,0.007
1,01011100111100001111000100001000111101100110101000101100011011100101100000011001,01011100111100001111000100001000111101100110101100101100011011110101100000011001,2,0,1,0.006
1,01011100111100001111000100001000111101100110101000101100011011110001100000011001,01011100111100001111000100001000111101100110101100101100011011110101100000011001,2,0,1,0.006
1,01011100111100001111000100001000111101100110101000101100011011110100100000011001,01011100111100001111000100001000111101100110101100101100011011110101100000011001,2,0,1,0.006
1,01011100111100001111000100001000111101100110101000101100011011110101000000011001,01011100111100001111000100001000111101100110101100101100011011110101100000011001,2,0,1,0.005
1,01011100111100001111000100001000111101100110101000101100011011110101100000001001,01011100111100001111000100001000111101100110101100101100011011110101100000011001,2,0,1,0.007
1,01011100111100001111000100001000111101100110101000101100011011110101100000010001,01011100111100001111000100001000111101100110101100101100011011110101100000011001,2,0,1,0.715
1,01011100111100001111000100001000111101100110101000101100011011110101100000011000,01011100111100001111000100001000111101100110101100101100011011110101100000011001,2,0,1,0.006
1,01011100111100001111000100001000111101100110101100000100011011110101100000011001,01011100111100001111000100001000111101100110101100101100011011110101100000011001,2,0,1,0.007
1,01011100111100001111000100001000111101100110101100001000011011110101100000011001,01011100111100001111000100001000111101100110101100101100011011110101100000011001,2,0,1,1.146
1,01011100111100001111000100001000111101100110101100001100001011110101100000011001,01011100111100001111000100001000111101100110101100101100011011110101100000011001,2,0,1,0.009
1,01011100111100001111000100001000111101100110101100001100010011110101100000011001,01011100111100001111000100001000111101100110101100101100011011110101100000011001,2,0,1,0.004
1,01011100111100001111000100001000111101100110101100001100011001110101100000011001,01011100111100001111000100001000111101100110101100101100011011110101100000011001,2,0,1,0.03
1,01011100111100001111000100001000111101100110101100001100011010110101100000011001,01011100111100001111000100001000111101100110101100101100011011110101100000011001,2,0,1,0.006
1,01011100111100001111000100001000111101100110101100001100011011010101100000011001,01011100111100001111000100001000111101100110101100101100011011110101100000011001,2,0,1,0.005
1,01011100111100001111000100001000111101100110101100001100011011100101100000011001,01011100111100001111000100001000111101100110101100101100011011110101100000011001,2,0,1,0.006
1,01011100111100001111000100001000111101100110101100001100011011110001100000011001,01011100111100001111000100001000111101100110101100101100011011110101100000011001,2,0,1,0.006
1,01011100111100001111000100001000111101100110101100001100011011110100100000011001,01011100111100001111000100001000111101100110101100101100011011110101100000011001,2,0,1,0.007
1,01011100111100001111000100001000111101100110101100001100011011110101000000011001,01011100111100001111000100001000111101100110101100101100011011110101100000011001,2,0,1,0.005
1,01011100111100001111000100001000111101100110101100001100011011110101100000001001,01011100111100001111000100001000111101100110101100101100011011110101100000011001,2,0,1,0.009
1,01011100111100001111000100001000111101100110101100001100011011110101100000010001,01011100111100001111000100001000111101100110101100101100011011110101100000011001,2,0,1,0.009
1,01011100111100001111000100001000111101100110101100001100011011110101100000011000,01011100111100001111000100001000111101100110101100101100011011110101100000011001,2,0,1,0.416
1,01011100111100001111000100001000111101100110101100100000011011110101100000011001,01011100111100001111000100001000111101100110101100101100011011110101100000011001,2,0,1,0.399
1,01011100111100001111000100001000111101100110101100100100001011110101100000011001,01011100111100001111000100001000111101100110101100101100011011110101100000011001,2,0,1,0.008
1,01011100111100001111000100001000111101100110101100100100010011110101100000011001,01011100111100001111000100001000111101100110101100101100011011110101100000011001,2,0,1,0.006
1,01011100111100001111000100001000111101100110101100100100011001110101100000011001,01011100111100001111000100001000111101100110101100101100011011110101100000011001,2,0,1,0.017
1,01011100111100001111000100001000111101100110101100100100011010110101100000011001,01011100111100001111000100001000111101100110101100101100011011110101100000011001,2,0,1,0.006
1,01011100111100001111000100001000111101100110101100100100011011010101100000011001,01011100111100001111000100001000111101100110101100101100011011110101100000011001,2,0,1,0.006
1,01011100111100001111000100001000111101100110101100100100011011100101100000011001,01011100111100001111000100001000111101100110101100101100011011110101100000011001,2,0,1,0.005
1,01011100111100001111000100001000111101100110101100100100011011110001100000011001,01011100111100001111000100001000111101100110101100101100011011110101100000011001,2,0,1,0.005
1,01011100111100001111000100001000111101100110101100100100011011110100100000011001,01011100111100001111000100001000111101100110101100101100011011110101100000011001,2,0,1,0.006
1,01011100111100001111000100001000111101100110101100100100011011110101000000011001,01011100111100001111000100001000111101100110101100101100011011110101100000011001,2,0,1,0.005
1,01011100111100001111000100001000111101100110101100100100011011110101100000001001,01011100111100001111000100001000111101100110101100101100011011110101100000011001,2,0,1,0.398
1,01011100111100001111000100001000111101100110101100100100011011110101100000010001,01011100111100001111000100001000111101100110101100101100011011110101100000011001,2,0,1,0.008
1,01011100111100001111000100001000111101100110101100100100011011110101100000011000,01011100111100001111000100001000111101100110101100101100011011110101100000011001,2,0,1,0.008
1,01011100111100001111000100001000111101100110101100101000001011110101100000011001,01011100111100001111000100001000111101100110101100101100011011110101100000011001,2,0,1,0.008
1,01011100111100001111000100001000111101100110101100101000010011110101100000011001,01011100111100001111000100001000111101100110101100101100011011110101100000011001,2,0,1,0.007
1,01011100111100001111000100001000111101100110101100101000011001110101100000011001,01011100111100001111000100001000111101100110101100101100011011110101100000011001,2,0,1,0.335
1,01011100111100001111000100001000111101100110101100101000011010110101100000011001,01011100111100001111000100001000111101100110101100101100011011110101100000011001,2,0,1,0.006
1,01011100111100001111000100001000111101100110101100101000011011010101100000011001,01011100111100001111000100001000111101100110101100101100011011110101100000011001,2,0,1,0.006
1,01011100111100001111000100001000111101100110101100101000011011100101100000011001,01011100111100001111000100001000111101100110101100101100011011110101100000011001,2,0,1,0.006
1,01011100111100001111000100001000111101100110101100101000011011110001100000011001,01011100111100001111000100001000111101100110101100101100011011110101100000011001,2,0,1,0.005
1,01011100111100001111000100001000111101100110101100101000011011110100100000011001,01011100111100001111000100001000111101100110101100101100011011110101100000011001,2,0,1,0.005
1,01011100111100001111000100001000111101100110101100101000011011110101000000011001,01011100111100001111000100001000111101100110101100101100011011110101100000011001,2,0,1,0.005
1,01011100111100001111000100001000111101100110101100101000011011110101100000001001,01011100111100001111000100001000111101100110101100101100011011110101100000011001,2,0,1,0.009
1,01011100111100001111000100001000111101100110101100101000011011110101100000010001,01011100111100001111000100001000111101100110101100101100011011110101100000011001,2,0,1,0.008
1,01011100111100001111000100001000111101100110101100101000011011110101100000011000,01011100111100001111000100001000111101100110101100101100011011110101100000011001,2,0,1,0.008
1,01011100111100001111000100001000111101100110101100101100000011110101100000011001,01011100111100001111000100001000111101100110101100101100011011110101100000011001,2,0,1,0.006
1,01011100111100001111000100001000111101100110101100101100001001110101100000011001,01011100111100001111000100001000111101100110101100101100011011110101100000011001,2,0,1,0.008
1,01011100111100001111000100001000111101100110101100101100001010110101100000011001,01011100111100001111000100001000111101100110101100101100011011110101100000011001,2,0,1,0.005
1,01011100111100001111000100001000111101100110101100101100001011010101100000011001,01011100111100001111000100001000111101100110101100101100011011110101100000011001,2,0,1,0.006
1,01011100111100001111000100001000111101100110101100101100001011100101100000011001,01011100111100001111000100001000111101100110101100101100011011110101100000011001,2,0,1,0.006
1,01011100111100001111000100001000111101100110101100101100001011110001100000011001,01011100111100001111000100001000111101100110101100101100011011110101100000011001,2,0,1,0.006
1,01011100111100001111000100001000111101100110101100101100001011110100100000011001,01011100111100001111000100001000111101100110101100101100011011110101100000011001,2,0,1,0.006
1,01011100111100001111000100001000111101100110101100101100001011110101000000011001,01011100111100001111000100001000111101100110101100101100011011110101100000011001,2,0,1,0.006
1,01011100111100001111000100001000111101100110101100101100001011110101100000001001,01011100111100001111000100001000111101100110101100101100011011110101100000011001,2,0,1,0.006
1,01011100111100001111000100001000111101100110101100101100001011110101100000010001,01011100111100001111000100001000111101100110101100101100011011110101100000011001,2,0,1,1.909
1,01011100111100001111000100001000111101100110101100101100001011110101100000011000,01011100111100001111000100001000111101100110101100101100011011110101100000011001,2,0,1,0.008
1,01011100111100001111000100001000111101100110101100101100010001110101100000011001,01011100111100001111000100001000111101100110101100101100011011110101100000011001,2,0,1,0.007
1,01011100111100001111000100001000111101100110101100101100010010110101100000011001,01011100111100001111000100001000111101100110101100101100011011110101100000011001,2,0,1,0.003
1,01011100111100001111000100001000111101100110101100101100010011010101100000011001,01011100111100001111000100001000111101100110101100101100011011110101100000011001,2,0,1,0.003
1,01011100111100001111000100001000111101100110101100101100010011100101100000011001,01011100111100001111000100001000111101100110101100101100011011110101100000011001,2,0,1,0.003
1,01011100111100001111000100001000111101100110101100101100010011110001100000011001,01011100111100001111000100001000111101100110101100101100011011110101100000011001,2,0,1,0.003
1,01011100111100001111000100001000111101100110101100101100010011110100100000011001,01011100111100001111000100001000111101100110101100101100011011110101100000011001,2,0,1,0.003
1,01011100111100001111000100001000111101100110101100101100010011110101000000011001,01011100111100001111000100001000111101100110101100101100011011110101100000011001,2,0,1,0.003
1,01011100111100001111000100001000111101100110101100101100010011110101100000001001,01011100111100001111000100001000111101100110101100101100011011110101100000011001,2,0,1,0.007
1,01011100111100001111000100001000111101100110101100101100010011110101100000010001,01011100111100001111000100001000111101100110101100101100011011110101100000011001,2,0,1,0.007
1,01011100111100001111000100001000111101100110101100101100010011110101100000011000,01011100111100001111000100001000111101100110101100101100011011110101100000011001,2,0,1,0.006
1,01011100111100001111000100001000111101100110101100101100011000110101100000011001,01011100111100001111000100001000111101100110101100101100011011110101100000011001,2,0,1,0.006
1,01011100111100001111000100001000111101100110101100101100011001010101100000011001,01011100111100001111000100001000111101100110101100101100011011110101100000011001,2,0,1,0.007
1,01011100111100001111000100001000111101100110101100101100011001100101100000011001,01011100111100001111000100001000111101100110101100101100011011110101100000011001,2,0,1,0.006
1,01011100111100001111000100001000111101100110101100101100011001110001100000011001,01011100111100001111000100001000111101100110101100101100011011110101100000011001,2,0,1,0.007
1,01011100111100001111000100001000111101100110101100101100011001110100100000011001,01011100111100001111000100001000111101100110101100101100011011110101100000011001,2,0,1,0.006
1,01011100111100001111000100001000111101100110101100101100011001110101000000011001,01011100111100001111000100001000111101100110101100101100011011110101100000011001,2,0,1,0.005
1,01011100111100001111000100001000111101100110101100101100011001110101100000001001,01011100111100001111000100001000111101100110101100101100011011110101100000011001,2,0,1,0.008
1,01011100111100001111000100001000111101100110101100101100011001110101100000010001,01011100111100001111000100001000111101100110101100101100011011110101100000011001,2,0,1,0.008
1,01011100111100001111000100001000111101100110101100101100011001110101100000011000,01011100111100001111000100001000111101100110101100101100011011110101100000011001,2,0,1,0.007
1,01011100111100001111000100001000111101100110101100101100011010010101100000011001,01011100111100001111000100001000111101100110101100101100011011110101100000011001,2,0,1,0.003
1,01011100111100001111000100001000111101100110101100101100011010100101100000011001,01011100111100001111000100001000111101100110101100101100011011110101100000011001,2,0,1,0.003
1,01011100111100001111000100001000111101100110101100101100011010110001100000011001,01011100111100001111000100001000111101100110101100101100011011110101100000011001,2,0,1,0.003
1,01011100111100001111000100001000111101100110101100101100011010110100100000011001,01011100111100001111000100001000111101100110101100101100011011110101100000011001,2,0,1,0.003
1,01011100111100001111000100001000111101100110101100101100011010110101000000011001,01011100111100001111000100001000111101100110101100101100011011110101100000011001,2,0,1,0.003
1,01011100111100001111000100001000111101100110101100101100011010110101100000001001,01011100111100001111000100001000111101100110101100101100011011110101100000011001,2,0,1,0.006
1,01011100111100001111000100001000111101100110101100101100011010110101100000010001,01011100111100001111000100001000111101100110101100101100011011110101100000011001,2,0,1,0.005
1,01011100111100001111000100001000111101100110101100101100011010110101100000011000,01011100111100001111000100001000111101100110101100101100011011110101100000011001,2,0,1,0.006
1,01011100111100001111000100001000111101100110101100101100011011000101100000011001,01011100111100001111000100001000111101100110101100101100011011110101100000011001,2,0,1,0.003
1,01011100111100001111000100001000111101100110101100101100011011010001100000011001,01011100111100001111000100001000111101100110101100101100011011110101100000011001,2,0,1,0.003
1,01011100111100001111000100001000111101100110101100101100011011010100100000011001,01011100111100001111000100001000111101100110101100101100011011110101100000011001,2,0,1,0.002
1,01011100111100001111000100001000111101100110101100101100011011010101000000011001,01011100111100001111000100001000111101100110101100101100011011110101100000011001,2,0,1,0.003
1,01011100111100001111000100001000111101100110101100101100011011010101100000001001,01011100111100001111000100001000111101100110101100101100011011110101100000011001,2,0,1,0.006
1,01011100111100001111000100001000111101100110101100101100011011010101100000010001,01011100111100001111000100001000111101100110101100101100011011110101100000011001,2,0,1,0.006
1,01011100111100001111000100001000111101100110101100101100011011010101100000011000,01011100111100001111000100001000111101100110101100101100011011110101100000011001,2,0,1,0.005
1,01011100111100001111000100001000111101100110101100101100011011100001100000011001,01011100111100001111000100001000111101100110101100101100011011110101100000011001,2,0,1,0.003
1,01011100111100001111000100001000111101100110101100101100011011100100100000011001,01011100111100001111000100001000111101100110101100101100011011110101100000011001,2,0,1,0.003
1,01011100111100001111000100001000111101100110101100101100011011100101000000011001,01011100111100001111000100001000111101100110101100101100011011110101100000011001,2,0,1,0.003
1,01011100111100001111000100001000111101100110101100101100011011100101100000001001,01011100111100001111000100001000111101100110101100101100011011110101100000011001,2,0,1,0.005
1,01011100111100001111000100001000111101100110101100101100011011100101100000010001,01011100111100001111000100001000111101100110101100101100011011110101100000011001,2,0,1,0.006
1,01011100111100001111000100001000111101100110101100101100011011100101100000011000,01011100111100001111000100001000111101100110101100101100011011110101100000011001,2,0,1,0.005
1,01011100111100001111000100001000111101100110101100101100011011110000100000011001,01011100111100001111000100001000111101100110101100101100011011110101100000011001,2,0,1,0.003
1,01011100111100001111000100001000111101100110101100101100011011110001000000011001,01011100111100001111000100001000111101100110101100101100011011110101100000011001,2,0,1,0.003
1,01011100111100001111000100001000111101100110101100101100011011110001100000001001,01011100111100001111000100001000111101100110101100101100011011110101100000011001,2,0,1,0.006
1,01011100111100001111000100001000111101100110101100101100011011110001100000010001,01011100111100001111000100001000111101100110101100101100011011110101100000011001,2,0,1,0.005
1,01011100111100001111000100001000111101100110101100101100011011110001100000011000,01011100111100001111000100001000111101100110101100101100011011110101100000011001,2,0,1,0.006
1,01011100111100001111000100001000111101100110101100101100011011110100000000011001,01011100111100001111000100001000111101100110101100101100011011110101100000011001,2,0,1,0.003
1,01011100111100001111000100001000111101100110101100101100011011110100100000001001,01011100111100001111000100001000111101100110101100101100011011110101100000011001,2,0,1,0.006
1,01011100111100001111000100001000111101100110101100101100011011110100100000010001,01011100111100001111000100001000111101100110101100101100011011110101100000011001,2,0,1,0.006
1,01011100111100001111000100001000111101100110101100101100011011110100100000011000,01011100111100001111000100001000111101100110101100101100011011110101100000011001,2,0,1,0.005
1,01011100111100001111000100001000111101100110101100101100011011110101000000001001,01011100111100001111000100001000111101100110101100101100011011110101100000011001,2,0,1,0.006
1,01011100111100001111000100001000111101100110101100101100011011110101000000010001,01011100111100001111000100001000111101100110101100101100011011110101100000011001,2,0,1,0.006
1,01011100111100001111000100001000111101100110101100101100011011110101000000011000,01011100111100001111000100001000111101100110101100101100011011110101100000011001,2,0,1,0.005
1,01011100111100001111000100001000111101100110101100101100011011110101100000000001,01011100111100001111000100001000111101100110101100101100011011110101100000011001,2,0,1,0.006
1,01011100111100001111000100001000111101100110101100101100011011110101100000001000,01011100111100001111000100001000111101100110101100101100011011110101100000011001,2,0,1,0.007
1,01011100111100001111000100001000111101100110101100101100011011110101100000010000,01011100111100001111000100001000111101100110101100101100011011110101100000011001,2,0,1,0.008
2,00110111011111101001001011100011000001100000100001000010001110000011000011100110,11110111011111101001001011100011000001100000100001000010001110000011000011100110,2,0,1,0.008
2,01010111011111101001001011100011000001100000100001000010001110000011000011100110,01010111011111111011001011100011000001100100100001010011001110000111000011100100,2,0,0,0.022
2,01100111011111101001001011100011000001100000100001000010001110000011000011100110,11110111011111101001001011100011000001100000100001000010001110000011000011100110,2,0,1,0.008
2,01110011011111101001001011100011000001100000100001000010001110000011000011100110,11110111011111101001001011100011000001100000100001000010001110000011000011100110,2,0,1,0.008
2,01110101011111101001001011100011000001100000100001000010001110000011000011100110,11110111011111101001001011100011000001100000100001000010001110000011000011100110,2,0,1,0.009
2,01110110011111101001001011100011000001100000100001000010001110000011000011100110,11110111011111101001001011100011000001100000100001000010001110000011000011100110,2,0,1,0.699
2,01110111001111101001001011100011000001100000100001000010001110000011000011100110,11110111011111101001001011100011000001100000100001000010001110000011000011100110,2,0,1,0.011
2,01110111010111101001001011100011000001100000100001000010001110000011000011100110,11110111011111101001001011100011000001100000100001000010001110000011000011100110,2,0,1,0.008
2,01110111011011101001001011100011000001100000100001000010001110000011000011100110,11110111011111101001001011100011000001100000100001000010001110000011000011100110,2,0,1,0.006
2,01110111011101101001001011100011000001100000100001000010001110000011000011100110,11110111011111101001001011100011000001100000100001000010001110000011000011100110,2,0,1,0.005
2,01110111011110101001001011100011000001100000100001000010001110000011000011100110,11110111011111101001001011100011000001100000100001000010001110000011000011100110,2,0,1,0.006
2,01110111011111001001001011100011000001100000100001000010001110000011000011100110,11110111011111101001001011100011000001100000100001000010001110000011000011100110,2,0,1,0.006
2,01110111011111100001001011100011000001100000100001000010001110000011000011100110,11110111011111101001001011100011000001100000100001000010001110000011000011100110,2,0,1,0.007
2,01110111011111101000001011100011000001100000100001000010001110000011000011100110,11110111011111101001001011100011000001100000100001000010001110000011000011100110,2,0,1,0.008
2,01110111011111101001000011100011000001100000100001000010001110000011000011100110,11110111011111101001001011100011000001100000100001000010001110000011000011100110,2,0,1,0.008
2,01110111011111101001001001100011000001100000100001000010001110000011000011100110,11110111011111101001001011100011000001100000100001000010001110000011000011100110,2,0,1,1.078
2,01110111011111101001001010100011000001100000100001000010001110000011000011100110,11110111011111101001001011100011000001100000100001000010001110000011000011100110,2,0,1,0.57
2,01110111011111101001001011000011000001100000100001000010001110000011000011100110,11110111011111101001001011100011000001100000100001000010001110000011000011100110,2,0,1,0.008
2,01110111011111101001001011100001000001100000100001000010001110000011000011100110,11110111011111101001001011100011000001100000100001000010001110000011000011100110,2,0,1,0.585
2,01110111011111101001001011100010000001100000100001000010001110000011000011100110,11110111011111101001001011100011000001100000100001000010001110000011000011100110,2,0,1,0.005
2,01110111011111101001001011100011000000100000100001000010001110000011000011100110,11110111011111101001001011100011000001100000100001000010001110000011000011100110,2,0,1,0.518
2,01110111011111101001001011100011000001000000100001000010001110000011000011100110,11110111011111101001001011100011000001100000100001000010001110000011000011100110,2,0,1,0.007
2,01110111011111101001001011100011000001100000000001000010001110000011000011100110,11110111011111101001001011100011000001100000100001000010001110000011000011100110,2,0,1,0.009
2,01110111011111101001001011100011000001100000100000000010001110000011000011100110,11110111011111101001001011100011000001100000100001000010001110000011000011100110,2,0,1,0.009
2,01110111011111101001001011100011000001100000100001000000001110000011000011100110,11110111011111101001001011100011000001100000100001000010001110000011000011100110,2,0,1,0.01
2,01110111011111101001001011100011000001100000100001000010000110000011000011100110,11110111011111101001001011100011000001100000100001000010001110000011000011100110,2,0,1,0.007
2,01110111011111101001001011100011000001100000100001000010001010000011000011100110,11110111011111101001001011100011000001100000100001000010001110000011000011100110,2,0,1,0.009
2,01110111011111101001001011100011000001100000100001000010001100000011000011100110,11110111011111101001001011100011000001100000100001000010001110000011000011100110,2,0,1,0.007
2,01110111011111101001001011100011000001100000100001000010001110000001000011100110,11110111011111101001001011100011000001100000100001000010001110000011000011100110,2,0,1,0.005
2,01110111011111101001001011100011000001100000100001000010001110000010000011100110,11110111011111101001001011100011000001100000100001000010001110000011000011100110,2,0,1,0.007
2,01110111011111101001001011100011000001100000100001000010001110000011000001100110,11110111011111101001001011100011000001100000100001000010001110000011000011100110,2,0,1,0.009
2,01110111011111101001001011100011000001100000100001000010001110000011000010100110,11110111011111101001001011100011000001100000100001000010001110000011000011100110,2,0,1,0.009
2,01110111011111101001001011100011000001100000100001000010001110000011000011000110,11110111011111101001001011100011000001100000100001000010001110000011000011100110,2,0,1,1.872
2,01110111011111101001001011100011000001100000100001000010001110000011000011100010,11110111011111101001001011100011000001100000100001000010001110000011000011100110,2,0,1,0.01
2,01110111011111101001001011100011000001100000100001000010001110000011000011100100,01010111011111111011001011100011000001100100100001010011001110000111000011100100,2,0,0,0.026
2,10010111011111101001001011100011000001100000100001000010001110000011000011100110,11110111011111101001001011100011000001100000100001000010001110000011000011100110,2,0,1,0.007
2,10100111011111101001001011100011000001100000100001000010001110000011000011100110,11110111011111101001001011100011000001100000100001000010001110000011000011100110,2,0,1,0.007
2,10110011011111101001001011100011000001100000100001000010001110000011000011100110,11110111011111101001001011100011000001100000100001000010001110000011000011100110,2,0,1,0.009
2,10110101011111101001001011100011000001100000100001000010001110000011000011100110,11110111011111101001001011100011000001100000100001000010001110000011000011100110,2,0,1,0.007
2,10110110011111101001001011100011000001100000100001000010001110000011000011100110,11110111011111101001001011100011000001100000100001000010001110000011000011100110,2,0,1,0.009
2,10110111001111101001001011100011000001100000100001000010001110000011000011100110,11110111011111101001001011100011000001100000100001000010001110000011000011100110,2,0,1,0.008
2,10110111010111101001001011100011000001100000100001000010001110000011000011100110,11110111011111101001001011100011000001100000100001000010001110000011000011100110,2,0,1,0.528
2,10110111011011101001001011100011000001100000100001000010001110000011000011100110,11110111011111101001001011100011000001100000100001000010001110000011000011100110,2,0,1,0.005
2,10110111011101101001001011100011000001100000100001000010001110000011000011100110,11110111011111101001001011100011000001100000100001000010001110000011000011100110,2,0,1,0.006
2,10110111011110101001001011100011000001100000100001000010001110000011000011100110,11110111011111101001001011100011000001100000100001000010001110000011000011100110,2,0,1,0.006
2,10110111011111001001001011100011000001100000100001000010001110000011000011100110,11110111011111101001001011100011000001100000100001000010001110000011000011100110,2,0,1,0.007
2,10110111011111100001001011100011000001100000100001000010001110000011000011100110,11110111011111101001001011100011000001100000100001000010001110000011000011100110,2,0,1,0.006
2,10110111011111101000001011100011000001100000100001000010001110000011000011100110,11110111011111101001001011100011000001100000100001000010001110000011000011100110,2,0,1,0.007
2,10110111011111101001000011100011000001100000100001000010001110000011000011100110,11110111011111101001001011100011000001100000100001000010001110000011000011100110,2,0,1,0.007
2,10110111011111101001001001100011000001100000100001000010001110000011000011100110,11110111011111101001001011100011000001100000100001000010001110000011000011100110,2,0,1,0.008
2,10110111011111101001001010100011000001100000100001000010001110000011000011100110,11110111011111101001001011100011000001100000100001000010001110000011000011100110,2,0,1,0.01
2,10110111011111101001001011000011000001100000100001000010001110000011000011100110,11110111011111101001001011100011000001100000100001000010001110000011000011100110,2,0,1,1.239
2,10110111011111101001001011100001000001100000100001000010001110000011000011100110,11110111011111101001001011100011000001100000100001000010001110000011000011100110,2,0,1,0.007
2,10110111011111101001001011100010000001100000100001000010001110000011000011100110,11110111011111101001001011100011000001100000100001000010001110000011000011100110,2,0,1,0.006
2,10110111011111101001001011100011000000100000100001000010001110000011000011100110,11110111011111101001001011100011000001100000100001000010001110000011000011100110,2,0,1,0.009
2,10110111011111101001001011100011000001000000100001000010001110000011000011100110,11110111011111101001001011100011000001100000100001000010001110000011000011100110,2,0,1,0.007
2,10110111011111101001001011100011000001100000000001000010001110000011000011100110,11110111011111101001001011100011000001100000100001000010001110000011000011100110,2,0,1,0.008
2,10110111011111101001001011100011000001100000100000000010001110000011000011100110,11110111011111101001001011100011000001100000100001000010001110000011000011100110,2,0,1,0.009
2,10110111011111101001001011100011000001100000100001000000001110000011000011100110,11110111011111101001001011100011000001100000100001000010001110000011000011100110,2,0,1,0.597
2,10110111011111101001001011100011000001100000100001000010000110000011000011100110,11110111011111101001001011100011000001100000100001000010001110000011000011100110,2,0,1,0.007
2,10110111011111101001001011100011000001100000100001000010001010000011000011100110,11110111011111101001001011100011000001100000100001000010001110000011000011100110,2,0,1,0.009
2,10110111011111101001001011100011000001100000100001000010001100000011000011100110,11110111011111101001001011100011000001100000100001000010001110000011000011100110,2,0,1,0.01
2,10110111011111101001001011100011000001100000100001000010001110000001000011100110,11110111011111101001001011100011000001100000100001000010001110000011000011100110,2,0,1,0.006
2,10110111011111101001001011100011000001100000100001000010001110000010000011100110,11110111011111101001001011100011000001100000100001000010001110000011000011100110,2,0,1,0.006
2,10110111011111101001001011100011000001100000100001000010001110000011000001100110,11110111011111101001001011100011000001100000100001000010001110000011000011100110,2,0,1,0.009
2,10110111011111101001001011100011000001100000100001000010001110000011000010100110,11110111011111101001001011100011000001100000100001000010001110000011000011100110,2,0,1,0.009
2,10110111011111101001001011100011000001100000100001000010001110000011000011000110,11110111011111101001001011100011000001100000100001000010001110000011000011100110,2,0,1,0.008
2,10110111011111101001001011100011000001100000100001000010001110000011000011100010,11110111011111101001001011100011000001100000100001000010001110000011000011100110,2,0,1,1.765
2,10110111011111101001001011100011000001100000100001000010001110000011000011100100,11110111011111101001001011100011000001100000100001000010001110000011000011100110,2,0,1,0.016
2,11000111011111101001001011100011000001100000100001000010001110000011000011100110,11110111011111101001001011100011000001100000100001000010001110000011000011100110,2,0,1,0.015
2,11010011011111101001001011100011000001100000100001000010001110000011000011100110,11110111011111101001001011100011000001100000100001000010001110000011000011100110,2,0,1,0.009
2,11010101011111101001001011100011000001100000100001000010001110000011000011100110,11110111011111101001001011100011000001100000100001000010001110000011000011100110,2,0,1,0.011
2,11010110011111101001001011100011000001100000100001000010001110000011000011100110,11110111011111101001001011100011000001100000100001000010001110000011000011100110,2,0,1,0.012
2,11010111001111101001001011100011000001100000100001000010001110000011000011100110,11110111011111101001001011100011000001100000100001000010001110000011000011100110,2,0,1,0.565
2,11010111010111101001001011100011000001100000100001000010001110000011000011100110,11110111011111101001001011100011000001100000100001000010001110000011000011100110,2,0,1,0.008
2,11010111011011101001001011100011000001100000100001000010001110000011000011100110,11110111011111101001001011100011000001100000100001000010001110000011000011100110,2,0,1,0.006
2,11010111011101101001001011100011000001100000100001000010001110000011000011100110,11110111011111101001001011100011000001100000100001000010001110000011000011100110,2,0,1,0.005
2,11010111011110101001001011100011000001100000100001000010001110000011000011100110,11110111011111101001001011100011000001100000100001000010001110000011000011100110,2,0,1,0.006
2,11010111011111001001001011100011000001100000100001000010001110000011000011100110,11110111011111101001001011100011000001100000100001000010001110000011000011100110,2,0,1,0.006
2,11010111011111100001001011100011000001100000100001000010001110000011000011100110,11110111011111101001001011100011000001100000100001000010001110000011000011100110,2,0,1,0.005
2,11010111011111101000001011100011000001100000100001000010001110000011000011100110,11110111011111101001001011100011000001100000100001000010001110000011000011100110,2,0,1,0.009
2,11010111011111101001000011100011000001100000100001000010001110000011000011100110,11110111011111101001001011100011000001100000100001000010001110000011000011100110,2,0,1,0.008
2,11010111011111101001001001100011000001100000100001000010001110000011000011100110,11110111011111101001001011100011000001100000100001000010001110000011000011100110,2,0,1,0.594
2,11010111011111101001001010100011000001100000100001000010001110000011000011100110,11110111011111101001001011100011000001100000100001000010001110000011000011100110,2,0,1,2.275
2,11010111011111101001001011000011000001100000100001000010001110000011000011100110,11110111011111101001001011100011000001100000100001000010001110000011000011100110,2,0,1,0.008
2,11010111011111101001001011100001000001100000100001000010001110000011000011100110,11110111011111101001001011100011000001100000100001000010001110000011000011100110,2,0,1,0.008
2,11010111011111101001001011100010000001100000100001000010001110000011000011100110,11110111011111101001001011100011000001100000100001000010001110000011000011100110,2,0,1,0.005
2,11010111011111101001001011100011000000100000100001000010001110000011000011100110,11110111011111101001001011100011000001100000100001000010001110000011000011100110,2,0,1,1.319
2,11010111011111101001001011100011000001000000100001000010001110000011000011100110,11110111011111101001001011100011000001100000100001000010001110000011000011100110,2,0,1,0.006
2,11010111011111101001001011100011000001100000000001000010001110000011000011100110,11110111011111101001001011100011000001100000100001000010001110000011000011100110,2,0,1,0.008
2,11010111011111101001001011100011000001100000100000000010001110000011000011100110,11110111011111101001001011100011000001100000100001000010001110000011000011100110,2,0,1,0.01
2,11010111011111101001001011100011000001100000100001000000001110000011000011100110,11110111011111101001001011100011000001100000100001000010001110000011000011100110,2,0,1,0.01
2,11010111011111101001001011100011000001100000100001000010000110000011000011100110,11110111011111101001001011100011000001100000100001000010001110000011000011100110,2,0,1,0.007
2,11010111011111101001001011100011000001100000100001000010001010000011000011100110,11110111011111101001001011100011000001100000100001000010001110000011000011100110,2,0,1,0.009
2,11010111011111101001001011100011000001100000100001000010001100000011000011100110,11110111011111101001001011100011000001100000100001000010001110000011000011100110,2,0,1,0.601
2,11010111011111101001001011100011000001100000100001000010001110000001000011100110,11110111011111101001001011100011000001100000100001000010001110000011000011100110,2,0,1,0.006
2,11010111011111101001001011100011000001100000100001000010001110000010000011100110,11110111011111101001001011100011000001100000100001000010001110000011000011100110,2,0,1,0.006
2,11010111011111101001001011100011000001100000100001000010001110000011000001100110,11110111011111101001001011100011000001100000100001000010001110000011000011100110,2,0,1,0.01
2,11010111011111101001001011100011000001100000100001000010001110000011000010100110,11110111011111101001001011100011000001100000100001000010001110000011000011100110,2,0,1,0.007
2,11010111011111101001001011100011000001100000100001000010001110000011000011000110,11110111011111101001001011100011000001100000100001000010001110000011000011100110,2,0,1,0.01
2,11010111011111101001001011100011000001100000100001000010001110000011000011100010,11110111011111101001001011100011000001100000100001000010001110000011000011100110,2,0,1,0.01
2,11010111011111101001001011100011000001100000100001000010001110000011000011100100,01010111011111111011001011100011000001100100100001010011001110000111000011100100,2,0,0,0.025
2,11100011011111101001001011100011000001100000100001000010001110000011000011100110,11110111011111101001001011100011000001100000100001000010001110000011000011100110,2,0,1,0.764
2,11100101011111101001001011100011000001100000100001000010001110000011000011100110,11110111011111101001001011100011000001100000100001000010001110000011000011100110,2,0,1,0.009
2,11100110011111101001001011100011000001100000100001000010001110000011000011100110,11110111011111101001001011100011000001100000100001000010001110000011000011100110,2,0,1,0.008
2,11100111001111101001001011100011000001100000100001000010001110000011000011100110,11110111011111101001001011100011000001100000100001000010001110000011000011100110,2,0,1,0.009
2,11100111010111101001001011100011000001100000100001000010001110000011000011100110,11110111011111101001001011100011000001100000100001000010001110000011000011100110,2,0,1,0.869
2,11100111011011101001001011100011000001100000100001000010001110000011000011100110,11110111011111101001001011100011000001100000100001000010001110000011000011100110,2,0,1,0.006
2,11100111011101101001001011100011000001100000100001000010001110000011000011100110,11110111011111101001001011100011000001100000100001000010001110000011000011100110,2,0,1,0.007
2,11100111011110101001001011100011000001100000100001000010001110000011000011100110,11110111011111101001001011100011000001100000100001000010001110000011000011100110,2,0,1,0.006
2,11100111011111001001001011100011000001100000100001000010001110000011000011100110,11110111011111101001001011100011000001100000100001000010001110000011000011100110,2,0,1,0.005
2,11100111011111100001001011100011000001100000100001000010001110000011000011100110,11110111011111101001001011100011000001100000100001000010001110000011000011100110,2,0,1,0.007
2,11100111011111101000001011100011000001100000100001000010001110000011000011100110,11110111011111101001001011100011000001100000100001000010001110000011000011100110,2,0,1,0.008
2,11100111011111101001000011100011000001100000100001000010001110000011000011100110,11110111011111101001001011100011000001100000100001000010001110000011000011100110,2,0,1,1.673
2,11100111011111101001001001100011000001100000100001000010001110000011000011100110,11110111011111101001001011100011000001100000100001000010001110000011000011100110,2,0,1,0.008
2,11100111011111101001001010100011000001100000100001000010001110000011000011100110,11110111011111101001001011100011000001100000100001000010001110000011000011100110,2,0,1,0.009
2,11100111011111101001001011000011000001100000100001000010001110000011000011100110,11110111011111101001001011100011000001100000100001000010001110000011000011100110,2,0,1,0.008
2,11100111011111101001001011100001000001100000100001000010001110000011000011100110,11110111011111101001001011100011000001100000100001000010001110000011000011100110,2,0,1,0.009
2,11100111011111101001001011100010000001100000100001000010001110000011000011100110,11110111011111101001001011100011000001100000100001000010001110000011000011100110,2,0,1,0.006
2,11100111011111101001001011100011000000100000100001000010001110000011000011100110,11110111011111101001001011100011000001100000100001000010001110000011000011100110,2,0,1,0.008
2,11100111011111101001001011100011000001000000100001000010001110000011000011100110,11110111011111101001001011100011000001100000100001000010001110000011000011100110,2,0,1,0.006
2,11100111011111101001001011100011000001100000000001000010001110000011000011100110,11110111011111101001001011100011000001100000100001000010001110000011000011100110,2,0,1,0.009
2,11100111011111101001001011100011000001100000100000000010001110000011000011100110,11110111011111101001001011100011000001100000100001000010001110000011000011100110,2,0,1,1.072
2,11100111011111101001001011100011000001100000100001000000001110000011000011100110,11110111011111101001001011100011000001100000100001000010001110000011000011100110,2,0,1,0.01
2,11100111011111101001001011100011000001100000100001000010000110000011000011100110,11110111011111101001001011100011000001100000100001000010001110000011000011100110,2,0,1,0.006
2,11100111011111101001001011100011000001100000100001000010001010000011000011100110,11100111011111111011001011100011100001100000100001000010001110010111000011100011,2,0,0,1.43
2,11100111011111101001001011100011000001100000100001000010001100000011000011100110,11110111011111101001001011100011000001100000100001000010001110000011000011100110,2,0,1,0.009
2,11100111011111101001001011100011000001100000100001000010001110000001000011100110,11110111011111101001001011100011000001100000100001000010001110000011000011100110,2,0,1,0.006
2,11100111011111101001001011100011000001100000100001000010001110000010000011100110,11110111011111101001001011100011000001100000100001000010001110000011000011100110,2,0,1,0.005
2,11100111011111101001001011100011000001100000100001000010001110000011000001100110,11110111011111101001001011100011000001100000100001000010001110000011000011100110,2,0,1,0.008
2,11100111011111101001001011100011000001100000100001000010001110000011000010100110,11110111011111101001001011100011000001100000100001000010001110000011000011100110,2,0,1,0.01
2,11100111011111101001001011100011000001100000100001000010001110000011000011000110,11110111011111101001001011100011000001100000100001000010001110000011000011100110,2,0,1,0.009
2,11100111011111101001001011100011000001100000100001000010001110000011000011100010,11110111011111101001001011100011000001100000100001000010001110000011000011100110,2,0,1,0.01
2,11100111011111101001001011100011000001100000100001000010001110000011000011100100,11110111011111101001001011100011000001100000100001000010001110000011000011100110,2,0,1,0.009
2,11110001011111101001001011100011000001100000100001000010001110000011000011100110,11110111011111101001001011100011000001100000100001000010001110000011000011100110,2,0,1,0.007
2,11110010011111101001001011100011000001100000100001000010001110000011000011100110,11110111011111101001001011100011000001100000100001000010001110000011000011100110,2,0,1,0.009
2,11110011001111101001001011100011000001100000100001000010001110000011000011100110,11110111011111101001001011100011000001100000100001000010001110000011000011100110,2,0,1,0.009
2,11110011010111101001001011100011000001100000100001000010001110000011000011100110,11110111011111101001001011100011000001100000100001000010001110000011000011100110,2,0,1,0.009
2,11110011011011101001001011100011000001100000100001000010001110000011000011100110,11110111011111101001001011100011000001100000100001000010001110000011000011100110,2,0,1,0.007
2,11110011011101101001001011100011000001100000100001000010001110000011000011100110,11110111011111101001001011100011000001100000100001000010001110000011000011100110,2,0,1,0.006
2,11110011011110101001001011100011000001100000100001000010001110000011000011100110,11110111011111101001001011100011000001100000100001000010001110000011000011100110,2,0,1,0.006
2,11110011011111001001001011100011000001100000100001000010001110000011000011100110,11110111011111101001001011100011000001100000100001000010001110000011000011100110,2,0,1,0.005
2,11110011011111100001001011100011000001100000100001000010001110000011000011100110,11110111011111101001001011100011000001100000100001000010001110000011000011100110,2,0,1,0.007
2,11110011011111101000001011100011000001100000100001000010001110000011000011100110,11110111011111101001001011100011000001100000100001000010001110000011000011100110,2,0,1,0.008
2,11110011011111101001000011100011000001100000100001000010001110000011000011100110,11110111011111101001001011100011000001100000100001000010001110000011000011100110,2,0,1,0.765
2,11110011011111101001001001100011000001100000100001000010001110000011000011100110,11110111011111101001001011100011000001100000100001000010001110000011000011100110,2,0,1,0.009
2,11110011011111101001001010100011000001100000100001000010001110000011000011100110,11110111011111101101001010100011000001110000100001001110001110000111100011100110,2,0,0,0.073
2,11110011011111101001001011000011000001100000100001000010001110000011000011100110,11110111011111101001001011100011000001100000100001000010001110000011000011100110,2,0,1,0.639
2,11110011011111101001001011100001000001100000100001000010001110000011000011100110,11110111011111101001001011100011000001100000100001000010001110000011000011100110,2,0,1,0.009
2,11110011011111101001001011100010000001100000100001000010001110000011000011100110,11110111011111101001001011100011000001100000100001000010001110000011000011100110,2,0,1,0.006
2,11110011011111101001001011100011000000100000100001000010001110000011000011100110,11110111011111101001001011100011000001100000100001000010001110000011000011100110,2,0,1,0.008
2,11110011011111101001001011100011000001000000100001000010001110000011000011100110,11110111011111101001001011100011000001100000100001000010001110000011000011100110,2,0,1,0.006
2,11110011011111101001001011100011000001100000000001000010001110000011000011100110,11110111011111101001001011100011000001100000100001000010001110000011000011100110,2,0,1,0.008
2,11110011011111101001001011100011000001100000100000000010001110000011000011100110,11110111011111101001001011100011000001100000100001000010001110000011000011100110,2,0,1,0.597
2,11110011011111101001001011100011000001100000100001000000001110000011000011100110,11110111011111101001001011100011000001100000100001000010001110000011000011100110,2,0,1,1.18
2,11110011011111101001001011100011000001100000100001000010000110000011000011100110,11110111011111101001001011100011000001100000100001000010001110000011000011100110,2,0,1,0.006
2,11110011011111101001001011100011000001100000100001000010001010000011000011100110,11110111011111101001001011100011000001100000100001000010001110000011000011100110,2,0,1,0.009
2,11110011011111101001001011100011000001100000100001000010001100000011000011100110,11110111011111101001001011100011000001100000100001000010001110000011000011100110,2,0,1,1.195
2,11110011011111101001001011100011000001100000100001000010001110000001000011100110,11110111011111101001001011100011000001100000100001000010001110000011000011100110,2,0,1,0.006
2,11110011011111101001001011100011000001100000100001000010001110000010000011100110,11110111011111101001001011100011000001100000100001000010001110000011000011100110,2,0,1,0.005
2,11110011011111101001001011100011000001100000100001000010001110000011000001100110,11110111011111101001001011100011000001100000100001000010001110000011000011100110,2,0,1,0.009
2,11110011011111101001001011100011000001100000100001000010001110000011000010100110,11110111011111101001001011100011000001100000100001000010001110000011000011100110,2,0,1,0.009
2,11110011011111101001001011100011000001100000100001000010001110000011000011000110,11110111011111101001001011100011000001100000100001000010001110000011000011100110,2,0,1,0.009
2,11110011011111101001001011100011000001100000100001000010001110000011000011100010,11110111011111101001001011100011000001100000100001000010001110000011000011100110,2,0,1,0.008
2,11110011011111101001001011100011000001100000100001000010001110000011000011100100,11110111011111101001001011100011000001100000100001000010001110000011000011100110,2,0,1,0.008
2,11110100011111101001001011100011000001100000100001000010001110000011000011100110,11110111011111101001001011100011000001100000100001000010001110000011000011100110,2,0,1,0.008
2,11110101001111101001001011100011000001100000100001000010001110000011000011100110,11110111011111101001001011100011000001100000100001000010001110000011000011100110,2,0,1,0.008
2,11110101010111101001001011100011000001100000100001000010001110000011000011100110,11110111011111101001001011100011000001100000100001000010001110000011000011100110,2,0,1,0.009
2,11110101011011101001001011100011000001100000100001000010001110000011000011100110,11110111011111101001001011100011000001100000100001000010001110000011000011100110,2,0,1,0.005
2,11110101011101101001001011100011000001100000100001000010001110000011000011100110,11110111011111101001001011100011000001100000100001000010001110000011000011100110,2,0,1,0.006
2,11110101011110101001001011100011000001100000100001000010001110000011000011100110,11110111011111101001001011100011000001100000100001000010001110000011000011100110,2,0,1,0.007
2,11110101011111001001001011100011000001100000100001000010001110000011000011100110,11110111011111101001001011100011000001100000100001000010001110000011000011100110,2,0,1,0.007
2,11110101011111100001001011100011000001100000100001000010001110000011000011100110,11110111011111101001001011100011000001100000100001000010001110000011000011100110,2,0,1,0.007
2,11110101011111101000001011100011000001100000100001000010001110000011000011100110,11110111011111101001001011100011000001100000100001000010001110000011000011100110,2,0,1,0.006
2,11110101011111101001000011100011000001100000100001000010001110000011000011100110,11110111011111101001001011100011000001100000100001000010001110000011000011100110,2,0,1,0.007
2,11110101011111101001001001100011000001100000100001000010001110000011000011100110,11110111011111101001001011100011000001100000100001000010001110000011000011100110,2,0,1,0.01
2,11110101011111101001001010100011000001100000100001000010001110000011000011100110,11110111011111101001001011100011000001100000100001000010001110000011000011100110,2,0,1,0.008
2,11110101011111101001001011000011000001100000100001000010001110000011000011100110,11110111011111101001001011100011000001100000100001000010001110000011000011100110,2,0,1,0.593
2,11110101011111101001001011100001000001100000100001000010001110000011000011100110,11110111011111101001001011100011000001100000100001000010001110000011000011100110,2,0,1,0.009
2,11110101011111101001001011100010000001100000100001000010001110000011000011100110,11110111011111101001001011100011000001100000100001000010001110000011000011100110,2,0,1,0.005
2,11110101011111101001001011100011000000100000100001000010001110000011000011100110,11110111011111101001001011100011000001100000100001000010001110000011000011100110,2,0,1,1.099
2,11110101011111101001001011100011000001000000100001000010001110000011000011100110,11110111011111101001001011100011000001100000100001000010001110000011000011100110,2,0,1,0.006
2,11110101011111101001001011100011000001100000000001000010001110000011000011100110,11110111011111101001001011100011000001100000100001000010001110000011000011100110,2,0,1,0.507
2,11110101011111101001001011100011000001100000100000000010001110000011000011100110,11110111011111101001001011100011000001100000100001000010001110000011000011100110,2,0,1,0.008
2,11110101011111101001001011100011000001100000100001000000001110000011000011100110,01110101011111101111111011100011000011100110100001000000001110000011000011100110,2,0,0,1.676
2,11110101011111101001001011100011000001100000100001000010000110000011000011100110,11110111011111101001001011100011000001100000100001000010001110000011000011100110,2,0,1,0.005
2,11110101011111101001001011100011000001100000100001000010001010000011000011100110,11110111011111101001001011100011000001100000100001000010001110000011000011100110,2,0,1,0.009
2,11110101011111101001001011100011000001100000100001000010001100000011000011100110,11110111011111101001001011100011000001100000100001000010001110000011000011100110,2,0,1,0.402
2,11110101011111101001001011100011000001100000100001000010001110000001000011100110,11110111011111101001001011100011000001100000100001000010001110000011000011100110,2,0,1,0.006
2,11110101011111101001001011100011000001100000100001000010001110000010000011100110,11110111011111101001001011100011000001100000100001000010001110000011000011100110,2,0,1,0.007
2,11110101011111101001001011100011000001100000100001000010001110000011000001100110,11110111011111101001001011100011000001100000100001000010001110000011000011100110,2,0,1,0.008
2,11110101011111101001001011100011000001100000100001000010001110000011000010100110,11110111011111101001001011100011000001100000100001000010001110000011000011100110,2,0,1,0.011
2,11110101011111101001001011100011000001100000100001000010001110000011000011000110,11110111011111101001001011100011000001100000100001000010001110000011000011100110,2,0,1,0.01
2,11110101011111101001001011100011000001100000100001000010001110000011000011100010,11110111011111101001001011100011000001100000100001000010001110000011000011100110,2,0,1,0.009
2,11110101011111101001001011100011000001100000100001000010001110000011000011100100,11110111011111101001001011100011000001100000100001000010001110000011000011100110,2,0,1,0.009
2,11110110001111101001001011100011000001100000100001000010001110000011000011100110,11110110001111101001001011101011000001100000100011001010001110101111100111100110,2,0,0,0.316
2,11110110010111101001001011100011000001100000100001000010001110000011000011100110,11110111011111101001001011100011000001100000100001000010001110000011000011100110,2,0,1,0.009
2,11110110011011101001001011100011000001100000100001000010001110000011000011100110,11110111011111101001001011100011000001100000100001000010001110000011000011100110,2,0,1,0.007
2,11110110011101101001001011100011000001100000100001000010001110000011000011100110,11110111011111101001001011100011000001100000100001000010001110000011000011100110,2,0,1,0.007
2,11110110011110101001001011100011000001100000100001000010001110000011000011100110,11110111011111101001001011100011000001100000100001000010001110000011000011100110,2,0,1,0.005
2,11110110011111001001001011100011000001100000100001000010001110000011000011100110,11110111011111101001001011100011000001100000100001000010001110000011000011100110,2,0,1,0.006
2,11110110011111100001001011100011000001100000100001000010001110000011000011100110,11110111011111101001001011100011000001100000100001000010001110000011000011100110,2,0,1,0.006
2,11110110011111101000001011100011000001100000100001000010001110000011000011100110,11110111011111101001001011100011000001100000100001000010001110000011000011100110,2,0,1,0.008
2,11110110011111101001000011100011000001100000100001000010001110000011000011100110,11110111011111101001001011100011000001100000100001000010001110000011000011100110,2,0,1,0.007
2,11110110011111101001001001100011000001100000100001000010001110000011000011100110,11110111011111101001001011100011000001100000100001000010001110000011000011100110,2,0,1,2.613
2,11110110011111101001001010100011000001100000100001000010001110000011000011100110,11110111011111101001001011100011000001100000100001000010001110000011000011100110,2,0,1,0.625
2,11110110011111101001001011000011000001100000100001000010001110000011000011100110,11110111011111101001001011100011000001100000100001000010001110000011000011100110,2,0,1,0.007
2,11110110011111101001001011100001000001100000100001000010001110000011000011100110,11110111011111101001001011100011000001100000100001000010001110000011000011100110,2,0,1,0.008
2,11110110011111101001001011100010000001100000100001000010001110000011000011100110,11110111011111101001001011100011000001100000100001000010001110000011000011100110,2,0,1,0.006
2,11110110011111101001001011100011000000100000100001000010001110000011000011100110,11110111011111101001001011100011000001100000100001000010001110000011000011100110,2,0,1,0.008
2,11110110011111101001001011100011000001000000100001000010001110000011000011100110,11110111011111101001001011100011000001100000100001000010001110000011000011100110,2,0,1,0.005
2,11110110011111101001001011100011000001100000000001000010001110000011000011100110,11110111011111101001001011100011000001100000100001000010001110000011000011100110,2,0,1,0.009
2,11110110011111101001001011100011000001100000100000000010001110000011000011100110,11110111011111101001001011100011000001100000100001000010001110000011000011100110,2,0,1,2.23
2,11110110011111101001001011100011000001100000100001000000001110000011000011100110,11110111011111101001001011100011000001100000100001000010001110000011000011100110,2,0,1,0.009
2,11110110011111101001001011100011000001100000100001000010000110000011000011100110,11110111011111101001001011100011000001100000100001000010001110000011000011100110,2,0,1,0.006
2,11110110011111101001001011100011000001100000100001000010001010000011000011100110,11110110011111101101011011101011000011100100100001010010001010000011000011101110,2,0,0,1.135
2,11110110011111101001001011100011000001100000100001000010001100000011000011100110,11110111011111101001001011100011000001100000100001000010001110000011000011100110,2,0,1,0.008
2,11110110011111101001001011100011000001100000100001000010001110000001000011100110,11110111011111101001001011100011000001100000100001000010001110000011000011100110,2,0,1,0.007
2,11110110011111101001001011100011000001100000100001000010001110000010000011100110,11110111011111101001001011100011000001100000100001000010001110000011000011100110,2,0,1,0.007
2,11110110011111101001001011100011000001100000100001000010001110000011000001100110,11110111011111101001001011100011000001100000100001000010001110000011000011100110,2,0,1,0.009
2,11110110011111101001001011100011000001100000100001000010001110000011000010100110,11110111011111101001001011100011000001100000100001000010001110000011000011100110,2,0,1,0.008
2,11110110011111101001001011100011000001100000100001000010001110000011000011000110,11110111011111101001001011100011000001100000100001000010001110000011000011100110,2,0,1,0.009
2,11110110011111101001001011100011000001100000100001000010001110000011000011100010,11110111011111101001001011100011000001100000100001000010001110000011000011100110,2,0,1,0.009
2,11110110011111101001001011100011000001100000100001000010001110000011000011100100,11110111011111101001001011100011000001100000100001000010001110000011000011100110,2,0,1,0.01
2,11110111000111101001001011100011000001100000100001000010001110000011000011100110,11110111011111101001001011100011000001100000100001000010001110000011000011100110,2,0,1,0.008
2,11110111001011101001001011100011000001100000100001000010001110000011000011100110,11110111011111101001001011100011000001100000100001000010001110000011000011100110,2,0,1,0.006
2,11110111001101101001001011100011000001100000100001000010001110000011000011100110,11110111011111101001001011100011000001100000100001000010001110000011000011100110,2,0,1,0.006
2,11110111001110101001001011100011000001100000100001000010001110000011000011100110,11110111011111101001001011100011000001100000100001000010001110000011000011100110,2,0,1,0.006
2,11110111001111001001001011100011000001100000100001000010001110000011000011100110,11110111011111101001001011100011000001100000100001000010001110000011000011100110,2,0,1,0.006
2,11110111001111100001001011100011000001100000100001000010001110000011000011100110,11110111011111101001001011100011000001100000100001000010001110000011000011100110,2,0,1,0.006
2,11110111001111101000001011100011000001100000100001000010001110000011000011100110,11110111011111101001001011100011000001100000100001000010001110000011000011100110,2,0,1,0.008
2,11110111001111101001000011100011000001100000100001000010001110000011000011100110,11110111011111101001001011100011000001100000100001000010001110000011000011100110,2,0,1,0.008
2,11110111001111101001001001100011000001100000100001000010001110000011000011100110,11110111011111101001001011100011000001100000100001000010001110000011000011100110,2,0,1,0.614
2,11110111001111101001001010100011000001100000100001000010001110000011000011100110,11110111011111101001001011100011000001100000100001000010001110000011000011100110,2,0,1,0.474
2,11110111001111101001001011000011000001100000100001000010001110000011000011100110,11110111011111101001001011100011000001100000100001000010001110000011000011100110,2,0,1,0.006
2,11110111001111101001001011100001000001100000100001000010001110000011000011100110,11110111011111101001001011100011000001100000100001000010001110000011000011100110,2,0,1,0.009
2,11110111001111101001001011100010000001100000100001000010001110000011000011100110,11110111011111101001001011100011000001100000100001000010001110000011000011100110,2,0,1,0.006
2,11110111001111101001001011100011000000100000100001000010001110000011000011100110,11110111011111101001001011100011000001100000100001000010001110000011000011100110,2,0,1,0.007
2,11110111001111101001001011100011000001000000100001000010001110000011000011100110,11110111011111101001001011100011000001100000100001000010001110000011000011100110,2,0,1,0.005
2,11110111001111101001001011100011000001100000000001000010001110000011000011100110,11110111011111101001001011100011000001100000100001000010001110000011000011100110,2,0,1,0.009
2,11110111001111101001001011100011000001100000100000000010001110000011000011100110,11110111011111101001001011100011000001100000100001000010001110000011000011100110,2,0,1,0.007
2,11110111001111101001001011100011000001100000100001000000001110000011000011100110,11110111011111101001001011100011000001100000100001000010001110000011000011100110,2,0,1,0.009
2,11110111001111101001001011100011000001100000100001000010000110000011000011100110,11110111011111101001001011100011000001100000100001000010001110000011000011100110,2,0,1,0.006
2,11110111001111101001001011100011000001100000100001000010001010000011000011100110,11110111011111101001001011100011000001100000100001000010001110000011000011100110,2,0,1,0.008
2,11110111001111101001001011100011000001100000100001000010001100000011000011100110,11110111011111101001001011100011000001100000100001000010001110000011000011100110,2,0,1,0.008
2,11110111001111101001001011100011000001100000100001000010001110000001000011100110,11110111011111101001001011100011000001100000100001000010001110000011000011100110,2,0,1,0.006
2,11110111001111101001001011100011000001100000100001000010001110000010000011100110,11110111011111101001001011100011000001100000100001000010001110000011000011100110,2,0,1,0.006
2,11110111001111101001001011100011000001100000100001000010001110000011000001100110,11110111011111101001001011100011000001100000100001000010001110000011000011100110,2,0,1,0.009
2,11110111001111101001001011100011000001100000100001000010001110000011000010100110,11110111011111101101011011101011000001100000100001001010001110011111000010100110,2,0,0,0.142
2,11110111001111101001001011100011000001100000100001000010001110000011000011000110,11110111011111101001001011100011000001100000100001000010001110000011000011100110,2,0,1,0.009
2,11110111001111101001001011100011000001100000100001000010001110000011000011100010,11110111011111101001001011100011000001100000100001000010001110000011000011100110,2,0,1,0.008
2,11110111001111101001001011100011000001100000100001000010001110000011000011100100,11110111011111101001001011100011000001100000100001000010001110000011000011100110,2,0,1,0.009
2,11110111010011101001001011100011000001100000100001000010001110000011000011100110,11110111011111101001001011100011000001100000100001000010001110000011000011100110,2,0,1,0.006
2,11110111010101101001001011100011000001100000100001000010001110000011000011100110,11110111011111101001001011100011000001100000100001000010001110000011000011100110,2,0,1,0.006
2,11110111010110101001001011100011000001100000100001000010001110000011000011100110,11110111011111101001001011100011000001100000100001000010001110000011000011100110,2,0,1,0.006
2,11110111010111001001001011100011000001100000100001000010001110000011000011100110,11110111011111101001001011100011000001100000100001000010001110000011000011100110,2,0,1,0.006
2,11110111010111100001001011100011000001100000100001000010001110000011000011100110,11110111011111101001001011100011000001100000100001000010001110000011000011100110,2,0,1,0.006
2,11110111010111101000001011100011000001100000100001000010001110000011000011100110,11110111011111101001001011100011000001100000100001000010001110000011000011100110,2,0,1,0.009
2,11110111010111101001000011100011000001100000100001000010001110000011000011100110,11110111011111101001001011100011000001100000100001000010001110000011000011100110,2,0,1,0.462
2,11110111010111101001001001100011000001100000100001000010001110000011000011100110,11110111011111101001001011100011000001100000100001000010001110000011000011100110,2,0,1,0.008
2,11110111010111101001001010100011000001100000100001000010001110000011000011100110,11110111011111101001001011100011000001100000100001000010001110000011000011100110,2,0,1,0.01
2,11110111010111101001001011000011000001100000100001000010001110000011000011100110,11110111011111101001001011100011000001100000100001000010001110000011000011100110,2,0,1,0.008
2,11110111010111101001001011100001000001100000100001000010001110000011000011100110,11110111011111101001001011100011000001100000100001000010001110000011000011100110,2,0,1,0.007
2,11110111010111101001001011100010000001100000100001000010001110000011000011100110,11110111011111101001001011100011000001100000100001000010001110000011000011100110,2,0,1,0.006
2,11110111010111101001001011100011000000100000100001000010001110000011000011100110,11110111011111101001001011100011000001100000100001000010001110000011000011100110,2,0,1,0.008
2,11110111010111101001001011100011000001000000100001000010001110000011000011100110,11110111011111101001001011100011000001100000100001000010001110000011000011100110,2,0,1,0.006
2,11110111010111101001001011100011000001100000000001000010001110000011000011100110,11110111011111101001001011100011000001100000100001000010001110000011000011100110,2,0,1,0.009
2,11110111010111101001001011100011000001100000100000000010001110000011000011100110,11110111011111101001001011100011000001100000100001000010001110000011000011100110,2,0,1,0.008
2,11110111010111101001001011100011000001100000100001000000001110000011000011100110,11110111011111101001001011100011000001100000100001000010001110000011000011100110,2,0,1,0.009
2,11110111010111101001001011100011000001100000100001000010000110000011000011100110,11110111011111101001001011100011000001100000100001000010001110000011000011100110,2,0,1,0.005
2,11110111010111101001001011100011000001100000100001000010001010000011000011100110,11110111011111101001001011100011000001100000100001000010001110000011000011100110,2,0,1,0.009
2,11110111010111101001001011100011000001100000100001000010001100000011000011100110,11110111011111101001001011100011000001100000100001000010001110000011000011100110,2,0,1,0.009
2,11110111010111101001001011100011000001100000100001000010001110000001000011100110,11110111011111101001001011100011000001100000100001000010001110000011000011100110,2,0,1,0.006
2,11110111010111101001001011100011000001100000100001000010001110000010000011100110,11110111011111101001001011100011000001100000100001000010001110000011000011100110,2,0,1,0.005
2,11110111010111101001001011100011000001100000100001000010001110000011000001100110,11110111011111101001001011100011000001100000100001000010001110000011000011100110,2,0,1,0.535
2,11110111010111101001001011100011000001100000100001000010001110000011000010100110,11110111011111101001001011100011000001100000100001000010001110000011000011100110,2,0,1,0.009
2,11110111010111101001001011100011000001100000100001000010001110000011000011000110,11110111011111101001001011100011000001100000100001000010001110000011000011100110,2,0,1,0.009
2,11110111010111101001001011100011000001100000100001000010001110000011000011100010,11110111011111101001001011100011000001100000100001000010001110000011000011100110,2,0,1,0.008
2,11110111010111101001001011100011000001100000100001000010001110000011000011100100,11110111011111101001001011100011000001100000100001000010001110000011000011100110,2,0,1,0.404
2,11110111011001101001001011100011000001100000100001000010001110000011000011100110,11110111011111101001001011100011000001100000100001000010001110000011000011100110,2,0,1,0.003
2,11110111011010101001001011100011000001100000100001000010001110000011000011100110,11110111011111101001001011100011000001100000100001000010001110000011000011100110,2,0,1,0.003
2,11110111011011001001001011100011000001100000100001000010001110000011000011100110,11110111011111101001001011100011000001100000100001000010001110000011000011100110,2,0,1,0.003
2,11110111011011100001001011100011000001100000100001000010001110000011000011100110,11110111011111101001001011100011000001100000100001000010001110000011000011100110,2,0,1,0.003
2,11110111011011101000001011100011000001100000100001000010001110000011000011100110,11110111011111101001001011100011000001100000100001000010001110000011000011100110,2,0,1,0.006
2,11110111011011101001000011100011000001100000100001000010001110000011000011100110,11110111011111101001001011100011000001100000100001000010001110000011000011100110,2,0,1,0.006
2,11110111011011101001001001100011000001100000100001000010001110000011000011100110,11110111011111101001001011100011000001100000100001000010001110000011000011100110,2,0,1,0.007
2,11110111011011101001001010100011000001100000100001000010001110000011000011100110,11110111011111101001001011100011000001100000100001000010001110000011000011100110,2,0,1,0.007
2,11110111011011101001001011000011000001100000100001000010001110000011000011100110,11110111011111101001001011100011000001100000100001000010001110000011000011100110,2,0,1,0.006
2,11110111011011101001001011100001000001100000100001000010001110000011000011100110,11110111011111101001001011100011000001100000100001000010001110000011000011100110,2,0,1,0.007
2,11110111011011101001001011100010000001100000100001000010001110000011000011100110,11110111011111101001001011100011000001100000100001000010001110000011000011100110,2,0,1,0.003
2,11110111011011101001001011100011000000100000100001000010001110000011000011100110,11110111011111101001001011100011000001100000100001000010001110000011000011100110,2,0,1,0.007
2,11110111011011101001001011100011000001000000100001000010001110000011000011100110,11110111011111101001001011100011000001100000100001000010001110000011000011100110,2,0,1,0.003
2,11110111011011101001001011100011000001100000000001000010001110000011000011100110,11110111011111101001001011100011000001100000100001000010001110000011000011100110,2,0,1,0.006
2,11110111011011101001001011100011000001100000100000000010001110000011000011100110,11110111011111101001001011100011000001100000100001000010001110000011000011100110,2,0,1,0.006
2,11110111011011101001001011100011000001100000100001000000001110000011000011100110,11110111011111101001001011100011000001100000100001000010001110000011000011100110,2,0,1,0.006
2,11110111011011101001001011100011000001100000100001000010000110000011000011100110,11110111011111101001001011100011000001100000100001000010001110000011000011100110,2,0,1,0.003
2,11110111011011101001001011100011000001100000100001000010001010000011000011100110,11110111011111101001001011100011000001100000100001000010001110000011000011100110,2,0,1,0.007
2,11110111011011101001001011100011000001100000100001000010001100000011000011100110,11110111011111101001001011100011000001100000100001000010001110000011000011100110,2,0,1,0.006
2,11110111011011101001001011100011000001100000100001000010001110000001000011100110,11110111011111101001001011100011000001100000100001000010001110000011000011100110,2,0,1,0.003
2,11110111011011101001001011100011000001100000100001000010001110000010000011100110,11110111011111101001001011100011000001100000100001000010001110000011000011100110,2,0,1,0.003
2,11110111011011101001001011100011000001100000100001000010001110000011000001100110,11110111011111101001001011100011000001100000100001000010001110000011000011100110,2,0,1,0.006
2,11110111011011101001001011100011000001100000100001000010001110000011000010100110,11110111011111101001001011100011000001100000100001000010001110000011000011100110,2,0,1,0.006
2,11110111011011101001001011100011000001100000100001000010001110000011000011000110,11110111011111101001001011100011000001100000100001000010001110000011000011100110,2,0,1,0.006
2,11110111011011101001001011100011000001100000100001000010001110000011000011100010,11110111011111101001001011100011000001100000100001000010001110000011000011100110,2,0,1,0.005
2,11110111011011101001001011100011000001100000100001000010001110000011000011100100,11110111011111101001001011100011000001100000100001000010001110000011000011100110,2,0,1,0.008
2,11110111011100101001001011100011000001100000100001000010001110000011000011100110,11110111011111101001001011100011000001100000100001000010001110000011000011100110,2,0,1,0.003
2,11110111011101001001001011100011000001100000100001000010001110000011000011100110,11110111011111101001001011100011000001100000100001000010001110000011000011100110,2,0,1,0.004
2,11110111011101100001001011100011000001100000100001000010001110000011000011100110,11110111011111101001001011100011000001100000100001000010001110000011000011100110,2,0,1,0.003
2,11110111011101101000001011100011000001100000100001000010001110000011000011100110,11110111011111101001001011100011000001100000100001000010001110000011000011100110,2,0,1,0.007
2,11110111011101101001000011100011000001100000100001000010001110000011000011100110,11110111011111101001001011100011000001100000100001000010001110000011000011100110,2,0,1,0.007
2,11110111011101101001001001100011000001100000100001000010001110000011000011100110,11110111011111101001001011100011000001100000100001000010001110000011000011100110,2,0,1,0.006
2,11110111011101101001001010100011000001100000100001000010001110000011000011100110,11110111011111101001001011100011000001100000100001000010001110000011000011100110,2,0,1,0.007
2,11110111011101101001001011000011000001100000100001000010001110000011000011100110,11110111011111101001001011100011000001100000100001000010001110000011000011100110,2,0,1,0.005
2,11110111011101101001001011100001000001100000100001000010001110000011000011100110,11110111011111101001001011100011000001100000100001000010001110000011000011100110,2,0,1,0.006
2,11110111011101101001001011100010000001100000100001000010001110000011000011100110,11110111011111101001001011100011000001100000100001000010001110000011000011100110,2,0,1,0.004
2,11110111011101101001001011100011000000100000100001000010001110000011000011100110,11110111011111101001001011100011000001100000100001000010001110000011000011100110,2,0,1,0.007
2,11110111011101101001001011100011000001000000100001000010001110000011000011100110,11110111011111101001001011100011000001100000100001000010001110000011000011100110,2,0,1,0.003
2,11110111011101101001001011100011000001100000000001000010001110000011000011100110,11110111011111101001001011100011000001100000100001000010001110000011000011100110,2,0,1,0.006
2,11110111011101101001001011100011000001100000100000000010001110000011000011100110,11110111011111101001001011100011000001100000100001000010001110000011000011100110,2,0,1,0.006
2,11110111011101101001001011100011000001100000100001000000001110000011000011100110,11110111011111101001001011100011000001100000100001000010001110000011000011100110,2,0,1,0.007
2,11110111011101101001001011100011000001100000100001000010000110000011000011100110,11110111011111101001001011100011000001100000100001000010001110000011000011100110,2,0,1,0.003
2,11110111011101101001001011100011000001100000100001000010001010000011000011100110,11110111011111101001001011100011000001100000100001000010001110000011000011100110,2,0,1,0.007
2,11110111011101101001001011100011000001100000100001000010001100000011000011100110,11110111011111101001001011100011000001100000100001000010001110000011000011100110,2,0,1,0.006
2,11110111011101101001001011100011000001100000100001000010001110000001000011100110,11110111011111101001001011100011000001100000100001000010001110000011000011100110,2,0,1,0.003
2,11110111011101101001001011100011000001100000100001000010001110000010000011100110,11110111011111101001001011100011000001100000100001000010001110000011000011100110,2,0,1,0.003
2,11110111011101101001001011100011000001100000100001000010001110000011000001100110,11110111011111101001001011100011000001100000100001000010001110000011000011100110,2,0,1,0.006
2,11110111011101101001001011100011000001100000100001000010001110000011000010100110,11110111011111101001001011100011000001100000100001000010001110000011000011100110,2,0,1,0.007
2,11110111011101101001001011100011000001100000100001000010001110000011000011000110,11110111011111101001001011100011000001100000100001000010001110000011000011100110,2,0,1,0.006
2,11110111011101101001001011100011000001100000100001000010001110000011000011100010,11110111011111101001001011100011000001100000100001000010001110000011000011100110,2,0,1,0.007
2,11110111011101101001001011100011000001100000100001000010001110000011000011100100,11110111011111101001001011100011000001100000100001000010001110000011000011100110,2,0,1,0.007
2,11110111011110001001001011100011000001100000100001000010001110000011000011100110,11110111011111101001001011100011000001100000100001000010001110000011000011100110,2,0,1,0.003
2,11110111011110100001001011100011000001100000100001000010001110000011000011100110,11110111011111101001001011100011000001100000100001000010001110000011000011100110,2,0,1,0.003
2,11110111011110101000001011100011000001100000100001000010001110000011000011100110,11110111011111101001001011100011000001100000100001000010001110000011000011100110,2,0,1,0.007
2,11110111011110101001000011100011000001100000100001000010001110000011000011100110,11110111011111101001001011100011000001100000100001000010001110000011000011100110,2,0,1,0.006
2,11110111011110101001001001100011000001100000100001000010001110000011000011100110,11110111011111101001001011100011000001100000100001000010001110000011000011100110,2,0,1,0.006
2,11110111011110101001001010100011000001100000100001000010001110000011000011100110,11110111011111101001001011100011000001100000100001000010001110000011000011100110,2,0,1,0.007
2,11110111011110101001001011000011000001100000100001000010001110000011000011100110,11110111011111101001001011100011000001100000100001000010001110000011000011100110,2,0,1,0.006
2,11110111011110101001001011100001000001100000100001000010001110000011000011100110,11110111011111101001001011100011000001100000100001000010001110000011000011100110,2,0,1,0.006
2,11110111011110101001001011100010000001100000100001000010001110000011000011100110,11110111011111101001001011100011000001100000100001000010001110000011000011100110,2,0,1,0.003
2,11110111011110101001001011100011000000100000100001000010001110000011000011100110,11110111011111101001001011100011000001100000100001000010001110000011000011100110,2,0,1,0.007
2,11110111011110101001001011100011000001000000100001000010001110000011000011100110,11110111011111101001001011100011000001100000100001000010001110000011000011100110,2,0,1,0.004
2,11110111011110101001001011100011000001100000000001000010001110000011000011100110,11110111011111101001001011100011000001100000100001000010001110000011000011100110,2,0,1,0.007
2,11110111011110101001001011100011000001100000100000000010001110000011000011100110,11110111011111101001001011100011000001100000100001000010001110000011000011100110,2,0,1,0.005
2,11110111011110101001001011100011000001100000100001000000001110000011000011100110,11110111011111101001001011100011000001100000100001000010001110000011000011100110,2,0,1,0.007
2,11110111011110101001001011100011000001100000100001000010000110000011000011100110,11110111011111101001001011100011000001100000100001000010001110000011000011100110,2,0,1,0.003
2,11110111011110101001001011100011000001100000100001000010001010000011000011100110,11110111011111101001001011100011000001100000100001000010001110000011000011100110,2,0,1,0.006
2,11110111011110101001001011100011000001100000100001000010001100000011000011100110,11110111011111101001001011100011000001100000100001000010001110000011000011100110,2,0,1,0.005
2,11110111011110101001001011100011000001100000100001000010001110000001000011100110,11110111011111101001001011100011000001100000100001000010001110000011000011100110,2,0,1,0.003
2,11110111011110101001001011100011000001100000100001000010001110000010000011100110,11110111011111101001001011100011000001100000100001000010001110000011000011100110,2,0,1,0.004
2,11110111011110101001001011100011000001100000100001000010001110000011000001100110,11110111011111101001001011100011000001100000100001000010001110000011000011100110,2,0,1,0.007
2,11110111011110101001001011100011000001100000100001000010001110000011000010100110,11110111011111101001001011100011000001100000100001000010001110000011000011100110,2,0,1,0.006
2,11110111011110101001001011100011000001100000100001000010001110000011000011000110,11110111011111101001001011100011000001100000100001000010001110000011000011100110,2,0,1,0.007
2,11110111011110101001001011100011000001100000100001000010001110000011000011100010,11110111011111101001001011100011000001100000100001000010001110000011000011100110,2,0,1,0.006
2,11110111011110101001001011100011000001100000100001000010001110000011000011100100,11110111011111101001001011100011000001100000100001000010001110000011000011100110,2,0,1,0.007
2,11110111011111000001001011100011000001100000100001000010001110000011000011100110,11110111011111101001001011100011000001100000100001000010001110000011000011100110,2,0,1,0.003
2,11110111011111001000001011100011000001100000100001000010001110000011000011100110,11110111011111101001001011100011000001100000100001000010001110000011000011100110,2,0,1,0.007
2,11110111011111001001000011100011000001100000100001000010001110000011000011100110,11110111011111101001001011100011000001100000100001000010001110000011000011100110,2,0,1,0.007
2,11110111011111001001001001100011000001100000100001000010001110000011000011100110,11110111011111101001001011100011000001100000100001000010001110000011000011100110,2,0,1,0.007
2,11110111011111001001001010100011000001100000100001000010001110000011000011100110,11110111011111101001001011100011000001100000100001000010001110000011000011100110,2,0,1,0.007
2,11110111011111001001001011000011000001100000100001000010001110000011000011100110,11110111011111101001001011100011000001100000100001000010001110000011000011100110,2,0,1,0.005
2,11110111011111001001001011100001000001100000100001000010001110000011000011100110,11110111011111101001001011100011000001100000100001000010001110000011000011100110,2,0,1,0.006
2,11110111011111001001001011100010000001100000100001000010001110000011000011100110,11110111011111101001001011100011000001100000100001000010001110000011000011100110,2,0,1,0.004
2,11110111011111001001001011100011000000100000100001000010001110000011000011100110,11110111011111101001001011100011000001100000100001000010001110000011000011100110,2,0,1,0.007
2,11110111011111001001001011100011000001000000100001000010001110000011000011100110,11110111011111101001001011100011000001100000100001000010001110000011000011100110,2,0,1,0.003
2,11110111011111001001001011100011000001100000000001000010001110000011000011100110,11110111011111101001001011100011000001100000100001000010001110000011000011100110,2,0,1,0.006
2,11110111011111001001001011100011000001100000100000000010001110000011000011100110,11110111011111101001001011100011000001100000100001000010001110000011000011100110,2,0,1,0.006
2,11110111011111001001001011100011000001100000100001000000001110000011000011100110,11110111011111101001001011100011000001100000100001000010001110000011000011100110,2,0,1,0.006
2,11110111011111001001001011100011000001100000100001000010000110000011000011100110,11110111011111101001001011100011000001100000100001000010001110000011000011100110,2,0,1,0.003
2,11110111011111001001001011100011000001100000100001000010001010000011000011100110,11110111011111101001001011100011000001100000100001000010001110000011000011100110,2,0,1,0.006
2,11110111011111001001001011100011000001100000100001000010001100000011000011100110,11110111011111101001001011100011000001100000100001000010001110000011000011100110,2,0,1,0.007
2,11110111011111001001001011100011000001100000100001000010001110000001000011100110,11110111011111101001001011100011000001100000100001000010001110000011000011100110,2,0,1,0.004
2,11110111011111001001001011100011000001100000100001000010001110000010000011100110,11110111011111101001001011100011000001100000100001000010001110000011000011100110,2,0,1,0.003
2,11110111011111001001001011100011000001100000100001000010001110000011000001100110,11110111011111101001001011100011000001100000100001000010001110000011000011100110,2,0,1,0.006
2,11110111011111001001001011100011000001100000100001000010001110000011000010100110,11110111011111101001001011100011000001100000100001000010001110000011000011100110,2,0,1,0.007
2,11110111011111001001001011100011000001100000100001000010001110000011000011000110,11110111011111101001001011100011000001100000100001000010001110000011000011100110,2,0,1,0.008
2,11110111011111001001001011100011000001100000100001000010001110000011000011100010,11110111011111101001001011100011000001100000100001000010001110000011000011100110,2,0,1,0.006
2,11110111011111001001001011100011000001100000100001000010001110000011000011100100,11110111011111101001001011100011000001100000100001000010001110000011000011100110,2,0,1,0.007
2,11110111011111100000001011100011000001100000100001000010001110000011000011100110,11110111011111101001001011100011000001100000100001000010001110000011000011100110,2,0,1,0.006
2,11110111011111100001000011100011000001100000100001000010001110000011000011100110,11110111011111101001001011100011000001100000100001000010001110000011000011100110,2,0,1,0.007
2,11110111011111100001001001100011000001100000100001000010001110000011000011100110,11110111011111101001001011100011000001100000100001000010001110000011000011100110,2,0,1,0.007
2,11110111011111100001001010100011000001100000100001000010001110000011000011100110,11110111011111101001001011100011000001100000100001000010001110000011000011100110,2,0,1,0.006
2,11110111011111100001001011000011000001100000100001000010001110000011000011100110,11110111011111101001001011100011000001100000100001000010001110000011000011100110,2,0,1,0.007
2,11110111011111100001001011100001000001100000100001000010001110000011000011100110,11110111011111101001001011100011000001100000100001000010001110000011000011100110,2,0,1,0.006
2,11110111011111100001001011100010000001100000100001000010001110000011000011100110,11110111011111101001001011100011000001100000100001000010001110000011000011100110,2,0,1,0.003
2,11110111011111100001001011100011000000100000100001000010001110000011000011100110,11110111011111101001001011100011000001100000100001000010001110000011000011100110,2,0,1,0.005
2,11110111011111100001001011100011000001000000100001000010001110000011000011100110,11110111011111101001001011100011000001100000100001000010001110000011000011100110,2,0,1,0.003
2,11110111011111100001001011100011000001100000000001000010001110000011000011100110,11110111011111101001001011100011000001100000100001000010001110000011000011100110,2,0,1,0.006
2,11110111011111100001001011100011000001100000100000000010001110000011000011100110,11110111011111101001001011100011000001100000100001000010001110000011000011100110,2,0,1,0.006
2,11110111011111100001001011100011000001100000100001000000001110000011000011100110,11110111011111101001001011100011000001100000100001000010001110000011000011100110,2,0,1,0.007
2,11110111011111100001001011100011000001100000100001000010000110000011000011100110,11110111011111101001001011100011000001100000100001000010001110000011000011100110,2,0,1,0.003
2,11110111011111100001001011100011000001100000100001000010001010000011000011100110,11110111011111101001001011100011000001100000100001000010001110000011000011100110,2,0,1,0.007
2,11110111011111100001001011100011000001100000100001000010001100000011000011100110,11110111011111101001001011100011000001100000100001000010001110000011000011100110,2,0,1,0.006
2,11110111011111100001001011100011000001100000100001000010001110000001000011100110,11110111011111101001001011100011000001100000100001000010001110000011000011100110,2,0,1,0.003
2,11110111011111100001001011100011000001100000100001000010001110000010000011100110,11110111011111101001001011100011000001100000100001000010001110000011000011100110,2,0,1,0.003
2,11110111011111100001001011100011000001100000100001000010001110000011000001100110,11110111011111101001001011100011000001100000100001000010001110000011000011100110,2,0,1,0.007
2,11110111011111100001001011100011000001100000100001000010001110000011000010100110,11110111011111101001001011100011000001100000100001000010001110000011000011100110,2,0,1,0.006
2,11110111011111100001001011100011000001100000100001000010001110000011000011000110,11110111011111101001001011100011000001100000100001000010001110000011000011100110,2,0,1,0.007
2,11110111011111100001001011100011000001100000100001000010001110000011000011100010,11110111011111101001001011100011000001100000100001000010001110000011000011100110,2,0,1,0.007
2,11110111011111100001001011100011000001100000100001000010001110000011000011100100,11110111011111101001001011100011000001100000100001000010001110000011000011100110,2,0,1,0.006
2,11110111011111101000000011100011000001100000100001000010001110000011000011100110,11110111011111101001001011100011000001100000100001000010001110000011000011100110,2,0,1,0.009
2,11110111011111101000001001100011000001100000100001000010001110000011000011100110,11110111011111101001001011100011000001100000100001000010001110000011000011100110,2,0,1,0.01
2,11110111011111101000001010100011000001100000100001000010001110000011000011100110,11110111011111101001001011100011000001100000100001000010001110000011000011100110,2,0,1,0.009
2,11110111011111101000001011000011000001100000100001000010001110000011000011100110,11110111011111101001001011100011000001100000100001000010001110000011000011100110,2,0,1,0.538
2,11110111011111101000001011100001000001100000100001000010001110000011000011100110,11110111011111101001001011100011000001100000100001000010001110000011000011100110,2,0,1,0.008
2,11110111011111101000001011100010000001100000100001000010001110000011000011100110,11110111011111101001001011100011000001100000100001000010001110000011000011100110,2,0,1,0.006
2,11110111011111101000001011100011000000100000100001000010001110000011000011100110,11110111011111101001001011100011000001100000100001000010001110000011000011100110,2,0,1,0.007
2,11110111011111101000001011100011000001000000100001000010001110000011000011100110,11110111011111101001001011100011000001100000100001000010001110000011000011100110,2,0,1,0.006
2,11110111011111101000001011100011000001100000000001000010001110000011000011100110,11110111011111101001001011100011000001100000100001000010001110000011000011100110,2,0,1,0.009
2,11110111011111101000001011100011000001100000100000000010001110000011000011100110,11110111011111101001001011100011000001100000100001000010001110000011000011100110,2,0,1,0.009
2,11110111011111101000001011100011000001100000100001000000001110000011000011100110,11110111011111101001001011100011000001100000100001000010001110000011000011100110,2,0,1,1.465
2,11110111011111101000001011100011000001100000100001000010000110000011000011100110,11110111011111101001001011100011000001100000100001000010001110000011000011100110,2,0,1,0.006
2,11110111011111101000001011100011000001100000100001000010001010000011000011100110,11110111011111101001001011100011000001100000100001000010001110000011000011100110,2,0,1,0.008
2,11110111011111101000001011100011000001100000100001000010001100000011000011100110,11110111011111101001001011100011000001100000100001000010001110000011000011100110,2,0,1,0.01
2,11110111011111101000001011100011000001100000100001000010001110000001000011100110,11110111011111101001001011100011000001100000100001000010001110000011000011100110,2,0,1,0.005
2,11110111011111101000001011100011000001100000100001000010001110000010000011100110,11110111011111101001001011100011000001100000100001000010001110000011000011100110,2,0,1,0.006
2,11110111011111101000001011100011000001100000100001000010001110000011000001100110,11110111011111101001001011100011000001100000100001000010001110000011000011100110,2,0,1,0.008
2,11110111011111101000001011100011000001100000100001000010001110000011000010100110,11110111011111101001001011100011000001100000100001000010001110000011000011100110,2,0,1,0.442
2,11110111011111101000001011100011000001100000100001000010001110000011000011000110,11110111011111101001001011100011000001100000100001000010001110000011000011100110,2,0,1,2.877
2,11110111011111101000001011100011000001100000100001000010001110000011000011100010,11110111011111101001001011100011000001100000100001000010001110000011000011100110,2,0,1,0.336
2,11110111011111101000001011100011000001100000100001000010001110000011000011100100,11110111011111101001001011100011000001100000100001000010001110000011000011100110,2,0,1,0.01
2,11110111011111101001000001100011000001100000100001000010001110000011000011100110,11110111011111101001001011100011000001100000100001000010001110000011000011100110,2,0,1,0.007
2,11110111011111101001000010100011000001100000100001000010001110000011000011100110,11110111011111101001001011100011000001100000100001000010001110000011000011100110,2,0,1,0.01
2,11110111011111101001000011000011000001100000100001000010001110000011000011100110,11110111011111101001001011100011000001100000100001000010001110000011000011100110,2,0,1,0.01
2,11110111011111101001000011100001000001100000100001000010001110000011000011100110,11110111011111101001001011100011000001100000100001000010001110000011000011100110,2,0,1,0.009
2,11110111011111101001000011100010000001100000100001000010001110000011000011100110,11110111011111101001001011100011000001100000100001000010001110000011000011100110,2,0,1,0.007
2,11110111011111101001000011100011000000100000100001000010001110000011000011100110,11110111011111101001001011100011000001100000100001000010001110000011000011100110,2,0,1,0.008
2,11110111011111101001000011100011000001000000100001000010001110000011000011100110,11110111011111101001001011100011000001100000100001000010001110000011000011100110,2,0,1,0.006
2,11110111011111101001000011100011000001100000000001000010001110000011000011100110,11110111011111101001001011100011000001100000100001000010001110000011000011100110,2,0,1,0.01
2,11110111011111101001000011100011000001100000100000000010001110000011000011100110,11110111011111101001001011100011000001100000100001000010001110000011000011100110,2,0,1,8.966
2,11110111011111101001000011100011000001100000100001000000001110000011000011100110,11110111011111101001001011100011000001100000100001000010001110000011000011100110,2,0,1,0.009
2,11110111011111101001000011100011000001100000100001000010000110000011000011100110,11110111011111101001001011100011000001100000100001000010001110000011000011100110,2,0,1,0.005
2,11110111011111101001000011100011000001100000100001000010001010000011000011100110,11110111011111101001001011100011000001100000100001000010001110000011000011100110,2,0,1,0.008
2,11110111011111101001000011100011000001100000100001000010001100000011000011100110,11110111011111101001001011100011000001100000100001000010001110000011000011100110,2,0,1,0.47
2,11110111011111101001000011100011000001100000100001000010001110000001000011100110,11110111011111101001001011100011000001100000100001000010001110000011000011100110,2,0,1,0.006
2,11110111011111101001000011100011000001100000100001000010001110000010000011100110,11110111011111101001001011100011000001100000100001000010001110000011000011100110,2,0,1,0.006
2,11110111011111101001000011100011000001100000100001000010001110000011000001100110,11110111011111101001001011100011000001100000100001000010001110000011000011100110,2,0,1,0.008
2,11110111011111101001000011100011000001100000100001000010001110000011000010100110,11110111011111101001001011100011000001100000100001000010001110000011000011100110,2,0,1,0.009
2,11110111011111101001000011100011000001100000100001000010001110000011000011000110,11110111011111101001001011100011000001100000100001000010001110000011000011100110,2,0,1,0.01
2,11110111011111101001000011100011000001100000100001000010001110000011000011100010,11110111011111101001001011100011000001100000100001000010001110000011000011100110,2,0,1,0.008
2,11110111011111101001000011100011000001100000100001000010001110000011000011100100,11110111011111101001001011100011000001100000100001000010001110000011000011100110,2,0,1,0.009
2,11110111011111101001001000100011000001100000100001000010001110000011000011100110,11110111011111101001001011100011000001100000100001000010001110000011000011100110,2,0,1,0.009
2,11110111011111101001001001000011000001100000100001000010001110000011000011100110,11110111011111101001001011100011000001100000100001000010001110000011000011100110,2,0,1,0.009
2,11110111011111101001001001100001000001100000100001000010001110000011000011100110,11110111011111101001001011100011000001100000100001000010001110000011000011100110,2,0,1,0.535
2,11110111011111101001001001100010000001100000100001000010001110000011000011100110,11110111011111101001001011100011000001100000100001000010001110000011000011100110,2,0,1,0.007
2,11110111011111101001001001100011000000100000100001000010001110000011000011100110,11110111011111101001001011100011000001100000100001000010001110000011000011100110,2,0,1,0.008
2,11110111011111101001001001100011000001000000100001000010001110000011000011100110,11110111011111101001001011100011000001100000100001000010001110000011000011100110,2,0,1,0.006
2,11110111011111101001001001100011000001100000000001000010001110000011000011100110,11110111011111101001001011100011000001100000100001000010001110000011000011100110,2,0,1,0.009
2,11110111011111101001001001100011000001100000100000000010001110000011000011100110,11110111011111101001001011100011000001100000100001000010001110000011000011100110,2,0,1,0.008
2,11110111011111101001001001100011000001100000100001000000001110000011000011100110,11110111011111101001001011100011000001100000100001000010001110000011000011100110,2,0,1,0.01
2,11110111011111101001001001100011000001100000100001000010000110000011000011100110,11110111011111101001001011100011000001100000100001000010001110000011000011100110,2,0,1,0.007
2,11110111011111101001001001100011000001100000100001000010001010000011000011100110,11110111011111101001001011100011000001100000100001000010001110000011000011100110,2,0,1,1.654
2,11110111011111101001001001100011000001100000100001000010001100000011000011100110,11110111011111101001001011100011000001100000100001000010001110000011000011100110,2,0,1,0.585
2,11110111011111101001001001100011000001100000100001000010001110000001000011100110,11110111011111101001001011100011000001100000100001000010001110000011000011100110,2,0,1,0.007
2,11110111011111101001001001100011000001100000100001000010001110000010000011100110,11110111011111101001001011100011000001100000100001000010001110000011000011100110,2,0,1,0.007
2,11110111011111101001001001100011000001100000100001000010001110000011000001100110,11110111011111101001001011100011000001100000100001000010001110000011000011100110,2,0,1,0.01
2,11110111011111101001001001100011000001100000100001000010001110000011000010100110,11110111011111101001001011100011000001100000100001000010001110000011000011100110,2,0,1,0.009
2,11110111011111101001001001100011000001100000100001000010001110000011000011000110,11110111011111101001001011100011000001100000100001000010001110000011000011100110,2,0,1,0.009
2,11110111011111101001001001100011000001100000100001000010001110000011000011100010,11110111011111101001001011100011000001100000100001000010001110000011000011100110,2,0,1,0.009
2,11110111011111101001001001100011000001100000100001000010001110000011000011100100,11110111011111101001001011100011000001100000100001000010001110000011000011100110,2,0,1,0.43
2,11110111011111101001001010000011000001100000100001000010001110000011000011100110,11110111011111101001001011100011000001100000100001000010001110000011000011100110,2,0,1,0.008
2,11110111011111101001001010100001000001100000100001000010001110000011000011100110,11110111011111101001001011100011000001100000100001000010001110000011000011100110,2,0,1,0.009
2,11110111011111101001001010100010000001100000100001000010001110000011000011100110,11110111011111101001001011100011000001100000100001000010001110000011000011100110,2,0,1,0.006
2,11110111011111101001001010100011000000100000100001000010001110000011000011100110,11110111011111101001001011100011000001100000100001000010001110000011000011100110,2,0,1,0.018
2,11110111011111101001001010100011000001000000100001000010001110000011000011100110,11110111011111101001001011100011000001100000100001000010001110000011000011100110,2,0,1,0.007
2,11110111011111101001001010100011000001100000000001000010001110000011000011100110,11110111011111101001001011100011000001100000100001000010001110000011000011100110,2,0,1,0.539
2,11110111011111101001001010100011000001100000100000000010001110000011000011100110,11110111011111101001001011100011000001100000100001000010001110000011000011100110,2,0,1,0.009
2,11110111011111101001001010100011000001100000100001000000001110000011000011100110,11110111011111101001001011100011000001100000100001000010001110000011000011100110,2,0,1,0.009
2,11110111011111101001001010100011000001100000100001000010000110000011000011100110,11110111011111101001001011100011000001100000100001000010001110000011000011100110,2,0,1,0.007
2,11110111011111101001001010100011000001100000100001000010001010000011000011100110,11110111011111101001001011100011000001100000100001000010001110000011000011100110,2,0,1,0.01
2,11110111011111101001001010100011000001100000100001000010001100000011000011100110,11110111011111101101001010100011000001110000100001001110001110000111100011100110,2,0,0,0.259
2,11110111011111101001001010100011000001100000100001000010001110000001000011100110,11110111011111101001001011100011000001100000100001000010001110000011000011100110,2,0,1,0.007
2,11110111011111101001001010100011000001100000100001000010001110000010000011100110,11110111011111101001001011100011000001100000100001000010001110000011000011100110,2,0,1,0.007
2,11110111011111101001001010100011000001100000100001000010001110000011000001100110,11110111011111101001001011100011000001100000100001000010001110000011000011100110,2,0,1,0.01
2,11110111011111101001001010100011000001100000100001000010001110000011000010100110,11110111011111101001011010101011000001110000100001000110001110011011100010100110,2,0,0,0.318
2,11110111011111101001001010100011000001100000100001000010001110000011000011000110,11110111011111101001001011100011000001100000100001000010001110000011000011100110,2,0,1,0.664
2,11110111011111101001001010100011000001100000100001000010001110000011000011100010,11110111011111101001001011100011000001100000100001000010001110000011000011100110,2,0,1,0.01
2,11110111011111101001001010100011000001100000100001000010001110000011000011100100,11110111011111101101001010100011000001110000100001001110001110000111100011100110,2,0,0,0.077
2,11110111011111101001001011000001000001100000100001000010001110000011000011100110,11110111011111101001001011100011000001100000100001000010001110000011000011100110,2,0,1,0.009
2,11110111011111101001001011000010000001100000100001000010001110000011000011100110,11110111011111101001001011100011000001100000100001000010001110000011000011100110,2,0,1,0.006
2,11110111011111101001001011000011000000100000100001000010001110000011000011100110,11110111011111101001001011100011000001100000100001000010001110000011000011100110,2,0,1,0.008
2,11110111011111101001001011000011000001000000100001000010001110000011000011100110,11110111011111101001001011100011000001100000100001000010001110000011000011100110,2,0,1,0.006
2,11110111011111101001001011000011000001100000000001000010001110000011000011100110,11110111011111111001001011000111000001100000000001000010001110101011001011100110,2,0,0,0.017
2,11110111011111101001001011000011000001100000100000000010001110000011000011100110,11110111011111101001001011100011000001100000100001000010001110000011000011100110,2,0,1,0.007
2,11110111011111101001001011000011000001100000100001000000001110000011000011100110,11110111011111101101011010000011000001101000100001010000001110100111100011100110,2,0,0,0.04
2,11110111011111101001001011000011000001100000100001000010000110000011000011100110,11110111011111101001001011100011000001100000100001000010001110000011000011100110,2,0,1,0.005
2,11110111011111101001001011000011000001100000100001000010001010000011000011100110,11110111011111101001001011100011000001100000100001000010001110000011000011100110,2,0,1,0.009
2,11110111011111101001001011000011000001100000100001000010001100000011000011100110,11110111011111101001001011100011000001100000100001000010001110000011000011100110,2,0,1,0.009
2,11110111011111101001001011000011000001100000100001000010001110000001000011100110,11110111011111101001001011100011000001100000100001000010001110000011000011100110,2,0,1,0.006
2,11110111011111101001001011000011000001100000100001000010001110000010000011100110,11110111011111101001001011100011000001100000100001000010001110000011000011100110,2,0,1,0.006
2,11110111011111101001001011000011000001100000100001000010001110000011000001100110,11110111011111101001001011100011000001100000100001000010001110000011000011100110,2,0,1,0.008
2,11110111011111101001001011000011000001100000100001000010001110000011000010100110,11110111011111101001001011100011000001100000100001000010001110000011000011100110,2,0,1,0.008
2,11110111011111101001001011000011000001100000100001000010001110000011000011000110,11110111011111101001001011100011000001100000100001000010001110000011000011100110,2,0,1,0.008
2,11110111011111101001001011000011000001100000100001000010001110000011000011100010,11110111011111101001001011100011000001100000100001000010001110000011000011100110,2,0,1,0.007
2,11110111011111101001001011000011000001100000100001000010001110000011000011100100,11110111011111101001001011100011000001100000100001000010001110000011000011100110,2,0,1,0.01
2,11110111011111101001001011100000000001100000100001000010001110000011000011100110,11110111011111101001001011100011000001100000100001000010001110000011000011100110,2,0,1,0.007
2,11110111011111101001001011100001000000100000100001000010001110000011000011100110,11110111011111101001001011100011000001100000100001000010001110000011000011100110,2,0,1,0.54
2,11110111011111101001001011100001000001000000100001000010001110000011000011100110,11110111011111101001001011100011000001100000100001000010001110000011000011100110,2,0,1,0.006
2,11110111011111101001001011100001000001100000000001000010001110000011000011100110,11110111011111101001001011100011000001100000100001000010001110000011000011100110,2,0,1,0.008
2,11110111011111101001001011100001000001100000100000000010001110000011000011100110,11110111011111101001001011100011000001100000100001000010001110000011000011100110,2,0,1,0.009
2,11110111011111101001001011100001000001100000100001000000001110000011000011100110,11110111011111101001001011100011000001100000100001000010001110000011000011100110,2,0,1,0.009
2,11110111011111101001001011100001000001100000100001000010000110000011000011100110,11110111011111101001001011100011000001100000100001000010001110000011000011100110,2,0,1,0.006
2,11110111011111101001001011100001000001100000100001000010001010000011000011100110,11110111011111101001001011100011000001100000100001000010001110000011000011100110,2,0,1,0.008
2,11110111011111101001001011100001000001100000100001000010001100000011000011100110,11110111011111101001001011100011000001100000100001000010001110000011000011100110,2,0,1,0.009
2,11110111011111101001001011100001000001100000100001000010001110000001000011100110,11110111011111101001001011100011000001100000100001000010001110000011000011100110,2,0,1,0.005
2,11110111011111101001001011100001000001100000100001000010001110000010000011100110,11110111011111101001001011100011000001100000100001000010001110000011000011100110,2,0,1,0.007
2,11110111011111101001001011100001000001100000100001000010001110000011000001100110,11110111011111101011111011101001000001100000100001000010001111100111000011100110,2,0,0,1.413
2,11110111011111101001001011100001000001100000100001000010001110000011000010100110,11110111011111101001001011100011000001100000100001000010001110000011000011100110,2,0,1,0.008
2,11110111011111101001001011100001000001100000100001000010001110000011000011000110,11110111011111101001001011100011000001100000100001000010001110000011000011100110,2,0,1,0.564
2,11110111011111101001001011100001000001100000100001000010001110000011000011100010,11110111011111101001001011100011000001100000100001000010001110000011000011100110,2,0,1,0.009
2,11110111011111101001001011100001000001100000100001000010001110000011000011100100,11110111011111101001001011100011000001100000100001000010001110000011000011100110,2,0,1,0.009
2,11110111011111101001001011100010000000100000100001000010001110000011000011100110,11110111011111101001001011100011000001100000100001000010001110000011000011100110,2,0,1,0.006
2,11110111011111101001001011100010000001000000100001000010001110000011000011100110,11110111011111101001001011100011000001100000100001000010001110000011000011100110,2,0,1,0.003
2,11110111011111101001001011100010000001100000000001000010001110000011000011100110,11110111011111101001001011100011000001100000100001000010001110000011000011100110,2,0,1,0.006
2,11110111011111101001001011100010000001100000100000000010001110000011000011100110,11110111011111101001001011100011000001100000100001000010001110000011000011100110,2,0,1,0.006
2,11110111011111101001001011100010000001100000100001000000001110000011000011100110,11110111011111101001001011100011000001100000100001000010001110000011000011100110,2,0,1,0.007
2,11110111011111101001001011100010000001100000100001000010000110000011000011100110,11110111011111101001001011100011000001100000100001000010001110000011000011100110,2,0,1,0.003
2,11110111011111101001001011100010000001100000100001000010001010000011000011100110,11110111011111101001001011100011000001100000100001000010001110000011000011100110,2,0,1,0.007
2,11110111011111101001001011100010000001100000100001000010001100000011000011100110,11110111011111101001001011100011000001100000100001000010001110000011000011100110,2,0,1,0.005
2,11110111011111101001001011100010000001100000100001000010001110000001000011100110,11110111011111101001001011100011000001100000100001000010001110000011000011100110,2,0,1,0.004
2,11110111011111101001001011100010000001100000100001000010001110000010000011100110,11110111011111101001001011100011000001100000100001000010001110000011000011100110,2,0,1,0.003
2,11110111011111101001001011100010000001100000100001000010001110000011000001100110,11110111011111101001001011100011000001100000100001000010001110000011000011100110,2,0,1,0.007
2,11110111011111101001001011100010000001100000100001000010001110000011000010100110,11110111011111101001001011100011000001100000100001000010001110000011000011100110,2,0,1,0.006
2,11110111011111101001001011100010000001100000100001000010001110000011000011000110,11110111011111101001001011100011000001100000100001000010001110000011000011100110,2,0,1,0.008
2,11110111011111101001001011100010000001100000100001000010001110000011000011100010,11110111011111101001001011100011000001100000100001000010001110000011000011100110,2,0,1,0.006
2,11110111011111101001001011100010000001100000100001000010001110000011000011100100,11110111011111101001001011100011000001100000100001000010001110000011000011100110,2,0,1,0.007
2,11110111011111101001001011100011000000000000100001000010001110000011000011100110,11110111011111101001001011100011000001100000100001000010001110000011000011100110,2,0,1,0.007
2,11110111011111101001001011100011000000100000000001000010001110000011000011100110,11110111011111101001001011100011000001100000100001000010001110000011000011100110,2,0,1,0.008
2,11110111011111101001001011100011000000100000100000000010001110000011000011100110,11110111011111101001001011100011000001100000100001000010001110000011000011100110,2,0,1,0.008
2,11110111011111101001001011100011000000100000100001000000001110000011000011100110,11110111011111101001001011100011000001100000100001000010001110000011000011100110,2,0,1,0.008
2,11110111011111101001001011100011000000100000100001000010000110000011000011100110,11110111011111101001001011100011000001100000100001000010001110000011000011100110,2,0,1,0.007
2,11110111011111101001001011100011000000100000100001000010001010000011000011100110,11110111011111101001001011100011000001100000100001000010001110000011000011100110,2,0,1,0.009
2,11110111011111101001001011100011000000100000100001000010001100000011000011100110,11110111011111101001001011100011000001100000100001000010001110000011000011100110,2,0,1,0.009
2,11110111011111101001001011100011000000100000100001000010001110000001000011100110,11110111011111101001001011100011000001100000100001000010001110000011000011100110,2,0,1,0.007
2,11110111011111101001001011100011000000100000100001000010001110000010000011100110,11110111011111101001001011100011000001100000100001000010001110000011000011100110,2,0,1,0.007
2,11110111011111101001001011100011000000100000100001000010001110000011000001100110,11110111011111101001001011100011000001100000100001000010001110000011000011100110,2,0,1,0.007
2,11110111011111101001001011100011000000100000100001000010001110000011000010100110,11110111011111101001001011100011000001100000100001000010001110000011000011100110,2,0,1,0.02
2,11110111011111101001001011100011000000100000100001000010001110000011000011000110,11110111011111101001001011100011000001100000100001000010001110000011000011100110,2,0,1,0.01
2,11110111011111101001001011100011000000100000100001000010001110000011000011100010,11110111011111101001001011100011000001100000100001000010001110000011000011100110,2,0,1,0.009
2,11110111011111101001001011100011000000100000100001000010001110000011000011100100,11110111011111101001001011100011000001100000100001000010001110000011000011100110,2,0,1,0.515
2,11110111011111101001001011100011000001000000000001000010001110000011000011100110,11110111011111101001001011100011000001100000100001000010001110000011000011100110,2,0,1,0.007
2,11110111011111101001001011100011000001000000100000000010001110000011000011100110,11110111011111101001001011100011000001100000100001000010001110000011000011100110,2,0,1,0.005
2,11110111011111101001001011100011000001000000100001000000001110000011000011100110,11110111011111101001001011100011000001100000100001000010001110000011000011100110,2,0,1,0.007
2,11110111011111101001001011100011000001000000100001000010000110000011000011100110,11110111011111101001001011100011000001100000100001000010001110000011000011100110,2,0,1,0.003
2,11110111011111101001001011100011000001000000100001000010001010000011000011100110,11110111011111101001001011100011000001100000100001000010001110000011000011100110,2,0,1,0.006
2,11110111011111101001001011100011000001000000100001000010001100000011000011100110,11110111011111101001001011100011000001100000100001000010001110000011000011100110,2,0,1,0.006
2,11110111011111101001001011100011000001000000100001000010001110000001000011100110,11110111011111101001001011100011000001100000100001000010001110000011000011100110,2,0,1,0.003
2,11110111011111101001001011100011000001000000100001000010001110000010000011100110,11110111011111101001001011100011000001100000100001000010001110000011000011100110,2,0,1,0.004
2,11110111011111101001001011100011000001000000100001000010001110000011000001100110,11110111011111101001001011100011000001100000100001000010001110000011000011100110,2,0,1,0.006
2,11110111011111101001001011100011000001000000100001000010001110000011000010100110,11110111011111101001001011100011000001100000100001000010001110000011000011100110,2,0,1,0.006
2,11110111011111101001001011100011000001000000100001000010001110000011000011000110,11110111011111101001001011100011000001100000100001000010001110000011000011100110,2,0,1,0.007
2,11110111011111101001001011100011000001000000100001000010001110000011000011100010,11110111011111101001001011100011000001100000100001000010001110000011000011100110,2,0,1,0.006
2,11110111011111101001001011100011000001000000100001000010001110000011000011100100,11110111011111101001001011100011000001100000100001000010001110000011000011100110,2,0,1,0.007
2,11110111011111101001001011100011000001100000000000000010001110000011000011100110,11110111011111101001001011100011000001100000100001000010001110000011000011100110,2,0,1,0.01
2,11110111011111101001001011100011000001100000000001000000001110000011000011100110,11110111011111101001001011100011000001100000100001000010001110000011000011100110,2,0,1,0.951
2,11110111011111101001001011100011000001100000000001000010000110000011000011100110,11110111011111101001001011100011000001100000100001000010001110000011000011100110,2,0,1,0.007
2,11110111011111101001001011100011000001100000000001000010001010000011000011100110,11110111011111101001001011100011000001100000100001000010001110000011000011100110,2,0,1,0.447
2,11110111011111101001001011100011000001100000000001000010001100000011000011100110,11110111011111101001001011100011000001100000100001000010001110000011000011100110,2,0,1,0.008
2,11110111011111101001001011100011000001100000000001000010001110000001000011100110,11110111011111101001001011100011000001100000100001000010001110000011000011100110,2,0,1,0.007
2,11110111011111101001001011100011000001100000000001000010001110000010000011100110,11110111011111101001001011100011000001100000100001000010001110000011000011100110,2,0,1,0.007
2,11110111011111101001001011100011000001100000000001000010001110000011000001100110,11110111011111101001001011100011000001100000100001000010001110000011000011100110,2,0,1,0.007
2,11110111011111101001001011100011000001100000000001000010001110000011000010100110,11110111011111101001001011100011000001100000100001000010001110000011000011100110,2,0,1,0.008
2,11110111011111101001001011100011000001100000000001000010001110000011000011000110,11110111011111101001001011100011000001100000100001000010001110000011000011100110,2,0,1,2.633
2,11110111011111101001001011100011000001100000000001000010001110000011000011100010,11110111011111101001001011100011000001100000100001000010001110000011000011100110,2,0,1,0.009
2,11110111011111101001001011100011000001100000000001000010001110000011000011100100,11110111011111101001001011100011000001100000100001000010001110000011000011100110,2,0,1,0.009
2,11110111011111101001001011100011000001100000100000000000001110000011000011100110,11110111011111101001001011100011000001100000100001000010001110000011000011100110,2,0,1,0.009
2,11110111011111101001001011100011000001100000100000000010000110000011000011100110,11110111011111101001001011100011000001100000100001000010001110000011000011100110,2,0,1,0.005
2,11110111011111101001001011100011000001100000100000000010001010000011000011100110,11110111011111101001001011100011000001100000100001000010001110000011000011100110,2,0,1,0.458
2,11110111011111101001001011100011000001100000100000000010001100000011000011100110,11110111011111101001001011100011000001100000100001000010001110000011000011100110,2,0,1,0.007
2,11110111011111101001001011100011000001100000100000000010001110000001000011100110,11110111011111101001001011100011000001100000100001000010001110000011000011100110,2,0,1,0.006
2,11110111011111101001001011100011000001100000100000000010001110000010000011100110,11110111011111101001001011100011000001100000100001000010001110000011000011100110,2,0,1,0.006
2,11110111011111101001001011100011000001100000100000000010001110000011000001100110,11110111011111101001001011100011000001100000100001000010001110000011000011100110,2,0,1,0.008
2,11110111011111101001001011100011000001100000100000000010001110000011000010100110,11110111011111101001001011100011000001100000100001000010001110000011000011100110,2,0,1,0.008
2,11110111011111101001001011100011000001100000100000000010001110000011000011000110,11110111011111101001001011100011000001100000100001000010001110000011000011100110,2,0,1,0.01
2,11110111011111101001001011100011000001100000100000000010001110000011000011100010,11110111011111101001001011100011000001100000100001000010001110000011000011100110,2,0,1,0.007
2,11110111011111101001001011100011000001100000100000000010001110000011000011100100,11110111011111101001001011100011000001100000100001000010001110000011000011100110,2,0,1,0.007
2,11110111011111101001001011100011000001100000100001000000000110000011000011100110,11110111011111101001001011100011000001100000100001000010001110000011000011100110,2,0,1,0.006
2,11110111011111101001001011100011000001100000100001000000001010000011000011100110,11110111011111101001001011100011000001100000100001000010001110000011000011100110,2,0,1,0.01
2,11110111011111101001001011100011000001100000100001000000001100000011000011100110,11110111011111101001001011100011000001100000100001000010001110000011000011100110,2,0,1,0.009
2,11110111011111101001001011100011000001100000100001000000001110000001000011100110,11110111011111101001001011100011000001100000100001000010001110000011000011100110,2,0,1,0.007
2,11110111011111101001001011100011000001100000100001000000001110000010000011100110,11110111011111101001001011100011000001100000100001000010001110000011000011100110,2,0,1,0.007
2,11110111011111101001001011100011000001100000100001000000001110000011000001100110,11110111011111101001001011100011000001100000100001000010001110000011000011100110,2,0,1,0.548
2,11110111011111101001001011100011000001100000100001000000001110000011000010100110,11110111011111101001001011100011000001100000100001000010001110000011000011100110,2,0,1,0.007
2,11110111011111101001001011100011000001100000100001000000001110000011000011000110,11110111011111101001001011100011000001100000100001000010001110000011000011100110,2,0,1,0.473
2,11110111011111101001001011100011000001100000100001000000001110000011000011100010,11110111011111101001001011100011000001100000100001000010001110000011000011100110,2,0,1,1.283
2,11110111011111101001001011100011000001100000100001000000001110000011000011100100,11110111011111101001001011100011000001100000100001000010001110000011000011100110,2,0,1,0.01
2,11110111011111101001001011100011000001100000100001000010000010000011000011100110,11110111011111101001001011100011000001100000100001000010001110000011000011100110,2,0,1,0.007
2,11110111011111101001001011100011000001100000100001000010000100000011000011100110,11110111011111101001001011100011000001100000100001000010001110000011000011100110,2,0,1,0.007
2,11110111011111101001001011100011000001100000100001000010000110000001000011100110,11110111011111101001001011100011000001100000100001000010001110000011000011100110,2,0,1,0.003
2,11110111011111101001001011100011000001100000100001000010000110000010000011100110,11110111011111101001001011100011000001100000100001000010001110000011000011100110,2,0,1,0.003
2,11110111011111101001001011100011000001100000100001000010000110000011000001100110,11110111011111101001001011100011000001100000100001000010001110000011000011100110,2,0,1,0.006
2,11110111011111101001001011100011000001100000100001000010000110000011000010100110,11110111011111101001001011100011000001100000100001000010001110000011000011100110,2,0,1,0.007
2,11110111011111101001001011100011000001100000100001000010000110000011000011000110,11110111011111101001001011100011000001100000100001000010001110000011000011100110,2,0,1,0.007
2,11110111011111101001001011100011000001100000100001000010000110000011000011100010,11110111011111101001001011100011000001100000100001000010001110000011000011100110,2,0,1,0.006
2,11110111011111101001001011100011000001100000100001000010000110000011000011100100,11110111011111101001001011100011000001100000100001000010001110000011000011100110,2,0,1,0.007
2,11110111011111101001001011100011000001100000100001000010001000000011000011100110,11110111011111101001001011100011000001100000100001000010001110000011000011100110,2,0,1,0.009
2,11110111011111101001001011100011000001100000100001000010001010000001000011100110,11110111011111101001001011100011000001100000100001000010001110000011000011100110,2,0,1,0.007
2,11110111011111101001001011100011000001100000100001000010001010000010000011100110,11110111011111101001001011100011000001100000100001000010001110000011000011100110,2,0,1,0.007
2,11110111011111101001001011100011000001100000100001000010001010000011000001100110,11110111011111101001001011100011000001100000100001000010001110000011000011100110,2,0,1,0.008
2,11110111011111101001001011100011000001100000100001000010001010000011000010100110,11110111011111101001001011100011000001100000100001000010001110000011000011100110,2,0,1,0.01
2,11110111011111101001001011100011000001100000100001000010001010000011000011000110,11110111011111101001001011100011000001100000100001000010001110000011000011100110,2,0,1,0.01
2,11110111011111101001001011100011000001100000100001000010001010000011000011100010,11110111011111101001001011100011000001100000100001000010001110000011000011100110,2,0,1,0.008
2,11110111011111101001001011100011000001100000100001000010001010000011000011100100,11110111011111101001001011100011000001100000100001000010001110000011000011100110,2,0,1,0.008
2,11110111011111101001001011100011000001100000100001000010001100000001000011100110,11110111011111101001001011100011000001100000100001000010001110000011000011100110,2,0,1,0.007
2,11110111011111101001001011100011000001100000100001000010001100000010000011100110,11110111011111101001001011100011000001100000100001000010001110000011000011100110,2,0,1,0.007
2,11110111011111101001001011100011000001100000100001000010001100000011000001100110,11110111011111101001001011100011000001100000100001000010001110000011000011100110,2,0,1,0.008
2,11110111011111101001001011100011000001100000100001000010001100000011000010100110,11110111011111101001001011100011000001100000100001000010001110000011000011100110,2,0,1,0.401
2,11110111011111101001001011100011000001100000100001000010001100000011000011000110,11110111011111101001001011100011000001100000100001000010001110000011000011100110,2,0,1,0.009
2,11110111011111101001001011100011000001100000100001000010001100000011000011100010,11110111011111101001001011100011000001100000100001000010001110000011000011100110,2,0,1,0.009
2,11110111011111101001001011100011000001100000100001000010001100000011000011100100,11110111011111101001001011100011000001100000100001000010001110000011000011100110,2,0,1,0.008
2,11110111011111101001001011100011000001100000100001000010001110000000000011100110,11110111011111101001001011100011000001100000100001000010001110000011000011100110,2,0,1,0.003
2,11110111011111101001001011100011000001100000100001000010001110000001000001100110,11110111011111101001001011100011000001100000100001000010001110000011000011100110,2,0,1,0.005
2,11110111011111101001001011100011000001100000100001000010001110000001000010100110,11110111011111101001001011100011000001100000100001000010001110000011000011100110,2,0,1,0.007
2,11110111011111101001001011100011000001100000100001000010001110000001000011000110,11110111011111101001001011100011000001100000100001000010001110000011000011100110,2,0,1,0.006
2,11110111011111101001001011100011000001100000100001000010001110000001000011100010,11110111011111101001001011100011000001100000100001000010001110000011000011100110,2,0,1,0.006
2,11110111011111101001001011100011000001100000100001000010001110000001000011100100,11110111011111101001001011100011000001100000100001000010001110000011000011100110,2,0,1,0.007
2,11110111011111101001001011100011000001100000100001000010001110000010000001100110,11110111011111101001001011100011000001100000100001000010001110000011000011100110,2,0,1,0.007
2,11110111011111101001001011100011000001100000100001000010001110000010000010100110,11110111011111101001001011100011000001100000100001000010001110000011000011100110,2,0,1,0.006
2,11110111011111101001001011100011000001100000100001000010001110000010000011000110,11110111011111101001001011100011000001100000100001000010001110000011000011100110,2,0,1,0.007
2,11110111011111101001001011100011000001100000100001000010001110000010000011100010,11110111011111101001001011100011000001100000100001000010001110000011000011100110,2,0,1,0.005
2,11110111011111101001001011100011000001100000100001000010001110000010000011100100,11110111011111101001001011100011000001100000100001000010001110000011000011100110,2,0,1,0.006
2,11110111011111101001001011100011000001100000100001000010001110000011000000100110,11110111011111101001001011100011000001100000100001000010001110000011000011100110,2,0,1,0.008
2,11110111011111101001001011100011000001100000100001000010001110000011000001000110,11110111011111101001001011100011000001100000100001000010001110000011000011100110,2,0,1,0.008
2,11110111011111101001001011100011000001100000100001000010001110000011000001100010,11110111011111101001001011100011000001100000100001000010001110000011000011100110,2,0,1,0.01
2,11110111011111101001001011100011000001100000100001000010001110000011000001100100,11110111011111101001001011100011000001100000100001000010001110000011000011100110,2,0,1,0.01
2,11110111011111101001001011100011000001100000100001000010001110000011000010000110,11110111011111101001001011100011000001100000100001000010001110000011000011100110,2,0,1,0.007
2,11110111011111101001001011100011000001100000100001000010001110000011000010100010,11110111011111101001001011100011000001100000100001000010001110000011000011100110,2,0,1,0.009
2,11110111011111101001001011100011000001100000100001000010001110000011000010100100,11110111011111101001001011100011000001100000100001000010001110000011000011100110,2,0,1,0.008
2,11110111011111101001001011100011000001100000100001000010001110000011000011000010,11110111011111101001001011100011000001100000100001000010001110000011000011100110,2,0,1,0.009
2,11110111011111101001001011100011000001100000100001000010001110000011000011000100,11110111011111101001001011100011000001100000100001000010001110000011000011100110,2,0,1,0.01
2,11110111011111101001001011100011000001100000100001000010001110000011000011100000,11110111011111101001001011100011000001100000100001000010001110000011000011100110,2,0,1,0.007
3,00000000001000010101000010000010010100000100100000000000000010000111100000000011,00000100101000010101000010000010010100000100100000000000000010000111100000000011,2,0,1,0.571
3,00000000100000010101000010000010010100000100100000000000000010000111100000000011,00000100101000010101000010000010010100000100100000000000000010000111100000000011,2,0,1,0.011
3,00000000101000000101000010000010010100000100100000000000000010000111100000000011,00000100101000010101000010000010010100000100100000000000000010000111100000000011,2,0,1,0.009
3,00000000101000010001000010000010010100000100100000000000000010000111100000000011,00000100101000010101000010000010010100000100100000000000000010000111100000000011,2,0,1,0.009
3,00000000101000010100000010000010010100000100100000000000000010000111100000000011,00000100101000010101000010000010010100000100100000000000000010000111100000000011,2,0,1,0.011
3,00000000101000010101000000000010010100000100100000000000000010000111100000000011,00000100101000010101000010000010010100000100100000000000000010000111100000000011,2,0,1,0.012
3,00000000101000010101000010000000010100000100100000000000000010000111100000000011,00000100101000010101000010000010010100000100100000000000000010000111100000000011,2,0,1,0.012
3,00000000101000010101000010000010000100000100100000000000000010000111100000000011,00000100101000010101000010000010010100000100100000000000000010000111100000000011,2,0,1,0.011
3,00000000101000010101000010000010010000000100100000000000000010000111100000000011,00000100101000010101000010000010010100000100100000000000000010000111100000000011,2,0,1,4.743
3,00000000101000010101000010000010010100000000100000000000000010000111100000000011,00000100101000010101000010000010010100000100100000000000000010000111100000000011,2,0,1,0.009
3,00000000101000010101000010000010010100000100000000000000000010000111100000000011,00000100101000010101000010000010010100000100100000000000000010000111100000000011,2,0,1,0.012
3,00000000101000010101000010000010010100000100100000000000000000000111100000000011,00000100101000010101000010000010010100000100100000000000000010000111100000000011,2,0,1,2.274
3,00000000101000010101000010000010010100000100100000000000000010000011100000000011,00000100101000010101000010000010010100000100100000000000000010000111100000000011,2,0,1,0.009
3,00000000101000010101000010000010010100000100100000000000000010000101100000000011,00000100101000010101000010000010010100000100100000000000000010000111100000000011,2,0,1,0.009
3,00000000101000010101000010000010010100000100100000000000000010000110100000000011,00000100101000010101000010000010010100000100100000000000000010000111100000000011,2,0,1,0.008
3,00000000101000010101000010000010010100000100100000000000000010000111000000000011,00000100101000010101000010000010010100000100100000000000000010000111100000000011,2,0,1,0.008
3,00000000101000010101000010000010010100000100100000000000000010000111100000000001,00000100101000010101000010000010010100000100100000000000000010000111100000000011,2,0,1,0.012
3,00000000101000010101000010000010010100000100100000000000000010000111100000000010,00000100101000010101000010000010010100000100100000000000000010000111100000000011,2,0,1,3.561
3,00000100000000010101000010000010010100000100100000000000000010000111100000000011,00000100101000010101000010000010010100000100100000000000000010000111100000000011,2,0,1,0.009
3,00000100001000000101000010000010010100000100100000000000000010000111100000000011,00000100101000010101000010000010010100000100100000000000000010000111100000000011,2,0,1,0.009
3,00000100001000010001000010000010010100000100100000000000000010000111100000000011,00000100101000010101000010000010010100000100100000000000000010000111100000000011,2,0,1,0.008
3,00000100001000010100000010000010010100000100100000000000000010000111100000000011,00000100101000010101000010000010010100000100100000000000000010000111100000000011,2,0,1,0.553
3,00000100001000010101000000000010010100000100100000000000000010000111100000000011,00000100101000010101000010000010010100000100100000000000000010000111100000000011,2,0,1,0.012
3,00000100001000010101000010000000010100000100100000000000000010000111100000000011,00000100101000010101000010000010010100000100100000000000000010000111100000000011,2,0,1,0.011
3,00000100001000010101000010000010000100000100100000000000000010000111100000000011,00000100101000010101000010000010010100000100100000000000000010000111100000000011,2,0,1,0.01
3,00000100001000010101000010000010010000000100100000000000000010000111100000000011,00000100101000010101000010000010010100000100100000000000000010000111100000000011,2,0,1,0.01
3,00000100001000010101000010000010010100000000100000000000000010000111100000000011,00000100101000010101000010000010010100000100100000000000000010000111100000000011,2,0,1,0.009
3,00000100001000010101000010000010010100000100000000000000000010000111100000000011,00000100101000010101000010000010010100000100100000000000000010000111100000000011,2,0,1,0.012
3,00000100001000010101000010000010010100000100100000000000000000000111100000000011,00000100101000010101000010000010010100000100100000000000000010000111100000000011,2,0,1,0.569
3,00000100001000010101000010000010010100000100100000000000000010000011100000000011,00000100101000010101000010000010010100000100100000000000000010000111100000000011,2,0,1,0.009
3,00000100001000010101000010000010010100000100100000000000000010000101100000000011,00000100101000010101000010000010010100000100100000000000000010000111100000000011,2,0,1,0.007
3,00000100001000010101000010000010010100000100100000000000000010000110100000000011,00000100101000010101000010000010010100000100100000000000000010000111100000000011,2,0,1,0.009
3,00000100001000010101000010000010010100000100100000000000000010000111000000000011,00000100101000010101000010000010010100000100100000000000000010000111100000000011,2,0,1,0.009
3,00000100001000010101000010000010010100000100100000000000000010000111100000000001,00000100101000010101000010000010010100000100100000000000000010000111100000000011,2,0,1,0.013
3,00000100001000010101000010000010010100000100100000000000000010000111100000000010,00000100101000010101000010000010010100000100100000000000000010000111100000000011,2,0,1,0.011
3,00000100100000000101000010000010010100000100100000000000000010000111100000000011,00000100101000010101000010000010010100000100100000000000000010000111100000000011,2,0,1,0.009
3,00000100100000010001000010000010010100000100100000000000000010000111100000000011,00000100101000010101000010000010010100000100100000000000000010000111100000000011,2,0,1,0.009
3,00000100100000010100000010000010010100000100100000000000000010000111100000000011,00000100101000010101000010000010010100000100100000000000000010000111100000000011,2,0,1,0.011
3,00000100100000010101000000000010010100000100100000000000000010000111100000000011,00000100101000010101000010000010010100000100100000000000000010000111100000000011,2,0,1,0.011
3,00000100100000010101000010000000010100000100100000000000000010000111100000000011,00000100101000010101000010000010010100000100100000000000000010000111100000000011,2,0,1,0.01
3,00000100100000010101000010000010000100000100100000000000000010000111100000000011,00000100101000010101000010000010010100000100100000000000000010000111100000000011,2,0,1,0.009
3,00000100100000010101000010000010010000000100100000000000000010000111100000000011,00000100101000010101000010000010010100000100100000000000000010000111100000000011,2,0,1,2.166
3,00000100100000010101000010000010010100000000100000000000000010000111100000000011,00000100101000010101000010000010010100000100100000000000000010000111100000000011,2,0,1,0.007
3,00000100100000010101000010000010010100000100000000000000000010000111100000000011,00000100101000010101000010000010010100000100100000000000000010000111100000000011,2,0,1,0.012
3,00000100100000010101000010000010010100000100100000000000000000000111100000000011,00000100101000010101000010000010010100000100100000000000000010000111100000000011,2,0,1,0.013
3,00000100100000010101000010000010010100000100100000000000000010000011100000000011,00000100101000010101000010000010010100000100100000000000000010000111100000000011,2,0,1,0.009
3,00000100100000010101000010000010010100000100100000000000000010000101100000000011,00000100101000010101000010000010010100000100100000000000000010000111100000000011,2,0,1,0.008
3,00000100100000010101000010000010010100000100100000000000000010000110100000000011,00000100101000010101000010000010010100000100100000000000000010000111100000000011,2,0,1,0.007
3,00000100100000010101000010000010010100000100100000000000000010000111000000000011,00000100101000010101000010000010010100000100100000000000000010000111100000000011,2,0,1,0.009
3,00000100100000010101000010000010010100000100100000000000000010000111100000000001,00000100101000010101000010000010010100000100100000000000000010000111100000000011,2,0,1,0.419
3,00000100100000010101000010000010010100000100100000000000000010000111100000000010,00000100101000010101000010000010010100000100100000000000000010000111100000000011,2,0,1,0.011
3,00000100101000000001000010000010010100000100100000000000000010000111100000000011,00000100101000010101000010000010010100000100100000000000000010000111100000000011,2,0,1,0.004
3,00000100101000000100000010000010010100000100100000000000000010000111100000000011,00000100101000010101000010000010010100000100100000000000000010000111100000000011,2,0,1,0.009
3,00000100101000000101000000000010010100000100100000000000000010000111100000000011,00000100101000010101000010000010010100000100100000000000000010000111100000000011,2,0,1,0.009
3,00000100101000000101000010000000010100000100100000000000000010000111100000000011,00000100101000010101000010000010010100000100100000000000000010000111100000000011,2,0,1,0.008
3,00000100101000000101000010000010000100000100100000000000000010000111100000000011,00000100101000010101000010000010010100000100100000000000000010000111100000000011,2,0,1,0.006
3,00000100101000000101000010000010010000000100100000000000000010000111100000000011,00000100101000010101000010000010010100000100100000000000000010000111100000000011,2,0,1,0.009
3,00000100101000000101000010000010010100000000100000000000000010000111100000000011,00000100101000010101000010000010010100000100100000000000000010000111100000000011,2,0,1,0.004
3,00000100101000000101000010000010010100000100000000000000000010000111100000000011,00000100101000010101000010000010010100000100100000000000000010000111100000000011,2,0,1,0.01
3,00000100101000000101000010000010010100000100100000000000000000000111100000000011,00000100101000010101000010000010010100000100100000000000000010000111100000000011,2,0,1,0.008
3,00000100101000000101000010000010010100000100100000000000000010000011100000000011,00000100101000010101000010000010010100000100100000000000000010000111100000000011,2,0,1,0.003
3,00000100101000000101000010000010010100000100100000000000000010000101100000000011,00000100101000010101000010000010010100000100100000000000000010000111100000000011,2,0,1,0.004
3,00000100101000000101000010000010010100000100100000000000000010000110100000000011,00000100101000010101000010000010010100000100100000000000000010000111100000000011,2,0,1,0.004
3,00000100101000000101000010000010010100000100100000000000000010000111000000000011,00000100101000010101000010000010010100000100100000000000000010000111100000000011,2,0,1,0.004
3,00000100101000000101000010000010010100000100100000000000000010000111100000000001,00000100101000010101000010000010010100000100100000000000000010000111100000000011,2,0,1,0.008
3,00000100101000000101000010000010010100000100100000000000000010000111100000000010,00000100101000010101000010000010010100000100100000000000000010000111100000000011,2,0,1,0.008
3,00000100101000010000000010000010010100000100100000000000000010000111100000000011,00000100101000010101000010000010010100000100100000000000000010000111100000000011,2,0,1,0.009
3,00000100101000010001000000000010010100000100100000000000000010000111100000000011,00000100101000010101000010000010010100000100100000000000000010000111100000000011,2,0,1,0.009
3,00000100101000010001000010000000010100000100100000000000000010000111100000000011,00000100101000010101000010000010010100000100100000000000000010000111100000000011,2,0,1,0.009
3,00000100101000010001000010000010000100000100100000000000000010000111100000000011,00000100101000010101000010000010010100000100100000000000000010000111100000000011,2,0,1,0.006
3,00000100101000010001000010000010010000000100100000000000000010000111100000000011,00000100101000010101000010000010010100000100100000000000000010000111100000000011,2,0,1,0.009
3,00000100101000010001000010000010010100000000100000000000000010000111100000000011,00000100101000010101000010000010010100000100100000000000000010000111100000000011,2,0,1,0.004
3,00000100101000010001000010000010010100000100000000000000000010000111100000000011,00000100101000010101000010000010010100000100100000000000000010000111100000000011,2,0,1,0.009
3,00000100101000010001000010000010010100000100100000000000000000000111100000000011,00000100101000010101000010000010010100000100100000000000000010000111100000000011,2,0,1,0.006
3,00000100101000010001000010000010010100000100100000000000000010000011100000000011,00000100101000010101000010000010010100000100100000000000000010000111100000000011,2,0,1,0.003
3,00000100101000010001000010000010010100000100100000000000000010000101100000000011,00000100101000010101000010000010010100000100100000000000000010000111100000000011,2,0,1,0.004
3,00000100101000010001000010000010010100000100100000000000000010000110100000000011,00000100101000010101000010000010010100000100100000000000000010000111100000000011,2,0,1,0.003
3,00000100101000010001000010000010010100000100100000000000000010000111000000000011,00000100101000010101000010000010010100000100100000000000000010000111100000000011,2,0,1,0.004
3,00000100101000010001000010000010010100000100100000000000000010000111100000000001,00000100101000010101000010000010010100000100100000000000000010000111100000000011,2,0,1,0.008
3,00000100101000010001000010000010010100000100100000000000000010000111100000000010,00000100101000010101000010000010010100000100100000000000000010000111100000000011,2,0,1,0.008
3,00000100101000010100000000000010010100000100100000000000000010000111100000000011,00000100101000010101000010000010010100000100100000000000000010000111100000000011,2,0,1,0.013
3,00000100101000010100000010000000010100000100100000000000000010000111100000000011,00000100101000010101000010000010010100000100100000000000000010000111100000000011,2,0,1,0.01
3,00000100101000010100000010000010000100000100100000000000000010000111100000000011,00000100101000010101000010000010010100000100100000000000000010000111100000000011,2,0,1,0.012
3,00000100101000010100000010000010010000000100100000000000000010000111100000000011,00000100101000010101000010000010010100000100100000000000000010000111100000000011,2,0,1,0.012
3,00000100101000010100000010000010010100000000100000000000000010000111100000000011,00000100101000010101000010000010010100000100100000000000000010000111100000000011,2,0,1,0.008
3,00000100101000010100000010000010010100000100000000000000000010000111100000000011,00000100101000010101000010000010010100000100100000000000000010000111100000000011,2,0,1,0.012
3,00000100101000010100000010000010010100000100100000000000000000000111100000000011,00000100101000010101000010000010010100000100100000000000000010000111100000000011,2,0,1,0.013
3,00000100101000010100000010000010010100000100100000000000000010000011100000000011,00000100101000010101000010000010010100000100100000000000000010000111100000000011,2,0,1,0.009
3,00000100101000010100000010000010010100000100100000000000000010000101100000000011,00000100101000010101000010000010010100000100100000000000000010000111100000000011,2,0,1,0.007
3,00000100101000010100000010000010010100000100100000000000000010000110100000000011,00000100101000010101000010000010010100000100100000000000000010000111100000000011,2,0,1,0.008
3,00000100101000010100000010000010010100000100100000000000000010000111000000000011,00000100101000010101000010000010010100000100100000000000000010000111100000000011,2,0,1,0.008
3,00000100101000010100000010000010010100000100100000000000000010000111100000000001,00000100101000010101000010000010010100000100100000000000000010000111100000000011,2,0,1,0.014
3,00000100101000010100000010000010010100000100100000000000000010000111100000000010,00000100101000010101000010000010010100000100100000000000000010000111100000000011,2,0,1,0.009
3,00000100101000010101000000000000010100000100100000000000000010000111100000000011,00000100101010010101000000000000010100000100100000000000110011001111100000000011,2,0,0,0.222
3,00000100101000010101000000000010000100000100100000000000000010000111100000000011,00000100101000010101000010000010010100000100100000000000000010000111100000000011,2,0,1,0.009
3,00000100101000010101000000000010010000000100100000000000000010000111100000000011,00000100101000010101000010000010010100000100100000000000000010000111100000000011,2,0,1,0.013
3,00000100101000010101000000000010010100000000100000000000000010000111100000000011,00000100101000010101000010000010010100000100100000000000000010000111100000000011,2,0,1,0.009
3,00000100101000010101000000000010010100000100000000000000000010000111100000000011,00000100101000010101000010000010010100000100100000000000000010000111100000000011,2,0,1,0.013
3,00000100101000010101000000000010010100000100100000000000000000000111100000000011,00000100101000010101000010000010010100000100100000000000000010000111100000000011,2,0,1,0.696
3,00000100101000010101000000000010010100000100100000000000000010000011100000000011,00000100101000010101000010000010010100000100100000000000000010000111100000000011,2,0,1,0.009
3,00000100101000010101000000000010010100000100100000000000000010000101100000000011,00000100101000010101000010000010010100000100100000000000000010000111100000000011,2,0,1,0.009
3,00000100101000010101000000000010010100000100100000000000000010000110100000000011,00000100101000010101000010000010010100000100100000000000000010000111100000000011,2,0,1,0.009
3,00000100101000010101000000000010010100000100100000000000000010000111000000000011,00000100101000010101000010000010010100000100100000000000000010000111100000000011,2,0,1,0.009
3,00000100101000010101000000000010010100000100100000000000000010000111100000000001,00000100101000010101000010000010010100000100100000000000000010000111100000000011,2,0,1,0.471
3,00000100101000010101000000000010010100000100100000000000000010000111100000000010,00000100101000010101000010000010010100000100100000000000000010000111100000000011,2,0,1,0.012
3,00000100101000010101000010000000000100000100100000000000000010000111100000000011,00000100101000010101000010000010010100000100100000000000000010000111100000000011,2,0,1,0.01
3,00000100101000010101000010000000010000000100100000000000000010000111100000000011,00000100101000010101000010000010010100000100100000000000000010000111100000000011,2,0,1,0.013
3,00000100101000010101000010000000010100000000100000000000000010000111100000000011,00000100101000010101000010000010010100000100100000000000000010000111100000000011,2,0,1,0.006
3,00000100101000010101000010000000010100000100000000000000000010000111100000000011,00000100101000010101000010000010010100000100100000000000000010000111100000000011,2,0,1,0.011
3,00000100101000010101000010000000010100000100100000000000000000000111100000000011,00000100101000010101000010000010010100000100100000000000000010000111100000000011,2,0,1,0.012
3,00000100101000010101000010000000010100000100100000000000000010000011100000000011,00000100101000010101000010000010010100000100100000000000000010000111100000000011,2,0,1,0.008
3,00000100101000010101000010000000010100000100100000000000000010000101100000000011,00000100101000010101000010000010010100000100100000000000000010000111100000000011,2,0,1,0.006
3,00000100101000010101000010000000010100000100100000000000000010000110100000000011,00000100101000010101000010000010010100000100100000000000000010000111100000000011,2,0,1,0.008
3,00000100101000010101000010000000010100000100100000000000000010000111000000000011,00000100101000010101000010000010010100000100100000000000000010000111100000000011,2,0,1,0.008
3,00000100101000010101000010000000010100000100100000000000000010000111100000000001,00000100101000010101000010000010010100000100100000000000000010000111100000000011,2,0,1,0.012
3,00000100101000010101000010000000010100000100100000000000000010000111100000000010,00000100101000010101000010000010010100000100100000000000000010000111100000000011,2,0,1,0.012
3,00000100101000010101000010000010000000000100100000000000000010000111100000000011,00000100101000010101000010000010010100000100100000000000000010000111100000000011,2,0,1,0.011
3,00000100101000010101000010000010000100000000100000000000000010000111100000000011,00000100101000010101000010000010010100000100100000000000000010000111100000000011,2,0,1,0.008
3,00000100101000010101000010000010000100000100000000000000000010000111100000000011,00000100101000010101000010000010010100000100100000000000000010000111100000000011,2,0,1,0.013
3,00000100101000010101000010000010000100000100100000000000000000000111100000000011,00000100101000010101000010000010010100000100100000000000000010000111100000000011,2,0,1,1.168
3,00000100101000010101000010000010000100000100100000000000000010000011100000000011,00000100101000010101000010000010010100000100100000000000000010000111100000000011,2,0,1,0.008
3,00000100101000010101000010000010000100000100100000000000000010000101100000000011,00000100101000010101000010000010010100000100100000000000000010000111100000000011,2,0,1,0.008
3,00000100101000010101000010000010000100000100100000000000000010000110100000000011,00000100101000010101000010000010010100000100100000000000000010000111100000000011,2,0,1,0.009
3,00000100101000010101000010000010000100000100100000000000000010000111000000000011,00000100101000010101000010000010010100000100100000000000000010000111100000000011,2,0,1,0.006
3,00000100101000010101000010000010000100000100100000000000000010000111100000000001,00000100101000010101000010000010010100000100100000000000000010000111100000000011,2,0,1,0.009
3,00000100101000010101000010000010000100000100100000000000000010000111100000000010,00000100101000010101000010000010010100000100100000000000000010000111100000000011,2,0,1,0.011
3,00000100101000010101000010000010010000000000100000000000000010000111100000000011,00000100101000010101000010000010010100000100100000000000000010000111100000000011,2,0,1,0.009
3,00000100101000010101000010000010010000000100000000000000000010000111100000000011,00000100101000010101000010000010010100000100100000000000000010000111100000000011,2,0,1,0.013
3,00000100101000010101000010000010010000000100100000000000000000000111100000000011,00000100101000010101000010000010010100000100100000000000000010000111100000000011,2,0,1,0.011
3,00000100101000010101000010000010010000000100100000000000000010000011100000000011,00000100101000010101000010000010010100000100100000000000000010000111100000000011,2,0,1,0.007
3,00000100101000010101000010000010010000000100100000000000000010000101100000000011,00000100101000010101000010000010010100000100100000000000000010000111100000000011,2,0,1,0.009
3,00000100101000010101000010000010010000000100100000000000000010000110100000000011,00000100101000010101000010000010010100000100100000000000000010000111100000000011,2,0,1,0.007
3,00000100101000010101000010000010010000000100100000000000000010000111000000000011,00000100101000010101000010000010010100000100100000000000000010000111100000000011,2,0,1,0.007
3,00000100101000010101000010000010010000000100100000000000000010000111100000000001,00000100101000010101000010000010010100000100100000000000000010000111100000000011,2,0,1,0.011
3,00000100101000010101000010000010010000000100100000000000000010000111100000000010,00000100101000010101000010000010010100000100100000000000000010000111100000000011,2,0,1,0.012
3,00000100101000010101000010000010010100000000000000000000000010000111100000000011,00000100101000010101000010000010010100000100100000000000000010000111100000000011,2,0,1,0.007
3,00000100101000010101000010000010010100000000100000000000000000000111100000000011,00000100101000010101000010000010010100000100100000000000000010000111100000000011,2,0,1,0.009
3,00000100101000010101000010000010010100000000100000000000000010000011100000000011,00000100101000010101000010000010010100000100100000000000000010000111100000000011,2,0,1,0.004
3,00000100101000010101000010000010010100000000100000000000000010000101100000000011,00000100101000010101000010000010010100000100100000000000000010000111100000000011,2,0,1,0.004
3,00000100101000010101000010000010010100000000100000000000000010000110100000000011,00000100101000010101000010000010010100000100100000000000000010000111100000000011,2,0,1,0.004
3,00000100101000010101000010000010010100000000100000000000000010000111000000000011,00000100101000010101000010000010010100000100100000000000000010000111100000000011,2,0,1,0.003
3,00000100101000010101000010000010010100000000100000000000000010000111100000000001,00000100101000010101000010000010010100000100100000000000000010000111100000000011,2,0,1,0.008
3,00000100101000010101000010000010010100000000100000000000000010000111100000000010,00000100101000010101000010000010010100000100100000000000000010000111100000000011,2,0,1,0.008
3,00000100101000010101000010000010010100000100000000000000000000000111100000000011,00000100101000010101000010000010010100000100100000000000000010000111100000000011,2,0,1,0.012
3,00000100101000010101000010000010010100000100000000000000000010000011100000000011,00000100101000010101000010000010010100000100100000000000000010000111100000000011,2,0,1,0.009
3,00000100101000010101000010000010010100000100000000000000000010000101100000000011,00000100101000010101000010000010010100000100100000000000000010000111100000000011,2,0,1,0.009
3,00000100101000010101000010000010010100000100000000000000000010000110100000000011,00000100101000010101000010000010010100000100100000000000000010000111100000000011,2,0,1,0.009
3,00000100101000010101000010000010010100000100000000000000000010000111000000000011,00000100101000010101000010000010010100000100100000000000000010000111100000000011,2,0,1,0.009
3,00000100101000010101000010000010010100000100000000000000000010000111100000000001,00000100101000010101000010000010010100000100100000000000000010000111100000000011,2,0,1,0.012
3,00000100101000010101000010000010010100000100000000000000000010000111100000000010,00000100101000010101000010000010010100000100100000000000000010000111100000000011,2,0,1,0.012
3,00000100101000010101000010000010010100000100100000000000000000000011100000000011,00000100101000010101000010000010010100000100100000000000000010000111100000000011,2,0,1,0.008
3,00000100101000010101000010000010010100000100100000000000000000000101100000000011,00000100101000010101000010000010010100000100100000000000000010000111100000000011,2,0,1,0.009
3,00000100101000010101000010000010010100000100100000000000000000000110100000000011,00000100101000010101000010000010010100000100100000000000000010000111100000000011,2,0,1,0.008
3,00000100101000010101000010000010010100000100100000000000000000000111000000000011,00000100101000010101000010000010010100000100100000000000000010000111100000000011,2,0,1,0.007
3,00000100101000010101000010000010010100000100100000000000000000000111100000000001,00000100101000010101000010000010010100000100100000000000000010000111100000000011,2,0,1,0.01
3,00000100101000010101000010000010010100000100100000000000000000000111100000000010,00000100101000010101000010000010010100000100100000000000000010000111100000000011,2,0,1,0.011
3,00000100101000010101000010000010010100000100100000000000000010000001100000000011,00000100101000010101000010000010010100000100100000000000000010000111100000000011,2,0,1,0.004
3,00000100101000010101000010000010010100000100100000000000000010000010100000000011,00000100101000010101000010000010010100000100100000000000000010000111100000000011,2,0,1,0.004
3,00000100101000010101000010000010010100000100100000000000000010000011000000000011,00000100101000010101000010000010010100000100100000000000000010000111100000000011,2,0,1,0.004
3,00000100101000010101000010000010010100000100100000000000000010000011100000000001,00000100101000010101000010000010010100000100100000000000000010000111100000000011,2,0,1,0.009
3,00000100101000010101000010000010010100000100100000000000000010000011100000000010,00000100101000010101000010000010010100000100100000000000000010000111100000000011,2,0,1,0.009
3,00000100101000010101000010000010010100000100100000000000000010000100100000000011,00000100101000010101000010000010010100000100100000000000000010000111100000000011,2,0,1,0.004
3,00000100101000010101000010000010010100000100100000000000000010000101000000000011,00000100101000010101000010000010010100000100100000000000000010000111100000000011,2,0,1,0.004
3,00000100101000010101000010000010010100000100100000000000000010000101100000000001,00000100101000010101000010000010010100000100100000000000000010000111100000000011,2,0,1,0.01
3,00000100101000010101000010000010010100000100100000000000000010000101100000000010,00000100101000010101000010000010010100000100100000000000000010000111100000000011,2,0,1,0.008
3,00000100101000010101000010000010010100000100100000000000000010000110000000000011,00000100101000010101000010000010010100000100100000000000000010000111100000000011,2,0,1,0.004
3,00000100101000010101000010000010010100000100100000000000000010000110100000000001,00000100101000010101000010000010010100000100100000000000000010000111100000000011,2,0,1,0.007
3,00000100101000010101000010000010010100000100100000000000000010000110100000000010,00000100101000010101000010000010010100000100100000000000000010000111100000000011,2,0,1,0.006
3,00000100101000010101000010000010010100000100100000000000000010000111000000000001,00000100101000010101000010000010010100000100100000000000000010000111100000000011,2,0,1,0.007
3,00000100101000010101000010000010010100000100100000000000000010000111000000000010,00000100101000010101000010000010010100000100100000000000000010000111100000000011,2,0,1,0.008
3,00000100101000010101000010000010010100000100100000000000000010000111100000000000,00000100101000010101000010000010010100000100100000000000000010000111100000000011,2,0,1,0.009
