node, origami data, Induced Errors, decoded stream, original_origami, error_count, success, decoding time
0, 00000000011111110001100000100111101010000111000010001001000011110001000001101000,[1, 5],01000100011111110001100000100111101010000111000010001001000011110001000001101000,01000100011111110001100000100111101010000111000010001001000011110001000001101000, 2, True, 0.006
node, origami data, Induced Errors, decoded stream, original_origami, error_count, success, decoding time
0, 00000100001111110001100000100111101010000111000010001001000011110001000001101000,[1, 9],01000100011111110001100000100111101010000111000010001001000011110001000001101000,01000100011111110001100000100111101010000111000010001001000011110001000001101000, 2, True, 0.005
node, origami data, Induced Errors, decoded stream, original_origami, error_count, success, decoding time
0, 00000100010111110001100000100111101010000111000010001001000011110001000001101000,[1, 10],01000100011111110001100000100111101010000111000010001001000011110001000001101000,01000100011111110001100000100111101010000111000010001001000011110001000001101000, 2, True, 0.204
node, origami data, Induced Errors, decoded stream, original_origami, error_count, success, decoding time
0, 00000100011011110001100000100111101010000111000010001001000011110001000001101000,[1, 11],01000100011111110001100000100111101010000111000010001001000011110001000001101000,01000100011111110001100000100111101010000111000010001001000011110001000001101000, 2, True, 0.003
node, origami data, Induced Errors, decoded stream, original_origami, error_count, success, decoding time
0, 00000100011101110001100000100111101010000111000010001001000011110001000001101000,[1, 12],01000100011111110001100000100111101010000111000010001001000011110001000001101000,01000100011111110001100000100111101010000111000010001001000011110001000001101000, 2, True, 0.004
node, origami data, Induced Errors, decoded stream, original_origami, error_count, success, decoding time
0, 00000100011110110001100000100111101010000111000010001001000011110001000001101000,[1, 13],01000100011111110001100000100111101010000111000010001001000011110001000001101000,01000100011111110001100000100111101010000111000010001001000011110001000001101000, 2, True, 0.008
node, origami data, Induced Errors, decoded stream, original_origami, error_count, success, decoding time
0, 00000100011111010001100000100111101010000111000010001001000011110001000001101000,[1, 14],01000100011111110001100000100111101010000111000010001001000011110001000001101000,01000100011111110001100000100111101010000111000010001001000011110001000001101000, 2, True, 0.01
node, origami data, Induced Errors, decoded stream, original_origami, error_count, success, decoding time
0, 00000100011111100001100000100111101010000111000010001001000011110001000001101000,[1, 15],01000100011111110001100000100111101010000111000010001001000011110001000001101000,01000100011111110001100000100111101010000111000010001001000011110001000001101000, 2, True, 0.008
node, origami data, Induced Errors, decoded stream, original_origami, error_count, success, decoding time
0, 00000100011111110000100000100111101010000111000010001001000011110001000001101000,[1, 19],01000100011111110001100000100111101010000111000010001001000011110001000001101000,01000100011111110001100000100111101010000111000010001001000011110001000001101000, 2, True, 0.008
node, origami data, Induced Errors, decoded stream, original_origami, error_count, success, decoding time
0, 00000100011111110001000000100111101010000111000010001001000011110001000001101000,[1, 20],01000100011111110001100000100111101010000111000010001001000011110001000001101000,01000100011111110001100000100111101010000111000010001001000011110001000001101000, 2, True, 0.008
node, origami data, Induced Errors, decoded stream, original_origami, error_count, success, decoding time
0, 00000100011111110001100000000111101010000111000010001001000011110001000001101000,[1, 26],01000100011111110011100000000111101011001111000010011011000011111001000001101000,01000100011111110001100000100111101010000111000010001001000011110001000001101000, 7, False, 0.089
node, origami data, Induced Errors, decoded stream, original_origami, error_count, success, decoding time
0, 00000100011111110001100000100011101010000111000010001001000011110001000001101000,[1, 29],01000100011111110001100000100111101010000111000010001001000011110001000001101000,01000100011111110001100000100111101010000111000010001001000011110001000001101000, 2, True, 0.005
node, origami data, Induced Errors, decoded stream, original_origami, error_count, success, decoding time
0, 00000100011111110001100000100101101010000111000010001001000011110001000001101000,[1, 30],01000100011111110001100000100111101010000111000010001001000011110001000001101000,01000100011111110001100000100111101010000111000010001001000011110001000001101000, 2, True, 0.005
node, origami data, Induced Errors, decoded stream, original_origami, error_count, success, decoding time
0, 00000100011111110001100000100110101010000111000010001001000011110001000001101000,[1, 31],01000100011111110001100000100111101010000111000010001001000011110001000001101000,01000100011111110001100000100111101010000111000010001001000011110001000001101000, 2, True, 0.008
node, origami data, Induced Errors, decoded stream, original_origami, error_count, success, decoding time
0, 00000100011111110001100000100111001010000111000010001001000011110001000001101000,[1, 32],01000100011111110001100000100111101010000111000010001001000011110001000001101000,01000100011111110001100000100111101010000111000010001001000011110001000001101000, 2, True, 0.004
node, origami data, Induced Errors, decoded stream, original_origami, error_count, success, decoding time
0, 00000100011111110001100000100111100010000111000010001001000011110001000001101000,[1, 34],01000100011111110001100000100111101010000111000010001001000011110001000001101000,01000100011111110001100000100111101010000111000010001001000011110001000001101000, 2, True, 0.007
node, origami data, Induced Errors, decoded stream, original_origami, error_count, success, decoding time
0, 00000100011111110001100000100111101000000111000010001001000011110001000001101000,[1, 36],01000100011111110001100000100111101010000111000010001001000011110001000001101000,01000100011111110001100000100111101010000111000010001001000011110001000001101000, 2, True, 0.011
node, origami data, Induced Errors, decoded stream, original_origami, error_count, success, decoding time
0, 00000100011111110001100000100111101010000011000010001001000011110001000001101000,[1, 41],01000100011111110001100000100111101010000111000010001001000011110001000001101000,01000100011111110001100000100111101010000111000010001001000011110001000001101000, 2, True, 0.007
node, origami data, Induced Errors, decoded stream, original_origami, error_count, success, decoding time
0, 00000100011111110001100000100111101010000101000010001001000011110001000001101000,[1, 42],01000100011111110001100000100111101010000111000010001001000011110001000001101000,01000100011111110001100000100111101010000111000010001001000011110001000001101000, 2, True, 0.23
node, origami data, Induced Errors, decoded stream, original_origami, error_count, success, decoding time
0, 00000100011111110001100000100111101010000110000010001001000011110001000001101000,[1, 43],01000100011111110001100000100111101010000111000010001001000011110001000001101000,01000100011111110001100000100111101010000111000010001001000011110001000001101000, 2, True, 0.005
node, origami data, Induced Errors, decoded stream, original_origami, error_count, success, decoding time
0, 00000100011111110001100000100111101010000111000000001001000011110001000001101000,[1, 48],01000100011111110001100000100111101010000111000010001001000011110001000001101000,01000100011111110001100000100111101010000111000010001001000011110001000001101000, 2, True, 0.008
node, origami data, Induced Errors, decoded stream, original_origami, error_count, success, decoding time
0, 00000100011111110001100000100111101010000111000010000001000011110001000001101000,[1, 52],01000100011111110001100000100111101010000111000010001001000011110001000001101000,01000100011111110001100000100111101010000111000010001001000011110001000001101000, 2, True, 0.007
node, origami data, Induced Errors, decoded stream, original_origami, error_count, success, decoding time
0, 00000100011111110001100000100111101010000111000010001000000011110001000001101000,[1, 55],01000100011111110001100000100111101010000111000010001001000011110001000001101000,01000100011111110001100000100111101010000111000010001001000011110001000001101000, 2, True, 0.207
node, origami data, Induced Errors, decoded stream, original_origami, error_count, success, decoding time
0, 00000100011111110001100000100111101010000111000010001001000001110001000001101000,[1, 60],01000100011111110001100000100111101010000111000010001001000011110001000001101000,01000100011111110001100000100111101010000111000010001001000011110001000001101000, 2, True, 0.01
node, origami data, Induced Errors, decoded stream, original_origami, error_count, success, decoding time
0, 00000100011111110001100000100111101010000111000010001001000010110001000001101000,[1, 61],01000100011111110001100000100111101010000111000010001001000011110001000001101000,01000100011111110001100000100111101010000111000010001001000011110001000001101000, 2, True, 0.009
node, origami data, Induced Errors, decoded stream, original_origami, error_count, success, decoding time
0, 00000100011111110001100000100111101010000111000010001001000011010001000001101000,[1, 62],01000100011111110001100000100111101010000111000010001001000011110001000001101000,01000100011111110001100000100111101010000111000010001001000011110001000001101000, 2, True, 0.004
node, origami data, Induced Errors, decoded stream, original_origami, error_count, success, decoding time
0, 00000100011111110001100000100111101010000111000010001001000011100001000001101000,[1, 63],01000100011111110001100000100111101010000111000010001001000011110001000001101000,01000100011111110001100000100111101010000111000010001001000011110001000001101000, 2, True, 0.004
node, origami data, Induced Errors, decoded stream, original_origami, error_count, success, decoding time
0, 00000100011111110001100000100111101010000111000010001001000011110000000001101000,[1, 67],01000100011111110001100000100111101010000111000010001001000011110001000001101000,01000100011111110001100000100111101010000111000010001001000011110001000001101000, 2, True, 0.006
node, origami data, Induced Errors, decoded stream, original_origami, error_count, success, decoding time
0, 00000100011111110001100000100111101010000111000010001001000011110001000000101000,[1, 73],01000100011111110001100000100111101010000111000010001001000011110001000001101000,01000100011111110001100000100111101010000111000010001001000011110001000001101000, 2, True, 0.01
node, origami data, Induced Errors, decoded stream, original_origami, error_count, success, decoding time
0, 00000100011111110001100000100111101010000111000010001001000011110001000001001000,[1, 74],01000100011111110001100000100111101010000111000010001001000011110001000001101000,01000100011111110001100000100111101010000111000010001001000011110001000001101000, 2, True, 0.005
node, origami data, Induced Errors, decoded stream, original_origami, error_count, success, decoding time
0, 00000100011111110001100000100111101010000111000010001001000011110001000001100000,[1, 76],01000100011111110001100000100111101010000111000010001001000011110001000001101000,01000100011111110001100000100111101010000111000010001001000011110001000001101000, 2, True, 0.005
node, origami data, Induced Errors, decoded stream, original_origami, error_count, success, decoding time
0, 01000000001111110001100000100111101010000111000010001001000011110001000001101000,[5, 9],01000100011111110001100000100111101010000111000010001001000011110001000001101000,01000100011111110001100000100111101010000111000010001001000011110001000001101000, 2, True, 0.008
node, origami data, Induced Errors, decoded stream, original_origami, error_count, success, decoding time
0, 01000000010111110001100000100111101010000111000010001001000011110001000001101000,[5, 10],01000100011111110001100000100111101010000111000010001001000011110001000001101000,01000100011111110001100000100111101010000111000010001001000011110001000001101000, 2, True, 0.006
node, origami data, Induced Errors, decoded stream, original_origami, error_count, success, decoding time
0, 01000000011011110001100000100111101010000111000010001001000011110001000001101000,[5, 11],01000100011111110001100000100111101010000111000010001001000011110001000001101000,01000100011111110001100000100111101010000111000010001001000011110001000001101000, 2, True, 0.007
node, origami data, Induced Errors, decoded stream, original_origami, error_count, success, decoding time
0, 01000000011101110001100000100111101010000111000010001001000011110001000001101000,[5, 12],01000100011111110001100000100111101010000111000010001001000011110001000001101000,01000100011111110001100000100111101010000111000010001001000011110001000001101000, 2, True, 0.007
node, origami data, Induced Errors, decoded stream, original_origami, error_count, success, decoding time
0, 01000000011110110001100000100111101010000111000010001001000011110001000001101000,[5, 13],01000100011111110001100000100111101010000111000010001001000011110001000001101000,01000100011111110001100000100111101010000111000010001001000011110001000001101000, 2, True, 0.004
node, origami data, Induced Errors, decoded stream, original_origami, error_count, success, decoding time
0, 01000000011111010001100000100111101010000111000010001001000011110001000001101000,[5, 14],01000100011111110001100000100111101010000111000010001001000011110001000001101000,01000100011111110001100000100111101010000111000010001001000011110001000001101000, 2, True, 0.008
node, origami data, Induced Errors, decoded stream, original_origami, error_count, success, decoding time
0, 01000000011111100001100000100111101010000111000010001001000011110001000001101000,[5, 15],01000100011111110001100000100111101010000111000010001001000011110001000001101000,01000100011111110001100000100111101010000111000010001001000011110001000001101000, 2, True, 0.005
node, origami data, Induced Errors, decoded stream, original_origami, error_count, success, decoding time
0, 01000000011111110000100000100111101010000111000010001001000011110001000001101000,[5, 19],01000100011111110001100000100111101010000111000010001001000011110001000001101000,01000100011111110001100000100111101010000111000010001001000011110001000001101000, 2, True, 0.013
node, origami data, Induced Errors, decoded stream, original_origami, error_count, success, decoding time
0, 01000000011111110001000000100111101010000111000010001001000011110001000001101000,[5, 20],01000100011111110001100000100111101010000111000010001001000011110001000001101000,01000100011111110001100000100111101010000111000010001001000011110001000001101000, 2, True, 0.008
node, origami data, Induced Errors, decoded stream, original_origami, error_count, success, decoding time
0, 01000000011111110001100000000111101010000111000010001001000011110001000001101000,[5, 26],01000100011111110001100000100111101010000111000010001001000011110001000001101000,01000100011111110001100000100111101010000111000010001001000011110001000001101000, 2, True, 0.262
node, origami data, Induced Errors, decoded stream, original_origami, error_count, success, decoding time
0, 01000000011111110001100000100011101010000111000010001001000011110001000001101000,[5, 29],01000100011111110001100000100111101010000111000010001001000011110001000001101000,01000100011111110001100000100111101010000111000010001001000011110001000001101000, 2, True, 0.007
node, origami data, Induced Errors, decoded stream, original_origami, error_count, success, decoding time
0, 01000000011111110001100000100101101010000111000010001001000011110001000001101000,[5, 30],01000100011111110001100000100111101010000111000010001001000011110001000001101000,01000100011111110001100000100111101010000111000010001001000011110001000001101000, 2, True, 0.006
node, origami data, Induced Errors, decoded stream, original_origami, error_count, success, decoding time
0, 01000000011111110001100000100110101010000111000010001001000011110001000001101000,[5, 31],01000100011111110001100000100111101010000111000010001001000011110001000001101000,01000100011111110001100000100111101010000111000010001001000011110001000001101000, 2, True, 0.004
node, origami data, Induced Errors, decoded stream, original_origami, error_count, success, decoding time
0, 01000000011111110001100000100111001010000111000010001001000011110001000001101000,[5, 32],01000100011111110001100000100111101010000111000010001001000011110001000001101000,01000100011111110001100000100111101010000111000010001001000011110001000001101000, 2, True, 0.248
node, origami data, Induced Errors, decoded stream, original_origami, error_count, success, decoding time
0, 01000000011111110001100000100111100010000111000010001001000011110001000001101000,[5, 34],01000100011111110001100000100111101010000111000010001001000011110001000001101000,01000100011111110001100000100111101010000111000010001001000011110001000001101000, 2, True, 0.011
node, origami data, Induced Errors, decoded stream, original_origami, error_count, success, decoding time
0, 01000000011111110001100000100111101000000111000010001001000011110001000001101000,[5, 36],01000100011111110001100000100111101010000111000010001001000011110001000001101000,01000100011111110001100000100111101010000111000010001001000011110001000001101000, 2, True, 0.005
node, origami data, Induced Errors, decoded stream, original_origami, error_count, success, decoding time
0, 01000000011111110001100000100111101010000011000010001001000011110001000001101000,[5, 41],01000100011111110001100000100111101010000111000010001001000011110001000001101000,01000100011111110001100000100111101010000111000010001001000011110001000001101000, 2, True, 0.007
node, origami data, Induced Errors, decoded stream, original_origami, error_count, success, decoding time
0, 01000000011111110001100000100111101010000101000010001001000011110001000001101000,[5, 42],01000100011111110001100000100111101010000111000010001001000011110001000001101000,01000100011111110001100000100111101010000111000010001001000011110001000001101000, 2, True, 0.007
node, origami data, Induced Errors, decoded stream, original_origami, error_count, success, decoding time
0, 01000000011111110001100000100111101010000110000010001001000011110001000001101000,[5, 43],01000100011111110001100000100111101010000111000010001001000011110001000001101000,01000100011111110001100000100111101010000111000010001001000011110001000001101000, 2, True, 0.007
node, origami data, Induced Errors, decoded stream, original_origami, error_count, success, decoding time
0, 01000000011111110001100000100111101010000111000000001001000011110001000001101000,[5, 48],01000100011111110001100000100111101010000111000010001001000011110001000001101000,01000100011111110001100000100111101010000111000010001001000011110001000001101000, 2, True, 0.008
node, origami data, Induced Errors, decoded stream, original_origami, error_count, success, decoding time
0, 01000000011111110001100000100111101010000111000010000001000011110001000001101000,[5, 52],01000100011111110001100000100111101010000111000010001001000011110001000001101000,01000100011111110001100000100111101010000111000010001001000011110001000001101000, 2, True, 0.006
node, origami data, Induced Errors, decoded stream, original_origami, error_count, success, decoding time
0, 01000000011111110001100000100111101010000111000010001000000011110001000001101000,[5, 55],01000100011111110001100000100111101010000111000010001001000011110001000001101000,01000100011111110001100000100111101010000111000010001001000011110001000001101000, 2, True, 0.007
node, origami data, Induced Errors, decoded stream, original_origami, error_count, success, decoding time
0, 01000000011111110001100000100111101010000111000010001001000001110001000001101000,[5, 60],01000100011111110001100000100111101010000111000010001001000011110001000001101000,01000100011111110001100000100111101010000111000010001001000011110001000001101000, 2, True, 0.534
node, origami data, Induced Errors, decoded stream, original_origami, error_count, success, decoding time
0, 01000000011111110001100000100111101010000111000010001001000010110001000001101000,[5, 61],01000100011111110001100000100111101010000111000010001001000011110001000001101000,01000100011111110001100000100111101010000111000010001001000011110001000001101000, 2, True, 0.007
node, origami data, Induced Errors, decoded stream, original_origami, error_count, success, decoding time
0, 01000000011111110001100000100111101010000111000010001001000011010001000001101000,[5, 62],01000100011111110001100000100111101010000111000010001001000011110001000001101000,01000100011111110001100000100111101010000111000010001001000011110001000001101000, 2, True, 0.005
node, origami data, Induced Errors, decoded stream, original_origami, error_count, success, decoding time
0, 01000000011111110001100000100111101010000111000010001001000011100001000001101000,[5, 63],01000100011111110001100000100111101010000111000010001001000011110001000001101000,01000100011111110001100000100111101010000111000010001001000011110001000001101000, 2, True, 0.004
node, origami data, Induced Errors, decoded stream, original_origami, error_count, success, decoding time
0, 01000000011111110001100000100111101010000111000010001001000011110000000001101000,[5, 67],01000100011111110001100000100111101010000111000010001001000011110001000001101000,01000100011111110001100000100111101010000111000010001001000011110001000001101000, 2, True, 0.005
node, origami data, Induced Errors, decoded stream, original_origami, error_count, success, decoding time
0, 01000000011111110001100000100111101010000111000010001001000011110001000000101000,[5, 73],01000100011111110001100000100111101010000111000010001001000011110001000001101000,01000100011111110001100000100111101010000111000010001001000011110001000001101000, 2, True, 0.007
node, origami data, Induced Errors, decoded stream, original_origami, error_count, success, decoding time
0, 01000000011111110001100000100111101010000111000010001001000011110001000001001000,[5, 74],01000100011111110001100000100111101010000111000010001001000011110001000001101000,01000100011111110001100000100111101010000111000010001001000011110001000001101000, 2, True, 0.011
node, origami data, Induced Errors, decoded stream, original_origami, error_count, success, decoding time
0, 01000000011111110001100000100111101010000111000010001001000011110001000001100000,[5, 76],01000100011111110001100000100111101010000111000010001001000011110001000001101000,01000100011111110001100000100111101010000111000010001001000011110001000001101000, 2, True, 0.007
node, origami data, Induced Errors, decoded stream, original_origami, error_count, success, decoding time
0, 01000100000111110001100000100111101010000111000010001001000011110001000001101000,[9, 10],01000100011111110001100000100111101010000111000010001001000011110001000001101000,01000100011111110001100000100111101010000111000010001001000011110001000001101000, 2, True, 0.006
node, origami data, Induced Errors, decoded stream, original_origami, error_count, success, decoding time
0, 01000100001011110001100000100111101010000111000010001001000011110001000001101000,[9, 11],01000100011111110001100000100111101010000111000010001001000011110001000001101000,01000100011111110001100000100111101010000111000010001001000011110001000001101000, 2, True, 0.007
node, origami data, Induced Errors, decoded stream, original_origami, error_count, success, decoding time
0, 01000100001101110001100000100111101010000111000010001001000011110001000001101000,[9, 12],01000100011111110001100000100111101010000111000010001001000011110001000001101000,01000100011111110001100000100111101010000111000010001001000011110001000001101000, 2, True, 0.003
node, origami data, Induced Errors, decoded stream, original_origami, error_count, success, decoding time
0, 01000100001110110001100000100111101010000111000010001001000011110001000001101000,[9, 13],01000100011111110001100000100111101010000111000010001001000011110001000001101000,01000100011111110001100000100111101010000111000010001001000011110001000001101000, 2, True, 0.01
node, origami data, Induced Errors, decoded stream, original_origami, error_count, success, decoding time
0, 01000100001111010001100000100111101010000111000010001001000011110001000001101000,[9, 14],01000100011111110001100000100111101010000111000010001001000011110001000001101000,01000100011111110001100000100111101010000111000010001001000011110001000001101000, 2, True, 0.005
node, origami data, Induced Errors, decoded stream, original_origami, error_count, success, decoding time
0, 01000100001111100001100000100111101010000111000010001001000011110001000001101000,[9, 15],01000100011111110001100000100111101010000111000010001001000011110001000001101000,01000100011111110001100000100111101010000111000010001001000011110001000001101000, 2, True, 0.006
node, origami data, Induced Errors, decoded stream, original_origami, error_count, success, decoding time
0, 01000100001111110000100000100111101010000111000010001001000011110001000001101000,[9, 19],01000100011111110001100000100111101010000111000010001001000011110001000001101000,01000100011111110001100000100111101010000111000010001001000011110001000001101000, 2, True, 0.009
node, origami data, Induced Errors, decoded stream, original_origami, error_count, success, decoding time
0, 01000100001111110001000000100111101010000111000010001001000011110001000001101000,[9, 20],01000100011111110001100000100111101010000111000010001001000011110001000001101000,01000100011111110001100000100111101010000111000010001001000011110001000001101000, 2, True, 0.311
node, origami data, Induced Errors, decoded stream, original_origami, error_count, success, decoding time
0, 01000100001111110001100000000111101010000111000010001001000011110001000001101000,[9, 26],01000100011111110001100000100111101010000111000010001001000011110001000001101000,01000100011111110001100000100111101010000111000010001001000011110001000001101000, 2, True, 0.005
node, origami data, Induced Errors, decoded stream, original_origami, error_count, success, decoding time
0, 01000100001111110001100000100011101010000111000010001001000011110001000001101000,[9, 29],01000100011111110001100000100111101010000111000010001001000011110001000001101000,01000100011111110001100000100111101010000111000010001001000011110001000001101000, 2, True, 0.334
node, origami data, Induced Errors, decoded stream, original_origami, error_count, success, decoding time
0, 01000100001111110001100000100101101010000111000010001001000011110001000001101000,[9, 30],01000100011111110001100000100111101010000111000010001001000011110001000001101000,01000100011111110001100000100111101010000111000010001001000011110001000001101000, 2, True, 0.006
node, origami data, Induced Errors, decoded stream, original_origami, error_count, success, decoding time
0, 01000100001111110001100000100110101010000111000010001001000011110001000001101000,[9, 31],01000100011111110001100000100111101010000111000010001001000011110001000001101000,01000100011111110001100000100111101010000111000010001001000011110001000001101000, 2, True, 0.005
node, origami data, Induced Errors, decoded stream, original_origami, error_count, success, decoding time
0, 01000100001111110001100000100111001010000111000010001001000011110001000001101000,[9, 32],01000100011111110001100000100111101010000111000010001001000011110001000001101000,01000100011111110001100000100111101010000111000010001001000011110001000001101000, 2, True, 0.297
node, origami data, Induced Errors, decoded stream, original_origami, error_count, success, decoding time
0, 01000100001111110001100000100111100010000111000010001001000011110001000001101000,[9, 34],01000100011111110001100000100111101010000111000010001001000011110001000001101000,01000100011111110001100000100111101010000111000010001001000011110001000001101000, 2, True, 0.007
node, origami data, Induced Errors, decoded stream, original_origami, error_count, success, decoding time
0, 01000100001111110001100000100111101000000111000010001001000011110001000001101000,[9, 36],01000100011111110001100000100111101010000111000010001001000011110001000001101000,01000100011111110001100000100111101010000111000010001001000011110001000001101000, 2, True, 0.009
node, origami data, Induced Errors, decoded stream, original_origami, error_count, success, decoding time
0, 01000100001111110001100000100111101010000011000010001001000011110001000001101000,[9, 41],01000100011111110001100000100111101010000111000010001001000011110001000001101000,01000100011111110001100000100111101010000111000010001001000011110001000001101000, 2, True, 0.004
node, origami data, Induced Errors, decoded stream, original_origami, error_count, success, decoding time
0, 01000100001111110001100000100111101010000101000010001001000011110001000001101000,[9, 42],01000100011111110001100000100111101010000111000010001001000011110001000001101000,01000100011111110001100000100111101010000111000010001001000011110001000001101000, 2, True, 0.19
node, origami data, Induced Errors, decoded stream, original_origami, error_count, success, decoding time
0, 01000100001111110001100000100111101010000110000010001001000011110001000001101000,[9, 43],01000100011111110001100000100111101010000111000010001001000011110001000001101000,01000100011111110001100000100111101010000111000010001001000011110001000001101000, 2, True, 0.006
node, origami data, Induced Errors, decoded stream, original_origami, error_count, success, decoding time
0, 01000100001111110001100000100111101010000111000000001001000011110001000001101000,[9, 48],01000100011111110001100000100111101010000111000010001001000011110001000001101000,01000100011111110001100000100111101010000111000010001001000011110001000001101000, 2, True, 0.004
node, origami data, Induced Errors, decoded stream, original_origami, error_count, success, decoding time
0, 01000100001111110001100000100111101010000111000010000001000011110001000001101000,[9, 52],01000100011111110001100000100111101010000111000010001001000011110001000001101000,01000100011111110001100000100111101010000111000010001001000011110001000001101000, 2, True, 0.151
node, origami data, Induced Errors, decoded stream, original_origami, error_count, success, decoding time
0, 01000100001111110001100000100111101010000111000010001000000011110001000001101000,[9, 55],01000100011111110001100000100111101010000111000010001001000011110001000001101000,01000100011111110001100000100111101010000111000010001001000011110001000001101000, 2, True, 0.008
node, origami data, Induced Errors, decoded stream, original_origami, error_count, success, decoding time
0, 01000100001111110001100000100111101010000111000010001001000001110001000001101000,[9, 60],01000100011111110001100000100111101010000111000010001001000011110001000001101000,01000100011111110001100000100111101010000111000010001001000011110001000001101000, 2, True, 0.006
node, origami data, Induced Errors, decoded stream, original_origami, error_count, success, decoding time
0, 01000100001111110001100000100111101010000111000010001001000010110001000001101000,[9, 61],01000100011111110001100000100111101010000111000010001001000011110001000001101000,01000100011111110001100000100111101010000111000010001001000011110001000001101000, 2, True, 0.007
node, origami data, Induced Errors, decoded stream, original_origami, error_count, success, decoding time
0, 01000100001111110001100000100111101010000111000010001001000011010001000001101000,[9, 62],01000100011111110001100000100111101010000111000010001001000011110001000001101000,01000100011111110001100000100111101010000111000010001001000011110001000001101000, 2, True, 0.007
node, origami data, Induced Errors, decoded stream, original_origami, error_count, success, decoding time
0, 01000100001111110001100000100111101010000111000010001001000011100001000001101000,[9, 63],01000100011111110001100000100111101010000111000010001001000011110001000001101000,01000100011111110001100000100111101010000111000010001001000011110001000001101000, 2, True, 0.003
node, origami data, Induced Errors, decoded stream, original_origami, error_count, success, decoding time
0, 01000100001111110001100000100111101010000111000010001001000011110000000001101000,[9, 67],01000100011111110001100000100111101010000111000010001001000011110001000001101000,01000100011111110001100000100111101010000111000010001001000011110001000001101000, 2, True, 0.006
node, origami data, Induced Errors, decoded stream, original_origami, error_count, success, decoding time
0, 01000100001111110001100000100111101010000111000010001001000011110001000000101000,[9, 73],01000100001111110011100000101111101010110110000010001001001011110101000000101000,01000100011111110001100000100111101010000111000010001001000011110001000001101000, 7, False, 0.361
node, origami data, Induced Errors, decoded stream, original_origami, error_count, success, decoding time
0, 01000100001111110001100000100111101010000111000010001001000011110001000001001000,[9, 74],01000100011111110001100000100111101010000111000010001001000011110001000001101000,01000100011111110001100000100111101010000111000010001001000011110001000001101000, 2, True, 0.008
node, origami data, Induced Errors, decoded stream, original_origami, error_count, success, decoding time
0, 01000100001111110001100000100111101010000111000010001001000011110001000001100000,[9, 76],01000100011111110001100000100111101010000111000010001001000011110001000001101000,01000100011111110001100000100111101010000111000010001001000011110001000001101000, 2, True, 0.009
node, origami data, Induced Errors, decoded stream, original_origami, error_count, success, decoding time
0, 01000100010011110001100000100111101010000111000010001001000011110001000001101000,[10, 11],01000100011111110001100000100111101010000111000010001001000011110001000001101000,01000100011111110001100000100111101010000111000010001001000011110001000001101000, 2, True, 0.004
node, origami data, Induced Errors, decoded stream, original_origami, error_count, success, decoding time
0, 01000100010101110001100000100111101010000111000010001001000011110001000001101000,[10, 12],01000100011111110001100000100111101010000111000010001001000011110001000001101000,01000100011111110001100000100111101010000111000010001001000011110001000001101000, 2, True, 0.004
node, origami data, Induced Errors, decoded stream, original_origami, error_count, success, decoding time
0, 01000100010110110001100000100111101010000111000010001001000011110001000001101000,[10, 13],01000100011111110001100000100111101010000111000010001001000011110001000001101000,01000100011111110001100000100111101010000111000010001001000011110001000001101000, 2, True, 0.005
node, origami data, Induced Errors, decoded stream, original_origami, error_count, success, decoding time
0, 01000100010111010001100000100111101010000111000010001001000011110001000001101000,[10, 14],01000100011111110001100000100111101010000111000010001001000011110001000001101000,01000100011111110001100000100111101010000111000010001001000011110001000001101000, 2, True, 0.008
node, origami data, Induced Errors, decoded stream, original_origami, error_count, success, decoding time
0, 01000100010111100001100000100111101010000111000010001001000011110001000001101000,[10, 15],01000100011111110001100000100111101010000111000010001001000011110001000001101000,01000100011111110001100000100111101010000111000010001001000011110001000001101000, 2, True, 0.005
node, origami data, Induced Errors, decoded stream, original_origami, error_count, success, decoding time
0, 01000100010111110000100000100111101010000111000010001001000011110001000001101000,[10, 19],01000100011111110001100000100111101010000111000010001001000011110001000001101000,01000100011111110001100000100111101010000111000010001001000011110001000001101000, 2, True, 0.005
node, origami data, Induced Errors, decoded stream, original_origami, error_count, success, decoding time
0, 01000100010111110001000000100111101010000111000010001001000011110001000001101000,[10, 20],01000100011111110001100000100111101010000111000010001001000011110001000001101000,01000100011111110001100000100111101010000111000010001001000011110001000001101000, 2, True, 0.017
node, origami data, Induced Errors, decoded stream, original_origami, error_count, success, decoding time
0, 01000100010111110001100000000111101010000111000010001001000011110001000001101000,[10, 26],01000100011111110001100000100111101010000111000010001001000011110001000001101000,01000100011111110001100000100111101010000111000010001001000011110001000001101000, 2, True, 0.006
node, origami data, Induced Errors, decoded stream, original_origami, error_count, success, decoding time
0, 01000100010111110001100000100011101010000111000010001001000011110001000001101000,[10, 29],01000100011111110001100000100111101010000111000010001001000011110001000001101000,01000100011111110001100000100111101010000111000010001001000011110001000001101000, 2, True, 0.009
node, origami data, Induced Errors, decoded stream, original_origami, error_count, success, decoding time
0, 01000100010111110001100000100101101010000111000010001001000011110001000001101000,[10, 30],01000100011111110001100000100111101010000111000010001001000011110001000001101000,01000100011111110001100000100111101010000111000010001001000011110001000001101000, 2, True, 0.007
node, origami data, Induced Errors, decoded stream, original_origami, error_count, success, decoding time
0, 01000100010111110001100000100110101010000111000010001001000011110001000001101000,[10, 31],01000100011111110001100000100111101010000111000010001001000011110001000001101000,01000100011111110001100000100111101010000111000010001001000011110001000001101000, 2, True, 0.009
node, origami data, Induced Errors, decoded stream, original_origami, error_count, success, decoding time
0, 01000100010111110001100000100111001010000111000010001001000011110001000001101000,[10, 32],01000100011111110001100000100111101010000111000010001001000011110001000001101000,01000100011111110001100000100111101010000111000010001001000011110001000001101000, 2, True, 0.008
node, origami data, Induced Errors, decoded stream, original_origami, error_count, success, decoding time
0, 01000100010111110001100000100111100010000111000010001001000011110001000001101000,[10, 34],01000100011111110001100000100111101010000111000010001001000011110001000001101000,01000100011111110001100000100111101010000111000010001001000011110001000001101000, 2, True, 0.011
node, origami data, Induced Errors, decoded stream, original_origami, error_count, success, decoding time
0, 01000100010111110001100000100111101000000111000010001001000011110001000001101000,[10, 36],01000100011111110001100000100111101010000111000010001001000011110001000001101000,01000100011111110001100000100111101010000111000010001001000011110001000001101000, 2, True, 0.01
node, origami data, Induced Errors, decoded stream, original_origami, error_count, success, decoding time
0, 01000100010111110001100000100111101010000011000010001001000011110001000001101000,[10, 41],01000100011111110001100000100111101010000111000010001001000011110001000001101000,01000100011111110001100000100111101010000111000010001001000011110001000001101000, 2, True, 0.003
node, origami data, Induced Errors, decoded stream, original_origami, error_count, success, decoding time
0, 01000100010111110001100000100111101010000101000010001001000011110001000001101000,[10, 42],01000100011111110001100000100111101010000111000010001001000011110001000001101000,01000100011111110001100000100111101010000111000010001001000011110001000001101000, 2, True, 0.009
node, origami data, Induced Errors, decoded stream, original_origami, error_count, success, decoding time
0, 01000100010111110001100000100111101010000110000010001001000011110001000001101000,[10, 43],01000100011111110001100000100111101010000111000010001001000011110001000001101000,01000100011111110001100000100111101010000111000010001001000011110001000001101000, 2, True, 0.346
node, origami data, Induced Errors, decoded stream, original_origami, error_count, success, decoding time
0, 01000100010111110001100000100111101010000111000000001001000011110001000001101000,[10, 48],01000100011111110001100000100111101010000111000010001001000011110001000001101000,01000100011111110001100000100111101010000111000010001001000011110001000001101000, 2, True, 0.008
node, origami data, Induced Errors, decoded stream, original_origami, error_count, success, decoding time
0, 01000100010111110001100000100111101010000111000010000001000011110001000001101000,[10, 52],01000100011111110001100000100111101010000111000010001001000011110001000001101000,01000100011111110001100000100111101010000111000010001001000011110001000001101000, 2, True, 0.191
node, origami data, Induced Errors, decoded stream, original_origami, error_count, success, decoding time
0, 01000100010111110001100000100111101010000111000010001000000011110001000001101000,[10, 55],01000100011111110001100000100111101010000111000010001001000011110001000001101000,01000100011111110001100000100111101010000111000010001001000011110001000001101000, 2, True, 0.966
node, origami data, Induced Errors, decoded stream, original_origami, error_count, success, decoding time
0, 01000100010111110001100000100111101010000111000010001001000001110001000001101000,[10, 60],01000100011111110001100000100111101010000111000010001001000011110001000001101000,01000100011111110001100000100111101010000111000010001001000011110001000001101000, 2, True, 0.006
node, origami data, Induced Errors, decoded stream, original_origami, error_count, success, decoding time
0, 01000100010111110001100000100111101010000111000010001001000010110001000001101000,[10, 61],01000100011111110001100000100111101010000111000010001001000011110001000001101000,01000100011111110001100000100111101010000111000010001001000011110001000001101000, 2, True, 0.005
node, origami data, Induced Errors, decoded stream, original_origami, error_count, success, decoding time
0, 01000100010111110001100000100111101010000111000010001001000011010001000001101000,[10, 62],01000100011111110001100000100111101010000111000010001001000011110001000001101000,01000100011111110001100000100111101010000111000010001001000011110001000001101000, 2, True, 0.005
node, origami data, Induced Errors, decoded stream, original_origami, error_count, success, decoding time
0, 01000100010111110001100000100111101010000111000010001001000011100001000001101000,[10, 63],01000100011111110001100000100111101010000111000010001001000011110001000001101000,01000100011111110001100000100111101010000111000010001001000011110001000001101000, 2, True, 0.005
node, origami data, Induced Errors, decoded stream, original_origami, error_count, success, decoding time
0, 01000100010111110001100000100111101010000111000010001001000011110000000001101000,[10, 67],01000100011111110001100000100111101010000111000010001001000011110001000001101000,01000100011111110001100000100111101010000111000010001001000011110001000001101000, 2, True, 0.003
node, origami data, Induced Errors, decoded stream, original_origami, error_count, success, decoding time
0, 01000100010111110001100000100111101010000111000010001001000011110001000000101000,[10, 73],01000100011111110001100000100111101010000111000010001001000011110001000001101000,01000100011111110001100000100111101010000111000010001001000011110001000001101000, 2, True, 0.012
node, origami data, Induced Errors, decoded stream, original_origami, error_count, success, decoding time
0, 01000100010111110001100000100111101010000111000010001001000011110001000001001000,[10, 74],01000100011111110001100000100111101010000111000010001001000011110001000001101000,01000100011111110001100000100111101010000111000010001001000011110001000001101000, 2, True, 0.005
node, origami data, Induced Errors, decoded stream, original_origami, error_count, success, decoding time
0, 01000100010111110001100000100111101010000111000010001001000011110001000001100000,[10, 76],01000100011111110001100000100111101010000111000010001001000011110001000001101000,01000100011111110001100000100111101010000111000010001001000011110001000001101000, 2, True, 0.279
node, origami data, Induced Errors, decoded stream, original_origami, error_count, success, decoding time
0, 01000100011001110001100000100111101010000111000010001001000011110001000001101000,[11, 12],01000100011111110001100000100111101010000111000010001001000011110001000001101000,01000100011111110001100000100111101010000111000010001001000011110001000001101000, 2, True, 0.003
node, origami data, Induced Errors, decoded stream, original_origami, error_count, success, decoding time
0, 01000100011010110001100000100111101010000111000010001001000011110001000001101000,[11, 13],01000100011111110001100000100111101010000111000010001001000011110001000001101000,01000100011111110001100000100111101010000111000010001001000011110001000001101000, 2, True, 0.003
node, origami data, Induced Errors, decoded stream, original_origami, error_count, success, decoding time
0, 01000100011011010001100000100111101010000111000010001001000011110001000001101000,[11, 14],01000100011111110001100000100111101010000111000010001001000011110001000001101000,01000100011111110001100000100111101010000111000010001001000011110001000001101000, 2, True, 0.003
node, origami data, Induced Errors, decoded stream, original_origami, error_count, success, decoding time
0, 01000100011011100001100000100111101010000111000010001001000011110001000001101000,[11, 15],01000100011111110001100000100111101010000111000010001001000011110001000001101000,01000100011111110001100000100111101010000111000010001001000011110001000001101000, 2, True, 0.002
node, origami data, Induced Errors, decoded stream, original_origami, error_count, success, decoding time
0, 01000100011011110000100000100111101010000111000010001001000011110001000001101000,[11, 19],01000100011111110001100000100111101010000111000010001001000011110001000001101000,01000100011111110001100000100111101010000111000010001001000011110001000001101000, 2, True, 0.004
node, origami data, Induced Errors, decoded stream, original_origami, error_count, success, decoding time
0, 01000100011011110001000000100111101010000111000010001001000011110001000001101000,[11, 20],01000100011111110001100000100111101010000111000010001001000011110001000001101000,01000100011111110001100000100111101010000111000010001001000011110001000001101000, 2, True, 0.008
node, origami data, Induced Errors, decoded stream, original_origami, error_count, success, decoding time
0, 01000100011011110001100000000111101010000111000010001001000011110001000001101000,[11, 26],01000100011111110001100000100111101010000111000010001001000011110001000001101000,01000100011111110001100000100111101010000111000010001001000011110001000001101000, 2, True, 0.006
node, origami data, Induced Errors, decoded stream, original_origami, error_count, success, decoding time
0, 01000100011011110001100000100011101010000111000010001001000011110001000001101000,[11, 29],01000100011111110001100000100111101010000111000010001001000011110001000001101000,01000100011111110001100000100111101010000111000010001001000011110001000001101000, 2, True, 0.004
node, origami data, Induced Errors, decoded stream, original_origami, error_count, success, decoding time
0, 01000100011011110001100000100101101010000111000010001001000011110001000001101000,[11, 30],01000100011111110001100000100111101010000111000010001001000011110001000001101000,01000100011111110001100000100111101010000111000010001001000011110001000001101000, 2, True, 0.003
node, origami data, Induced Errors, decoded stream, original_origami, error_count, success, decoding time
0, 01000100011011110001100000100110101010000111000010001001000011110001000001101000,[11, 31],01000100011111110001100000100111101010000111000010001001000011110001000001101000,01000100011111110001100000100111101010000111000010001001000011110001000001101000, 2, True, 0.002
node, origami data, Induced Errors, decoded stream, original_origami, error_count, success, decoding time
0, 01000100011011110001100000100111001010000111000010001001000011110001000001101000,[11, 32],01000100011111110001100000100111101010000111000010001001000011110001000001101000,01000100011111110001100000100111101010000111000010001001000011110001000001101000, 2, True, 0.005
node, origami data, Induced Errors, decoded stream, original_origami, error_count, success, decoding time
0, 01000100011011110001100000100111100010000111000010001001000011110001000001101000,[11, 34],01000100011111110001100000100111101010000111000010001001000011110001000001101000,01000100011111110001100000100111101010000111000010001001000011110001000001101000, 2, True, 0.006
node, origami data, Induced Errors, decoded stream, original_origami, error_count, success, decoding time
0, 01000100011011110001100000100111101000000111000010001001000011110001000001101000,[11, 36],01000100011111110001100000100111101010000111000010001001000011110001000001101000,01000100011111110001100000100111101010000111000010001001000011110001000001101000, 2, True, 0.003
node, origami data, Induced Errors, decoded stream, original_origami, error_count, success, decoding time
0, 01000100011011110001100000100111101010000011000010001001000011110001000001101000,[11, 41],01000100011111110001100000100111101010000111000010001001000011110001000001101000,01000100011111110001100000100111101010000111000010001001000011110001000001101000, 2, True, 0.003
node, origami data, Induced Errors, decoded stream, original_origami, error_count, success, decoding time
0, 01000100011011110001100000100111101010000101000010001001000011110001000001101000,[11, 42],01000100011111110001100000100111101010000111000010001001000011110001000001101000,01000100011111110001100000100111101010000111000010001001000011110001000001101000, 2, True, 0.009
node, origami data, Induced Errors, decoded stream, original_origami, error_count, success, decoding time
0, 01000100011011110001100000100111101010000110000010001001000011110001000001101000,[11, 43],01000100011111110001100000100111101010000111000010001001000011110001000001101000,01000100011111110001100000100111101010000111000010001001000011110001000001101000, 2, True, 0.003
node, origami data, Induced Errors, decoded stream, original_origami, error_count, success, decoding time
0, 01000100011011110001100000100111101010000111000000001001000011110001000001101000,[11, 48],01000100011111110001100000100111101010000111000010001001000011110001000001101000,01000100011111110001100000100111101010000111000010001001000011110001000001101000, 2, True, 0.004
node, origami data, Induced Errors, decoded stream, original_origami, error_count, success, decoding time
0, 01000100011011110001100000100111101010000111000010000001000011110001000001101000,[11, 52],01000100011111110001100000100111101010000111000010001001000011110001000001101000,01000100011111110001100000100111101010000111000010001001000011110001000001101000, 2, True, 0.008
node, origami data, Induced Errors, decoded stream, original_origami, error_count, success, decoding time
0, 01000100011011110001100000100111101010000111000010001000000011110001000001101000,[11, 55],01000100011111110001100000100111101010000111000010001001000011110001000001101000,01000100011111110001100000100111101010000111000010001001000011110001000001101000, 2, True, 0.008
node, origami data, Induced Errors, decoded stream, original_origami, error_count, success, decoding time
0, 01000100011011110001100000100111101010000111000010001001000001110001000001101000,[11, 60],01000100011111110001100000100111101010000111000010001001000011110001000001101000,01000100011111110001100000100111101010000111000010001001000011110001000001101000, 2, True, 0.004
node, origami data, Induced Errors, decoded stream, original_origami, error_count, success, decoding time
0, 01000100011011110001100000100111101010000111000010001001000010110001000001101000,[11, 61],01000100011111110001100000100111101010000111000010001001000011110001000001101000,01000100011111110001100000100111101010000111000010001001000011110001000001101000, 2, True, 0.003
node, origami data, Induced Errors, decoded stream, original_origami, error_count, success, decoding time
0, 01000100011011110001100000100111101010000111000010001001000011010001000001101000,[11, 62],01000100011111110001100000100111101010000111000010001001000011110001000001101000,01000100011111110001100000100111101010000111000010001001000011110001000001101000, 2, True, 0.002
node, origami data, Induced Errors, decoded stream, original_origami, error_count, success, decoding time
0, 01000100011011110001100000100111101010000111000010001001000011100001000001101000,[11, 63],01000100011111110001100000100111101010000111000010001001000011110001000001101000,01000100011111110001100000100111101010000111000010001001000011110001000001101000, 2, True, 0.004
node, origami data, Induced Errors, decoded stream, original_origami, error_count, success, decoding time
0, 01000100011011110001100000100111101010000111000010001001000011110000000001101000,[11, 67],01000100011111110001100000100111101010000111000010001001000011110001000001101000,01000100011111110001100000100111101010000111000010001001000011110001000001101000, 2, True, 0.004
node, origami data, Induced Errors, decoded stream, original_origami, error_count, success, decoding time
0, 01000100011011110001100000100111101010000111000010001001000011110001000000101000,[11, 73],01000100011111110001100000100111101010000111000010001001000011110001000001101000,01000100011111110001100000100111101010000111000010001001000011110001000001101000, 2, True, 0.004
node, origami data, Induced Errors, decoded stream, original_origami, error_count, success, decoding time
0, 01000100011011110001100000100111101010000111000010001001000011110001000001001000,[11, 74],01000100011111110001100000100111101010000111000010001001000011110001000001101000,01000100011111110001100000100111101010000111000010001001000011110001000001101000, 2, True, 0.007
node, origami data, Induced Errors, decoded stream, original_origami, error_count, success, decoding time
0, 01000100011011110001100000100111101010000111000010001001000011110001000001100000,[11, 76],01000100011111110001100000100111101010000111000010001001000011110001000001101000,01000100011111110001100000100111101010000111000010001001000011110001000001101000, 2, True, 0.008
node, origami data, Induced Errors, decoded stream, original_origami, error_count, success, decoding time
0, 01000100011100110001100000100111101010000111000010001001000011110001000001101000,[12, 13],01000100011111110001100000100111101010000111000010001001000011110001000001101000,01000100011111110001100000100111101010000111000010001001000011110001000001101000, 2, True, 0.002
node, origami data, Induced Errors, decoded stream, original_origami, error_count, success, decoding time
0, 01000100011101010001100000100111101010000111000010001001000011110001000001101000,[12, 14],01000100011111110001100000100111101010000111000010001001000011110001000001101000,01000100011111110001100000100111101010000111000010001001000011110001000001101000, 2, True, 0.004
node, origami data, Induced Errors, decoded stream, original_origami, error_count, success, decoding time
0, 01000100011101100001100000100111101010000111000010001001000011110001000001101000,[12, 15],01000100011111110001100000100111101010000111000010001001000011110001000001101000,01000100011111110001100000100111101010000111000010001001000011110001000001101000, 2, True, 0.004
node, origami data, Induced Errors, decoded stream, original_origami, error_count, success, decoding time
0, 01000100011101110000100000100111101010000111000010001001000011110001000001101000,[12, 19],01000100011111110001100000100111101010000111000010001001000011110001000001101000,01000100011111110001100000100111101010000111000010001001000011110001000001101000, 2, True, 0.006
node, origami data, Induced Errors, decoded stream, original_origami, error_count, success, decoding time
0, 01000100011101110001000000100111101010000111000010001001000011110001000001101000,[12, 20],01000100011111110001100000100111101010000111000010001001000011110001000001101000,01000100011111110001100000100111101010000111000010001001000011110001000001101000, 2, True, 0.003
node, origami data, Induced Errors, decoded stream, original_origami, error_count, success, decoding time
0, 01000100011101110001100000000111101010000111000010001001000011110001000001101000,[12, 26],01000100011111110001100000100111101010000111000010001001000011110001000001101000,01000100011111110001100000100111101010000111000010001001000011110001000001101000, 2, True, 0.007
node, origami data, Induced Errors, decoded stream, original_origami, error_count, success, decoding time
0, 01000100011101110001100000100011101010000111000010001001000011110001000001101000,[12, 29],01000100011111110001100000100111101010000111000010001001000011110001000001101000,01000100011111110001100000100111101010000111000010001001000011110001000001101000, 2, True, 0.009
node, origami data, Induced Errors, decoded stream, original_origami, error_count, success, decoding time
0, 01000100011101110001100000100101101010000111000010001001000011110001000001101000,[12, 30],01000100011111110001100000100111101010000111000010001001000011110001000001101000,01000100011111110001100000100111101010000111000010001001000011110001000001101000, 2, True, 0.004
node, origami data, Induced Errors, decoded stream, original_origami, error_count, success, decoding time
0, 01000100011101110001100000100110101010000111000010001001000011110001000001101000,[12, 31],01000100011111110001100000100111101010000111000010001001000011110001000001101000,01000100011111110001100000100111101010000111000010001001000011110001000001101000, 2, True, 0.004
node, origami data, Induced Errors, decoded stream, original_origami, error_count, success, decoding time
0, 01000100011101110001100000100111001010000111000010001001000011110001000001101000,[12, 32],01000100011111110001100000100111101010000111000010001001000011110001000001101000,01000100011111110001100000100111101010000111000010001001000011110001000001101000, 2, True, 0.006
node, origami data, Induced Errors, decoded stream, original_origami, error_count, success, decoding time
0, 01000100011101110001100000100111100010000111000010001001000011110001000001101000,[12, 34],01000100011111110001100000100111101010000111000010001001000011110001000001101000,01000100011111110001100000100111101010000111000010001001000011110001000001101000, 2, True, 0.006
node, origami data, Induced Errors, decoded stream, original_origami, error_count, success, decoding time
0, 01000100011101110001100000100111101000000111000010001001000011110001000001101000,[12, 36],01000100011111110001100000100111101010000111000010001001000011110001000001101000,01000100011111110001100000100111101010000111000010001001000011110001000001101000, 2, True, 0.004
node, origami data, Induced Errors, decoded stream, original_origami, error_count, success, decoding time
0, 01000100011101110001100000100111101010000011000010001001000011110001000001101000,[12, 41],01000100011111110001100000100111101010000111000010001001000011110001000001101000,01000100011111110001100000100111101010000111000010001001000011110001000001101000, 2, True, 0.002
node, origami data, Induced Errors, decoded stream, original_origami, error_count, success, decoding time
0, 01000100011101110001100000100111101010000101000010001001000011110001000001101000,[12, 42],01000100011111110001100000100111101010000111000010001001000011110001000001101000,01000100011111110001100000100111101010000111000010001001000011110001000001101000, 2, True, 0.009
node, origami data, Induced Errors, decoded stream, original_origami, error_count, success, decoding time
0, 01000100011101110001100000100111101010000110000010001001000011110001000001101000,[12, 43],01000100011111110001100000100111101010000111000010001001000011110001000001101000,01000100011111110001100000100111101010000111000010001001000011110001000001101000, 2, True, 0.008
node, origami data, Induced Errors, decoded stream, original_origami, error_count, success, decoding time
0, 01000100011101110001100000100111101010000111000000001001000011110001000001101000,[12, 48],01000100011111110001100000100111101010000111000010001001000011110001000001101000,01000100011111110001100000100111101010000111000010001001000011110001000001101000, 2, True, 0.004
node, origami data, Induced Errors, decoded stream, original_origami, error_count, success, decoding time
0, 01000100011101110001100000100111101010000111000010000001000011110001000001101000,[12, 52],01000100011111110001100000100111101010000111000010001001000011110001000001101000,01000100011111110001100000100111101010000111000010001001000011110001000001101000, 2, True, 0.004
node, origami data, Induced Errors, decoded stream, original_origami, error_count, success, decoding time
0, 01000100011101110001100000100111101010000111000010001000000011110001000001101000,[12, 55],01000100011111110001100000100111101010000111000010001001000011110001000001101000,01000100011111110001100000100111101010000111000010001001000011110001000001101000, 2, True, 0.009
node, origami data, Induced Errors, decoded stream, original_origami, error_count, success, decoding time
0, 01000100011101110001100000100111101010000111000010001001000001110001000001101000,[12, 60],01000100011111110001100000100111101010000111000010001001000011110001000001101000,01000100011111110001100000100111101010000111000010001001000011110001000001101000, 2, True, 0.004
node, origami data, Induced Errors, decoded stream, original_origami, error_count, success, decoding time
0, 01000100011101110001100000100111101010000111000010001001000010110001000001101000,[12, 61],01000100011111110001100000100111101010000111000010001001000011110001000001101000,01000100011111110001100000100111101010000111000010001001000011110001000001101000, 2, True, 0.002
node, origami data, Induced Errors, decoded stream, original_origami, error_count, success, decoding time
0, 01000100011101110001100000100111101010000111000010001001000011010001000001101000,[12, 62],01000100011111110001100000100111101010000111000010001001000011110001000001101000,01000100011111110001100000100111101010000111000010001001000011110001000001101000, 2, True, 0.003
node, origami data, Induced Errors, decoded stream, original_origami, error_count, success, decoding time
0, 01000100011101110001100000100111101010000111000010001001000011100001000001101000,[12, 63],01000100011111110001100000100111101010000111000010001001000011110001000001101000,01000100011111110001100000100111101010000111000010001001000011110001000001101000, 2, True, 0.004
node, origami data, Induced Errors, decoded stream, original_origami, error_count, success, decoding time
0, 01000100011101110001100000100111101010000111000010001001000011110000000001101000,[12, 67],01000100011111110001100000100111101010000111000010001001000011110001000001101000,01000100011111110001100000100111101010000111000010001001000011110001000001101000, 2, True, 0.003
node, origami data, Induced Errors, decoded stream, original_origami, error_count, success, decoding time
0, 01000100011101110001100000100111101010000111000010001001000011110001000000101000,[12, 73],01000100011111110001100000100111101010000111000010001001000011110001000001101000,01000100011111110001100000100111101010000111000010001001000011110001000001101000, 2, True, 0.009
node, origami data, Induced Errors, decoded stream, original_origami, error_count, success, decoding time
0, 01000100011101110001100000100111101010000111000010001001000011110001000001001000,[12, 74],01000100011111110001100000100111101010000111000010001001000011110001000001101000,01000100011111110001100000100111101010000111000010001001000011110001000001101000, 2, True, 0.003
node, origami data, Induced Errors, decoded stream, original_origami, error_count, success, decoding time
0, 01000100011101110001100000100111101010000111000010001001000011110001000001100000,[12, 76],01000100011111110001100000100111101010000111000010001001000011110001000001101000,01000100011111110001100000100111101010000111000010001001000011110001000001101000, 2, True, 0.006
node, origami data, Induced Errors, decoded stream, original_origami, error_count, success, decoding time
0, 01000100011110010001100000100111101010000111000010001001000011110001000001101000,[13, 14],01000100011111110001100000100111101010000111000010001001000011110001000001101000,01000100011111110001100000100111101010000111000010001001000011110001000001101000, 2, True, 0.002
node, origami data, Induced Errors, decoded stream, original_origami, error_count, success, decoding time
0, 01000100011110100001100000100111101010000111000010001001000011110001000001101000,[13, 15],01000100011111110001100000100111101010000111000010001001000011110001000001101000,01000100011111110001100000100111101010000111000010001001000011110001000001101000, 2, True, 0.002
node, origami data, Induced Errors, decoded stream, original_origami, error_count, success, decoding time
0, 01000100011110110000100000100111101010000111000010001001000011110001000001101000,[13, 19],01000100011111110001100000100111101010000111000010001001000011110001000001101000,01000100011111110001100000100111101010000111000010001001000011110001000001101000, 2, True, 0.004
node, origami data, Induced Errors, decoded stream, original_origami, error_count, success, decoding time
0, 01000100011110110001000000100111101010000111000010001001000011110001000001101000,[13, 20],01000100011111110001100000100111101010000111000010001001000011110001000001101000,01000100011111110001100000100111101010000111000010001001000011110001000001101000, 2, True, 0.006
node, origami data, Induced Errors, decoded stream, original_origami, error_count, success, decoding time
0, 01000100011110110001100000000111101010000111000010001001000011110001000001101000,[13, 26],01000100011111110001100000100111101010000111000010001001000011110001000001101000,01000100011111110001100000100111101010000111000010001001000011110001000001101000, 2, True, 0.007
node, origami data, Induced Errors, decoded stream, original_origami, error_count, success, decoding time
0, 01000100011110110001100000100011101010000111000010001001000011110001000001101000,[13, 29],01000100011111110001100000100111101010000111000010001001000011110001000001101000,01000100011111110001100000100111101010000111000010001001000011110001000001101000, 2, True, 0.009
node, origami data, Induced Errors, decoded stream, original_origami, error_count, success, decoding time
0, 01000100011110110001100000100101101010000111000010001001000011110001000001101000,[13, 30],01000100011111110001100000100111101010000111000010001001000011110001000001101000,01000100011111110001100000100111101010000111000010001001000011110001000001101000, 2, True, 0.008
node, origami data, Induced Errors, decoded stream, original_origami, error_count, success, decoding time
0, 01000100011110110001100000100110101010000111000010001001000011110001000001101000,[13, 31],01000100011111110001100000100111101010000111000010001001000011110001000001101000,01000100011111110001100000100111101010000111000010001001000011110001000001101000, 2, True, 0.004
node, origami data, Induced Errors, decoded stream, original_origami, error_count, success, decoding time
0, 01000100011110110001100000100111001010000111000010001001000011110001000001101000,[13, 32],01000100011111110001100000100111101010000111000010001001000011110001000001101000,01000100011111110001100000100111101010000111000010001001000011110001000001101000, 2, True, 0.006
node, origami data, Induced Errors, decoded stream, original_origami, error_count, success, decoding time
0, 01000100011110110001100000100111100010000111000010001001000011110001000001101000,[13, 34],01000100011111110001100000100111101010000111000010001001000011110001000001101000,01000100011111110001100000100111101010000111000010001001000011110001000001101000, 2, True, 0.007
node, origami data, Induced Errors, decoded stream, original_origami, error_count, success, decoding time
0, 01000100011110110001100000100111101000000111000010001001000011110001000001101000,[13, 36],01000100011111110001100000100111101010000111000010001001000011110001000001101000,01000100011111110001100000100111101010000111000010001001000011110001000001101000, 2, True, 0.006
node, origami data, Induced Errors, decoded stream, original_origami, error_count, success, decoding time
0, 01000100011110110001100000100111101010000011000010001001000011110001000001101000,[13, 41],01000100011111110001100000100111101010000111000010001001000011110001000001101000,01000100011111110001100000100111101010000111000010001001000011110001000001101000, 2, True, 0.002
node, origami data, Induced Errors, decoded stream, original_origami, error_count, success, decoding time
0, 01000100011110110001100000100111101010000101000010001001000011110001000001101000,[13, 42],01000100011111110001100000100111101010000111000010001001000011110001000001101000,01000100011111110001100000100111101010000111000010001001000011110001000001101000, 2, True, 0.006
node, origami data, Induced Errors, decoded stream, original_origami, error_count, success, decoding time
0, 01000100011110110001100000100111101010000110000010001001000011110001000001101000,[13, 43],01000100011111110001100000100111101010000111000010001001000011110001000001101000,01000100011111110001100000100111101010000111000010001001000011110001000001101000, 2, True, 0.005
node, origami data, Induced Errors, decoded stream, original_origami, error_count, success, decoding time
0, 01000100011110110001100000100111101010000111000000001001000011110001000001101000,[13, 48],01000100011111110001100000100111101010000111000010001001000011110001000001101000,01000100011111110001100000100111101010000111000010001001000011110001000001101000, 2, True, 0.004
node, origami data, Induced Errors, decoded stream, original_origami, error_count, success, decoding time
0, 01000100011110110001100000100111101010000111000010000001000011110001000001101000,[13, 52],01000100011111110001100000100111101010000111000010001001000011110001000001101000,01000100011111110001100000100111101010000111000010001001000011110001000001101000, 2, True, 0.004
node, origami data, Induced Errors, decoded stream, original_origami, error_count, success, decoding time
0, 01000100011110110001100000100111101010000111000010001000000011110001000001101000,[13, 55],01000100011111110001100000100111101010000111000010001001000011110001000001101000,01000100011111110001100000100111101010000111000010001001000011110001000001101000, 2, True, 0.009
node, origami data, Induced Errors, decoded stream, original_origami, error_count, success, decoding time
0, 01000100011110110001100000100111101010000111000010001001000001110001000001101000,[13, 60],01000100011111110001100000100111101010000111000010001001000011110001000001101000,01000100011111110001100000100111101010000111000010001001000011110001000001101000, 2, True, 0.004
node, origami data, Induced Errors, decoded stream, original_origami, error_count, success, decoding time
0, 01000100011110110001100000100111101010000111000010001001000010110001000001101000,[13, 61],01000100011111110001100000100111101010000111000010001001000011110001000001101000,01000100011111110001100000100111101010000111000010001001000011110001000001101000, 2, True, 0.005
node, origami data, Induced Errors, decoded stream, original_origami, error_count, success, decoding time
0, 01000100011110110001100000100111101010000111000010001001000011010001000001101000,[13, 62],01000100011111110001100000100111101010000111000010001001000011110001000001101000,01000100011111110001100000100111101010000111000010001001000011110001000001101000, 2, True, 0.004
node, origami data, Induced Errors, decoded stream, original_origami, error_count, success, decoding time
0, 01000100011110110001100000100111101010000111000010001001000011100001000001101000,[13, 63],01000100011111110001100000100111101010000111000010001001000011110001000001101000,01000100011111110001100000100111101010000111000010001001000011110001000001101000, 2, True, 0.002
node, origami data, Induced Errors, decoded stream, original_origami, error_count, success, decoding time
0, 01000100011110110001100000100111101010000111000010001001000011110000000001101000,[13, 67],01000100011111110001100000100111101010000111000010001001000011110001000001101000,01000100011111110001100000100111101010000111000010001001000011110001000001101000, 2, True, 0.003
node, origami data, Induced Errors, decoded stream, original_origami, error_count, success, decoding time
0, 01000100011110110001100000100111101010000111000010001001000011110001000000101000,[13, 73],01000100011111110001100000100111101010000111000010001001000011110001000001101000,01000100011111110001100000100111101010000111000010001001000011110001000001101000, 2, True, 0.009
node, origami data, Induced Errors, decoded stream, original_origami, error_count, success, decoding time
0, 01000100011110110001100000100111101010000111000010001001000011110001000001001000,[13, 74],01000100011111110001100000100111101010000111000010001001000011110001000001101000,01000100011111110001100000100111101010000111000010001001000011110001000001101000, 2, True, 0.008
node, origami data, Induced Errors, decoded stream, original_origami, error_count, success, decoding time
0, 01000100011110110001100000100111101010000111000010001001000011110001000001100000,[13, 76],01000100011111110001100000100111101010000111000010001001000011110001000001101000,01000100011111110001100000100111101010000111000010001001000011110001000001101000, 2, True, 0.008
node, origami data, Induced Errors, decoded stream, original_origami, error_count, success, decoding time
0, 01000100011111000001100000100111101010000111000010001001000011110001000001101000,[14, 15],01000100011111110001100000100111101010000111000010001001000011110001000001101000,01000100011111110001100000100111101010000111000010001001000011110001000001101000, 2, True, 0.002
node, origami data, Induced Errors, decoded stream, original_origami, error_count, success, decoding time
0, 01000100011111010000100000100111101010000111000010001001000011110001000001101000,[14, 19],01000100011111110001100000100111101010000111000010001001000011110001000001101000,01000100011111110001100000100111101010000111000010001001000011110001000001101000, 2, True, 0.005
node, origami data, Induced Errors, decoded stream, original_origami, error_count, success, decoding time
0, 01000100011111010001000000100111101010000111000010001001000011110001000001101000,[14, 20],01000100011111110001100000100111101010000111000010001001000011110001000001101000,01000100011111110001100000100111101010000111000010001001000011110001000001101000, 2, True, 0.005
node, origami data, Induced Errors, decoded stream, original_origami, error_count, success, decoding time
0, 01000100011111010001100000000111101010000111000010001001000011110001000001101000,[14, 26],01000100011111110001100000100111101010000111000010001001000011110001000001101000,01000100011111110001100000100111101010000111000010001001000011110001000001101000, 2, True, 0.003
node, origami data, Induced Errors, decoded stream, original_origami, error_count, success, decoding time
0, 01000100011111010001100000100011101010000111000010001001000011110001000001101000,[14, 29],01000100011111110001100000100111101010000111000010001001000011110001000001101000,01000100011111110001100000100111101010000111000010001001000011110001000001101000, 2, True, 0.005
node, origami data, Induced Errors, decoded stream, original_origami, error_count, success, decoding time
0, 01000100011111010001100000100101101010000111000010001001000011110001000001101000,[14, 30],01000100011111110001100000100111101010000111000010001001000011110001000001101000,01000100011111110001100000100111101010000111000010001001000011110001000001101000, 2, True, 0.006
node, origami data, Induced Errors, decoded stream, original_origami, error_count, success, decoding time
0, 01000100011111010001100000100110101010000111000010001001000011110001000001101000,[14, 31],01000100011111110001100000100111101010000111000010001001000011110001000001101000,01000100011111110001100000100111101010000111000010001001000011110001000001101000, 2, True, 0.003
node, origami data, Induced Errors, decoded stream, original_origami, error_count, success, decoding time
0, 01000100011111010001100000100111001010000111000010001001000011110001000001101000,[14, 32],01000100011111110001100000100111101010000111000010001001000011110001000001101000,01000100011111110001100000100111101010000111000010001001000011110001000001101000, 2, True, 0.009
node, origami data, Induced Errors, decoded stream, original_origami, error_count, success, decoding time
0, 01000100011111010001100000100111100010000111000010001001000011110001000001101000,[14, 34],01000100011111110001100000100111101010000111000010001001000011110001000001101000,01000100011111110001100000100111101010000111000010001001000011110001000001101000, 2, True, 0.006
node, origami data, Induced Errors, decoded stream, original_origami, error_count, success, decoding time
0, 01000100011111010001100000100111101000000111000010001001000011110001000001101000,[14, 36],01000100011111110001100000100111101010000111000010001001000011110001000001101000,01000100011111110001100000100111101010000111000010001001000011110001000001101000, 2, True, 0.006
node, origami data, Induced Errors, decoded stream, original_origami, error_count, success, decoding time
0, 01000100011111010001100000100111101010000011000010001001000011110001000001101000,[14, 41],01000100011111110001100000100111101010000111000010001001000011110001000001101000,01000100011111110001100000100111101010000111000010001001000011110001000001101000, 2, True, 0.005
node, origami data, Induced Errors, decoded stream, original_origami, error_count, success, decoding time
0, 01000100011111010001100000100111101010000101000010001001000011110001000001101000,[14, 42],01000100011111110001100000100111101010000111000010001001000011110001000001101000,01000100011111110001100000100111101010000111000010001001000011110001000001101000, 2, True, 0.007
node, origami data, Induced Errors, decoded stream, original_origami, error_count, success, decoding time
0, 01000100011111010001100000100111101010000110000010001001000011110001000001101000,[14, 43],01000100011111110001100000100111101010000111000010001001000011110001000001101000,01000100011111110001100000100111101010000111000010001001000011110001000001101000, 2, True, 0.007
node, origami data, Induced Errors, decoded stream, original_origami, error_count, success, decoding time
0, 01000100011111010001100000100111101010000111000000001001000011110001000001101000,[14, 48],01000100011111110001100000100111101010000111000010001001000011110001000001101000,01000100011111110001100000100111101010000111000010001001000011110001000001101000, 2, True, 0.005
node, origami data, Induced Errors, decoded stream, original_origami, error_count, success, decoding time
0, 01000100011111010001100000100111101010000111000010000001000011110001000001101000,[14, 52],01000100011111110001100000100111101010000111000010001001000011110001000001101000,01000100011111110001100000100111101010000111000010001001000011110001000001101000, 2, True, 0.009
node, origami data, Induced Errors, decoded stream, original_origami, error_count, success, decoding time
0, 01000100011111010001100000100111101010000111000010001000000011110001000001101000,[14, 55],01000100011111110001100000100111101010000111000010001001000011110001000001101000,01000100011111110001100000100111101010000111000010001001000011110001000001101000, 2, True, 0.006
node, origami data, Induced Errors, decoded stream, original_origami, error_count, success, decoding time
0, 01000100011111010001100000100111101010000111000010001001000001110001000001101000,[14, 60],01000100011111110001100000100111101010000111000010001001000011110001000001101000,01000100011111110001100000100111101010000111000010001001000011110001000001101000, 2, True, 0.01
node, origami data, Induced Errors, decoded stream, original_origami, error_count, success, decoding time
0, 01000100011111010001100000100111101010000111000010001001000010110001000001101000,[14, 61],01000100011111110001100000100111101010000111000010001001000011110001000001101000,01000100011111110001100000100111101010000111000010001001000011110001000001101000, 2, True, 0.004
node, origami data, Induced Errors, decoded stream, original_origami, error_count, success, decoding time
0, 01000100011111010001100000100111101010000111000010001001000011010001000001101000,[14, 62],01000100011111110001100000100111101010000111000010001001000011110001000001101000,01000100011111110001100000100111101010000111000010001001000011110001000001101000, 2, True, 0.004
node, origami data, Induced Errors, decoded stream, original_origami, error_count, success, decoding time
0, 01000100011111010001100000100111101010000111000010001001000011100001000001101000,[14, 63],01000100011111110001100000100111101010000111000010001001000011110001000001101000,01000100011111110001100000100111101010000111000010001001000011110001000001101000, 2, True, 0.004
node, origami data, Induced Errors, decoded stream, original_origami, error_count, success, decoding time
0, 01000100011111010001100000100111101010000111000010001001000011110000000001101000,[14, 67],01000100011111110001100000100111101010000111000010001001000011110001000001101000,01000100011111110001100000100111101010000111000010001001000011110001000001101000, 2, True, 0.004
node, origami data, Induced Errors, decoded stream, original_origami, error_count, success, decoding time
0, 01000100011111010001100000100111101010000111000010001001000011110001000000101000,[14, 73],01000100011111110001100000100111101010000111000010001001000011110001000001101000,01000100011111110001100000100111101010000111000010001001000011110001000001101000, 2, True, 0.007
node, origami data, Induced Errors, decoded stream, original_origami, error_count, success, decoding time
0, 01000100011111010001100000100111101010000111000010001001000011110001000001001000,[14, 74],01000100011111110001100000100111101010000111000010001001000011110001000001101000,01000100011111110001100000100111101010000111000010001001000011110001000001101000, 2, True, 0.006
node, origami data, Induced Errors, decoded stream, original_origami, error_count, success, decoding time
0, 01000100011111010001100000100111101010000111000010001001000011110001000001100000,[14, 76],01000100011111110001100000100111101010000111000010001001000011110001000001101000,01000100011111110001100000100111101010000111000010001001000011110001000001101000, 2, True, 0.007
node, origami data, Induced Errors, decoded stream, original_origami, error_count, success, decoding time
0, 01000100011111100000100000100111101010000111000010001001000011110001000001101000,[15, 19],01000100011111110001100000100111101010000111000010001001000011110001000001101000,01000100011111110001100000100111101010000111000010001001000011110001000001101000, 2, True, 0.009
node, origami data, Induced Errors, decoded stream, original_origami, error_count, success, decoding time
0, 01000100011111100001000000100111101010000111000010001001000011110001000001101000,[15, 20],01000100011111110001100000100111101010000111000010001001000011110001000001101000,01000100011111110001100000100111101010000111000010001001000011110001000001101000, 2, True, 0.003
node, origami data, Induced Errors, decoded stream, original_origami, error_count, success, decoding time
0, 01000100011111100001100000000111101010000111000010001001000011110001000001101000,[15, 26],01000100011111110001100000100111101010000111000010001001000011110001000001101000,01000100011111110001100000100111101010000111000010001001000011110001000001101000, 2, True, 0.004
node, origami data, Induced Errors, decoded stream, original_origami, error_count, success, decoding time
0, 01000100011111100001100000100011101010000111000010001001000011110001000001101000,[15, 29],01000100011111110001100000100111101010000111000010001001000011110001000001101000,01000100011111110001100000100111101010000111000010001001000011110001000001101000, 2, True, 0.007
node, origami data, Induced Errors, decoded stream, original_origami, error_count, success, decoding time
0, 01000100011111100001100000100101101010000111000010001001000011110001000001101000,[15, 30],01000100011111110001100000100111101010000111000010001001000011110001000001101000,01000100011111110001100000100111101010000111000010001001000011110001000001101000, 2, True, 0.005
node, origami data, Induced Errors, decoded stream, original_origami, error_count, success, decoding time
0, 01000100011111100001100000100110101010000111000010001001000011110001000001101000,[15, 31],01000100011111110001100000100111101010000111000010001001000011110001000001101000,01000100011111110001100000100111101010000111000010001001000011110001000001101000, 2, True, 0.002
node, origami data, Induced Errors, decoded stream, original_origami, error_count, success, decoding time
0, 01000100011111100001100000100111001010000111000010001001000011110001000001101000,[15, 32],01000100011111110001100000100111101010000111000010001001000011110001000001101000,01000100011111110001100000100111101010000111000010001001000011110001000001101000, 2, True, 0.005
node, origami data, Induced Errors, decoded stream, original_origami, error_count, success, decoding time
0, 01000100011111100001100000100111100010000111000010001001000011110001000001101000,[15, 34],01000100011111110001100000100111101010000111000010001001000011110001000001101000,01000100011111110001100000100111101010000111000010001001000011110001000001101000, 2, True, 0.004
node, origami data, Induced Errors, decoded stream, original_origami, error_count, success, decoding time
0, 01000100011111100001100000100111101000000111000010001001000011110001000001101000,[15, 36],01000100011111110001100000100111101010000111000010001001000011110001000001101000,01000100011111110001100000100111101010000111000010001001000011110001000001101000, 2, True, 0.003
node, origami data, Induced Errors, decoded stream, original_origami, error_count, success, decoding time
0, 01000100011111100001100000100111101010000011000010001001000011110001000001101000,[15, 41],01000100011111110001100000100111101010000111000010001001000011110001000001101000,01000100011111110001100000100111101010000111000010001001000011110001000001101000, 2, True, 0.002
node, origami data, Induced Errors, decoded stream, original_origami, error_count, success, decoding time
0, 01000100011111100001100000100111101010000101000010001001000011110001000001101000,[15, 42],01000100011111110001100000100111101010000111000010001001000011110001000001101000,01000100011111110001100000100111101010000111000010001001000011110001000001101000, 2, True, 0.003
node, origami data, Induced Errors, decoded stream, original_origami, error_count, success, decoding time
0, 01000100011111100001100000100111101010000110000010001001000011110001000001101000,[15, 43],01000100011111110001100000100111101010000111000010001001000011110001000001101000,01000100011111110001100000100111101010000111000010001001000011110001000001101000, 2, True, 0.006
node, origami data, Induced Errors, decoded stream, original_origami, error_count, success, decoding time
0, 01000100011111100001100000100111101010000111000000001001000011110001000001101000,[15, 48],01000100011111110001100000100111101010000111000010001001000011110001000001101000,01000100011111110001100000100111101010000111000010001001000011110001000001101000, 2, True, 0.005
node, origami data, Induced Errors, decoded stream, original_origami, error_count, success, decoding time
0, 01000100011111100001100000100111101010000111000010000001000011110001000001101000,[15, 52],01000100011111110001100000100111101010000111000010001001000011110001000001101000,01000100011111110001100000100111101010000111000010001001000011110001000001101000, 2, True, 0.005
node, origami data, Induced Errors, decoded stream, original_origami, error_count, success, decoding time
0, 01000100011111100001100000100111101010000111000010001000000011110001000001101000,[15, 55],01000100011111110001100000100111101010000111000010001001000011110001000001101000,01000100011111110001100000100111101010000111000010001001000011110001000001101000, 2, True, 0.003
node, origami data, Induced Errors, decoded stream, original_origami, error_count, success, decoding time
0, 01000100011111100001100000100111101010000111000010001001000001110001000001101000,[15, 60],01000100011111110001100000100111101010000111000010001001000011110001000001101000,01000100011111110001100000100111101010000111000010001001000011110001000001101000, 2, True, 0.01
node, origami data, Induced Errors, decoded stream, original_origami, error_count, success, decoding time
0, 01000100011111100001100000100111101010000111000010001001000010110001000001101000,[15, 61],01000100011111110001100000100111101010000111000010001001000011110001000001101000,01000100011111110001100000100111101010000111000010001001000011110001000001101000, 2, True, 0.002
node, origami data, Induced Errors, decoded stream, original_origami, error_count, success, decoding time
0, 01000100011111100001100000100111101010000111000010001001000011010001000001101000,[15, 62],01000100011111110001100000100111101010000111000010001001000011110001000001101000,01000100011111110001100000100111101010000111000010001001000011110001000001101000, 2, True, 0.003
node, origami data, Induced Errors, decoded stream, original_origami, error_count, success, decoding time
0, 01000100011111100001100000100111101010000111000010001001000011100001000001101000,[15, 63],01000100011111110001100000100111101010000111000010001001000011110001000001101000,01000100011111110001100000100111101010000111000010001001000011110001000001101000, 2, True, 0.004
node, origami data, Induced Errors, decoded stream, original_origami, error_count, success, decoding time
0, 01000100011111100001100000100111101010000111000010001001000011110000000001101000,[15, 67],01000100011111110001100000100111101010000111000010001001000011110001000001101000,01000100011111110001100000100111101010000111000010001001000011110001000001101000, 2, True, 0.004
node, origami data, Induced Errors, decoded stream, original_origami, error_count, success, decoding time
0, 01000100011111100001100000100111101010000111000010001001000011110001000000101000,[15, 73],01000100011111110001100000100111101010000111000010001001000011110001000001101000,01000100011111110001100000100111101010000111000010001001000011110001000001101000, 2, True, 0.005
node, origami data, Induced Errors, decoded stream, original_origami, error_count, success, decoding time
0, 01000100011111100001100000100111101010000111000010001001000011110001000001001000,[15, 74],01000100011111110001100000100111101010000111000010001001000011110001000001101000,01000100011111110001100000100111101010000111000010001001000011110001000001101000, 2, True, 0.005
node, origami data, Induced Errors, decoded stream, original_origami, error_count, success, decoding time
0, 01000100011111100001100000100111101010000111000010001001000011110001000001100000,[15, 76],01000100011111110001100000100111101010000111000010001001000011110001000001101000,01000100011111110001100000100111101010000111000010001001000011110001000001101000, 2, True, 0.007
node, origami data, Induced Errors, decoded stream, original_origami, error_count, success, decoding time
0, 01000100011111110000000000100111101010000111000010001001000011110001000001101000,[19, 20],01000100011111110001100000100111101010000111000010001001000011110001000001101000,01000100011111110001100000100111101010000111000010001001000011110001000001101000, 2, True, 0.007
node, origami data, Induced Errors, decoded stream, original_origami, error_count, success, decoding time
0, 01000100011111110000100000000111101010000111000010001001000011110001000001101000,[19, 26],01000100011111110001100000100111101010000111000010001001000011110001000001101000,01000100011111110001100000100111101010000111000010001001000011110001000001101000, 2, True, 0.197
node, origami data, Induced Errors, decoded stream, original_origami, error_count, success, decoding time
0, 01000100011111110000100000100011101010000111000010001001000011110001000001101000,[19, 29],01000100011111110001100000100111101010000111000010001001000011110001000001101000,01000100011111110001100000100111101010000111000010001001000011110001000001101000, 2, True, 0.578
node, origami data, Induced Errors, decoded stream, original_origami, error_count, success, decoding time
0, 01000100011111110000100000100101101010000111000010001001000011110001000001101000,[19, 30],01000100011111110001100000100111101010000111000010001001000011110001000001101000,01000100011111110001100000100111101010000111000010001001000011110001000001101000, 2, True, 0.006
node, origami data, Induced Errors, decoded stream, original_origami, error_count, success, decoding time
0, 01000100011111110000100000100110101010000111000010001001000011110001000001101000,[19, 31],01000100011111110001100000100111101010000111000010001001000011110001000001101000,01000100011111110001100000100111101010000111000010001001000011110001000001101000, 2, True, 0.005
node, origami data, Induced Errors, decoded stream, original_origami, error_count, success, decoding time
0, 01000100011111110000100000100111001010000111000010001001000011110001000001101000,[19, 32],01000100011111110001100000100111101010000111000010001001000011110001000001101000,01000100011111110001100000100111101010000111000010001001000011110001000001101000, 2, True, 0.005
node, origami data, Induced Errors, decoded stream, original_origami, error_count, success, decoding time
0, 01000100011111110000100000100111100010000111000010001001000011110001000001101000,[19, 34],01000100011111110001100000100111101010000111000010001001000011110001000001101000,01000100011111110001100000100111101010000111000010001001000011110001000001101000, 2, True, 0.542
node, origami data, Induced Errors, decoded stream, original_origami, error_count, success, decoding time
0, 01000100011111110000100000100111101000000111000010001001000011110001000001101000,[19, 36],01000100011111110001100000100111101010000111000010001001000011110001000001101000,01000100011111110001100000100111101010000111000010001001000011110001000001101000, 2, True, 0.004
node, origami data, Induced Errors, decoded stream, original_origami, error_count, success, decoding time
0, 01000100011111110000100000100111101010000011000010001001000011110001000001101000,[19, 41],01000100011111110001100000100111101010000111000010001001000011110001000001101000,01000100011111110001100000100111101010000111000010001001000011110001000001101000, 2, True, 0.008
node, origami data, Induced Errors, decoded stream, original_origami, error_count, success, decoding time
0, 01000100011111110000100000100111101010000101000010001001000011110001000001101000,[19, 42],01000100011111110001100000100111101010000111000010001001000011110001000001101000,01000100011111110001100000100111101010000111000010001001000011110001000001101000, 2, True, 0.006
node, origami data, Induced Errors, decoded stream, original_origami, error_count, success, decoding time
0, 01000100011111110000100000100111101010000110000010001001000011110001000001101000,[19, 43],01000100011111110001100000100111101010000111000010001001000011110001000001101000,01000100011111110001100000100111101010000111000010001001000011110001000001101000, 2, True, 0.011
node, origami data, Induced Errors, decoded stream, original_origami, error_count, success, decoding time
0, 01000100011111110000100000100111101010000111000000001001000011110001000001101000,[19, 48],01000100011111110001100000100111101010000111000010001001000011110001000001101000,01000100011111110001100000100111101010000111000010001001000011110001000001101000, 2, True, 0.005
node, origami data, Induced Errors, decoded stream, original_origami, error_count, success, decoding time
0, 01000100011111110000100000100111101010000111000010000001000011110001000001101000,[19, 52],01000100011111110001100000100111101010000111000010001001000011110001000001101000,01000100011111110001100000100111101010000111000010001001000011110001000001101000, 2, True, 0.007
node, origami data, Induced Errors, decoded stream, original_origami, error_count, success, decoding time
0, 01000100011111110000100000100111101010000111000010001000000011110001000001101000,[19, 55],01000100011111110001100000100111101010000111000010001001000011110001000001101000,01000100011111110001100000100111101010000111000010001001000011110001000001101000, 2, True, 0.277
node, origami data, Induced Errors, decoded stream, original_origami, error_count, success, decoding time
0, 01000100011111110000100000100111101010000111000010001001000001110001000001101000,[19, 60],01000100011111110001100000100111101010000111000010001001000011110001000001101000,01000100011111110001100000100111101010000111000010001001000011110001000001101000, 2, True, 0.012
node, origami data, Induced Errors, decoded stream, original_origami, error_count, success, decoding time
0, 01000100011111110000100000100111101010000111000010001001000010110001000001101000,[19, 61],01000100011111110001100000100111101010000111000010001001000011110001000001101000,01000100011111110001100000100111101010000111000010001001000011110001000001101000, 2, True, 0.008
node, origami data, Induced Errors, decoded stream, original_origami, error_count, success, decoding time
0, 01000100011111110000100000100111101010000111000010001001000011010001000001101000,[19, 62],01000100011111110001100000100111101010000111000010001001000011110001000001101000,01000100011111110001100000100111101010000111000010001001000011110001000001101000, 2, True, 0.006
node, origami data, Induced Errors, decoded stream, original_origami, error_count, success, decoding time
0, 01000100011111110000100000100111101010000111000010001001000011100001000001101000,[19, 63],01000100011111110001100000100111101010000111000010001001000011110001000001101000,01000100011111110001100000100111101010000111000010001001000011110001000001101000, 2, True, 0.007
node, origami data, Induced Errors, decoded stream, original_origami, error_count, success, decoding time
0, 01000100011111110000100000100111101010000111000010001001000011110000000001101000,[19, 67],01000100011111110001100000100111101010000111000010001001000011110001000001101000,01000100011111110001100000100111101010000111000010001001000011110001000001101000, 2, True, 0.009
node, origami data, Induced Errors, decoded stream, original_origami, error_count, success, decoding time
0, 01000100011111110000100000100111101010000111000010001001000011110001000000101000,[19, 73],01000100011111110001100000100111101010000111000010001001000011110001000001101000,01000100011111110001100000100111101010000111000010001001000011110001000001101000, 2, True, 0.376
node, origami data, Induced Errors, decoded stream, original_origami, error_count, success, decoding time
0, 01000100011111110000100000100111101010000111000010001001000011110001000001001000,[19, 74],01000100011111110001100000100111101010000111000010001001000011110001000001101000,01000100011111110001100000100111101010000111000010001001000011110001000001101000, 2, True, 0.811
node, origami data, Induced Errors, decoded stream, original_origami, error_count, success, decoding time
0, 01000100011111110000100000100111101010000111000010001001000011110001000001100000,[19, 76],01000100011111110001100000100111101010000111000010001001000011110001000001101000,01000100011111110001100000100111101010000111000010001001000011110001000001101000, 2, True, 0.011
node, origami data, Induced Errors, decoded stream, original_origami, error_count, success, decoding time
0, 01000100011111110001000000000111101010000111000010001001000011110001000001101000,[20, 26],01000100011111110001100000100111101010000111000010001001000011110001000001101000,01000100011111110001100000100111101010000111000010001001000011110001000001101000, 2, True, 0.006
node, origami data, Induced Errors, decoded stream, original_origami, error_count, success, decoding time
0, 01000100011111110001000000100011101010000111000010001001000011110001000001101000,[20, 29],01000100011111110001100000100111101010000111000010001001000011110001000001101000,01000100011111110001100000100111101010000111000010001001000011110001000001101000, 2, True, 0.009
node, origami data, Induced Errors, decoded stream, original_origami, error_count, success, decoding time
0, 01000100011111110001000000100101101010000111000010001001000011110001000001101000,[20, 30],01000100011111110001100000100111101010000111000010001001000011110001000001101000,01000100011111110001100000100111101010000111000010001001000011110001000001101000, 2, True, 0.199
node, origami data, Induced Errors, decoded stream, original_origami, error_count, success, decoding time
0, 01000100011111110001000000100110101010000111000010001001000011110001000001101000,[20, 31],01000100011111110001100000100111101010000111000010001001000011110001000001101000,01000100011111110001100000100111101010000111000010001001000011110001000001101000, 2, True, 0.007
node, origami data, Induced Errors, decoded stream, original_origami, error_count, success, decoding time
0, 01000100011111110001000000100111001010000111000010001001000011110001000001101000,[20, 32],01000100011111110001100000100111101010000111000010001001000011110001000001101000,01000100011111110001100000100111101010000111000010001001000011110001000001101000, 2, True, 0.007
node, origami data, Induced Errors, decoded stream, original_origami, error_count, success, decoding time
0, 01000100011111110001000000100111100010000111000010001001000011110001000001101000,[20, 34],01000100011111110001100000100111101010000111000010001001000011110001000001101000,01000100011111110001100000100111101010000111000010001001000011110001000001101000, 2, True, 0.006
node, origami data, Induced Errors, decoded stream, original_origami, error_count, success, decoding time
0, 01000100011111110001000000100111101000000111000010001001000011110001000001101000,[20, 36],01000100011111110001100000100111101010000111000010001001000011110001000001101000,01000100011111110001100000100111101010000111000010001001000011110001000001101000, 2, True, 0.007
node, origami data, Induced Errors, decoded stream, original_origami, error_count, success, decoding time
0, 01000100011111110001000000100111101010000011000010001001000011110001000001101000,[20, 41],01000100011111110001100000100111101010000111000010001001000011110001000001101000,01000100011111110001100000100111101010000111000010001001000011110001000001101000, 2, True, 0.003
node, origami data, Induced Errors, decoded stream, original_origami, error_count, success, decoding time
0, 01000100011111110001000000100111101010000101000010001001000011110001000001101000,[20, 42],01000100011111110001100000100111101010000111000010001001000011110001000001101000,01000100011111110001100000100111101010000111000010001001000011110001000001101000, 2, True, 0.011
node, origami data, Induced Errors, decoded stream, original_origami, error_count, success, decoding time
0, 01000100011111110001000000100111101010000110000010001001000011110001000001101000,[20, 43],01000100011111110001100000100111101010000111000010001001000011110001000001101000,01000100011111110001100000100111101010000111000010001001000011110001000001101000, 2, True, 0.004
node, origami data, Induced Errors, decoded stream, original_origami, error_count, success, decoding time
0, 01000100011111110001000000100111101010000111000000001001000011110001000001101000,[20, 48],01000100011111110001100000100111101010000111000010001001000011110001000001101000,01000100011111110001100000100111101010000111000010001001000011110001000001101000, 2, True, 0.006
node, origami data, Induced Errors, decoded stream, original_origami, error_count, success, decoding time
0, 01000100011111110001000000100111101010000111000010000001000011110001000001101000,[20, 52],01000100011111110001100000100111101010000111000010001001000011110001000001101000,01000100011111110001100000100111101010000111000010001001000011110001000001101000, 2, True, 0.008
node, origami data, Induced Errors, decoded stream, original_origami, error_count, success, decoding time
0, 01000100011111110001000000100111101010000111000010001000000011110001000001101000,[20, 55],01000100011111110001100000100111101010000111000010001001000011110001000001101000,01000100011111110001100000100111101010000111000010001001000011110001000001101000, 2, True, 0.574
node, origami data, Induced Errors, decoded stream, original_origami, error_count, success, decoding time
0, 01000100011111110001000000100111101010000111000010001001000001110001000001101000,[20, 60],01000100011111110001100000100111101010000111000010001001000011110001000001101000,01000100011111110001100000100111101010000111000010001001000011110001000001101000, 2, True, 0.01
node, origami data, Induced Errors, decoded stream, original_origami, error_count, success, decoding time
0, 01000100011111110001000000100111101010000111000010001001000010110001000001101000,[20, 61],01000100011111110001100000100111101010000111000010001001000011110001000001101000,01000100011111110001100000100111101010000111000010001001000011110001000001101000, 2, True, 0.008
node, origami data, Induced Errors, decoded stream, original_origami, error_count, success, decoding time
0, 01000100011111110001000000100111101010000111000010001001000011010001000001101000,[20, 62],01000100011111110001100000100111101010000111000010001001000011110001000001101000,01000100011111110001100000100111101010000111000010001001000011110001000001101000, 2, True, 0.005
node, origami data, Induced Errors, decoded stream, original_origami, error_count, success, decoding time
0, 01000100011111110001000000100111101010000111000010001001000011100001000001101000,[20, 63],01000100011111110001100000100111101010000111000010001001000011110001000001101000,01000100011111110001100000100111101010000111000010001001000011110001000001101000, 2, True, 0.009
node, origami data, Induced Errors, decoded stream, original_origami, error_count, success, decoding time
0, 01000100011111110001000000100111101010000111000010001001000011110000000001101000,[20, 67],01000100011111110001100000100111101010000111000010001001000011110001000001101000,01000100011111110001100000100111101010000111000010001001000011110001000001101000, 2, True, 0.009
node, origami data, Induced Errors, decoded stream, original_origami, error_count, success, decoding time
0, 01000100011111110001000000100111101010000111000010001001000011110001000000101000,[20, 73],01000100011111110001100000100111101010000111000010001001000011110001000001101000,01000100011111110001100000100111101010000111000010001001000011110001000001101000, 2, True, 0.007
node, origami data, Induced Errors, decoded stream, original_origami, error_count, success, decoding time
0, 01000100011111110001000000100111101010000111000010001001000011110001000001001000,[20, 74],01000100011111110001100000100111101010000111000010001001000011110001000001101000,01000100011111110001100000100111101010000111000010001001000011110001000001101000, 2, True, 0.007
node, origami data, Induced Errors, decoded stream, original_origami, error_count, success, decoding time
0, 01000100011111110001000000100111101010000111000010001001000011110001000001100000,[20, 76],01000100011111110001100000100111101010000111000010001001000011110001000001101000,01000100011111110001100000100111101010000111000010001001000011110001000001101000, 2, True, 0.389
node, origami data, Induced Errors, decoded stream, original_origami, error_count, success, decoding time
0, 01000100011111110001100000000011101010000111000010001001000011110001000001101000,[26, 29],01000100011111110001100000100111101010000111000010001001000011110001000001101000,01000100011111110001100000100111101010000111000010001001000011110001000001101000, 2, True, 0.375
node, origami data, Induced Errors, decoded stream, original_origami, error_count, success, decoding time
0, 01000100011111110001100000000101101010000111000010001001000011110001000001101000,[26, 30],01000100011111110001100000100111101010000111000010001001000011110001000001101000,01000100011111110001100000100111101010000111000010001001000011110001000001101000, 2, True, 0.006
node, origami data, Induced Errors, decoded stream, original_origami, error_count, success, decoding time
0, 01000100011111110001100000000110101010000111000010001001000011110001000001101000,[26, 31],01000100011111110001100000100111101010000111000010001001000011110001000001101000,01000100011111110001100000100111101010000111000010001001000011110001000001101000, 2, True, 0.005
node, origami data, Induced Errors, decoded stream, original_origami, error_count, success, decoding time
0, 01000100011111110001100000000111001010000111000010001001000011110001000001101000,[26, 32],01000100011111110001100000100111101010000111000010001001000011110001000001101000,01000100011111110001100000100111101010000111000010001001000011110001000001101000, 2, True, 0.009
node, origami data, Induced Errors, decoded stream, original_origami, error_count, success, decoding time
0, 01000100011111110001100000000111100010000111000010001001000011110001000001101000,[26, 34],01000100011111110001100000100111101010000111000010001001000011110001000001101000,01000100011111110001100000100111101010000111000010001001000011110001000001101000, 2, True, 0.006
node, origami data, Induced Errors, decoded stream, original_origami, error_count, success, decoding time
0, 01000100011111110001100000000111101000000111000010001001000011110001000001101000,[26, 36],01000100011111110001100000100111101010000111000010001001000011110001000001101000,01000100011111110001100000100111101010000111000010001001000011110001000001101000, 2, True, 0.201
node, origami data, Induced Errors, decoded stream, original_origami, error_count, success, decoding time
0, 01000100011111110001100000000111101010000011000010001001000011110001000001101000,[26, 41],01000100011111110001100000100111101010000111000010001001000011110001000001101000,01000100011111110001100000100111101010000111000010001001000011110001000001101000, 2, True, 0.005
node, origami data, Induced Errors, decoded stream, original_origami, error_count, success, decoding time
0, 01000100011111110001100000000111101010000101000010001001000011110001000001101000,[26, 42],01000100011111110001100000100111101010000111000010001001000011110001000001101000,01000100011111110001100000100111101010000111000010001001000011110001000001101000, 2, True, 0.221
node, origami data, Induced Errors, decoded stream, original_origami, error_count, success, decoding time
0, 01000100011111110001100000000111101010000110000010001001000011110001000001101000,[26, 43],01000100011111110001100000100111101010000111000010001001000011110001000001101000,01000100011111110001100000100111101010000111000010001001000011110001000001101000, 2, True, 0.009
node, origami data, Induced Errors, decoded stream, original_origami, error_count, success, decoding time
0, 01000100011111110001100000000111101010000111000000001001000011110001000001101000,[26, 48],01000100011111110001100000100111101010000111000010001001000011110001000001101000,01000100011111110001100000100111101010000111000010001001000011110001000001101000, 2, True, 0.004
node, origami data, Induced Errors, decoded stream, original_origami, error_count, success, decoding time
0, 01000100011111110001100000000111101010000111000010000001000011110001000001101000,[26, 52],01000100011111110001100000100111101010000111000010001001000011110001000001101000,01000100011111110001100000100111101010000111000010001001000011110001000001101000, 2, True, 0.006
node, origami data, Induced Errors, decoded stream, original_origami, error_count, success, decoding time
0, 01000100011111110001100000000111101010000111000010001000000011110001000001101000,[26, 55],01000100011111110001100000100111101010000111000010001001000011110001000001101000,01000100011111110001100000100111101010000111000010001001000011110001000001101000, 2, True, 0.009
node, origami data, Induced Errors, decoded stream, original_origami, error_count, success, decoding time
0, 01000100011111110001100000000111101010000111000010001001000001110001000001101000,[26, 60],01000100011111110001100000100111101010000111000010001001000011110001000001101000,01000100011111110001100000100111101010000111000010001001000011110001000001101000, 2, True, 0.01
node, origami data, Induced Errors, decoded stream, original_origami, error_count, success, decoding time
0, 01000100011111110001100000000111101010000111000010001001000010110001000001101000,[26, 61],01000100011111110001100000100111101010000111000010001001000011110001000001101000,01000100011111110001100000100111101010000111000010001001000011110001000001101000, 2, True, 0.004
node, origami data, Induced Errors, decoded stream, original_origami, error_count, success, decoding time
0, 01000100011111110001100000000111101010000111000010001001000011010001000001101000,[26, 62],01000100011111110001100000100111101010000111000010001001000011110001000001101000,01000100011111110001100000100111101010000111000010001001000011110001000001101000, 2, True, 0.008
node, origami data, Induced Errors, decoded stream, original_origami, error_count, success, decoding time
0, 01000100011111110001100000000111101010000111000010001001000011100001000001101000,[26, 63],01000100011111110001100000100111101010000111000010001001000011110001000001101000,01000100011111110001100000100111101010000111000010001001000011110001000001101000, 2, True, 0.003
node, origami data, Induced Errors, decoded stream, original_origami, error_count, success, decoding time
0, 01000100011111110001100000000111101010000111000010001001000011110000000001101000,[26, 67],01000100011111110001100000100111101010000111000010001001000011110001000001101000,01000100011111110001100000100111101010000111000010001001000011110001000001101000, 2, True, 0.008
node, origami data, Induced Errors, decoded stream, original_origami, error_count, success, decoding time
0, 01000100011111110001100000000111101010000111000010001001000011110001000000101000,[26, 73],01000100011111110001100000100111101010000111000010001001000011110001000001101000,01000100011111110001100000100111101010000111000010001001000011110001000001101000, 2, True, 0.007
node, origami data, Induced Errors, decoded stream, original_origami, error_count, success, decoding time
0, 01000100011111110001100000000111101010000111000010001001000011110001000001001000,[26, 74],01000100011111110001100000100111101010000111000010001001000011110001000001101000,01000100011111110001100000100111101010000111000010001001000011110001000001101000, 2, True, 0.006
node, origami data, Induced Errors, decoded stream, original_origami, error_count, success, decoding time
0, 01000100011111110001100000000111101010000111000010001001000011110001000001100000,[26, 76],01000100011111110001100000100111101010000111000010001001000011110001000001101000,01000100011111110001100000100111101010000111000010001001000011110001000001101000, 2, True, 0.01
node, origami data, Induced Errors, decoded stream, original_origami, error_count, success, decoding time
0, 01000100011111110001100000100001101010000111000010001001000011110001000001101000,[29, 30],01000100011111110001100000100111101010000111000010001001000011110001000001101000,01000100011111110001100000100111101010000111000010001001000011110001000001101000, 2, True, 0.007
node, origami data, Induced Errors, decoded stream, original_origami, error_count, success, decoding time
0, 01000100011111110001100000100010101010000111000010001001000011110001000001101000,[29, 31],01000100011111110001100000100111101010000111000010001001000011110001000001101000,01000100011111110001100000100111101010000111000010001001000011110001000001101000, 2, True, 0.008
node, origami data, Induced Errors, decoded stream, original_origami, error_count, success, decoding time
0, 01000100011111110001100000100011001010000111000010001001000011110001000001101000,[29, 32],01000100011111110001100000100111101010000111000010001001000011110001000001101000,01000100011111110001100000100111101010000111000010001001000011110001000001101000, 2, True, 0.006
node, origami data, Induced Errors, decoded stream, original_origami, error_count, success, decoding time
0, 01000100011111110001100000100011100010000111000010001001000011110001000001101000,[29, 34],01000100011111110001100000100111101010000111000010001001000011110001000001101000,01000100011111110001100000100111101010000111000010001001000011110001000001101000, 2, True, 0.259
node, origami data, Induced Errors, decoded stream, original_origami, error_count, success, decoding time
0, 01000100011111110001100000100011101000000111000010001001000011110001000001101000,[29, 36],01000100011111110001100000100111101010000111000010001001000011110001000001101000,01000100011111110001100000100111101010000111000010001001000011110001000001101000, 2, True, 0.008
node, origami data, Induced Errors, decoded stream, original_origami, error_count, success, decoding time
0, 01000100011111110001100000100011101010000011000010001001000011110001000001101000,[29, 41],01000100011111110001100000100111101010000111000010001001000011110001000001101000,01000100011111110001100000100111101010000111000010001001000011110001000001101000, 2, True, 0.003
node, origami data, Induced Errors, decoded stream, original_origami, error_count, success, decoding time
0, 01000100011111110001100000100011101010000101000010001001000011110001000001101000,[29, 42],01000100011111110001100000100111101010000111000010001001000011110001000001101000,01000100011111110001100000100111101010000111000010001001000011110001000001101000, 2, True, 0.01
node, origami data, Induced Errors, decoded stream, original_origami, error_count, success, decoding time
0, 01000100011111110001100000100011101010000110000010001001000011110001000001101000,[29, 43],01000100011111110001100000100111101010000111000010001001000011110001000001101000,01000100011111110001100000100111101010000111000010001001000011110001000001101000, 2, True, 0.007
node, origami data, Induced Errors, decoded stream, original_origami, error_count, success, decoding time
0, 01000100011111110001100000100011101010000111000000001001000011110001000001101000,[29, 48],01000100011111110001100000100111101010000111000010001001000011110001000001101000,01000100011111110001100000100111101010000111000010001001000011110001000001101000, 2, True, 0.005
node, origami data, Induced Errors, decoded stream, original_origami, error_count, success, decoding time
0, 01000100011111110001100000100011101010000111000010000001000011110001000001101000,[29, 52],01000100011111110001100000100111101010000111000010001001000011110001000001101000,01000100011111110001100000100111101010000111000010001001000011110001000001101000, 2, True, 0.005
node, origami data, Induced Errors, decoded stream, original_origami, error_count, success, decoding time
0, 01000100011111110001100000100011101010000111000010001000000011110001000001101000,[29, 55],01000100011111110001100000100111101010000111000010001001000011110001000001101000,01000100011111110001100000100111101010000111000010001001000011110001000001101000, 2, True, 0.011
node, origami data, Induced Errors, decoded stream, original_origami, error_count, success, decoding time
0, 01000100011111110001100000100011101010000111000010001001000001110001000001101000,[29, 60],01000100011111110001100000100111101010000111000010001001000011110001000001101000,01000100011111110001100000100111101010000111000010001001000011110001000001101000, 2, True, 0.007
node, origami data, Induced Errors, decoded stream, original_origami, error_count, success, decoding time
0, 01000100011111110001100000100011101010000111000010001001000010110001000001101000,[29, 61],01000100011111110001100000100111101010000111000010001001000011110001000001101000,01000100011111110001100000100111101010000111000010001001000011110001000001101000, 2, True, 0.009
node, origami data, Induced Errors, decoded stream, original_origami, error_count, success, decoding time
0, 01000100011111110001100000100011101010000111000010001001000011010001000001101000,[29, 62],01000100011111110001100000100111101010000111000010001001000011110001000001101000,01000100011111110001100000100111101010000111000010001001000011110001000001101000, 2, True, 0.008
node, origami data, Induced Errors, decoded stream, original_origami, error_count, success, decoding time
0, 01000100011111110001100000100011101010000111000010001001000011100001000001101000,[29, 63],01000100011111110001100000100111101010000111000010001001000011110001000001101000,01000100011111110001100000100111101010000111000010001001000011110001000001101000, 2, True, 0.008
node, origami data, Induced Errors, decoded stream, original_origami, error_count, success, decoding time
0, 01000100011111110001100000100011101010000111000010001001000011110000000001101000,[29, 67],01000100011111110001100000100111101010000111000010001001000011110001000001101000,01000100011111110001100000100111101010000111000010001001000011110001000001101000, 2, True, 0.007
node, origami data, Induced Errors, decoded stream, original_origami, error_count, success, decoding time
0, 01000100011111110001100000100011101010000111000010001001000011110001000000101000,[29, 73],01000100011111110001100000100111101010000111000010001001000011110001000001101000,01000100011111110001100000100111101010000111000010001001000011110001000001101000, 2, True, 1.071
node, origami data, Induced Errors, decoded stream, original_origami, error_count, success, decoding time
0, 01000100011111110001100000100011101010000111000010001001000011110001000001001000,[29, 74],01000100011111110001100000100111101010000111000010001001000011110001000001101000,01000100011111110001100000100111101010000111000010001001000011110001000001101000, 2, True, 1.154
node, origami data, Induced Errors, decoded stream, original_origami, error_count, success, decoding time
0, 01000100011111110001100000100011101010000111000010001001000011110001000001100000,[29, 76],01000100011111110001100000100111101010000111000010001001000011110001000001101000,01000100011111110001100000100111101010000111000010001001000011110001000001101000, 2, True, 0.009
node, origami data, Induced Errors, decoded stream, original_origami, error_count, success, decoding time
0, 01000100011111110001100000100100101010000111000010001001000011110001000001101000,[30, 31],01000100011111110001100000100111101010000111000010001001000011110001000001101000,01000100011111110001100000100111101010000111000010001001000011110001000001101000, 2, True, 0.006
node, origami data, Induced Errors, decoded stream, original_origami, error_count, success, decoding time
0, 01000100011111110001100000100101001010000111000010001001000011110001000001101000,[30, 32],01000100011111110001100000100111101010000111000010001001000011110001000001101000,01000100011111110001100000100111101010000111000010001001000011110001000001101000, 2, True, 0.011
node, origami data, Induced Errors, decoded stream, original_origami, error_count, success, decoding time
0, 01000100011111110001100000100101100010000111000010001001000011110001000001101000,[30, 34],01000100011111110001100000100111101010000111000010001001000011110001000001101000,01000100011111110001100000100111101010000111000010001001000011110001000001101000, 2, True, 1.867
node, origami data, Induced Errors, decoded stream, original_origami, error_count, success, decoding time
0, 01000100011111110001100000100101101000000111000010001001000011110001000001101000,[30, 36],01000100011111110001100000100111101010000111000010001001000011110001000001101000,01000100011111110001100000100111101010000111000010001001000011110001000001101000, 2, True, 0.662
node, origami data, Induced Errors, decoded stream, original_origami, error_count, success, decoding time
0, 01000100011111110001100000100101101010000011000010001001000011110001000001101000,[30, 41],01000100011111110001100000100111101010000111000010001001000011110001000001101000,01000100011111110001100000100111101010000111000010001001000011110001000001101000, 2, True, 0.003
node, origami data, Induced Errors, decoded stream, original_origami, error_count, success, decoding time
0, 01000100011111110001100000100101101010000101000010001001000011110001000001101000,[30, 42],01000100011111110001100000100111101010000111000010001001000011110001000001101000,01000100011111110001100000100111101010000111000010001001000011110001000001101000, 2, True, 0.005
node, origami data, Induced Errors, decoded stream, original_origami, error_count, success, decoding time
0, 01000100011111110001100000100101101010000110000010001001000011110001000001101000,[30, 43],01000100011111110001100000100111101010000111000010001001000011110001000001101000,01000100011111110001100000100111101010000111000010001001000011110001000001101000, 2, True, 0.005
node, origami data, Induced Errors, decoded stream, original_origami, error_count, success, decoding time
0, 01000100011111110001100000100101101010000111000000001001000011110001000001101000,[30, 48],01000100011111110001100000100111101010000111000010001001000011110001000001101000,01000100011111110001100000100111101010000111000010001001000011110001000001101000, 2, True, 0.007
node, origami data, Induced Errors, decoded stream, original_origami, error_count, success, decoding time
0, 01000100011111110001100000100101101010000111000010000001000011110001000001101000,[30, 52],01000100011111110001100000100111101010000111000010001001000011110001000001101000,01000100011111110001100000100111101010000111000010001001000011110001000001101000, 2, True, 0.008
node, origami data, Induced Errors, decoded stream, original_origami, error_count, success, decoding time
0, 01000100011111110001100000100101101010000111000010001000000011110001000001101000,[30, 55],01000100011111110001100000100111101010000111000010001001000011110001000001101000,01000100011111110001100000100111101010000111000010001001000011110001000001101000, 2, True, 0.009
node, origami data, Induced Errors, decoded stream, original_origami, error_count, success, decoding time
0, 01000100011111110001100000100101101010000111000010001001000001110001000001101000,[30, 60],01000100011111110001100000100111101010000111000010001001000011110001000001101000,01000100011111110001100000100111101010000111000010001001000011110001000001101000, 2, True, 0.009
node, origami data, Induced Errors, decoded stream, original_origami, error_count, success, decoding time
0, 01000100011111110001100000100101101010000111000010001001000010110001000001101000,[30, 61],01000100011111110001100000100111101010000111000010001001000011110001000001101000,01000100011111110001100000100111101010000111000010001001000011110001000001101000, 2, True, 0.004
node, origami data, Induced Errors, decoded stream, original_origami, error_count, success, decoding time
0, 01000100011111110001100000100101101010000111000010001001000011010001000001101000,[30, 62],01000100011111110001100000100111101010000111000010001001000011110001000001101000,01000100011111110001100000100111101010000111000010001001000011110001000001101000, 2, True, 0.004
node, origami data, Induced Errors, decoded stream, original_origami, error_count, success, decoding time
0, 01000100011111110001100000100101101010000111000010001001000011100001000001101000,[30, 63],01000100011111110001100000100111101010000111000010001001000011110001000001101000,01000100011111110001100000100111101010000111000010001001000011110001000001101000, 2, True, 0.003
node, origami data, Induced Errors, decoded stream, original_origami, error_count, success, decoding time
0, 01000100011111110001100000100101101010000111000010001001000011110000000001101000,[30, 67],01000100011111110001100000100111101010000111000010001001000011110001000001101000,01000100011111110001100000100111101010000111000010001001000011110001000001101000, 2, True, 0.008
node, origami data, Induced Errors, decoded stream, original_origami, error_count, success, decoding time
0, 01000100011111110001100000100101101010000111000010001001000011110001000000101000,[30, 73],01000100011111110001100000100111101010000111000010001001000011110001000001101000,01000100011111110001100000100111101010000111000010001001000011110001000001101000, 2, True, 0.006
node, origami data, Induced Errors, decoded stream, original_origami, error_count, success, decoding time
0, 01000100011111110001100000100101101010000111000010001001000011110001000001001000,[30, 74],01000100011111110001100000100111101010000111000010001001000011110001000001101000,01000100011111110001100000100111101010000111000010001001000011110001000001101000, 2, True, 0.212
node, origami data, Induced Errors, decoded stream, original_origami, error_count, success, decoding time
0, 01000100011111110001100000100101101010000111000010001001000011110001000001100000,[30, 76],01000100011111110001100000100111101010000111000010001001000011110001000001101000,01000100011111110001100000100111101010000111000010001001000011110001000001101000, 2, True, 0.428
node, origami data, Induced Errors, decoded stream, original_origami, error_count, success, decoding time
0, 01000100011111110001100000100110001010000111000010001001000011110001000001101000,[31, 32],01000100011111110001100000100111101010000111000010001001000011110001000001101000,01000100011111110001100000100111101010000111000010001001000011110001000001101000, 2, True, 0.008
node, origami data, Induced Errors, decoded stream, original_origami, error_count, success, decoding time
0, 01000100011111110001100000100110100010000111000010001001000011110001000001101000,[31, 34],01000100011111110001100000100111101010000111000010001001000011110001000001101000,01000100011111110001100000100111101010000111000010001001000011110001000001101000, 2, True, 0.006
node, origami data, Induced Errors, decoded stream, original_origami, error_count, success, decoding time
0, 01000100011111110001100000100110101000000111000010001001000011110001000001101000,[31, 36],01000100011111110001100000100111101010000111000010001001000011110001000001101000,01000100011111110001100000100111101010000111000010001001000011110001000001101000, 2, True, 0.004
node, origami data, Induced Errors, decoded stream, original_origami, error_count, success, decoding time
0, 01000100011111110001100000100110101010000011000010001001000011110001000001101000,[31, 41],01000100011111110001100000100111101010000111000010001001000011110001000001101000,01000100011111110001100000100111101010000111000010001001000011110001000001101000, 2, True, 0.002
node, origami data, Induced Errors, decoded stream, original_origami, error_count, success, decoding time
0, 01000100011111110001100000100110101010000101000010001001000011110001000001101000,[31, 42],01000100011111110001100000100111101010000111000010001001000011110001000001101000,01000100011111110001100000100111101010000111000010001001000011110001000001101000, 2, True, 0.009
node, origami data, Induced Errors, decoded stream, original_origami, error_count, success, decoding time
0, 01000100011111110001100000100110101010000110000010001001000011110001000001101000,[31, 43],01000100011111110001100000100111101010000111000010001001000011110001000001101000,01000100011111110001100000100111101010000111000010001001000011110001000001101000, 2, True, 0.006
node, origami data, Induced Errors, decoded stream, original_origami, error_count, success, decoding time
0, 01000100011111110001100000100110101010000111000000001001000011110001000001101000,[31, 48],01000100011111110001100000100111101010000111000010001001000011110001000001101000,01000100011111110001100000100111101010000111000010001001000011110001000001101000, 2, True, 0.004
node, origami data, Induced Errors, decoded stream, original_origami, error_count, success, decoding time
0, 01000100011111110001100000100110101010000111000010000001000011110001000001101000,[31, 52],01000100011111110001100000100111101010000111000010001001000011110001000001101000,01000100011111110001100000100111101010000111000010001001000011110001000001101000, 2, True, 0.008
node, origami data, Induced Errors, decoded stream, original_origami, error_count, success, decoding time
0, 01000100011111110001100000100110101010000111000010001000000011110001000001101000,[31, 55],01000100011111110001100000100111101010000111000010001001000011110001000001101000,01000100011111110001100000100111101010000111000010001001000011110001000001101000, 2, True, 0.009
node, origami data, Induced Errors, decoded stream, original_origami, error_count, success, decoding time
0, 01000100011111110001100000100110101010000111000010001001000001110001000001101000,[31, 60],01000100011111110001100000100111101010000111000010001001000011110001000001101000,01000100011111110001100000100111101010000111000010001001000011110001000001101000, 2, True, 0.008
node, origami data, Induced Errors, decoded stream, original_origami, error_count, success, decoding time
0, 01000100011111110001100000100110101010000111000010001001000010110001000001101000,[31, 61],01000100011111110001100000100111101010000111000010001001000011110001000001101000,01000100011111110001100000100111101010000111000010001001000011110001000001101000, 2, True, 0.003
node, origami data, Induced Errors, decoded stream, original_origami, error_count, success, decoding time
0, 01000100011111110001100000100110101010000111000010001001000011010001000001101000,[31, 62],01000100011111110001100000100111101010000111000010001001000011110001000001101000,01000100011111110001100000100111101010000111000010001001000011110001000001101000, 2, True, 0.002
node, origami data, Induced Errors, decoded stream, original_origami, error_count, success, decoding time
0, 01000100011111110001100000100110101010000111000010001001000011100001000001101000,[31, 63],01000100011111110001100000100111101010000111000010001001000011110001000001101000,01000100011111110001100000100111101010000111000010001001000011110001000001101000, 2, True, 0.004
node, origami data, Induced Errors, decoded stream, original_origami, error_count, success, decoding time
0, 01000100011111110001100000100110101010000111000010001001000011110000000001101000,[31, 67],01000100011111110001100000100111101010000111000010001001000011110001000001101000,01000100011111110001100000100111101010000111000010001001000011110001000001101000, 2, True, 0.002
node, origami data, Induced Errors, decoded stream, original_origami, error_count, success, decoding time
0, 01000100011111110001100000100110101010000111000010001001000011110001000000101000,[31, 73],01000100011111110001100000100111101010000111000010001001000011110001000001101000,01000100011111110001100000100111101010000111000010001001000011110001000001101000, 2, True, 0.008
node, origami data, Induced Errors, decoded stream, original_origami, error_count, success, decoding time
0, 01000100011111110001100000100110101010000111000010001001000011110001000001001000,[31, 74],01000100011111110001100000100111101010000111000010001001000011110001000001101000,01000100011111110001100000100111101010000111000010001001000011110001000001101000, 2, True, 0.009
node, origami data, Induced Errors, decoded stream, original_origami, error_count, success, decoding time
0, 01000100011111110001100000100110101010000111000010001001000011110001000001100000,[31, 76],01000100011111110001100000100111101010000111000010001001000011110001000001101000,01000100011111110001100000100111101010000111000010001001000011110001000001101000, 2, True, 0.005
node, origami data, Induced Errors, decoded stream, original_origami, error_count, success, decoding time
0, 01000100011111110001100000100111000010000111000010001001000011110001000001101000,[32, 34],01000100011111110001100000100111101010000111000010001001000011110001000001101000,01000100011111110001100000100111101010000111000010001001000011110001000001101000, 2, True, 0.006
node, origami data, Induced Errors, decoded stream, original_origami, error_count, success, decoding time
0, 01000100011111110001100000100111001000000111000010001001000011110001000001101000,[32, 36],01000100011111110001100000100111101010000111000010001001000011110001000001101000,01000100011111110001100000100111101010000111000010001001000011110001000001101000, 2, True, 0.012
node, origami data, Induced Errors, decoded stream, original_origami, error_count, success, decoding time
0, 01000100011111110001100000100111001010000011000010001001000011110001000001101000,[32, 41],01000100011111110001100000100111101010000111000010001001000011110001000001101000,01000100011111110001100000100111101010000111000010001001000011110001000001101000, 2, True, 0.006
node, origami data, Induced Errors, decoded stream, original_origami, error_count, success, decoding time
0, 01000100011111110001100000100111001010000101000010001001000011110001000001101000,[32, 42],01000100011111110001100000100111101010000111000010001001000011110001000001101000,01000100011111110001100000100111101010000111000010001001000011110001000001101000, 2, True, 0.76
node, origami data, Induced Errors, decoded stream, original_origami, error_count, success, decoding time
0, 01000100011111110001100000100111001010000110000010001001000011110001000001101000,[32, 43],01000100011111110001100000100111101010000111000010001001000011110001000001101000,01000100011111110001100000100111101010000111000010001001000011110001000001101000, 2, True, 0.54
node, origami data, Induced Errors, decoded stream, original_origami, error_count, success, decoding time
0, 01000100011111110001100000100111001010000111000000001001000011110001000001101000,[32, 48],01000100011111110001100000100111101010000111000010001001000011110001000001101000,01000100011111110001100000100111101010000111000010001001000011110001000001101000, 2, True, 0.006
node, origami data, Induced Errors, decoded stream, original_origami, error_count, success, decoding time
0, 01000100011111110001100000100111001010000111000010000001000011110001000001101000,[32, 52],01000100011111110001100000100111101010000111000010001001000011110001000001101000,01000100011111110001100000100111101010000111000010001001000011110001000001101000, 2, True, 0.245
node, origami data, Induced Errors, decoded stream, original_origami, error_count, success, decoding time
0, 01000100011111110001100000100111001010000111000010001000000011110001000001101000,[32, 55],01000100011111110001100000100111101010000111000010001001000011110001000001101000,01000100011111110001100000100111101010000111000010001001000011110001000001101000, 2, True, 0.007
node, origami data, Induced Errors, decoded stream, original_origami, error_count, success, decoding time
0, 01000100011111110001100000100111001010000111000010001001000001110001000001101000,[32, 60],01000100011111110001100000100111101010000111000010001001000011110001000001101000,01000100011111110001100000100111101010000111000010001001000011110001000001101000, 2, True, 0.007
node, origami data, Induced Errors, decoded stream, original_origami, error_count, success, decoding time
0, 01000100011111110001100000100111001010000111000010001001000010110001000001101000,[32, 61],01000100011111110001100000100111101010000111000010001001000011110001000001101000,01000100011111110001100000100111101010000111000010001001000011110001000001101000, 2, True, 0.006
node, origami data, Induced Errors, decoded stream, original_origami, error_count, success, decoding time
0, 01000100011111110001100000100111001010000111000010001001000011010001000001101000,[32, 62],01000100011111110001100000100111101010000111000010001001000011110001000001101000,01000100011111110001100000100111101010000111000010001001000011110001000001101000, 2, True, 0.009
node, origami data, Induced Errors, decoded stream, original_origami, error_count, success, decoding time
0, 01000100011111110001100000100111001010000111000010001001000011100001000001101000,[32, 63],01000100011111110001100000100111101010000111000010001001000011110001000001101000,01000100011111110001100000100111101010000111000010001001000011110001000001101000, 2, True, 0.004
node, origami data, Induced Errors, decoded stream, original_origami, error_count, success, decoding time
0, 01000100011111110001100000100111001010000111000010001001000011110000000001101000,[32, 67],01000100011111110001100000100111101010000111000010001001000011110001000001101000,01000100011111110001100000100111101010000111000010001001000011110001000001101000, 2, True, 0.007
node, origami data, Induced Errors, decoded stream, original_origami, error_count, success, decoding time
0, 01000100011111110001100000100111001010000111000010001001000011110001000000101000,[32, 73],01000100011111110001100000100111101010000111000010001001000011110001000001101000,01000100011111110001100000100111101010000111000010001001000011110001000001101000, 2, True, 0.005
node, origami data, Induced Errors, decoded stream, original_origami, error_count, success, decoding time
0, 01000100011111110001100000100111001010000111000010001001000011110001000001001000,[32, 74],01000100011111110001100000100111101010000111000010001001000011110001000001101000,01000100011111110001100000100111101010000111000010001001000011110001000001101000, 2, True, 0.009
node, origami data, Induced Errors, decoded stream, original_origami, error_count, success, decoding time
0, 01000100011111110001100000100111001010000111000010001001000011110001000001100000,[32, 76],01000100011111110001100000100111101010000111000010001001000011110001000001101000,01000100011111110001100000100111101010000111000010001001000011110001000001101000, 2, True, 0.196
node, origami data, Induced Errors, decoded stream, original_origami, error_count, success, decoding time
0, 01000100011111110001100000100111100000000111000010001001000011110001000001101000,[34, 36],01000100011111110001100000100111101010000111000010001001000011110001000001101000,01000100011111110001100000100111101010000111000010001001000011110001000001101000, 2, True, 0.013
node, origami data, Induced Errors, decoded stream, original_origami, error_count, success, decoding time
0, 01000100011111110001100000100111100010000011000010001001000011110001000001101000,[34, 41],01000100011111110001100000100111101010000111000010001001000011110001000001101000,01000100011111110001100000100111101010000111000010001001000011110001000001101000, 2, True, 0.007
node, origami data, Induced Errors, decoded stream, original_origami, error_count, success, decoding time
0, 01000100011111110001100000100111100010000101000010001001000011110001000001101000,[34, 42],01000100011111110001100000100111101010000111000010001001000011110001000001101000,01000100011111110001100000100111101010000111000010001001000011110001000001101000, 2, True, 0.008
node, origami data, Induced Errors, decoded stream, original_origami, error_count, success, decoding time
0, 01000100011111110001100000100111100010000110000010001001000011110001000001101000,[34, 43],01000100011111110001100000100111101010000111000010001001000011110001000001101000,01000100011111110001100000100111101010000111000010001001000011110001000001101000, 2, True, 0.009
node, origami data, Induced Errors, decoded stream, original_origami, error_count, success, decoding time
0, 01000100011111110001100000100111100010000111000000001001000011110001000001101000,[34, 48],01000100011111110001100000100111101010000111000010001001000011110001000001101000,01000100011111110001100000100111101010000111000010001001000011110001000001101000, 2, True, 0.006
node, origami data, Induced Errors, decoded stream, original_origami, error_count, success, decoding time
0, 01000100011111110001100000100111100010000111000010000001000011110001000001101000,[34, 52],01000100011111110001100000100111101010000111000010001001000011110001000001101000,01000100011111110001100000100111101010000111000010001001000011110001000001101000, 2, True, 0.008
node, origami data, Induced Errors, decoded stream, original_origami, error_count, success, decoding time
0, 01000100011111110001100000100111100010000111000010001000000011110001000001101000,[34, 55],01000100011111110001100000100111101010000111000010001001000011110001000001101000,01000100011111110001100000100111101010000111000010001001000011110001000001101000, 2, True, 0.268
node, origami data, Induced Errors, decoded stream, original_origami, error_count, success, decoding time
0, 01000100011111110001100000100111100010000111000010001001000001110001000001101000,[34, 60],01000100011111110001100000100111101010000111000010001001000011110001000001101000,01000100011111110001100000100111101010000111000010001001000011110001000001101000, 2, True, 0.006
node, origami data, Induced Errors, decoded stream, original_origami, error_count, success, decoding time
0, 01000100011111110001100000100111100010000111000010001001000010110001000001101000,[34, 61],01000100011111110001100000100111101010000111000010001001000011110001000001101000,01000100011111110001100000100111101010000111000010001001000011110001000001101000, 2, True, 0.004
node, origami data, Induced Errors, decoded stream, original_origami, error_count, success, decoding time
0, 01000100011111110001100000100111100010000111000010001001000011010001000001101000,[34, 62],01000100011111110001100000100111101010000111000010001001000011110001000001101000,01000100011111110001100000100111101010000111000010001001000011110001000001101000, 2, True, 0.003
node, origami data, Induced Errors, decoded stream, original_origami, error_count, success, decoding time
0, 01000100011111110001100000100111100010000111000010001001000011100001000001101000,[34, 63],01000100011111110001100000100111101010000111000010001001000011110001000001101000,01000100011111110001100000100111101010000111000010001001000011110001000001101000, 2, True, 0.01
node, origami data, Induced Errors, decoded stream, original_origami, error_count, success, decoding time
0, 01000100011111110001100000100111100010000111000010001001000011110000000001101000,[34, 67],01000100011111110001100000100111101010000111000010001001000011110001000001101000,01000100011111110001100000100111101010000111000010001001000011110001000001101000, 2, True, 0.004
node, origami data, Induced Errors, decoded stream, original_origami, error_count, success, decoding time
0, 01000100011111110001100000100111100010000111000010001001000011110001000000101000,[34, 73],01000100011111110001100000100111101010000111000010001001000011110001000001101000,01000100011111110001100000100111101010000111000010001001000011110001000001101000, 2, True, 0.008
node, origami data, Induced Errors, decoded stream, original_origami, error_count, success, decoding time
0, 01000100011111110001100000100111100010000111000010001001000011110001000001001000,[34, 74],01000100011111110001100000100111101010000111000010001001000011110001000001101000,01000100011111110001100000100111101010000111000010001001000011110001000001101000, 2, True, 0.01
node, origami data, Induced Errors, decoded stream, original_origami, error_count, success, decoding time
0, 01000100011111110001100000100111100010000111000010001001000011110001000001100000,[34, 76],01000100011111110001100000100111101010000111000010001001000011110001000001101000,01000100011111110001100000100111101010000111000010001001000011110001000001101000, 2, True, 0.325
node, origami data, Induced Errors, decoded stream, original_origami, error_count, success, decoding time
0, 01000100011111110001100000100111101000000011000010001001000011110001000001101000,[36, 41],01000100011111110001100000100111101010000111000010001001000011110001000001101000,01000100011111110001100000100111101010000111000010001001000011110001000001101000, 2, True, 0.005
node, origami data, Induced Errors, decoded stream, original_origami, error_count, success, decoding time
0, 01000100011111110001100000100111101000000101000010001001000011110001000001101000,[36, 42],01000100011111110001100000100111101010000111000010001001000011110001000001101000,01000100011111110001100000100111101010000111000010001001000011110001000001101000, 2, True, 0.009
node, origami data, Induced Errors, decoded stream, original_origami, error_count, success, decoding time
0, 01000100011111110001100000100111101000000110000010001001000011110001000001101000,[36, 43],01000100011111110001100000100111101010000111000010001001000011110001000001101000,01000100011111110001100000100111101010000111000010001001000011110001000001101000, 2, True, 0.01
node, origami data, Induced Errors, decoded stream, original_origami, error_count, success, decoding time
0, 01000100011111110001100000100111101000000111000000001001000011110001000001101000,[36, 48],01000100011111110001100000100111101010000111000010001001000011110001000001101000,01000100011111110001100000100111101010000111000010001001000011110001000001101000, 2, True, 0.003
node, origami data, Induced Errors, decoded stream, original_origami, error_count, success, decoding time
0, 01000100011111110001100000100111101000000111000010000001000011110001000001101000,[36, 52],01000100011111110001100000100111101010000111000010001001000011110001000001101000,01000100011111110001100000100111101010000111000010001001000011110001000001101000, 2, True, 0.006
node, origami data, Induced Errors, decoded stream, original_origami, error_count, success, decoding time
0, 01000100011111110001100000100111101000000111000010001000000011110001000001101000,[36, 55],01000100011111110001100000100111101010000111000010001001000011110001000001101000,01000100011111110001100000100111101010000111000010001001000011110001000001101000, 2, True, 0.006
node, origami data, Induced Errors, decoded stream, original_origami, error_count, success, decoding time
0, 01000100011111110001100000100111101000000111000010001001000001110001000001101000,[36, 60],01000100011111110001100000100111101010000111000010001001000011110001000001101000,01000100011111110001100000100111101010000111000010001001000011110001000001101000, 2, True, 0.011
node, origami data, Induced Errors, decoded stream, original_origami, error_count, success, decoding time
0, 01000100011111110001100000100111101000000111000010001001000010110001000001101000,[36, 61],01000100011111110001100000100111101010000111000010001001000011110001000001101000,01000100011111110001100000100111101010000111000010001001000011110001000001101000, 2, True, 0.003
node, origami data, Induced Errors, decoded stream, original_origami, error_count, success, decoding time
0, 01000100011111110001100000100111101000000111000010001001000011010001000001101000,[36, 62],01000100011111110001100000100111101010000111000010001001000011110001000001101000,01000100011111110001100000100111101010000111000010001001000011110001000001101000, 2, True, 0.004
node, origami data, Induced Errors, decoded stream, original_origami, error_count, success, decoding time
0, 01000100011111110001100000100111101000000111000010001001000011100001000001101000,[36, 63],01000100011111110001100000100111101010000111000010001001000011110001000001101000,01000100011111110001100000100111101010000111000010001001000011110001000001101000, 2, True, 0.009
node, origami data, Induced Errors, decoded stream, original_origami, error_count, success, decoding time
0, 01000100011111110001100000100111101000000111000010001001000011110000000001101000,[36, 67],01000100011111110001100000100111101010000111000010001001000011110001000001101000,01000100011111110001100000100111101010000111000010001001000011110001000001101000, 2, True, 0.008
node, origami data, Induced Errors, decoded stream, original_origami, error_count, success, decoding time
0, 01000100011111110001100000100111101000000111000010001001000011110001000000101000,[36, 73],01000100011111110001100000100111101010000111000010001001000011110001000001101000,01000100011111110001100000100111101010000111000010001001000011110001000001101000, 2, True, 0.005
node, origami data, Induced Errors, decoded stream, original_origami, error_count, success, decoding time
0, 01000100011111110001100000100111101000000111000010001001000011110001000001001000,[36, 74],01000100011111110001100000100111101010000111000010001001000011110001000001101000,01000100011111110001100000100111101010000111000010001001000011110001000001101000, 2, True, 0.005
node, origami data, Induced Errors, decoded stream, original_origami, error_count, success, decoding time
0, 01000100011111110001100000100111101000000111000010001001000011110001000001100000,[36, 76],01000100011111110001100000100111101010000111000010001001000011110001000001101000,01000100011111110001100000100111101010000111000010001001000011110001000001101000, 2, True, 0.007
node, origami data, Induced Errors, decoded stream, original_origami, error_count, success, decoding time
0, 01000100011111110001100000100111101010000001000010001001000011110001000001101000,[41, 42],01000100011111110001100000100111101010000111000010001001000011110001000001101000,01000100011111110001100000100111101010000111000010001001000011110001000001101000, 2, True, 0.004
node, origami data, Induced Errors, decoded stream, original_origami, error_count, success, decoding time
0, 01000100011111110001100000100111101010000010000010001001000011110001000001101000,[41, 43],01000100011111110001100000100111101010000111000010001001000011110001000001101000,01000100011111110001100000100111101010000111000010001001000011110001000001101000, 2, True, 0.003
node, origami data, Induced Errors, decoded stream, original_origami, error_count, success, decoding time
0, 01000100011111110001100000100111101010000011000000001001000011110001000001101000,[41, 48],01000100011111110001100000100111101010000111000010001001000011110001000001101000,01000100011111110001100000100111101010000111000010001001000011110001000001101000, 2, True, 0.004
node, origami data, Induced Errors, decoded stream, original_origami, error_count, success, decoding time
0, 01000100011111110001100000100111101010000011000010000001000011110001000001101000,[41, 52],01000100011111110001100000100111101010000111000010001001000011110001000001101000,01000100011111110001100000100111101010000111000010001001000011110001000001101000, 2, True, 0.008
node, origami data, Induced Errors, decoded stream, original_origami, error_count, success, decoding time
0, 01000100011111110001100000100111101010000011000010001000000011110001000001101000,[41, 55],01000100011111110001100000100111101010000111000010001001000011110001000001101000,01000100011111110001100000100111101010000111000010001001000011110001000001101000, 2, True, 0.008
node, origami data, Induced Errors, decoded stream, original_origami, error_count, success, decoding time
0, 01000100011111110001100000100111101010000011000010001001000001110001000001101000,[41, 60],01000100011111110001100000100111101010000111000010001001000011110001000001101000,01000100011111110001100000100111101010000111000010001001000011110001000001101000, 2, True, 0.004
node, origami data, Induced Errors, decoded stream, original_origami, error_count, success, decoding time
0, 01000100011111110001100000100111101010000011000010001001000010110001000001101000,[41, 61],01000100011111110001100000100111101010000111000010001001000011110001000001101000,01000100011111110001100000100111101010000111000010001001000011110001000001101000, 2, True, 0.005
node, origami data, Induced Errors, decoded stream, original_origami, error_count, success, decoding time
0, 01000100011111110001100000100111101010000011000010001001000011010001000001101000,[41, 62],01000100011111110001100000100111101010000111000010001001000011110001000001101000,01000100011111110001100000100111101010000111000010001001000011110001000001101000, 2, True, 0.004
node, origami data, Induced Errors, decoded stream, original_origami, error_count, success, decoding time
0, 01000100011111110001100000100111101010000011000010001001000011100001000001101000,[41, 63],01000100011111110001100000100111101010000111000010001001000011110001000001101000,01000100011111110001100000100111101010000111000010001001000011110001000001101000, 2, True, 0.004
node, origami data, Induced Errors, decoded stream, original_origami, error_count, success, decoding time
0, 01000100011111110001100000100111101010000011000010001001000011110000000001101000,[41, 67],01000100011111110001100000100111101010000111000010001001000011110001000001101000,01000100011111110001100000100111101010000111000010001001000011110001000001101000, 2, True, 0.002
node, origami data, Induced Errors, decoded stream, original_origami, error_count, success, decoding time
0, 01000100011111110001100000100111101010000011000010001001000011110001000000101000,[41, 73],01000100011111110001100000100111101010000111000010001001000011110001000001101000,01000100011111110001100000100111101010000111000010001001000011110001000001101000, 2, True, 0.007
node, origami data, Induced Errors, decoded stream, original_origami, error_count, success, decoding time
0, 01000100011111110001100000100111101010000011000010001001000011110001000001001000,[41, 74],01000100011111110001100000100111101010000111000010001001000011110001000001101000,01000100011111110001100000100111101010000111000010001001000011110001000001101000, 2, True, 0.008
node, origami data, Induced Errors, decoded stream, original_origami, error_count, success, decoding time
0, 01000100011111110001100000100111101010000011000010001001000011110001000001100000,[41, 76],01000100011111110001100000100111101010000111000010001001000011110001000001101000,01000100011111110001100000100111101010000111000010001001000011110001000001101000, 2, True, 0.007
node, origami data, Induced Errors, decoded stream, original_origami, error_count, success, decoding time
0, 01000100011111110001100000100111101010000100000010001001000011110001000001101000,[42, 43],01000100011111110001100000100111101010000111000010001001000011110001000001101000,01000100011111110001100000100111101010000111000010001001000011110001000001101000, 2, True, 0.005
node, origami data, Induced Errors, decoded stream, original_origami, error_count, success, decoding time
0, 01000100011111110001100000100111101010000101000000001001000011110001000001101000,[42, 48],01000100011111110001100000100111101010000111000010001001000011110001000001101000,01000100011111110001100000100111101010000111000010001001000011110001000001101000, 2, True, 0.006
node, origami data, Induced Errors, decoded stream, original_origami, error_count, success, decoding time
0, 01000100011111110001100000100111101010000101000010000001000011110001000001101000,[42, 52],01000100011111110001100000100111101010000111000010001001000011110001000001101000,01000100011111110001100000100111101010000111000010001001000011110001000001101000, 2, True, 0.196
node, origami data, Induced Errors, decoded stream, original_origami, error_count, success, decoding time
0, 01000100011111110001100000100111101010000101000010001000000011110001000001101000,[42, 55],01000100011111110001100000100111101010000111000010001001000011110001000001101000,01000100011111110001100000100111101010000111000010001001000011110001000001101000, 2, True, 0.005
node, origami data, Induced Errors, decoded stream, original_origami, error_count, success, decoding time
0, 01000100011111110001100000100111101010000101000010001001000001110001000001101000,[42, 60],01000100011111110001100000100111101010000111000010001001000011110001000001101000,01000100011111110001100000100111101010000111000010001001000011110001000001101000, 2, True, 0.006
node, origami data, Induced Errors, decoded stream, original_origami, error_count, success, decoding time
0, 01000100011111110001100000100111101010000101000010001001000010110001000001101000,[42, 61],01000100011111110001100000100111101010000111000010001001000011110001000001101000,01000100011111110001100000100111101010000111000010001001000011110001000001101000, 2, True, 0.003
node, origami data, Induced Errors, decoded stream, original_origami, error_count, success, decoding time
0, 01000100011111110001100000100111101010000101000010001001000011010001000001101000,[42, 62],01000100011111110001100000100111101010000111000010001001000011110001000001101000,01000100011111110001100000100111101010000111000010001001000011110001000001101000, 2, True, 0.004
node, origami data, Induced Errors, decoded stream, original_origami, error_count, success, decoding time
0, 01000100011111110001100000100111101010000101000010001001000011100001000001101000,[42, 63],01000100011111110001100000100111101010000111000010001001000011110001000001101000,01000100011111110001100000100111101010000111000010001001000011110001000001101000, 2, True, 0.005
node, origami data, Induced Errors, decoded stream, original_origami, error_count, success, decoding time
0, 01000100011111110001100000100111101010000101000010001001000011110000000001101000,[42, 67],01000100011111110001100000100111101010000111000010001001000011110001000001101000,01000100011111110001100000100111101010000111000010001001000011110001000001101000, 2, True, 0.008
node, origami data, Induced Errors, decoded stream, original_origami, error_count, success, decoding time
0, 01000100011111110001100000100111101010000101000010001001000011110001000000101000,[42, 73],01000100011111110001100000100111101010000111000010001001000011110001000001101000,01000100011111110001100000100111101010000111000010001001000011110001000001101000, 2, True, 0.474
node, origami data, Induced Errors, decoded stream, original_origami, error_count, success, decoding time
0, 01000100011111110001100000100111101010000101000010001001000011110001000001001000,[42, 74],01000100011111110001100000100111101010000111000010001001000011110001000001101000,01000100011111110001100000100111101010000111000010001001000011110001000001101000, 2, True, 0.007
node, origami data, Induced Errors, decoded stream, original_origami, error_count, success, decoding time
0, 01000100011111110001100000100111101010000101000010001001000011110001000001100000,[42, 76],01000100011111110001100000100111101010000111000010001001000011110001000001101000,01000100011111110001100000100111101010000111000010001001000011110001000001101000, 2, True, 0.005
node, origami data, Induced Errors, decoded stream, original_origami, error_count, success, decoding time
0, 01000100011111110001100000100111101010000110000000001001000011110001000001101000,[43, 48],01000100011111110001100000100111101010000111000010001001000011110001000001101000,01000100011111110001100000100111101010000111000010001001000011110001000001101000, 2, True, 0.004
node, origami data, Induced Errors, decoded stream, original_origami, error_count, success, decoding time
0, 01000100011111110001100000100111101010000110000010000001000011110001000001101000,[43, 52],01000100011111110001100000100111101010000111000010001001000011110001000001101000,01000100011111110001100000100111101010000111000010001001000011110001000001101000, 2, True, 0.205
node, origami data, Induced Errors, decoded stream, original_origami, error_count, success, decoding time
0, 01000100011111110001100000100111101010000110000010001000000011110001000001101000,[43, 55],01000100011111110001100000100111101010000111000010001001000011110001000001101000,01000100011111110001100000100111101010000111000010001001000011110001000001101000, 2, True, 0.355
node, origami data, Induced Errors, decoded stream, original_origami, error_count, success, decoding time
0, 01000100011111110001100000100111101010000110000010001001000001110001000001101000,[43, 60],01000100011111110001100000100111101010000111000010001001000011110001000001101000,01000100011111110001100000100111101010000111000010001001000011110001000001101000, 2, True, 0.007
node, origami data, Induced Errors, decoded stream, original_origami, error_count, success, decoding time
0, 01000100011111110001100000100111101010000110000010001001000010110001000001101000,[43, 61],01000100011111110001100000100111101010000111000010001001000011110001000001101000,01000100011111110001100000100111101010000111000010001001000011110001000001101000, 2, True, 0.005
node, origami data, Induced Errors, decoded stream, original_origami, error_count, success, decoding time
0, 01000100011111110001100000100111101010000110000010001001000011010001000001101000,[43, 62],01000100011111110001100000100111101010000111000010001001000011110001000001101000,01000100011111110001100000100111101010000111000010001001000011110001000001101000, 2, True, 0.008
node, origami data, Induced Errors, decoded stream, original_origami, error_count, success, decoding time
0, 01000100011111110001100000100111101010000110000010001001000011100001000001101000,[43, 63],01000100011111110001100000100111101010000111000010001001000011110001000001101000,01000100011111110001100000100111101010000111000010001001000011110001000001101000, 2, True, 0.006
node, origami data, Induced Errors, decoded stream, original_origami, error_count, success, decoding time
0, 01000100011111110001100000100111101010000110000010001001000011110000000001101000,[43, 67],01000100011111110001100000100111101010000111000010001001000011110001000001101000,01000100011111110001100000100111101010000111000010001001000011110001000001101000, 2, True, 0.004
node, origami data, Induced Errors, decoded stream, original_origami, error_count, success, decoding time
0, 01000100011111110001100000100111101010000110000010001001000011110001000000101000,[43, 73],01000100011111110001100000100111101010000111000010001001000011110001000001101000,01000100011111110001100000100111101010000111000010001001000011110001000001101000, 2, True, 0.006
node, origami data, Induced Errors, decoded stream, original_origami, error_count, success, decoding time
0, 01000100011111110001100000100111101010000110000010001001000011110001000001001000,[43, 74],01000100011111110001100000100111101010000111000010001001000011110001000001101000,01000100011111110001100000100111101010000111000010001001000011110001000001101000, 2, True, 0.007
node, origami data, Induced Errors, decoded stream, original_origami, error_count, success, decoding time
0, 01000100011111110001100000100111101010000110000010001001000011110001000001100000,[43, 76],01000100011111110001100000100111101010000111000010001001000011110001000001101000,01000100011111110001100000100111101010000111000010001001000011110001000001101000, 2, True, 0.013
node, origami data, Induced Errors, decoded stream, original_origami, error_count, success, decoding time
0, 01000100011111110001100000100111101010000111000000000001000011110001000001101000,[48, 52],01000100011111110001100000100111101010000111000010001001000011110001000001101000,01000100011111110001100000100111101010000111000010001001000011110001000001101000, 2, True, 0.003
node, origami data, Induced Errors, decoded stream, original_origami, error_count, success, decoding time
0, 01000100011111110001100000100111101010000111000000001000000011110001000001101000,[48, 55],01000100011111110001100000100111101010000111000010001001000011110001000001101000,01000100011111110001100000100111101010000111000010001001000011110001000001101000, 2, True, 0.006
node, origami data, Induced Errors, decoded stream, original_origami, error_count, success, decoding time
0, 01000100011111110001100000100111101010000111000000001001000001110001000001101000,[48, 60],01000100011111110001100000100111101010000111000010001001000011110001000001101000,01000100011111110001100000100111101010000111000010001001000011110001000001101000, 2, True, 0.006
node, origami data, Induced Errors, decoded stream, original_origami, error_count, success, decoding time
0, 01000100011111110001100000100111101010000111000000001001000010110001000001101000,[48, 61],01000100011111110001100000100111101010000111000010001001000011110001000001101000,01000100011111110001100000100111101010000111000010001001000011110001000001101000, 2, True, 0.004
node, origami data, Induced Errors, decoded stream, original_origami, error_count, success, decoding time
0, 01000100011111110001100000100111101010000111000000001001000011010001000001101000,[48, 62],01000100011111110001100000100111101010000111000010001001000011110001000001101000,01000100011111110001100000100111101010000111000010001001000011110001000001101000, 2, True, 0.003
node, origami data, Induced Errors, decoded stream, original_origami, error_count, success, decoding time
0, 01000100011111110001100000100111101010000111000000001001000011100001000001101000,[48, 63],01000100011111110001100000100111101010000111000010001001000011110001000001101000,01000100011111110001100000100111101010000111000010001001000011110001000001101000, 2, True, 0.003
node, origami data, Induced Errors, decoded stream, original_origami, error_count, success, decoding time
0, 01000100011111110001100000100111101010000111000000001001000011110000000001101000,[48, 67],01000100011111110001100000100111101010000111000010001001000011110001000001101000,01000100011111110001100000100111101010000111000010001001000011110001000001101000, 2, True, 0.004
node, origami data, Induced Errors, decoded stream, original_origami, error_count, success, decoding time
0, 01000100011111110001100000100111101010000111000000001001000011110001000000101000,[48, 73],01000100011111110001100000100111101010000111000010001001000011110001000001101000,01000100011111110001100000100111101010000111000010001001000011110001000001101000, 2, True, 0.003
node, origami data, Induced Errors, decoded stream, original_origami, error_count, success, decoding time
0, 01000100011111110001100000100111101010000111000000001001000011110001000001001000,[48, 74],01000100011111110001100000100111101010000111000010001001000011110001000001101000,01000100011111110001100000100111101010000111000010001001000011110001000001101000, 2, True, 0.005
node, origami data, Induced Errors, decoded stream, original_origami, error_count, success, decoding time
0, 01000100011111110001100000100111101010000111000000001001000011110001000001100000,[48, 76],01000100011111110001100000100111101010000111000010001001000011110001000001101000,01000100011111110001100000100111101010000111000010001001000011110001000001101000, 2, True, 0.004
node, origami data, Induced Errors, decoded stream, original_origami, error_count, success, decoding time
0, 01000100011111110001100000100111101010000111000010000000000011110001000001101000,[52, 55],01000100011111110001100000100111101010000111000010001001000011110001000001101000,01000100011111110001100000100111101010000111000010001001000011110001000001101000, 2, True, 0.006
node, origami data, Induced Errors, decoded stream, original_origami, error_count, success, decoding time
0, 01000100011111110001100000100111101010000111000010000001000001110001000001101000,[52, 60],01000100011111110001100000100111101010000111000010001001000011110001000001101000,01000100011111110001100000100111101010000111000010001001000011110001000001101000, 2, True, 0.008
node, origami data, Induced Errors, decoded stream, original_origami, error_count, success, decoding time
0, 01000100011111110001100000100111101010000111000010000001000010110001000001101000,[52, 61],01000100011111110001100000100111101010000111000010001001000011110001000001101000,01000100011111110001100000100111101010000111000010001001000011110001000001101000, 2, True, 0.008
node, origami data, Induced Errors, decoded stream, original_origami, error_count, success, decoding time
0, 01000100011111110001100000100111101010000111000010000001000011010001000001101000,[52, 62],01000100011111110001100000100111101010000111000010001001000011110001000001101000,01000100011111110001100000100111101010000111000010001001000011110001000001101000, 2, True, 0.007
node, origami data, Induced Errors, decoded stream, original_origami, error_count, success, decoding time
0, 01000100011111110001100000100111101010000111000010000001000011100001000001101000,[52, 63],01000100011111110001100000100111101010000111000010001001000011110001000001101000,01000100011111110001100000100111101010000111000010001001000011110001000001101000, 2, True, 0.006
node, origami data, Induced Errors, decoded stream, original_origami, error_count, success, decoding time
0, 01000100011111110001100000100111101010000111000010000001000011110000000001101000,[52, 67],01000100011111110001100000100111101010000111000010001001000011110001000001101000,01000100011111110001100000100111101010000111000010001001000011110001000001101000, 2, True, 0.005
node, origami data, Induced Errors, decoded stream, original_origami, error_count, success, decoding time
0, 01000100011111110001100000100111101010000111000010000001000011110001000000101000,[52, 73],01000100011111110001100000100111101010000111000010001001000011110001000001101000,01000100011111110001100000100111101010000111000010001001000011110001000001101000, 2, True, 0.921
node, origami data, Induced Errors, decoded stream, original_origami, error_count, success, decoding time
0, 01000100011111110001100000100111101010000111000010000001000011110001000001001000,[52, 74],01000100011111110001100000100111101010000111000010001001000011110001000001101000,01000100011111110001100000100111101010000111000010001001000011110001000001101000, 2, True, 0.009
node, origami data, Induced Errors, decoded stream, original_origami, error_count, success, decoding time
0, 01000100011111110001100000100111101010000111000010000001000011110001000001100000,[52, 76],01000100011111110001100000100111101010000111000010001001000011110001000001101000,01000100011111110001100000100111101010000111000010001001000011110001000001101000, 2, True, 0.009
node, origami data, Induced Errors, decoded stream, original_origami, error_count, success, decoding time
0, 01000100011111110001100000100111101010000111000010001000000001110001000001101000,[55, 60],01000100011111110001100000100111101010000111000010001001000011110001000001101000,01000100011111110001100000100111101010000111000010001001000011110001000001101000, 2, True, 0.01
node, origami data, Induced Errors, decoded stream, original_origami, error_count, success, decoding time
0, 01000100011111110001100000100111101010000111000010001000000010110001000001101000,[55, 61],01000100011111110001100000100111101010000111000010001001000011110001000001101000,01000100011111110001100000100111101010000111000010001001000011110001000001101000, 2, True, 0.005
node, origami data, Induced Errors, decoded stream, original_origami, error_count, success, decoding time
0, 01000100011111110001100000100111101010000111000010001000000011010001000001101000,[55, 62],01000100011111110001100000100111101010000111000010001001000011110001000001101000,01000100011111110001100000100111101010000111000010001001000011110001000001101000, 2, True, 0.01
node, origami data, Induced Errors, decoded stream, original_origami, error_count, success, decoding time
0, 01000100011111110001100000100111101010000111000010001000000011100001000001101000,[55, 63],01000100011111110001100000100111101010000111000010001001000011110001000001101000,01000100011111110001100000100111101010000111000010001001000011110001000001101000, 2, True, 0.008
node, origami data, Induced Errors, decoded stream, original_origami, error_count, success, decoding time
0, 01000100011111110001100000100111101010000111000010001000000011110000000001101000,[55, 67],01000100011111110001100000100111101010000111000010001001000011110001000001101000,01000100011111110001100000100111101010000111000010001001000011110001000001101000, 2, True, 0.008
node, origami data, Induced Errors, decoded stream, original_origami, error_count, success, decoding time
0, 01000100011111110001100000100111101010000111000010001000000011110001000000101000,[55, 73],01000100011111110001100000100111101010000111000010001001000011110001000001101000,01000100011111110001100000100111101010000111000010001001000011110001000001101000, 2, True, 0.01
node, origami data, Induced Errors, decoded stream, original_origami, error_count, success, decoding time
0, 01000100011111110001100000100111101010000111000010001000000011110001000001001000,[55, 74],01000100011111110001100000100111101010000111000010001001000011110001000001101000,01000100011111110001100000100111101010000111000010001001000011110001000001101000, 2, True, 0.008
node, origami data, Induced Errors, decoded stream, original_origami, error_count, success, decoding time
0, 01000100011111110001100000100111101010000111000010001000000011110001000001100000,[55, 76],01000100011111110001100000100111101010000111000010001001000011110001000001101000,01000100011111110001100000100111101010000111000010001001000011110001000001101000, 2, True, 0.007
node, origami data, Induced Errors, decoded stream, original_origami, error_count, success, decoding time
0, 01000100011111110001100000100111101010000111000010001001000000110001000001101000,[60, 61],01000100011111110001100000100111101010000111000010001001000011110001000001101000,01000100011111110001100000100111101010000111000010001001000011110001000001101000, 2, True, 0.005
node, origami data, Induced Errors, decoded stream, original_origami, error_count, success, decoding time
0, 01000100011111110001100000100111101010000111000010001001000001010001000001101000,[60, 62],01000100011111110001100000100111101010000111000010001001000011110001000001101000,01000100011111110001100000100111101010000111000010001001000011110001000001101000, 2, True, 0.007
node, origami data, Induced Errors, decoded stream, original_origami, error_count, success, decoding time
0, 01000100011111110001100000100111101010000111000010001001000001100001000001101000,[60, 63],01000100011111110001100000100111101010000111000010001001000011110001000001101000,01000100011111110001100000100111101010000111000010001001000011110001000001101000, 2, True, 0.004
node, origami data, Induced Errors, decoded stream, original_origami, error_count, success, decoding time
0, 01000100011111110001100000100111101010000111000010001001000001110000000001101000,[60, 67],01000100011111110001100000100111101010000111000010001001000011110001000001101000,01000100011111110001100000100111101010000111000010001001000011110001000001101000, 2, True, 0.004
node, origami data, Induced Errors, decoded stream, original_origami, error_count, success, decoding time
0, 01000100011111110001100000100111101010000111000010001001000001110001000000101000,[60, 73],01000100011111110001100000100111101010000111000010001001000011110001000001101000,01000100011111110001100000100111101010000111000010001001000011110001000001101000, 2, True, 0.006
node, origami data, Induced Errors, decoded stream, original_origami, error_count, success, decoding time
0, 01000100011111110001100000100111101010000111000010001001000001110001000001001000,[60, 74],01000100011111110001100000100111101010000111000010001001000011110001000001101000,01000100011111110001100000100111101010000111000010001001000011110001000001101000, 2, True, 0.01
node, origami data, Induced Errors, decoded stream, original_origami, error_count, success, decoding time
0, 01000100011111110001100000100111101010000111000010001001000001110001000001100000,[60, 76],01000100011111110001100000100111101010000111000010001001000011110001000001101000,01000100011111110001100000100111101010000111000010001001000011110001000001101000, 2, True, 0.009
node, origami data, Induced Errors, decoded stream, original_origami, error_count, success, decoding time
0, 01000100011111110001100000100111101010000111000010001001000010010001000001101000,[61, 62],01000100011111110001100000100111101010000111000010001001000011110001000001101000,01000100011111110001100000100111101010000111000010001001000011110001000001101000, 2, True, 0.004
node, origami data, Induced Errors, decoded stream, original_origami, error_count, success, decoding time
0, 01000100011111110001100000100111101010000111000010001001000010100001000001101000,[61, 63],01000100011111110001100000100111101010000111000010001001000011110001000001101000,01000100011111110001100000100111101010000111000010001001000011110001000001101000, 2, True, 0.004
node, origami data, Induced Errors, decoded stream, original_origami, error_count, success, decoding time
0, 01000100011111110001100000100111101010000111000010001001000010110000000001101000,[61, 67],01000100011111110001100000100111101010000111000010001001000011110001000001101000,01000100011111110001100000100111101010000111000010001001000011110001000001101000, 2, True, 0.004
node, origami data, Induced Errors, decoded stream, original_origami, error_count, success, decoding time
0, 01000100011111110001100000100111101010000111000010001001000010110001000000101000,[61, 73],01000100011111110001100000100111101010000111000010001001000011110001000001101000,01000100011111110001100000100111101010000111000010001001000011110001000001101000, 2, True, 0.007
node, origami data, Induced Errors, decoded stream, original_origami, error_count, success, decoding time
0, 01000100011111110001100000100111101010000111000010001001000010110001000001001000,[61, 74],01000100011111110001100000100111101010000111000010001001000011110001000001101000,01000100011111110001100000100111101010000111000010001001000011110001000001101000, 2, True, 0.007
node, origami data, Induced Errors, decoded stream, original_origami, error_count, success, decoding time
0, 01000100011111110001100000100111101010000111000010001001000010110001000001100000,[61, 76],01000100011111110001100000100111101010000111000010001001000011110001000001101000,01000100011111110001100000100111101010000111000010001001000011110001000001101000, 2, True, 0.008
node, origami data, Induced Errors, decoded stream, original_origami, error_count, success, decoding time
0, 01000100011111110001100000100111101010000111000010001001000011000001000001101000,[62, 63],01000100011111110001100000100111101010000111000010001001000011110001000001101000,01000100011111110001100000100111101010000111000010001001000011110001000001101000, 2, True, 0.005
node, origami data, Induced Errors, decoded stream, original_origami, error_count, success, decoding time
0, 01000100011111110001100000100111101010000111000010001001000011010000000001101000,[62, 67],01000100011111110001100000100111101010000111000010001001000011110001000001101000,01000100011111110001100000100111101010000111000010001001000011110001000001101000, 2, True, 0.005
node, origami data, Induced Errors, decoded stream, original_origami, error_count, success, decoding time
0, 01000100011111110001100000100111101010000111000010001001000011010001000000101000,[62, 73],01000100011111110001100000100111101010000111000010001001000011110001000001101000,01000100011111110001100000100111101010000111000010001001000011110001000001101000, 2, True, 0.004
node, origami data, Induced Errors, decoded stream, original_origami, error_count, success, decoding time
0, 01000100011111110001100000100111101010000111000010001001000011010001000001001000,[62, 74],01000100011111110001100000100111101010000111000010001001000011110001000001101000,01000100011111110001100000100111101010000111000010001001000011110001000001101000, 2, True, 0.008
node, origami data, Induced Errors, decoded stream, original_origami, error_count, success, decoding time
0, 01000100011111110001100000100111101010000111000010001001000011010001000001100000,[62, 76],01000100011111110001100000100111101010000111000010001001000011110001000001101000,01000100011111110001100000100111101010000111000010001001000011110001000001101000, 2, True, 0.005
node, origami data, Induced Errors, decoded stream, original_origami, error_count, success, decoding time
0, 01000100011111110001100000100111101010000111000010001001000011100000000001101000,[63, 67],01000100011111110001100000100111101010000111000010001001000011110001000001101000,01000100011111110001100000100111101010000111000010001001000011110001000001101000, 2, True, 0.003
node, origami data, Induced Errors, decoded stream, original_origami, error_count, success, decoding time
0, 01000100011111110001100000100111101010000111000010001001000011100001000000101000,[63, 73],01000100011111110001100000100111101010000111000010001001000011110001000001101000,01000100011111110001100000100111101010000111000010001001000011110001000001101000, 2, True, 0.005
node, origami data, Induced Errors, decoded stream, original_origami, error_count, success, decoding time
0, 01000100011111110001100000100111101010000111000010001001000011100001000001001000,[63, 74],01000100011111110001100000100111101010000111000010001001000011110001000001101000,01000100011111110001100000100111101010000111000010001001000011110001000001101000, 2, True, 0.004
node, origami data, Induced Errors, decoded stream, original_origami, error_count, success, decoding time
0, 01000100011111110001100000100111101010000111000010001001000011100001000001100000,[63, 76],01000100011111110001100000100111101010000111000010001001000011110001000001101000,01000100011111110001100000100111101010000111000010001001000011110001000001101000, 2, True, 0.009
node, origami data, Induced Errors, decoded stream, original_origami, error_count, success, decoding time
0, 01000100011111110001100000100111101010000111000010001001000011110000000000101000,[67, 73],01000100011111110001100000100111101010000111000010001001000011110001000001101000,01000100011111110001100000100111101010000111000010001001000011110001000001101000, 2, True, 0.004
node, origami data, Induced Errors, decoded stream, original_origami, error_count, success, decoding time
0, 01000100011111110001100000100111101010000111000010001001000011110000000001001000,[67, 74],01000100011111110001100000100111101010000111000010001001000011110001000001101000,01000100011111110001100000100111101010000111000010001001000011110001000001101000, 2, True, 0.007
node, origami data, Induced Errors, decoded stream, original_origami, error_count, success, decoding time
0, 01000100011111110001100000100111101010000111000010001001000011110000000001100000,[67, 76],01000100011111110001100000100111101010000111000010001001000011110001000001101000,01000100011111110001100000100111101010000111000010001001000011110001000001101000, 2, True, 0.004
node, origami data, Induced Errors, decoded stream, original_origami, error_count, success, decoding time
0, 01000100011111110001100000100111101010000111000010001001000011110001000000001000,[73, 74],01000100011111110001100000100111101010000111000010001001000011110001000001101000,01000100011111110001100000100111101010000111000010001001000011110001000001101000, 2, True, 0.004
node, origami data, Induced Errors, decoded stream, original_origami, error_count, success, decoding time
0, 01000100011111110001100000100111101010000111000010001001000011110001000000100000,[73, 76],01000100011111110001100000100111101010000111000010001001000011110001000001101000,01000100011111110001100000100111101010000111000010001001000011110001000001101000, 2, True, 0.011
node, origami data, Induced Errors, decoded stream, original_origami, error_count, success, decoding time
0, 01000100011111110001100000100111101010000111000010001001000011110001000001000000,[74, 76],01000100011111110001100000100111101010000111000010001001000011110001000001101000,01000100011111110001100000100111101010000111000010001001000011110001000001101000, 2, True, 0.468
node, origami data, Induced Errors, decoded stream, original_origami, error_count, success, decoding time
1, 00001100111100001111000100001000111101100110101100101100011011110101100000011001,[1, 3],01011100111100001111000100001000111101100110101100101100011011110101100000011001,01011100111100001111000100001000111101100110101100101100011011110101100000011001, 2, True, 0.004
node, origami data, Induced Errors, decoded stream, original_origami, error_count, success, decoding time
1, 00010100111100001111000100001000111101100110101100101100011011110101100000011001,[1, 4],01011100111100001111000100001000111101100110101100101100011011110101100000011001,01011100111100001111000100001000111101100110101100101100011011110101100000011001, 2, True, 0.149
node, origami data, Induced Errors, decoded stream, original_origami, error_count, success, decoding time
1, 00011000111100001111000100001000111101100110101100101100011011110101100000011001,[1, 5],01011100111100001111000100001000111101100110101100101100011011110101100000011001,01011100111100001111000100001000111101100110101100101100011011110101100000011001, 2, True, 0.005
node, origami data, Induced Errors, decoded stream, original_origami, error_count, success, decoding time
1, 00011100011100001111000100001000111101100110101100101100011011110101100000011001,[1, 8],01011100111100001111000100001000111101100110101100101100011011110101100000011001,01011100111100001111000100001000111101100110101100101100011011110101100000011001, 2, True, 0.006
node, origami data, Induced Errors, decoded stream, original_origami, error_count, success, decoding time
1, 00011100101100001111000100001000111101100110101100101100011011110101100000011001,[1, 9],01011100111100001111000100001000111101100110101100101100011011110101100000011001,01011100111100001111000100001000111101100110101100101100011011110101100000011001, 2, True, 0.009
node, origami data, Induced Errors, decoded stream, original_origami, error_count, success, decoding time
1, 00011100110100001111000100001000111101100110101100101100011011110101100000011001,[1, 10],01011100111100001111000100001000111101100110101100101100011011110101100000011001,01011100111100001111000100001000111101100110101100101100011011110101100000011001, 2, True, 0.156
node, origami data, Induced Errors, decoded stream, original_origami, error_count, success, decoding time
1, 00011100111000001111000100001000111101100110101100101100011011110101100000011001,[1, 11],01011100111100001111000100001000111101100110101100101100011011110101100000011001,01011100111100001111000100001000111101100110101100101100011011110101100000011001, 2, True, 0.006
node, origami data, Induced Errors, decoded stream, original_origami, error_count, success, decoding time
1, 00011100111100000111000100001000111101100110101100101100011011110101100000011001,[1, 16],01011100111100001111000100001000111101100110101100101100011011110101100000011001,01011100111100001111000100001000111101100110101100101100011011110101100000011001, 2, True, 0.004
node, origami data, Induced Errors, decoded stream, original_origami, error_count, success, decoding time
1, 00011100111100001011000100001000111101100110101100101100011011110101100000011001,[1, 17],01011100111100001111000100001000111101100110101100101100011011110101100000011001,01011100111100001111000100001000111101100110101100101100011011110101100000011001, 2, True, 0.008
node, origami data, Induced Errors, decoded stream, original_origami, error_count, success, decoding time
1, 00011100111100001101000100001000111101100110101100101100011011110101100000011001,[1, 18],01011100111100001111000100001000111101100110101100101100011011110101100000011001,01011100111100001111000100001000111101100110101100101100011011110101100000011001, 2, True, 0.004
node, origami data, Induced Errors, decoded stream, original_origami, error_count, success, decoding time
1, 00011100111100001110000100001000111101100110101100101100011011110101100000011001,[1, 19],01011100111100001111000100001000111101100110101100101100011011110101100000011001,01011100111100001111000100001000111101100110101100101100011011110101100000011001, 2, True, 0.005
node, origami data, Induced Errors, decoded stream, original_origami, error_count, success, decoding time
1, 00011100111100001111000000001000111101100110101100101100011011110101100000011001,[1, 23],01011100111100001111000100001000111101100110101100101100011011110101100000011001,01011100111100001111000100001000111101100110101100101100011011110101100000011001, 2, True, 0.113
node, origami data, Induced Errors, decoded stream, original_origami, error_count, success, decoding time
1, 00011100111100001111000100000000111101100110101100101100011011110101100000011001,[1, 28],01011100111100001111000100001000111101100110101100101100011011110101100000011001,01011100111100001111000100001000111101100110101100101100011011110101100000011001, 2, True, 0.007
node, origami data, Induced Errors, decoded stream, original_origami, error_count, success, decoding time
1, 00011100111100001111000100001000011101100110101100101100011011110101100000011001,[1, 32],01011100111100001111000100001000111101100110101100101100011011110101100000011001,01011100111100001111000100001000111101100110101100101100011011110101100000011001, 2, True, 0.006
node, origami data, Induced Errors, decoded stream, original_origami, error_count, success, decoding time
1, 00011100111100001111000100001000101101100110101100101100011011110101100000011001,[1, 33],01011100111100001111000100001000111101100110101100101100011011110101100000011001,01011100111100001111000100001000111101100110101100101100011011110101100000011001, 2, True, 0.005
node, origami data, Induced Errors, decoded stream, original_origami, error_count, success, decoding time
1, 00011100111100001111000100001000110101100110101100101100011011110101100000011001,[1, 34],01011100111100001111000100001000111101100110101100101100011011110101100000011001,01011100111100001111000100001000111101100110101100101100011011110101100000011001, 2, True, 0.004
node, origami data, Induced Errors, decoded stream, original_origami, error_count, success, decoding time
1, 00011100111100001111000100001000111001100110101100101100011011110101100000011001,[1, 35],01011100111100001111000100001000111101100110101100101100011011110101100000011001,01011100111100001111000100001000111101100110101100101100011011110101100000011001, 2, True, 0.009
node, origami data, Induced Errors, decoded stream, original_origami, error_count, success, decoding time
1, 00011100111100001111000100001000111100100110101100101100011011110101100000011001,[1, 37],01011100111100001111000100001000111101100110101100101100011011110101100000011001,01011100111100001111000100001000111101100110101100101100011011110101100000011001, 2, True, 0.009
node, origami data, Induced Errors, decoded stream, original_origami, error_count, success, decoding time
1, 00011100111100001111000100001000111101000110101100101100011011110101100000011001,[1, 38],01011100111100001111000100001000111101100110101100101100011011110101100000011001,01011100111100001111000100001000111101100110101100101100011011110101100000011001, 2, True, 0.007
node, origami data, Induced Errors, decoded stream, original_origami, error_count, success, decoding time
1, 00011100111100001111000100001000111101100010101100101100011011110101100000011001,[1, 41],01011100111100001111000100001000111101100110101100101100011011110101100000011001,01011100111100001111000100001000111101100110101100101100011011110101100000011001, 2, True, 0.008
node, origami data, Induced Errors, decoded stream, original_origami, error_count, success, decoding time
1, 00011100111100001111000100001000111101100100101100101100011011110101100000011001,[1, 42],01011100111100001111000100001000111101100110101100101100011011110101100000011001,01011100111100001111000100001000111101100110101100101100011011110101100000011001, 2, True, 0.006
node, origami data, Induced Errors, decoded stream, original_origami, error_count, success, decoding time
1, 00011100111100001111000100001000111101100110001100101100011011110101100000011001,[1, 44],01011100111100001111000100001000111101100110101100101100011011110101100000011001,01011100111100001111000100001000111101100110101100101100011011110101100000011001, 2, True, 0.009
node, origami data, Induced Errors, decoded stream, original_origami, error_count, success, decoding time
1, 00011100111100001111000100001000111101100110100100101100011011110101100000011001,[1, 46],01011100111100001111000100001000111101100110101100101100011011110101100000011001,01011100111100001111000100001000111101100110101100101100011011110101100000011001, 2, True, 0.007
node, origami data, Induced Errors, decoded stream, original_origami, error_count, success, decoding time
1, 00011100111100001111000100001000111101100110101000101100011011110101100000011001,[1, 47],01011100111100001111000100001000111101100110101100101100011011110101100000011001,01011100111100001111000100001000111101100110101100101100011011110101100000011001, 2, True, 0.183
node, origami data, Induced Errors, decoded stream, original_origami, error_count, success, decoding time
1, 00011100111100001111000100001000111101100110101100001100011011110101100000011001,[1, 50],01011100111100001111000100001000111101100110101100101100011011110101100000011001,01011100111100001111000100001000111101100110101100101100011011110101100000011001, 2, True, 0.013
node, origami data, Induced Errors, decoded stream, original_origami, error_count, success, decoding time
1, 00011100111100001111000100001000111101100110101100100100011011110101100000011001,[1, 52],01011100111100001111000100001000111101100110101100101100011011110101100000011001,01011100111100001111000100001000111101100110101100101100011011110101100000011001, 2, True, 0.005
node, origami data, Induced Errors, decoded stream, original_origami, error_count, success, decoding time
1, 00011100111100001111000100001000111101100110101100101000011011110101100000011001,[1, 53],01011100111100001111000100001000111101100110101100101100011011110101100000011001,01011100111100001111000100001000111101100110101100101100011011110101100000011001, 2, True, 0.009
node, origami data, Induced Errors, decoded stream, original_origami, error_count, success, decoding time
1, 00011100111100001111000100001000111101100110101100101100001011110101100000011001,[1, 57],01011100111100001111000100001000111101100110101100101100011011110101100000011001,01011100111100001111000100001000111101100110101100101100011011110101100000011001, 2, True, 0.008
node, origami data, Induced Errors, decoded stream, original_origami, error_count, success, decoding time
1, 00011100111100001111000100001000111101100110101100101100010011110101100000011001,[1, 58],01011100111100001111000100001000111101100110101100101100011011110101100000011001,01011100111100001111000100001000111101100110101100101100011011110101100000011001, 2, True, 0.006
node, origami data, Induced Errors, decoded stream, original_origami, error_count, success, decoding time
1, 00011100111100001111000100001000111101100110101100101100011001110101100000011001,[1, 60],01011100111100001111000100001000111101100110101100101100011011110101100000011001,01011100111100001111000100001000111101100110101100101100011011110101100000011001, 2, True, 0.008
node, origami data, Induced Errors, decoded stream, original_origami, error_count, success, decoding time
1, 00011100111100001111000100001000111101100110101100101100011010110101100000011001,[1, 61],01011100111100001111000100001000111101100110101100101100011011110101100000011001,01011100111100001111000100001000111101100110101100101100011011110101100000011001, 2, True, 0.006
node, origami data, Induced Errors, decoded stream, original_origami, error_count, success, decoding time
1, 00011100111100001111000100001000111101100110101100101100011011010101100000011001,[1, 62],01011100111100001111000100001000111101100110101100101100011011110101100000011001,01011100111100001111000100001000111101100110101100101100011011110101100000011001, 2, True, 0.004
node, origami data, Induced Errors, decoded stream, original_origami, error_count, success, decoding time
1, 00011100111100001111000100001000111101100110101100101100011011100101100000011001,[1, 63],01011100111100001111000100001000111101100110101100101100011011110101100000011001,01011100111100001111000100001000111101100110101100101100011011110101100000011001, 2, True, 0.006
node, origami data, Induced Errors, decoded stream, original_origami, error_count, success, decoding time
1, 00011100111100001111000100001000111101100110101100101100011011110001100000011001,[1, 65],01011100111100001111000100001000111101100110101100101100011011110101100000011001,01011100111100001111000100001000111101100110101100101100011011110101100000011001, 2, True, 0.005
node, origami data, Induced Errors, decoded stream, original_origami, error_count, success, decoding time
1, 00011100111100001111000100001000111101100110101100101100011011110100100000011001,[1, 67],01011100111100001111000100001000111101100110101100101100011011110101100000011001,01011100111100001111000100001000111101100110101100101100011011110101100000011001, 2, True, 0.007
node, origami data, Induced Errors, decoded stream, original_origami, error_count, success, decoding time
1, 00011100111100001111000100001000111101100110101100101100011011110101000000011001,[1, 68],01011100111100001111000100001000111101100110101100101100011011110101100000011001,01011100111100001111000100001000111101100110101100101100011011110101100000011001, 2, True, 0.005
node, origami data, Induced Errors, decoded stream, original_origami, error_count, success, decoding time
1, 00011100111100001111000100001000111101100110101100101100011011110101100000001001,[1, 75],01011100111100001111000100001000111101100110101100101100011011110101100000011001,01011100111100001111000100001000111101100110101100101100011011110101100000011001, 2, True, 0.007
node, origami data, Induced Errors, decoded stream, original_origami, error_count, success, decoding time
1, 00011100111100001111000100001000111101100110101100101100011011110101100000010001,[1, 76],01011100111100001111000100001000111101100110101100101100011011110101100000011001,01011100111100001111000100001000111101100110101100101100011011110101100000011001, 2, True, 0.008
node, origami data, Induced Errors, decoded stream, original_origami, error_count, success, decoding time
1, 00011100111100001111000100001000111101100110101100101100011011110101100000011000,[1, 79],01011100111100001111000100001000111101100110101100101100011011110101100000011001,01011100111100001111000100001000111101100110101100101100011011110101100000011001, 2, True, 0.119
node, origami data, Induced Errors, decoded stream, original_origami, error_count, success, decoding time
1, 01000100111100001111000100001000111101100110101100101100011011110101100000011001,[3, 4],01011100111100001111000100001000111101100110101100101100011011110101100000011001,01011100111100001111000100001000111101100110101100101100011011110101100000011001, 2, True, 0.006
node, origami data, Induced Errors, decoded stream, original_origami, error_count, success, decoding time
1, 01001000111100001111000100001000111101100110101100101100011011110101100000011001,[3, 5],01011100111100001111000100001000111101100110101100101100011011110101100000011001,01011100111100001111000100001000111101100110101100101100011011110101100000011001, 2, True, 0.37
node, origami data, Induced Errors, decoded stream, original_origami, error_count, success, decoding time
1, 01001100011100001111000100001000111101100110101100101100011011110101100000011001,[3, 8],01011100111100001111000100001000111101100110101100101100011011110101100000011001,01011100111100001111000100001000111101100110101100101100011011110101100000011001, 2, True, 0.005
node, origami data, Induced Errors, decoded stream, original_origami, error_count, success, decoding time
1, 01001100101100001111000100001000111101100110101100101100011011110101100000011001,[3, 9],01011100111100001111000100001000111101100110101100101100011011110101100000011001,01011100111100001111000100001000111101100110101100101100011011110101100000011001, 2, True, 0.008
node, origami data, Induced Errors, decoded stream, original_origami, error_count, success, decoding time
1, 01001100110100001111000100001000111101100110101100101100011011110101100000011001,[3, 10],01011100111100001111000100001000111101100110101100101100011011110101100000011001,01011100111100001111000100001000111101100110101100101100011011110101100000011001, 2, True, 0.004
node, origami data, Induced Errors, decoded stream, original_origami, error_count, success, decoding time
1, 01001100111000001111000100001000111101100110101100101100011011110101100000011001,[3, 11],01011100111100001111000100001000111101100110101100101100011011110101100000011001,01011100111100001111000100001000111101100110101100101100011011110101100000011001, 2, True, 0.005
node, origami data, Induced Errors, decoded stream, original_origami, error_count, success, decoding time
1, 01001100111100000111000100001000111101100110101100101100011011110101100000011001,[3, 16],01011100111100001111000100001000111101100110101100101100011011110101100000011001,01011100111100001111000100001000111101100110101100101100011011110101100000011001, 2, True, 0.003
node, origami data, Induced Errors, decoded stream, original_origami, error_count, success, decoding time
1, 01001100111100001011000100001000111101100110101100101100011011110101100000011001,[3, 17],01011100111100001111000100001000111101100110101100101100011011110101100000011001,01011100111100001111000100001000111101100110101100101100011011110101100000011001, 2, True, 0.004
node, origami data, Induced Errors, decoded stream, original_origami, error_count, success, decoding time
1, 01001100111100001101000100001000111101100110101100101100011011110101100000011001,[3, 18],01011100111100001111000100001000111101100110101100101100011011110101100000011001,01011100111100001111000100001000111101100110101100101100011011110101100000011001, 2, True, 0.006
node, origami data, Induced Errors, decoded stream, original_origami, error_count, success, decoding time
1, 01001100111100001110000100001000111101100110101100101100011011110101100000011001,[3, 19],01011100111100001111000100001000111101100110101100101100011011110101100000011001,01011100111100001111000100001000111101100110101100101100011011110101100000011001, 2, True, 0.005
node, origami data, Induced Errors, decoded stream, original_origami, error_count, success, decoding time
1, 01001100111100001111000000001000111101100110101100101100011011110101100000011001,[3, 23],01011100111100001111000100001000111101100110101100101100011011110101100000011001,01011100111100001111000100001000111101100110101100101100011011110101100000011001, 2, True, 0.207
node, origami data, Induced Errors, decoded stream, original_origami, error_count, success, decoding time
1, 01001100111100001111000100000000111101100110101100101100011011110101100000011001,[3, 28],01011100111100001111000100001000111101100110101100101100011011110101100000011001,01011100111100001111000100001000111101100110101100101100011011110101100000011001, 2, True, 0.007
node, origami data, Induced Errors, decoded stream, original_origami, error_count, success, decoding time
1, 01001100111100001111000100001000011101100110101100101100011011110101100000011001,[3, 32],01011100111100001111000100001000111101100110101100101100011011110101100000011001,01011100111100001111000100001000111101100110101100101100011011110101100000011001, 2, True, 0.38
node, origami data, Induced Errors, decoded stream, original_origami, error_count, success, decoding time
1, 01001100111100001111000100001000101101100110101100101100011011110101100000011001,[3, 33],01011100111100001111000100001000111101100110101100101100011011110101100000011001,01011100111100001111000100001000111101100110101100101100011011110101100000011001, 2, True, 0.008
node, origami data, Induced Errors, decoded stream, original_origami, error_count, success, decoding time
1, 01001100111100001111000100001000110101100110101100101100011011110101100000011001,[3, 34],01011100111100001111000100001000111101100110101100101100011011110101100000011001,01011100111100001111000100001000111101100110101100101100011011110101100000011001, 2, True, 0.004
node, origami data, Induced Errors, decoded stream, original_origami, error_count, success, decoding time
1, 01001100111100001111000100001000111001100110101100101100011011110101100000011001,[3, 35],01011100111100001111000100001000111101100110101100101100011011110101100000011001,01011100111100001111000100001000111101100110101100101100011011110101100000011001, 2, True, 0.009
node, origami data, Induced Errors, decoded stream, original_origami, error_count, success, decoding time
1, 01001100111100001111000100001000111100100110101100101100011011110101100000011001,[3, 37],01011100111100001111000100001000111101100110101100101100011011110101100000011001,01011100111100001111000100001000111101100110101100101100011011110101100000011001, 2, True, 0.006
node, origami data, Induced Errors, decoded stream, original_origami, error_count, success, decoding time
1, 01001100111100001111000100001000111101000110101100101100011011110101100000011001,[3, 38],01011100111100001111000100001000111101100110101100101100011011110101100000011001,01011100111100001111000100001000111101100110101100101100011011110101100000011001, 2, True, 0.004
node, origami data, Induced Errors, decoded stream, original_origami, error_count, success, decoding time
1, 01001100111100001111000100001000111101100010101100101100011011110101100000011001,[3, 41],01011100111100001111000100001000111101100110101100101100011011110101100000011001,01011100111100001111000100001000111101100110101100101100011011110101100000011001, 2, True, 0.003
node, origami data, Induced Errors, decoded stream, original_origami, error_count, success, decoding time
1, 01001100111100001111000100001000111101100100101100101100011011110101100000011001,[3, 42],01011100111100001111000100001000111101100110101100101100011011110101100000011001,01011100111100001111000100001000111101100110101100101100011011110101100000011001, 2, True, 0.01
node, origami data, Induced Errors, decoded stream, original_origami, error_count, success, decoding time
1, 01001100111100001111000100001000111101100110001100101100011011110101100000011001,[3, 44],01011100111100001111000100001000111101100110101100101100011011110101100000011001,01011100111100001111000100001000111101100110101100101100011011110101100000011001, 2, True, 0.007
node, origami data, Induced Errors, decoded stream, original_origami, error_count, success, decoding time
1, 01001100111100001111000100001000111101100110100100101100011011110101100000011001,[3, 46],01011100111100001111000100001000111101100110101100101100011011110101100000011001,01011100111100001111000100001000111101100110101100101100011011110101100000011001, 2, True, 0.007
node, origami data, Induced Errors, decoded stream, original_origami, error_count, success, decoding time
1, 01001100111100001111000100001000111101100110101000101100011011110101100000011001,[3, 47],01011100111100001111000100001000111101100110101100101100011011110101100000011001,01011100111100001111000100001000111101100110101100101100011011110101100000011001, 2, True, 0.179
node, origami data, Induced Errors, decoded stream, original_origami, error_count, success, decoding time
1, 01001100111100001111000100001000111101100110101100001100011011110101100000011001,[3, 50],01011100111100001111000100001000111101100110101100101100011011110101100000011001,01011100111100001111000100001000111101100110101100101100011011110101100000011001, 2, True, 0.005
node, origami data, Induced Errors, decoded stream, original_origami, error_count, success, decoding time
1, 01001100111100001111000100001000111101100110101100100100011011110101100000011001,[3, 52],01011100111100001111000100001000111101100110101100101100011011110101100000011001,01011100111100001111000100001000111101100110101100101100011011110101100000011001, 2, True, 0.005
node, origami data, Induced Errors, decoded stream, original_origami, error_count, success, decoding time
1, 01001100111100001111000100001000111101100110101100101000011011110101100000011001,[3, 53],01011100111100001111000100001000111101100110101100101100011011110101100000011001,01011100111100001111000100001000111101100110101100101100011011110101100000011001, 2, True, 0.007
node, origami data, Induced Errors, decoded stream, original_origami, error_count, success, decoding time
1, 01001100111100001111000100001000111101100110101100101100001011110101100000011001,[3, 57],01011100111100001111000100001000111101100110101100101100011011110101100000011001,01011100111100001111000100001000111101100110101100101100011011110101100000011001, 2, True, 0.006
node, origami data, Induced Errors, decoded stream, original_origami, error_count, success, decoding time
1, 01001100111100001111000100001000111101100110101100101100010011110101100000011001,[3, 58],01011100111100001111000100001000111101100110101100101100011011110101100000011001,01011100111100001111000100001000111101100110101100101100011011110101100000011001, 2, True, 0.006
node, origami data, Induced Errors, decoded stream, original_origami, error_count, success, decoding time
1, 01001100111100001111000100001000111101100110101100101100011001110101100000011001,[3, 60],01011100111100001111000100001000111101100110101100101100011011110101100000011001,01011100111100001111000100001000111101100110101100101100011011110101100000011001, 2, True, 0.01
node, origami data, Induced Errors, decoded stream, original_origami, error_count, success, decoding time
1, 01001100111100001111000100001000111101100110101100101100011010110101100000011001,[3, 61],01011100111100001111000100001000111101100110101100101100011011110101100000011001,01011100111100001111000100001000111101100110101100101100011011110101100000011001, 2, True, 0.005
node, origami data, Induced Errors, decoded stream, original_origami, error_count, success, decoding time
1, 01001100111100001111000100001000111101100110101100101100011011010101100000011001,[3, 62],01011100111100001111000100001000111101100110101100101100011011110101100000011001,01011100111100001111000100001000111101100110101100101100011011110101100000011001, 2, True, 0.003
node, origami data, Induced Errors, decoded stream, original_origami, error_count, success, decoding time
1, 01001100111100001111000100001000111101100110101100101100011011100101100000011001,[3, 63],01011100111100001111000100001000111101100110101100101100011011110101100000011001,01011100111100001111000100001000111101100110101100101100011011110101100000011001, 2, True, 0.004
node, origami data, Induced Errors, decoded stream, original_origami, error_count, success, decoding time
1, 01001100111100001111000100001000111101100110101100101100011011110001100000011001,[3, 65],01011100111100001111000100001000111101100110101100101100011011110101100000011001,01011100111100001111000100001000111101100110101100101100011011110101100000011001, 2, True, 0.005
node, origami data, Induced Errors, decoded stream, original_origami, error_count, success, decoding time
1, 01001100111100001111000100001000111101100110101100101100011011110100100000011001,[3, 67],01011100111100001111000100001000111101100110101100101100011011110101100000011001,01011100111100001111000100001000111101100110101100101100011011110101100000011001, 2, True, 0.003
node, origami data, Induced Errors, decoded stream, original_origami, error_count, success, decoding time
1, 01001100111100001111000100001000111101100110101100101100011011110101000000011001,[3, 68],01011100111100001111000100001000111101100110101100101100011011110101100000011001,01011100111100001111000100001000111101100110101100101100011011110101100000011001, 2, True, 0.004
node, origami data, Induced Errors, decoded stream, original_origami, error_count, success, decoding time
1, 01001100111100001111000100001000111101100110101100101100011011110101100000001001,[3, 75],01011100111100001111000100001000111101100110101100101100011011110101100000011001,01011100111100001111000100001000111101100110101100101100011011110101100000011001, 2, True, 0.012
node, origami data, Induced Errors, decoded stream, original_origami, error_count, success, decoding time
1, 01001100111100001111000100001000111101100110101100101100011011110101100000010001,[3, 76],01011100111100001111000100001000111101100110101100101100011011110101100000011001,01011100111100001111000100001000111101100110101100101100011011110101100000011001, 2, True, 0.01
node, origami data, Induced Errors, decoded stream, original_origami, error_count, success, decoding time
1, 01001100111100001111000100001000111101100110101100101100011011110101100000011000,[3, 79],01011100111100001111000100001000111101100110101100101100011011110101100000011001,01011100111100001111000100001000111101100110101100101100011011110101100000011001, 2, True, 1.185
node, origami data, Induced Errors, decoded stream, original_origami, error_count, success, decoding time
1, 01010000111100001111000100001000111101100110101100101100011011110101100000011001,[4, 5],01011100111100001111000100001000111101100110101100101100011011110101100000011001,01011100111100001111000100001000111101100110101100101100011011110101100000011001, 2, True, 0.009
node, origami data, Induced Errors, decoded stream, original_origami, error_count, success, decoding time
1, 01010100011100001111000100001000111101100110101100101100011011110101100000011001,[4, 8],01011100111100001111000100001000111101100110101100101100011011110101100000011001,01011100111100001111000100001000111101100110101100101100011011110101100000011001, 2, True, 0.008
node, origami data, Induced Errors, decoded stream, original_origami, error_count, success, decoding time
1, 01010100101100001111000100001000111101100110101100101100011011110101100000011001,[4, 9],01011100111100001111000100001000111101100110101100101100011011110101100000011001,01011100111100001111000100001000111101100110101100101100011011110101100000011001, 2, True, 0.008
node, origami data, Induced Errors, decoded stream, original_origami, error_count, success, decoding time
1, 01010100110100001111000100001000111101100110101100101100011011110101100000011001,[4, 10],01011100111100001111000100001000111101100110101100101100011011110101100000011001,01011100111100001111000100001000111101100110101100101100011011110101100000011001, 2, True, 0.007
node, origami data, Induced Errors, decoded stream, original_origami, error_count, success, decoding time
1, 01010100111000001111000100001000111101100110101100101100011011110101100000011001,[4, 11],01011100111100001111000100001000111101100110101100101100011011110101100000011001,01011100111100001111000100001000111101100110101100101100011011110101100000011001, 2, True, 0.005
node, origami data, Induced Errors, decoded stream, original_origami, error_count, success, decoding time
1, 01010100111100000111000100001000111101100110101100101100011011110101100000011001,[4, 16],01011100111100001111000100001000111101100110101100101100011011110101100000011001,01011100111100001111000100001000111101100110101100101100011011110101100000011001, 2, True, 0.004
node, origami data, Induced Errors, decoded stream, original_origami, error_count, success, decoding time
1, 01010100111100001011000100001000111101100110101100101100011011110101100000011001,[4, 17],01011100111100001111000100001000111101100110101100101100011011110101100000011001,01011100111100001111000100001000111101100110101100101100011011110101100000011001, 2, True, 0.008
node, origami data, Induced Errors, decoded stream, original_origami, error_count, success, decoding time
1, 01010100111100001101000100001000111101100110101100101100011011110101100000011001,[4, 18],01011100111100001111000100001000111101100110101100101100011011110101100000011001,01011100111100001111000100001000111101100110101100101100011011110101100000011001, 2, True, 0.004
node, origami data, Induced Errors, decoded stream, original_origami, error_count, success, decoding time
1, 01010100111100001110000100001000111101100110101100101100011011110101100000011001,[4, 19],01011100111100001111000100001000111101100110101100101100011011110101100000011001,01011100111100001111000100001000111101100110101100101100011011110101100000011001, 2, True, 0.006
node, origami data, Induced Errors, decoded stream, original_origami, error_count, success, decoding time
1, 01010100111100001111000000001000111101100110101100101100011011110101100000011001,[4, 23],01011100111100001111000100001000111101100110101100101100011011110101100000011001,01011100111100001111000100001000111101100110101100101100011011110101100000011001, 2, True, 0.186
node, origami data, Induced Errors, decoded stream, original_origami, error_count, success, decoding time
1, 01010100111100001111000100000000111101100110101100101100011011110101100000011001,[4, 28],01011100111100001111000100001000111101100110101100101100011011110101100000011001,01011100111100001111000100001000111101100110101100101100011011110101100000011001, 2, True, 0.006
node, origami data, Induced Errors, decoded stream, original_origami, error_count, success, decoding time
1, 01010100111100001111000100001000011101100110101100101100011011110101100000011001,[4, 32],01011100111100001111000100001000111101100110101100101100011011110101100000011001,01011100111100001111000100001000111101100110101100101100011011110101100000011001, 2, True, 0.004
node, origami data, Induced Errors, decoded stream, original_origami, error_count, success, decoding time
1, 01010100111100001111000100001000101101100110101100101100011011110101100000011001,[4, 33],01011100111100001111000100001000111101100110101100101100011011110101100000011001,01011100111100001111000100001000111101100110101100101100011011110101100000011001, 2, True, 0.004
node, origami data, Induced Errors, decoded stream, original_origami, error_count, success, decoding time
1, 01010100111100001111000100001000110101100110101100101100011011110101100000011001,[4, 34],01011100111100001111000100001000111101100110101100101100011011110101100000011001,01011100111100001111000100001000111101100110101100101100011011110101100000011001, 2, True, 1.149
node, origami data, Induced Errors, decoded stream, original_origami, error_count, success, decoding time
1, 01010100111100001111000100001000111001100110101100101100011011110101100000011001,[4, 35],01011100111100001111000100001000111101100110101100101100011011110101100000011001,01011100111100001111000100001000111101100110101100101100011011110101100000011001, 2, True, 0.006
node, origami data, Induced Errors, decoded stream, original_origami, error_count, success, decoding time
1, 01010100111100001111000100001000111100100110101100101100011011110101100000011001,[4, 37],01011100111100001111000100001000111101100110101100101100011011110101100000011001,01011100111100001111000100001000111101100110101100101100011011110101100000011001, 2, True, 0.22
node, origami data, Induced Errors, decoded stream, original_origami, error_count, success, decoding time
1, 01010100111100001111000100001000111101000110101100101100011011110101100000011001,[4, 38],01011100111100001111000100001000111101100110101100101100011011110101100000011001,01011100111100001111000100001000111101100110101100101100011011110101100000011001, 2, True, 0.003
node, origami data, Induced Errors, decoded stream, original_origami, error_count, success, decoding time
1, 01010100111100001111000100001000111101100010101100101100011011110101100000011001,[4, 41],01011100111100001111000100001000111101100110101100101100011011110101100000011001,01011100111100001111000100001000111101100110101100101100011011110101100000011001, 2, True, 0.006
node, origami data, Induced Errors, decoded stream, original_origami, error_count, success, decoding time
1, 01010100111100001111000100001000111101100100101100101100011011110101100000011001,[4, 42],01011100111100001111000100001000111101100110101100101100011011110101100000011001,01011100111100001111000100001000111101100110101100101100011011110101100000011001, 2, True, 0.005
node, origami data, Induced Errors, decoded stream, original_origami, error_count, success, decoding time
1, 01010100111100001111000100001000111101100110001100101100011011110101100000011001,[4, 44],01011100111100001111000100001000111101100110101100101100011011110101100000011001,01011100111100001111000100001000111101100110101100101100011011110101100000011001, 2, True, 0.005
node, origami data, Induced Errors, decoded stream, original_origami, error_count, success, decoding time
1, 01010100111100001111000100001000111101100110100100101100011011110101100000011001,[4, 46],01011100111100001111000100001000111101100110101100101100011011110101100000011001,01011100111100001111000100001000111101100110101100101100011011110101100000011001, 2, True, 0.007
node, origami data, Induced Errors, decoded stream, original_origami, error_count, success, decoding time
1, 01010100111100001111000100001000111101100110101000101100011011110101100000011001,[4, 47],01011100111100001111000100001000111101100110101100101100011011110101100000011001,01011100111100001111000100001000111101100110101100101100011011110101100000011001, 2, True, 0.005
node, origami data, Induced Errors, decoded stream, original_origami, error_count, success, decoding time
1, 01010100111100001111000100001000111101100110101100001100011011110101100000011001,[4, 50],01011100111100001111000100001000111101100110101100101100011011110101100000011001,01011100111100001111000100001000111101100110101100101100011011110101100000011001, 2, True, 0.006
node, origami data, Induced Errors, decoded stream, original_origami, error_count, success, decoding time
1, 01010100111100001111000100001000111101100110101100100100011011110101100000011001,[4, 52],01011100111100001111000100001000111101100110101100101100011011110101100000011001,01011100111100001111000100001000111101100110101100101100011011110101100000011001, 2, True, 0.01
node, origami data, Induced Errors, decoded stream, original_origami, error_count, success, decoding time
1, 01010100111100001111000100001000111101100110101100101000011011110101100000011001,[4, 53],01011100111100001111000100001000111101100110101100101100011011110101100000011001,01011100111100001111000100001000111101100110101100101100011011110101100000011001, 2, True, 0.006
node, origami data, Induced Errors, decoded stream, original_origami, error_count, success, decoding time
1, 01010100111100001111000100001000111101100110101100101100001011110101100000011001,[4, 57],01011100111100001111000100001000111101100110101100101100011011110101100000011001,01011100111100001111000100001000111101100110101100101100011011110101100000011001, 2, True, 0.008
node, origami data, Induced Errors, decoded stream, original_origami, error_count, success, decoding time
1, 01010100111100001111000100001000111101100110101100101100010011110101100000011001,[4, 58],01011100111100001111000100001000111101100110101100101100011011110101100000011001,01011100111100001111000100001000111101100110101100101100011011110101100000011001, 2, True, 0.009
node, origami data, Induced Errors, decoded stream, original_origami, error_count, success, decoding time
1, 01010100111100001111000100001000111101100110101100101100011001110101100000011001,[4, 60],01011100111100001111000100001000111101100110101100101100011011110101100000011001,01011100111100001111000100001000111101100110101100101100011011110101100000011001, 2, True, 0.006
node, origami data, Induced Errors, decoded stream, original_origami, error_count, success, decoding time
1, 01010100111100001111000100001000111101100110101100101100011010110101100000011001,[4, 61],01011100111100001111000100001000111101100110101100101100011011110101100000011001,01011100111100001111000100001000111101100110101100101100011011110101100000011001, 2, True, 0.003
node, origami data, Induced Errors, decoded stream, original_origami, error_count, success, decoding time
1, 01010100111100001111000100001000111101100110101100101100011011010101100000011001,[4, 62],01011100111100001111000100001000111101100110101100101100011011110101100000011001,01011100111100001111000100001000111101100110101100101100011011110101100000011001, 2, True, 0.003
node, origami data, Induced Errors, decoded stream, original_origami, error_count, success, decoding time
1, 01010100111100001111000100001000111101100110101100101100011011100101100000011001,[4, 63],01011100111100001111000100001000111101100110101100101100011011110101100000011001,01011100111100001111000100001000111101100110101100101100011011110101100000011001, 2, True, 0.004
node, origami data, Induced Errors, decoded stream, original_origami, error_count, success, decoding time
1, 01010100111100001111000100001000111101100110101100101100011011110001100000011001,[4, 65],01011100111100001111000100001000111101100110101100101100011011110101100000011001,01011100111100001111000100001000111101100110101100101100011011110101100000011001, 2, True, 0.005
node, origami data, Induced Errors, decoded stream, original_origami, error_count, success, decoding time
1, 01010100111100001111000100001000111101100110101100101100011011110100100000011001,[4, 67],01011100111100001111000100001000111101100110101100101100011011110101100000011001,01011100111100001111000100001000111101100110101100101100011011110101100000011001, 2, True, 0.004
node, origami data, Induced Errors, decoded stream, original_origami, error_count, success, decoding time
1, 01010100111100001111000100001000111101100110101100101100011011110101000000011001,[4, 68],01011100111100001111000100001000111101100110101100101100011011110101100000011001,01011100111100001111000100001000111101100110101100101100011011110101100000011001, 2, True, 0.004
node, origami data, Induced Errors, decoded stream, original_origami, error_count, success, decoding time
1, 01010100111100001111000100001000111101100110101100101100011011110101100000001001,[4, 75],01011100111100001111000100001000111101100110101100101100011011110101100000011001,01011100111100001111000100001000111101100110101100101100011011110101100000011001, 2, True, 0.007
node, origami data, Induced Errors, decoded stream, original_origami, error_count, success, decoding time
1, 01010100111100001111000100001000111101100110101100101100011011110101100000010001,[4, 76],01011100111100001111000100001000111101100110101100101100011011110101100000011001,01011100111100001111000100001000111101100110101100101100011011110101100000011001, 2, True, 0.007
node, origami data, Induced Errors, decoded stream, original_origami, error_count, success, decoding time
1, 01010100111100001111000100001000111101100110101100101100011011110101100000011000,[4, 79],01011100111100001111000100001000111101100110101100101100011011110101100000011001,01011100111100001111000100001000111101100110101100101100011011110101100000011001, 2, True, 0.006
node, origami data, Induced Errors, decoded stream, original_origami, error_count, success, decoding time
1, 01011000011100001111000100001000111101100110101100101100011011110101100000011001,[5, 8],01011100111100001111000100001000111101100110101100101100011011110101100000011001,01011100111100001111000100001000111101100110101100101100011011110101100000011001, 2, True, 0.227
node, origami data, Induced Errors, decoded stream, original_origami, error_count, success, decoding time
1, 01011000101100001111000100001000111101100110101100101100011011110101100000011001,[5, 9],01011100111100001111000100001000111101100110101100101100011011110101100000011001,01011100111100001111000100001000111101100110101100101100011011110101100000011001, 2, True, 0.009
node, origami data, Induced Errors, decoded stream, original_origami, error_count, success, decoding time
1, 01011000110100001111000100001000111101100110101100101100011011110101100000011001,[5, 10],01011100111100001111000100001000111101100110101100101100011011110101100000011001,01011100111100001111000100001000111101100110101100101100011011110101100000011001, 2, True, 0.004
node, origami data, Induced Errors, decoded stream, original_origami, error_count, success, decoding time
1, 01011000111000001111000100001000111101100110101100101100011011110101100000011001,[5, 11],01011100111100001111000100001000111101100110101100101100011011110101100000011001,01011100111100001111000100001000111101100110101100101100011011110101100000011001, 2, True, 0.006
node, origami data, Induced Errors, decoded stream, original_origami, error_count, success, decoding time
1, 01011000111100000111000100001000111101100110101100101100011011110101100000011001,[5, 16],01011100111100001111000100001000111101100110101100101100011011110101100000011001,01011100111100001111000100001000111101100110101100101100011011110101100000011001, 2, True, 0.004
node, origami data, Induced Errors, decoded stream, original_origami, error_count, success, decoding time
1, 01011000111100001011000100001000111101100110101100101100011011110101100000011001,[5, 17],01011100111100001111000100001000111101100110101100101100011011110101100000011001,01011100111100001111000100001000111101100110101100101100011011110101100000011001, 2, True, 0.005
node, origami data, Induced Errors, decoded stream, original_origami, error_count, success, decoding time
1, 01011000111100001101000100001000111101100110101100101100011011110101100000011001,[5, 18],01011100111100001111000100001000111101100110101100101100011011110101100000011001,01011100111100001111000100001000111101100110101100101100011011110101100000011001, 2, True, 0.005
node, origami data, Induced Errors, decoded stream, original_origami, error_count, success, decoding time
1, 01011000111100001110000100001000111101100110101100101100011011110101100000011001,[5, 19],01011100111100001111000100001000111101100110101100101100011011110101100000011001,01011100111100001111000100001000111101100110101100101100011011110101100000011001, 2, True, 0.008
node, origami data, Induced Errors, decoded stream, original_origami, error_count, success, decoding time
1, 01011000111100001111000000001000111101100110101100101100011011110101100000011001,[5, 23],01011100111100001111000100001000111101100110101100101100011011110101100000011001,01011100111100001111000100001000111101100110101100101100011011110101100000011001, 2, True, 0.011
node, origami data, Induced Errors, decoded stream, original_origami, error_count, success, decoding time
1, 01011000111100001111000100000000111101100110101100101100011011110101100000011001,[5, 28],01011100111100001111000100001000111101100110101100101100011011110101100000011001,01011100111100001111000100001000111101100110101100101100011011110101100000011001, 2, True, 0.004
node, origami data, Induced Errors, decoded stream, original_origami, error_count, success, decoding time
1, 01011000111100001111000100001000011101100110101100101100011011110101100000011001,[5, 32],01011100111100001111000100001000111101100110101100101100011011110101100000011001,01011100111100001111000100001000111101100110101100101100011011110101100000011001, 2, True, 0.123
node, origami data, Induced Errors, decoded stream, original_origami, error_count, success, decoding time
1, 01011000111100001111000100001000101101100110101100101100011011110101100000011001,[5, 33],01011100111100001111000100001000111101100110101100101100011011110101100000011001,01011100111100001111000100001000111101100110101100101100011011110101100000011001, 2, True, 0.007
node, origami data, Induced Errors, decoded stream, original_origami, error_count, success, decoding time
1, 01011000111100001111000100001000110101100110101100101100011011110101100000011001,[5, 34],01011100111100001111000100001000111101100110101100101100011011110101100000011001,01011100111100001111000100001000111101100110101100101100011011110101100000011001, 2, True, 0.005
node, origami data, Induced Errors, decoded stream, original_origami, error_count, success, decoding time
1, 01011000111100001111000100001000111001100110101100101100011011110101100000011001,[5, 35],01011100111100001111000100001000111101100110101100101100011011110101100000011001,01011100111100001111000100001000111101100110101100101100011011110101100000011001, 2, True, 0.88
node, origami data, Induced Errors, decoded stream, original_origami, error_count, success, decoding time
1, 01011000111100001111000100001000111100100110101100101100011011110101100000011001,[5, 37],01011100111100001111000100001000111101100110101100101100011011110101100000011001,01011100111100001111000100001000111101100110101100101100011011110101100000011001, 2, True, 0.009
node, origami data, Induced Errors, decoded stream, original_origami, error_count, success, decoding time
1, 01011000111100001111000100001000111101000110101100101100011011110101100000011001,[5, 38],01011100111100001111000100001000111101100110101100101100011011110101100000011001,01011100111100001111000100001000111101100110101100101100011011110101100000011001, 2, True, 0.006
node, origami data, Induced Errors, decoded stream, original_origami, error_count, success, decoding time
1, 01011000111100001111000100001000111101100010101100101100011011110101100000011001,[5, 41],01011100111100001111000100001000111101100110101100101100011011110101100000011001,01011100111100001111000100001000111101100110101100101100011011110101100000011001, 2, True, 0.006
node, origami data, Induced Errors, decoded stream, original_origami, error_count, success, decoding time
1, 01011000111100001111000100001000111101100100101100101100011011110101100000011001,[5, 42],01011100111100001111000100001000111101100110101100101100011011110101100000011001,01011100111100001111000100001000111101100110101100101100011011110101100000011001, 2, True, 0.009
node, origami data, Induced Errors, decoded stream, original_origami, error_count, success, decoding time
1, 01011000111100001111000100001000111101100110001100101100011011110101100000011001,[5, 44],01011100111100001111000100001000111101100110101100101100011011110101100000011001,01011100111100001111000100001000111101100110101100101100011011110101100000011001, 2, True, 0.009
node, origami data, Induced Errors, decoded stream, original_origami, error_count, success, decoding time
1, 01011000111100001111000100001000111101100110100100101100011011110101100000011001,[5, 46],01011100111100001111000100001000111101100110101100101100011011110101100000011001,01011100111100001111000100001000111101100110101100101100011011110101100000011001, 2, True, 0.007
node, origami data, Induced Errors, decoded stream, original_origami, error_count, success, decoding time
1, 01011000111100001111000100001000111101100110101000101100011011110101100000011001,[5, 47],01011100111100001111000100001000111101100110101100101100011011110101100000011001,01011100111100001111000100001000111101100110101100101100011011110101100000011001, 2, True, 0.005
node, origami data, Induced Errors, decoded stream, original_origami, error_count, success, decoding time
1, 01011000111100001111000100001000111101100110101100001100011011110101100000011001,[5, 50],01011100111100001111000100001000111101100110101100101100011011110101100000011001,01011100111100001111000100001000111101100110101100101100011011110101100000011001, 2, True, 0.498
node, origami data, Induced Errors, decoded stream, original_origami, error_count, success, decoding time
1, 01011000111100001111000100001000111101100110101100100100011011110101100000011001,[5, 52],01011100111100001111000100001000111101100110101100101100011011110101100000011001,01011100111100001111000100001000111101100110101100101100011011110101100000011001, 2, True, 0.007
node, origami data, Induced Errors, decoded stream, original_origami, error_count, success, decoding time
1, 01011000111100001111000100001000111101100110101100101000011011110101100000011001,[5, 53],01011100111100001111000100001000111101100110101100101100011011110101100000011001,01011100111100001111000100001000111101100110101100101100011011110101100000011001, 2, True, 0.004
node, origami data, Induced Errors, decoded stream, original_origami, error_count, success, decoding time
1, 01011000111100001111000100001000111101100110101100101100001011110101100000011001,[5, 57],01011100111100001111000100001000111101100110101100101100011011110101100000011001,01011100111100001111000100001000111101100110101100101100011011110101100000011001, 2, True, 0.011
node, origami data, Induced Errors, decoded stream, original_origami, error_count, success, decoding time
1, 01011000111100001111000100001000111101100110101100101100010011110101100000011001,[5, 58],01011100111100001111000100001000111101100110101100101100011011110101100000011001,01011100111100001111000100001000111101100110101100101100011011110101100000011001, 2, True, 0.005
node, origami data, Induced Errors, decoded stream, original_origami, error_count, success, decoding time
1, 01011000111100001111000100001000111101100110101100101100011001110101100000011001,[5, 60],01011100111100001111000100001000111101100110101100101100011011110101100000011001,01011100111100001111000100001000111101100110101100101100011011110101100000011001, 2, True, 0.214
node, origami data, Induced Errors, decoded stream, original_origami, error_count, success, decoding time
1, 01011000111100001111000100001000111101100110101100101100011010110101100000011001,[5, 61],01011100111100001111000100001000111101100110101100101100011011110101100000011001,01011100111100001111000100001000111101100110101100101100011011110101100000011001, 2, True, 0.004
node, origami data, Induced Errors, decoded stream, original_origami, error_count, success, decoding time
1, 01011000111100001111000100001000111101100110101100101100011011010101100000011001,[5, 62],01011100111100001111000100001000111101100110101100101100011011110101100000011001,01011100111100001111000100001000111101100110101100101100011011110101100000011001, 2, True, 0.008
node, origami data, Induced Errors, decoded stream, original_origami, error_count, success, decoding time
1, 01011000111100001111000100001000111101100110101100101100011011100101100000011001,[5, 63],01011100111100001111000100001000111101100110101100101100011011110101100000011001,01011100111100001111000100001000111101100110101100101100011011110101100000011001, 2, True, 0.007
node, origami data, Induced Errors, decoded stream, original_origami, error_count, success, decoding time
1, 01011000111100001111000100001000111101100110101100101100011011110001100000011001,[5, 65],01011100111100001111000100001000111101100110101100101100011011110101100000011001,01011100111100001111000100001000111101100110101100101100011011110101100000011001, 2, True, 0.007
node, origami data, Induced Errors, decoded stream, original_origami, error_count, success, decoding time
1, 01011000111100001111000100001000111101100110101100101100011011110100100000011001,[5, 67],01011100111100001111000100001000111101100110101100101100011011110101100000011001,01011100111100001111000100001000111101100110101100101100011011110101100000011001, 2, True, 0.007
node, origami data, Induced Errors, decoded stream, original_origami, error_count, success, decoding time
1, 01011000111100001111000100001000111101100110101100101100011011110101000000011001,[5, 68],01011100111100001111000100001000111101100110101100101100011011110101100000011001,01011100111100001111000100001000111101100110101100101100011011110101100000011001, 2, True, 0.007
node, origami data, Induced Errors, decoded stream, original_origami, error_count, success, decoding time
1, 01011000111100001111000100001000111101100110101100101100011011110101100000001001,[5, 75],01011100111100001111000100001000111101100110101100101100011011110101100000011001,01011100111100001111000100001000111101100110101100101100011011110101100000011001, 2, True, 0.009
node, origami data, Induced Errors, decoded stream, original_origami, error_count, success, decoding time
1, 01011000111100001111000100001000111101100110101100101100011011110101100000010001,[5, 76],01011100111100001111000100001000111101100110101100101100011011110101100000011001,01011100111100001111000100001000111101100110101100101100011011110101100000011001, 2, True, 0.006
node, origami data, Induced Errors, decoded stream, original_origami, error_count, success, decoding time
1, 01011000111100001111000100001000111101100110101100101100011011110101100000011000,[5, 79],01011100111100001111000100001000111101100110101100101100011011110101100000011001,01011100111100001111000100001000111101100110101100101100011011110101100000011001, 2, True, 0.528
node, origami data, Induced Errors, decoded stream, original_origami, error_count, success, decoding time
1, 01011100001100001111000100001000111101100110101100101100011011110101100000011001,[8, 9],01011100111100001111000100001000111101100110101100101100011011110101100000011001,01011100111100001111000100001000111101100110101100101100011011110101100000011001, 2, True, 0.008
node, origami data, Induced Errors, decoded stream, original_origami, error_count, success, decoding time
1, 01011100010100001111000100001000111101100110101100101100011011110101100000011001,[8, 10],01011100111100001111000100001000111101100110101100101100011011110101100000011001,01011100111100001111000100001000111101100110101100101100011011110101100000011001, 2, True, 0.005
node, origami data, Induced Errors, decoded stream, original_origami, error_count, success, decoding time
1, 01011100011000001111000100001000111101100110101100101100011011110101100000011001,[8, 11],01011100111100001111000100001000111101100110101100101100011011110101100000011001,01011100111100001111000100001000111101100110101100101100011011110101100000011001, 2, True, 0.008
node, origami data, Induced Errors, decoded stream, original_origami, error_count, success, decoding time
1, 01011100011100000111000100001000111101100110101100101100011011110101100000011001,[8, 16],01011100111100001111000100001000111101100110101100101100011011110101100000011001,01011100111100001111000100001000111101100110101100101100011011110101100000011001, 2, True, 0.008
node, origami data, Induced Errors, decoded stream, original_origami, error_count, success, decoding time
1, 01011100011100001011000100001000111101100110101100101100011011110101100000011001,[8, 17],01011100111100001111000100001000111101100110101100101100011011110101100000011001,01011100111100001111000100001000111101100110101100101100011011110101100000011001, 2, True, 0.006
node, origami data, Induced Errors, decoded stream, original_origami, error_count, success, decoding time
1, 01011100011100001101000100001000111101100110101100101100011011110101100000011001,[8, 18],01011100111100001111000100001000111101100110101100101100011011110101100000011001,01011100111100001111000100001000111101100110101100101100011011110101100000011001, 2, True, 0.003
node, origami data, Induced Errors, decoded stream, original_origami, error_count, success, decoding time
1, 01011100011100001110000100001000111101100110101100101100011011110101100000011001,[8, 19],01011100111100001111000100001000111101100110101100101100011011110101100000011001,01011100111100001111000100001000111101100110101100101100011011110101100000011001, 2, True, 0.219
node, origami data, Induced Errors, decoded stream, original_origami, error_count, success, decoding time
1, 01011100011100001111000000001000111101100110101100101100011011110101100000011001,[8, 23],01011100111100001111000100001000111101100110101100101100011011110101100000011001,01011100111100001111000100001000111101100110101100101100011011110101100000011001, 2, True, 0.609
node, origami data, Induced Errors, decoded stream, original_origami, error_count, success, decoding time
1, 01011100011100001111000100000000111101100110101100101100011011110101100000011001,[8, 28],01011100111100001111000100001000111101100110101100101100011011110101100000011001,01011100111100001111000100001000111101100110101100101100011011110101100000011001, 2, True, 0.004
node, origami data, Induced Errors, decoded stream, original_origami, error_count, success, decoding time
1, 01011100011100001111000100001000011101100110101100101100011011110101100000011001,[8, 32],01011100111100001111000100001000111101100110101100101100011011110101100000011001,01011100111100001111000100001000111101100110101100101100011011110101100000011001, 2, True, 0.005
node, origami data, Induced Errors, decoded stream, original_origami, error_count, success, decoding time
1, 01011100011100001111000100001000101101100110101100101100011011110101100000011001,[8, 33],01011100111100001111000100001000111101100110101100101100011011110101100000011001,01011100111100001111000100001000111101100110101100101100011011110101100000011001, 2, True, 0.004
node, origami data, Induced Errors, decoded stream, original_origami, error_count, success, decoding time
1, 01011100011100001111000100001000110101100110101100101100011011110101100000011001,[8, 34],01011100111100001111000100001000111101100110101100101100011011110101100000011001,01011100111100001111000100001000111101100110101100101100011011110101100000011001, 2, True, 0.006
node, origami data, Induced Errors, decoded stream, original_origami, error_count, success, decoding time
1, 01011100011100001111000100001000111001100110101100101100011011110101100000011001,[8, 35],01011100111100001111000100001000111101100110101100101100011011110101100000011001,01011100111100001111000100001000111101100110101100101100011011110101100000011001, 2, True, 0.004
node, origami data, Induced Errors, decoded stream, original_origami, error_count, success, decoding time
1, 01011100011100001111000100001000111100100110101100101100011011110101100000011001,[8, 37],01011100111100001111000100001000111101100110101100101100011011110101100000011001,01011100111100001111000100001000111101100110101100101100011011110101100000011001, 2, True, 0.008
node, origami data, Induced Errors, decoded stream, original_origami, error_count, success, decoding time
1, 01011100011100001111000100001000111101000110101100101100011011110101100000011001,[8, 38],01011100111100001111000100001000111101100110101100101100011011110101100000011001,01011100111100001111000100001000111101100110101100101100011011110101100000011001, 2, True, 0.008
node, origami data, Induced Errors, decoded stream, original_origami, error_count, success, decoding time
1, 01011100011100001111000100001000111101100010101100101100011011110101100000011001,[8, 41],01011100111100001111000100001000111101100110101100101100011011110101100000011001,01011100111100001111000100001000111101100110101100101100011011110101100000011001, 2, True, 0.007
node, origami data, Induced Errors, decoded stream, original_origami, error_count, success, decoding time
1, 01011100011100001111000100001000111101100100101100101100011011110101100000011001,[8, 42],01011100111100001111000100001000111101100110101100101100011011110101100000011001,01011100111100001111000100001000111101100110101100101100011011110101100000011001, 2, True, 0.183
node, origami data, Induced Errors, decoded stream, original_origami, error_count, success, decoding time
1, 01011100011100001111000100001000111101100110001100101100011011110101100000011001,[8, 44],01011100111100001111000100001000111101100110101100101100011011110101100000011001,01011100111100001111000100001000111101100110101100101100011011110101100000011001, 2, True, 0.007
node, origami data, Induced Errors, decoded stream, original_origami, error_count, success, decoding time
1, 01011100011100001111000100001000111101100110100100101100011011110101100000011001,[8, 46],01011100111100001111000100001000111101100110101100101100011011110101100000011001,01011100111100001111000100001000111101100110101100101100011011110101100000011001, 2, True, 0.009
node, origami data, Induced Errors, decoded stream, original_origami, error_count, success, decoding time
1, 01011100011100001111000100001000111101100110101000101100011011110101100000011001,[8, 47],01011100111100001111000100001000111101100110101100101100011011110101100000011001,01011100111100001111000100001000111101100110101100101100011011110101100000011001, 2, True, 0.21
node, origami data, Induced Errors, decoded stream, original_origami, error_count, success, decoding time
1, 01011100011100001111000100001000111101100110101100001100011011110101100000011001,[8, 50],01011100111100001111000100001000111101100110101100101100011011110101100000011001,01011100111100001111000100001000111101100110101100101100011011110101100000011001, 2, True, 0.011
node, origami data, Induced Errors, decoded stream, original_origami, error_count, success, decoding time
1, 01011100011100001111000100001000111101100110101100100100011011110101100000011001,[8, 52],01011100111100001111000100001000111101100110101100101100011011110101100000011001,01011100111100001111000100001000111101100110101100101100011011110101100000011001, 2, True, 0.005
node, origami data, Induced Errors, decoded stream, original_origami, error_count, success, decoding time
1, 01011100011100001111000100001000111101100110101100101000011011110101100000011001,[8, 53],01011100111100001111000100001000111101100110101100101100011011110101100000011001,01011100111100001111000100001000111101100110101100101100011011110101100000011001, 2, True, 0.006
node, origami data, Induced Errors, decoded stream, original_origami, error_count, success, decoding time
1, 01011100011100001111000100001000111101100110101100101100001011110101100000011001,[8, 57],01011100111100001111000100001000111101100110101100101100011011110101100000011001,01011100111100001111000100001000111101100110101100101100011011110101100000011001, 2, True, 0.006
node, origami data, Induced Errors, decoded stream, original_origami, error_count, success, decoding time
1, 01011100011100001111000100001000111101100110101100101100010011110101100000011001,[8, 58],01011100111100001111000100001000111101100110101100101100011011110101100000011001,01011100111100001111000100001000111101100110101100101100011011110101100000011001, 2, True, 0.004
node, origami data, Induced Errors, decoded stream, original_origami, error_count, success, decoding time
1, 01011100011100001111000100001000111101100110101100101100011001110101100000011001,[8, 60],01011100111100001111000100001000111101100110101100101100011011110101100000011001,01011100111100001111000100001000111101100110101100101100011011110101100000011001, 2, True, 0.21
node, origami data, Induced Errors, decoded stream, original_origami, error_count, success, decoding time
1, 01011100011100001111000100001000111101100110101100101100011010110101100000011001,[8, 61],01011100111100001111000100001000111101100110101100101100011011110101100000011001,01011100111100001111000100001000111101100110101100101100011011110101100000011001, 2, True, 0.008
node, origami data, Induced Errors, decoded stream, original_origami, error_count, success, decoding time
1, 01011100011100001111000100001000111101100110101100101100011011010101100000011001,[8, 62],01011100111100001111000100001000111101100110101100101100011011110101100000011001,01011100111100001111000100001000111101100110101100101100011011110101100000011001, 2, True, 0.004
node, origami data, Induced Errors, decoded stream, original_origami, error_count, success, decoding time
1, 01011100011100001111000100001000111101100110101100101100011011100101100000011001,[8, 63],01011100111100001111000100001000111101100110101100101100011011110101100000011001,01011100111100001111000100001000111101100110101100101100011011110101100000011001, 2, True, 0.009
node, origami data, Induced Errors, decoded stream, original_origami, error_count, success, decoding time
1, 01011100011100001111000100001000111101100110101100101100011011110001100000011001,[8, 65],01011100111100001111000100001000111101100110101100101100011011110101100000011001,01011100111100001111000100001000111101100110101100101100011011110101100000011001, 2, True, 0.008
node, origami data, Induced Errors, decoded stream, original_origami, error_count, success, decoding time
1, 01011100011100001111000100001000111101100110101100101100011011110100100000011001,[8, 67],01011100111100001111000100001000111101100110101100101100011011110101100000011001,01011100111100001111000100001000111101100110101100101100011011110101100000011001, 2, True, 0.008
node, origami data, Induced Errors, decoded stream, original_origami, error_count, success, decoding time
1, 01011100011100001111000100001000111101100110101100101100011011110101000000011001,[8, 68],01011100111100001111000100001000111101100110101100101100011011110101100000011001,01011100111100001111000100001000111101100110101100101100011011110101100000011001, 2, True, 0.008
node, origami data, Induced Errors, decoded stream, original_origami, error_count, success, decoding time
1, 01011100011100001111000100001000111101100110101100101100011011110101100000001001,[8, 75],01011100111100001111000100001000111101100110101100101100011011110101100000011001,01011100111100001111000100001000111101100110101100101100011011110101100000011001, 2, True, 0.007
node, origami data, Induced Errors, decoded stream, original_origami, error_count, success, decoding time
1, 01011100011100001111000100001000111101100110101100101100011011110101100000010001,[8, 76],01011100111100001111000100001000111101100110101100101100011011110101100000011001,01011100111100001111000100001000111101100110101100101100011011110101100000011001, 2, True, 0.005
node, origami data, Induced Errors, decoded stream, original_origami, error_count, success, decoding time
1, 01011100011100001111000100001000111101100110101100101100011011110101100000011000,[8, 79],01011100111100001111000100001000111101100110101100101100011011110101100000011001,01011100111100001111000100001000111101100110101100101100011011110101100000011001, 2, True, 0.01
node, origami data, Induced Errors, decoded stream, original_origami, error_count, success, decoding time
1, 01011100100100001111000100001000111101100110101100101100011011110101100000011001,[9, 10],01011100111100001111000100001000111101100110101100101100011011110101100000011001,01011100111100001111000100001000111101100110101100101100011011110101100000011001, 2, True, 0.008
node, origami data, Induced Errors, decoded stream, original_origami, error_count, success, decoding time
1, 01011100101000001111000100001000111101100110101100101100011011110101100000011001,[9, 11],01011100111100001111000100001000111101100110101100101100011011110101100000011001,01011100111100001111000100001000111101100110101100101100011011110101100000011001, 2, True, 0.004
node, origami data, Induced Errors, decoded stream, original_origami, error_count, success, decoding time
1, 01011100101100000111000100001000111101100110101100101100011011110101100000011001,[9, 16],01011100111100001111000100001000111101100110101100101100011011110101100000011001,01011100111100001111000100001000111101100110101100101100011011110101100000011001, 2, True, 0.007
node, origami data, Induced Errors, decoded stream, original_origami, error_count, success, decoding time
1, 01011100101100001011000100001000111101100110101100101100011011110101100000011001,[9, 17],01011100111100001111000100001000111101100110101100101100011011110101100000011001,01011100111100001111000100001000111101100110101100101100011011110101100000011001, 2, True, 0.007
node, origami data, Induced Errors, decoded stream, original_origami, error_count, success, decoding time
1, 01011100101100001101000100001000111101100110101100101100011011110101100000011001,[9, 18],01011100111100001111000100001000111101100110101100101100011011110101100000011001,01011100111100001111000100001000111101100110101100101100011011110101100000011001, 2, True, 0.005
node, origami data, Induced Errors, decoded stream, original_origami, error_count, success, decoding time
1, 01011100101100001110000100001000111101100110101100101100011011110101100000011001,[9, 19],01011100111100001111000100001000111101100110101100101100011011110101100000011001,01011100111100001111000100001000111101100110101100101100011011110101100000011001, 2, True, 0.006
node, origami data, Induced Errors, decoded stream, original_origami, error_count, success, decoding time
1, 01011100101100001111000000001000111101100110101100101100011011110101100000011001,[9, 23],01011100111100001111000100001000111101100110101100101100011011110101100000011001,01011100111100001111000100001000111101100110101100101100011011110101100000011001, 2, True, 0.007
node, origami data, Induced Errors, decoded stream, original_origami, error_count, success, decoding time
1, 01011100101100001111000100000000111101100110101100101100011011110101100000011001,[9, 28],01011100111100001111000100001000111101100110101100101100011011110101100000011001,01011100111100001111000100001000111101100110101100101100011011110101100000011001, 2, True, 0.006
node, origami data, Induced Errors, decoded stream, original_origami, error_count, success, decoding time
1, 01011100101100001111000100001000011101100110101100101100011011110101100000011001,[9, 32],01011100111100001111000100001000111101100110101100101100011011110101100000011001,01011100111100001111000100001000111101100110101100101100011011110101100000011001, 2, True, 0.133
node, origami data, Induced Errors, decoded stream, original_origami, error_count, success, decoding time
1, 01011100101100001111000100001000101101100110101100101100011011110101100000011001,[9, 33],01011100111100001111000100001000111101100110101100101100011011110101100000011001,01011100111100001111000100001000111101100110101100101100011011110101100000011001, 2, True, 0.005
node, origami data, Induced Errors, decoded stream, original_origami, error_count, success, decoding time
1, 01011100101100001111000100001000110101100110101100101100011011110101100000011001,[9, 34],01011100111100001111000100001000111101100110101100101100011011110101100000011001,01011100111100001111000100001000111101100110101100101100011011110101100000011001, 2, True, 0.007
node, origami data, Induced Errors, decoded stream, original_origami, error_count, success, decoding time
1, 01011100101100001111000100001000111001100110101100101100011011110101100000011001,[9, 35],01011100111100001111000100001000111101100110101100101100011011110101100000011001,01011100111100001111000100001000111101100110101100101100011011110101100000011001, 2, True, 0.381
node, origami data, Induced Errors, decoded stream, original_origami, error_count, success, decoding time
1, 01011100101100001111000100001000111100100110101100101100011011110101100000011001,[9, 37],01011100111100001111000100001000111101100110101100101100011011110101100000011001,01011100111100001111000100001000111101100110101100101100011011110101100000011001, 2, True, 0.006
node, origami data, Induced Errors, decoded stream, original_origami, error_count, success, decoding time
1, 01011100101100001111000100001000111101000110101100101100011011110101100000011001,[9, 38],01011100111100001111000100001000111101100110101100101100011011110101100000011001,01011100111100001111000100001000111101100110101100101100011011110101100000011001, 2, True, 0.006
node, origami data, Induced Errors, decoded stream, original_origami, error_count, success, decoding time
1, 01011100101100001111000100001000111101100010101100101100011011110101100000011001,[9, 41],01011100111100001111000100001000111101100110101100101100011011110101100000011001,01011100111100001111000100001000111101100110101100101100011011110101100000011001, 2, True, 0.003
node, origami data, Induced Errors, decoded stream, original_origami, error_count, success, decoding time
1, 01011100101100001111000100001000111101100100101100101100011011110101100000011001,[9, 42],01011100111100001111000100001000111101100110101100101100011011110101100000011001,01011100111100001111000100001000111101100110101100101100011011110101100000011001, 2, True, 0.332
node, origami data, Induced Errors, decoded stream, original_origami, error_count, success, decoding time
1, 01011100101100001111000100001000111101100110001100101100011011110101100000011001,[9, 44],01011100111100001111000100001000111101100110101100101100011011110101100000011001,01011100111100001111000100001000111101100110101100101100011011110101100000011001, 2, True, 0.007
node, origami data, Induced Errors, decoded stream, original_origami, error_count, success, decoding time
1, 01011100101100001111000100001000111101100110100100101100011011110101100000011001,[9, 46],01011100111100001111000100001000111101100110101100101100011011110101100000011001,01011100111100001111000100001000111101100110101100101100011011110101100000011001, 2, True, 0.004
node, origami data, Induced Errors, decoded stream, original_origami, error_count, success, decoding time
1, 01011100101100001111000100001000111101100110101000101100011011110101100000011001,[9, 47],01011100111100001111000100001000111101100110101100101100011011110101100000011001,01011100111100001111000100001000111101100110101100101100011011110101100000011001, 2, True, 0.01
node, origami data, Induced Errors, decoded stream, original_origami, error_count, success, decoding time
1, 01011100101100001111000100001000111101100110101100001100011011110101100000011001,[9, 50],01011100111100001111000100001000111101100110101100101100011011110101100000011001,01011100111100001111000100001000111101100110101100101100011011110101100000011001, 2, True, 0.005
node, origami data, Induced Errors, decoded stream, original_origami, error_count, success, decoding time
1, 01011100101100001111000100001000111101100110101100100100011011110101100000011001,[9, 52],01011100111100001111000100001000111101100110101100101100011011110101100000011001,01011100111100001111000100001000111101100110101100101100011011110101100000011001, 2, True, 0.182
node, origami data, Induced Errors, decoded stream, original_origami, error_count, success, decoding time
1, 01011100101100001111000100001000111101100110101100101000011011110101100000011001,[9, 53],01011100111100001111000100001000111101100110101100101100011011110101100000011001,01011100111100001111000100001000111101100110101100101100011011110101100000011001, 2, True, 0.008
node, origami data, Induced Errors, decoded stream, original_origami, error_count, success, decoding time
1, 01011100101100001111000100001000111101100110101100101100001011110101100000011001,[9, 57],01011100111100001111000100001000111101100110101100101100011011110101100000011001,01011100111100001111000100001000111101100110101100101100011011110101100000011001, 2, True, 0.005
node, origami data, Induced Errors, decoded stream, original_origami, error_count, success, decoding time
1, 01011100101100001111000100001000111101100110101100101100010011110101100000011001,[9, 58],01011100111100001111000100001000111101100110101100101100011011110101100000011001,01011100111100001111000100001000111101100110101100101100011011110101100000011001, 2, True, 0.004
node, origami data, Induced Errors, decoded stream, original_origami, error_count, success, decoding time
1, 01011100101100001111000100001000111101100110101100101100011001110101100000011001,[9, 60],01011100111100001111000100001000111101100110101100101100011011110101100000011001,01011100111100001111000100001000111101100110101100101100011011110101100000011001, 2, True, 0.007
node, origami data, Induced Errors, decoded stream, original_origami, error_count, success, decoding time
1, 01011100101100001111000100001000111101100110101100101100011010110101100000011001,[9, 61],01011100111100001111000100001000111101100110101100101100011011110101100000011001,01011100111100001111000100001000111101100110101100101100011011110101100000011001, 2, True, 0.006
node, origami data, Induced Errors, decoded stream, original_origami, error_count, success, decoding time
1, 01011100101100001111000100001000111101100110101100101100011011010101100000011001,[9, 62],01011100111100001111000100001000111101100110101100101100011011110101100000011001,01011100111100001111000100001000111101100110101100101100011011110101100000011001, 2, True, 0.003
node, origami data, Induced Errors, decoded stream, original_origami, error_count, success, decoding time
1, 01011100101100001111000100001000111101100110101100101100011011100101100000011001,[9, 63],01011100111100001111000100001000111101100110101100101100011011110101100000011001,01011100111100001111000100001000111101100110101100101100011011110101100000011001, 2, True, 0.004
node, origami data, Induced Errors, decoded stream, original_origami, error_count, success, decoding time
1, 01011100101100001111000100001000111101100110101100101100011011110001100000011001,[9, 65],01011100111100001111000100001000111101100110101100101100011011110101100000011001,01011100111100001111000100001000111101100110101100101100011011110101100000011001, 2, True, 0.006
node, origami data, Induced Errors, decoded stream, original_origami, error_count, success, decoding time
1, 01011100101100001111000100001000111101100110101100101100011011110100100000011001,[9, 67],01011100111100001111000100001000111101100110101100101100011011110101100000011001,01011100111100001111000100001000111101100110101100101100011011110101100000011001, 2, True, 0.007
node, origami data, Induced Errors, decoded stream, original_origami, error_count, success, decoding time
1, 01011100101100001111000100001000111101100110101100101100011011110101000000011001,[9, 68],01011100111100001111000100001000111101100110101100101100011011110101100000011001,01011100111100001111000100001000111101100110101100101100011011110101100000011001, 2, True, 0.004
node, origami data, Induced Errors, decoded stream, original_origami, error_count, success, decoding time
1, 01011100101100001111000100001000111101100110101100101100011011110101100000001001,[9, 75],01011100111100001111000100001000111101100110101100101100011011110101100000011001,01011100111100001111000100001000111101100110101100101100011011110101100000011001, 2, True, 0.48
node, origami data, Induced Errors, decoded stream, original_origami, error_count, success, decoding time
1, 01011100101100001111000100001000111101100110101100101100011011110101100000010001,[9, 76],01011100111100001111000100001000111101100110101100101100011011110101100000011001,01011100111100001111000100001000111101100110101100101100011011110101100000011001, 2, True, 0.009
node, origami data, Induced Errors, decoded stream, original_origami, error_count, success, decoding time
1, 01011100101100001111000100001000111101100110101100101100011011110101100000011000,[9, 79],01011100111100001111000100001000111101100110101100101100011011110101100000011001,01011100111100001111000100001000111101100110101100101100011011110101100000011001, 2, True, 0.006
node, origami data, Induced Errors, decoded stream, original_origami, error_count, success, decoding time
1, 01011100110000001111000100001000111101100110101100101100011011110101100000011001,[10, 11],01011100111100001111000100001000111101100110101100101100011011110101100000011001,01011100111100001111000100001000111101100110101100101100011011110101100000011001, 2, True, 0.006
node, origami data, Induced Errors, decoded stream, original_origami, error_count, success, decoding time
1, 01011100110100000111000100001000111101100110101100101100011011110101100000011001,[10, 16],01011100111100001111000100001000111101100110101100101100011011110101100000011001,01011100111100001111000100001000111101100110101100101100011011110101100000011001, 2, True, 0.005
node, origami data, Induced Errors, decoded stream, original_origami, error_count, success, decoding time
1, 01011100110100001011000100001000111101100110101100101100011011110101100000011001,[10, 17],01011100111100001111000100001000111101100110101100101100011011110101100000011001,01011100111100001111000100001000111101100110101100101100011011110101100000011001, 2, True, 0.004
node, origami data, Induced Errors, decoded stream, original_origami, error_count, success, decoding time
1, 01011100110100001101000100001000111101100110101100101100011011110101100000011001,[10, 18],01011100111100001111000100001000111101100110101100101100011011110101100000011001,01011100111100001111000100001000111101100110101100101100011011110101100000011001, 2, True, 0.007
node, origami data, Induced Errors, decoded stream, original_origami, error_count, success, decoding time
1, 01011100110100001110000100001000111101100110101100101100011011110101100000011001,[10, 19],01011100111100001111000100001000111101100110101100101100011011110101100000011001,01011100111100001111000100001000111101100110101100101100011011110101100000011001, 2, True, 0.005
node, origami data, Induced Errors, decoded stream, original_origami, error_count, success, decoding time
1, 01011100110100001111000000001000111101100110101100101100011011110101100000011001,[10, 23],01011100111100001111000100001000111101100110101100101100011011110101100000011001,01011100111100001111000100001000111101100110101100101100011011110101100000011001, 2, True, 0.24
node, origami data, Induced Errors, decoded stream, original_origami, error_count, success, decoding time
1, 01011100110100001111000100000000111101100110101100101100011011110101100000011001,[10, 28],01011100111100001111000100001000111101100110101100101100011011110101100000011001,01011100111100001111000100001000111101100110101100101100011011110101100000011001, 2, True, 0.005
node, origami data, Induced Errors, decoded stream, original_origami, error_count, success, decoding time
1, 01011100110100001111000100001000011101100110101100101100011011110101100000011001,[10, 32],01011100111100001111000100001000111101100110101100101100011011110101100000011001,01011100111100001111000100001000111101100110101100101100011011110101100000011001, 2, True, 0.008
node, origami data, Induced Errors, decoded stream, original_origami, error_count, success, decoding time
1, 01011100110100001111000100001000101101100110101100101100011011110101100000011001,[10, 33],01011100111100001111000100001000111101100110101100101100011011110101100000011001,01011100111100001111000100001000111101100110101100101100011011110101100000011001, 2, True, 0.007
node, origami data, Induced Errors, decoded stream, original_origami, error_count, success, decoding time
1, 01011100110100001111000100001000110101100110101100101100011011110101100000011001,[10, 34],01011100111100001111000100001000111101100110101100101100011011110101100000011001,01011100111100001111000100001000111101100110101100101100011011110101100000011001, 2, True, 0.007
node, origami data, Induced Errors, decoded stream, original_origami, error_count, success, decoding time
1, 01011100110100001111000100001000111001100110101100101100011011110101100000011001,[10, 35],01011100111100001111000100001000111101100110101100101100011011110101100000011001,01011100111100001111000100001000111101100110101100101100011011110101100000011001, 2, True, 0.188
node, origami data, Induced Errors, decoded stream, original_origami, error_count, success, decoding time
1, 01011100110100001111000100001000111100100110101100101100011011110101100000011001,[10, 37],01011100111100001111000100001000111101100110101100101100011011110101100000011001,01011100111100001111000100001000111101100110101100101100011011110101100000011001, 2, True, 0.008
node, origami data, Induced Errors, decoded stream, original_origami, error_count, success, decoding time
1, 01011100110100001111000100001000111101000110101100101100011011110101100000011001,[10, 38],01011100111100001111000100001000111101100110101100101100011011110101100000011001,01011100111100001111000100001000111101100110101100101100011011110101100000011001, 2, True, 0.003
node, origami data, Induced Errors, decoded stream, original_origami, error_count, success, decoding time
1, 01011100110100001111000100001000111101100010101100101100011011110101100000011001,[10, 41],01011100111100001111000100001000111101100110101100101100011011110101100000011001,01011100111100001111000100001000111101100110101100101100011011110101100000011001, 2, True, 0.003
node, origami data, Induced Errors, decoded stream, original_origami, error_count, success, decoding time
1, 01011100110100001111000100001000111101100100101100101100011011110101100000011001,[10, 42],01011100111100001111000100001000111101100110101100101100011011110101100000011001,01011100111100001111000100001000111101100110101100101100011011110101100000011001, 2, True, 0.007
node, origami data, Induced Errors, decoded stream, original_origami, error_count, success, decoding time
1, 01011100110100001111000100001000111101100110001100101100011011110101100000011001,[10, 44],01011100111100001111000100001000111101100110101100101100011011110101100000011001,01011100111100001111000100001000111101100110101100101100011011110101100000011001, 2, True, 0.006
node, origami data, Induced Errors, decoded stream, original_origami, error_count, success, decoding time
1, 01011100110100001111000100001000111101100110100100101100011011110101100000011001,[10, 46],01011100111100001111000100001000111101100110101100101100011011110101100000011001,01011100111100001111000100001000111101100110101100101100011011110101100000011001, 2, True, 0.008
node, origami data, Induced Errors, decoded stream, original_origami, error_count, success, decoding time
1, 01011100110100001111000100001000111101100110101000101100011011110101100000011001,[10, 47],01011100111100001111000100001000111101100110101100101100011011110101100000011001,01011100111100001111000100001000111101100110101100101100011011110101100000011001, 2, True, 0.008
node, origami data, Induced Errors, decoded stream, original_origami, error_count, success, decoding time
1, 01011100110100001111000100001000111101100110101100001100011011110101100000011001,[10, 50],01011100111100001111000100001000111101100110101100101100011011110101100000011001,01011100111100001111000100001000111101100110101100101100011011110101100000011001, 2, True, 0.006
node, origami data, Induced Errors, decoded stream, original_origami, error_count, success, decoding time
1, 01011100110100001111000100001000111101100110101100100100011011110101100000011001,[10, 52],01011100111100001111000100001000111101100110101100101100011011110101100000011001,01011100111100001111000100001000111101100110101100101100011011110101100000011001, 2, True, 0.176
node, origami data, Induced Errors, decoded stream, original_origami, error_count, success, decoding time
1, 01011100110100001111000100001000111101100110101100101000011011110101100000011001,[10, 53],01011100111100001111000100001000111101100110101100101100011011110101100000011001,01011100111100001111000100001000111101100110101100101100011011110101100000011001, 2, True, 0.01
node, origami data, Induced Errors, decoded stream, original_origami, error_count, success, decoding time
1, 01011100110100001111000100001000111101100110101100101100001011110101100000011001,[10, 57],01011100111100001111000100001000111101100110101100101100011011110101100000011001,01011100111100001111000100001000111101100110101100101100011011110101100000011001, 2, True, 0.006
node, origami data, Induced Errors, decoded stream, original_origami, error_count, success, decoding time
1, 01011100110100001111000100001000111101100110101100101100010011110101100000011001,[10, 58],01011100111100001111000100001000111101100110101100101100011011110101100000011001,01011100111100001111000100001000111101100110101100101100011011110101100000011001, 2, True, 0.004
node, origami data, Induced Errors, decoded stream, original_origami, error_count, success, decoding time
1, 01011100110100001111000100001000111101100110101100101100011001110101100000011001,[10, 60],01011100111100001111000100001000111101100110101100101100011011110101100000011001,01011100111100001111000100001000111101100110101100101100011011110101100000011001, 2, True, 0.008
node, origami data, Induced Errors, decoded stream, original_origami, error_count, success, decoding time
1, 01011100110100001111000100001000111101100110101100101100011010110101100000011001,[10, 61],01011100111100001111000100001000111101100110101100101100011011110101100000011001,01011100111100001111000100001000111101100110101100101100011011110101100000011001, 2, True, 0.007
node, origami data, Induced Errors, decoded stream, original_origami, error_count, success, decoding time
1, 01011100110100001111000100001000111101100110101100101100011011010101100000011001,[10, 62],01011100111100001111000100001000111101100110101100101100011011110101100000011001,01011100111100001111000100001000111101100110101100101100011011110101100000011001, 2, True, 0.006
node, origami data, Induced Errors, decoded stream, original_origami, error_count, success, decoding time
1, 01011100110100001111000100001000111101100110101100101100011011100101100000011001,[10, 63],01011100111100001111000100001000111101100110101100101100011011110101100000011001,01011100111100001111000100001000111101100110101100101100011011110101100000011001, 2, True, 0.003
node, origami data, Induced Errors, decoded stream, original_origami, error_count, success, decoding time
1, 01011100110100001111000100001000111101100110101100101100011011110001100000011001,[10, 65],01011100111100001111000100001000111101100110101100101100011011110101100000011001,01011100111100001111000100001000111101100110101100101100011011110101100000011001, 2, True, 0.006
node, origami data, Induced Errors, decoded stream, original_origami, error_count, success, decoding time
1, 01011100110100001111000100001000111101100110101100101100011011110100100000011001,[10, 67],01011100111100001111000100001000111101100110101100101100011011110101100000011001,01011100111100001111000100001000111101100110101100101100011011110101100000011001, 2, True, 0.005
node, origami data, Induced Errors, decoded stream, original_origami, error_count, success, decoding time
1, 01011100110100001111000100001000111101100110101100101100011011110101000000011001,[10, 68],01011100111100001111000100001000111101100110101100101100011011110101100000011001,01011100111100001111000100001000111101100110101100101100011011110101100000011001, 2, True, 0.008
node, origami data, Induced Errors, decoded stream, original_origami, error_count, success, decoding time
1, 01011100110100001111000100001000111101100110101100101100011011110101100000001001,[10, 75],01011100111100001111000100001000111101100110101100101100011011110101100000011001,01011100111100001111000100001000111101100110101100101100011011110101100000011001, 2, True, 0.453
node, origami data, Induced Errors, decoded stream, original_origami, error_count, success, decoding time
1, 01011100110100001111000100001000111101100110101100101100011011110101100000010001,[10, 76],01011100111100001111000100001000111101100110101100101100011011110101100000011001,01011100111100001111000100001000111101100110101100101100011011110101100000011001, 2, True, 0.393
node, origami data, Induced Errors, decoded stream, original_origami, error_count, success, decoding time
1, 01011100110100001111000100001000111101100110101100101100011011110101100000011000,[10, 79],01011100111100001111000100001000111101100110101100101100011011110101100000011001,01011100111100001111000100001000111101100110101100101100011011110101100000011001, 2, True, 0.005
node, origami data, Induced Errors, decoded stream, original_origami, error_count, success, decoding time
1, 01011100111000000111000100001000111101100110101100101100011011110101100000011001,[11, 16],01011100111100001111000100001000111101100110101100101100011011110101100000011001,01011100111100001111000100001000111101100110101100101100011011110101100000011001, 2, True, 0.002
node, origami data, Induced Errors, decoded stream, original_origami, error_count, success, decoding time
1, 01011100111000001011000100001000111101100110101100101100011011110101100000011001,[11, 17],01011100111100001111000100001000111101100110101100101100011011110101100000011001,01011100111100001111000100001000111101100110101100101100011011110101100000011001, 2, True, 0.002
node, origami data, Induced Errors, decoded stream, original_origami, error_count, success, decoding time
1, 01011100111000001101000100001000111101100110101100101100011011110101100000011001,[11, 18],01011100111100001111000100001000111101100110101100101100011011110101100000011001,01011100111100001111000100001000111101100110101100101100011011110101100000011001, 2, True, 0.004
node, origami data, Induced Errors, decoded stream, original_origami, error_count, success, decoding time
1, 01011100111000001110000100001000111101100110101100101100011011110101100000011001,[11, 19],01011100111100001111000100001000111101100110101100101100011011110101100000011001,01011100111100001111000100001000111101100110101100101100011011110101100000011001, 2, True, 0.007
node, origami data, Induced Errors, decoded stream, original_origami, error_count, success, decoding time
1, 01011100111000001111000000001000111101100110101100101100011011110101100000011001,[11, 23],01011100111100001111000100001000111101100110101100101100011011110101100000011001,01011100111100001111000100001000111101100110101100101100011011110101100000011001, 2, True, 0.004
node, origami data, Induced Errors, decoded stream, original_origami, error_count, success, decoding time
1, 01011100111000001111000100000000111101100110101100101100011011110101100000011001,[11, 28],01011100111100001111000100001000111101100110101100101100011011110101100000011001,01011100111100001111000100001000111101100110101100101100011011110101100000011001, 2, True, 0.003
node, origami data, Induced Errors, decoded stream, original_origami, error_count, success, decoding time
1, 01011100111000001111000100001000011101100110101100101100011011110101100000011001,[11, 32],01011100111100001111000100001000111101100110101100101100011011110101100000011001,01011100111100001111000100001000111101100110101100101100011011110101100000011001, 2, True, 0.005
node, origami data, Induced Errors, decoded stream, original_origami, error_count, success, decoding time
1, 01011100111000001111000100001000101101100110101100101100011011110101100000011001,[11, 33],01011100111100001111000100001000111101100110101100101100011011110101100000011001,01011100111100001111000100001000111101100110101100101100011011110101100000011001, 2, True, 0.003
node, origami data, Induced Errors, decoded stream, original_origami, error_count, success, decoding time
1, 01011100111000001111000100001000110101100110101100101100011011110101100000011001,[11, 34],01011100111100001111000100001000111101100110101100101100011011110101100000011001,01011100111100001111000100001000111101100110101100101100011011110101100000011001, 2, True, 0.007
node, origami data, Induced Errors, decoded stream, original_origami, error_count, success, decoding time
1, 01011100111000001111000100001000111001100110101100101100011011110101100000011001,[11, 35],01011100111100001111000100001000111101100110101100101100011011110101100000011001,01011100111100001111000100001000111101100110101100101100011011110101100000011001, 2, True, 0.008
node, origami data, Induced Errors, decoded stream, original_origami, error_count, success, decoding time
1, 01011100111000001111000100001000111100100110101100101100011011110101100000011001,[11, 37],01011100111100001111000100001000111101100110101100101100011011110101100000011001,01011100111100001111000100001000111101100110101100101100011011110101100000011001, 2, True, 0.007
node, origami data, Induced Errors, decoded stream, original_origami, error_count, success, decoding time
1, 01011100111000001111000100001000111101000110101100101100011011110101100000011001,[11, 38],01011100111100001111000100001000111101100110101100101100011011110101100000011001,01011100111100001111000100001000111101100110101100101100011011110101100000011001, 2, True, 0.004
node, origami data, Induced Errors, decoded stream, original_origami, error_count, success, decoding time
1, 01011100111000001111000100001000111101100010101100101100011011110101100000011001,[11, 41],01011100111100001111000100001000111101100110101100101100011011110101100000011001,01011100111100001111000100001000111101100110101100101100011011110101100000011001, 2, True, 0.003
node, origami data, Induced Errors, decoded stream, original_origami, error_count, success, decoding time
1, 01011100111000001111000100001000111101100100101100101100011011110101100000011001,[11, 42],01011100111100001111000100001000111101100110101100101100011011110101100000011001,01011100111100001111000100001000111101100110101100101100011011110101100000011001, 2, True, 0.008
node, origami data, Induced Errors, decoded stream, original_origami, error_count, success, decoding time
1, 01011100111000001111000100001000111101100110001100101100011011110101100000011001,[11, 44],01011100111100001111000100001000111101100110101100101100011011110101100000011001,01011100111100001111000100001000111101100110101100101100011011110101100000011001, 2, True, 0.004
node, origami data, Induced Errors, decoded stream, original_origami, error_count, success, decoding time
1, 01011100111000001111000100001000111101100110100100101100011011110101100000011001,[11, 46],01011100111100001111000100001000111101100110101100101100011011110101100000011001,01011100111100001111000100001000111101100110101100101100011011110101100000011001, 2, True, 0.004
node, origami data, Induced Errors, decoded stream, original_origami, error_count, success, decoding time
1, 01011100111000001111000100001000111101100110101000101100011011110101100000011001,[11, 47],01011100111100001111000100001000111101100110101100101100011011110101100000011001,01011100111100001111000100001000111101100110101100101100011011110101100000011001, 2, True, 0.009
node, origami data, Induced Errors, decoded stream, original_origami, error_count, success, decoding time
1, 01011100111000001111000100001000111101100110101100001100011011110101100000011001,[11, 50],01011100111100001111000100001000111101100110101100101100011011110101100000011001,01011100111100001111000100001000111101100110101100101100011011110101100000011001, 2, True, 0.006
node, origami data, Induced Errors, decoded stream, original_origami, error_count, success, decoding time
1, 01011100111000001111000100001000111101100110101100100100011011110101100000011001,[11, 52],01011100111100001111000100001000111101100110101100101100011011110101100000011001,01011100111100001111000100001000111101100110101100101100011011110101100000011001, 2, True, 0.004
node, origami data, Induced Errors, decoded stream, original_origami, error_count, success, decoding time
1, 01011100111000001111000100001000111101100110101100101000011011110101100000011001,[11, 53],01011100111100001111000100001000111101100110101100101100011011110101100000011001,01011100111100001111000100001000111101100110101100101100011011110101100000011001, 2, True, 0.004
node, origami data, Induced Errors, decoded stream, original_origami, error_count, success, decoding time
1, 01011100111000001111000100001000111101100110101100101100001011110101100000011001,[11, 57],01011100111100001111000100001000111101100110101100101100011011110101100000011001,01011100111100001111000100001000111101100110101100101100011011110101100000011001, 2, True, 0.008
node, origami data, Induced Errors, decoded stream, original_origami, error_count, success, decoding time
1, 01011100111000001111000100001000111101100110101100101100010011110101100000011001,[11, 58],01011100111100001111000100001000111101100110101100101100011011110101100000011001,01011100111100001111000100001000111101100110101100101100011011110101100000011001, 2, True, 0.004
node, origami data, Induced Errors, decoded stream, original_origami, error_count, success, decoding time
1, 01011100111000001111000100001000111101100110101100101100011001110101100000011001,[11, 60],01011100111100001111000100001000111101100110101100101100011011110101100000011001,01011100111100001111000100001000111101100110101100101100011011110101100000011001, 2, True, 0.004
node, origami data, Induced Errors, decoded stream, original_origami, error_count, success, decoding time
1, 01011100111000001111000100001000111101100110101100101100011010110101100000011001,[11, 61],01011100111100001111000100001000111101100110101100101100011011110101100000011001,01011100111100001111000100001000111101100110101100101100011011110101100000011001, 2, True, 0.003
node, origami data, Induced Errors, decoded stream, original_origami, error_count, success, decoding time
1, 01011100111000001111000100001000111101100110101100101100011011010101100000011001,[11, 62],01011100111100001111000100001000111101100110101100101100011011110101100000011001,01011100111100001111000100001000111101100110101100101100011011110101100000011001, 2, True, 0.003
node, origami data, Induced Errors, decoded stream, original_origami, error_count, success, decoding time
1, 01011100111000001111000100001000111101100110101100101100011011100101100000011001,[11, 63],01011100111100001111000100001000111101100110101100101100011011110101100000011001,01011100111100001111000100001000111101100110101100101100011011110101100000011001, 2, True, 0.002
node, origami data, Induced Errors, decoded stream, original_origami, error_count, success, decoding time
1, 01011100111000001111000100001000111101100110101100101100011011110001100000011001,[11, 65],01011100111100001111000100001000111101100110101100101100011011110101100000011001,01011100111100001111000100001000111101100110101100101100011011110101100000011001, 2, True, 0.002
node, origami data, Induced Errors, decoded stream, original_origami, error_count, success, decoding time
1, 01011100111000001111000100001000111101100110101100101100011011110100100000011001,[11, 67],01011100111100001111000100001000111101100110101100101100011011110101100000011001,01011100111100001111000100001000111101100110101100101100011011110101100000011001, 2, True, 0.003
node, origami data, Induced Errors, decoded stream, original_origami, error_count, success, decoding time
1, 01011100111000001111000100001000111101100110101100101100011011110101000000011001,[11, 68],01011100111100001111000100001000111101100110101100101100011011110101100000011001,01011100111100001111000100001000111101100110101100101100011011110101100000011001, 2, True, 0.003
node, origami data, Induced Errors, decoded stream, original_origami, error_count, success, decoding time
1, 01011100111000001111000100001000111101100110101100101100011011110101100000001001,[11, 75],01011100111100001111000100001000111101100110101100101100011011110101100000011001,01011100111100001111000100001000111101100110101100101100011011110101100000011001, 2, True, 0.008
node, origami data, Induced Errors, decoded stream, original_origami, error_count, success, decoding time
1, 01011100111000001111000100001000111101100110101100101100011011110101100000010001,[11, 76],01011100111100001111000100001000111101100110101100101100011011110101100000011001,01011100111100001111000100001000111101100110101100101100011011110101100000011001, 2, True, 0.006
node, origami data, Induced Errors, decoded stream, original_origami, error_count, success, decoding time
1, 01011100111000001111000100001000111101100110101100101100011011110101100000011000,[11, 79],01011100111100001111000100001000111101100110101100101100011011110101100000011001,01011100111100001111000100001000111101100110101100101100011011110101100000011001, 2, True, 0.008
node, origami data, Induced Errors, decoded stream, original_origami, error_count, success, decoding time
1, 01011100111100000011000100001000111101100110101100101100011011110101100000011001,[16, 17],01011100111100001111000100001000111101100110101100101100011011110101100000011001,01011100111100001111000100001000111101100110101100101100011011110101100000011001, 2, True, 0.002
node, origami data, Induced Errors, decoded stream, original_origami, error_count, success, decoding time
1, 01011100111100000101000100001000111101100110101100101100011011110101100000011001,[16, 18],01011100111100001111000100001000111101100110101100101100011011110101100000011001,01011100111100001111000100001000111101100110101100101100011011110101100000011001, 2, True, 0.002
node, origami data, Induced Errors, decoded stream, original_origami, error_count, success, decoding time
1, 01011100111100000110000100001000111101100110101100101100011011110101100000011001,[16, 19],01011100111100001111000100001000111101100110101100101100011011110101100000011001,01011100111100001111000100001000111101100110101100101100011011110101100000011001, 2, True, 0.005
node, origami data, Induced Errors, decoded stream, original_origami, error_count, success, decoding time
1, 01011100111100000111000000001000111101100110101100101100011011110101100000011001,[16, 23],01011100111100001111000100001000111101100110101100101100011011110101100000011001,01011100111100001111000100001000111101100110101100101100011011110101100000011001, 2, True, 0.003
node, origami data, Induced Errors, decoded stream, original_origami, error_count, success, decoding time
1, 01011100111100000111000100000000111101100110101100101100011011110101100000011001,[16, 28],01011100111100001111000100001000111101100110101100101100011011110101100000011001,01011100111100001111000100001000111101100110101100101100011011110101100000011001, 2, True, 0.003
node, origami data, Induced Errors, decoded stream, original_origami, error_count, success, decoding time
1, 01011100111100000111000100001000011101100110101100101100011011110101100000011001,[16, 32],01011100111100001111000100001000111101100110101100101100011011110101100000011001,01011100111100001111000100001000111101100110101100101100011011110101100000011001, 2, True, 0.005
node, origami data, Induced Errors, decoded stream, original_origami, error_count, success, decoding time
1, 01011100111100000111000100001000101101100110101100101100011011110101100000011001,[16, 33],01011100111100001111000100001000111101100110101100101100011011110101100000011001,01011100111100001111000100001000111101100110101100101100011011110101100000011001, 2, True, 0.007
node, origami data, Induced Errors, decoded stream, original_origami, error_count, success, decoding time
1, 01011100111100000111000100001000110101100110101100101100011011110101100000011001,[16, 34],01011100111100001111000100001000111101100110101100101100011011110101100000011001,01011100111100001111000100001000111101100110101100101100011011110101100000011001, 2, True, 0.007
node, origami data, Induced Errors, decoded stream, original_origami, error_count, success, decoding time
1, 01011100111100000111000100001000111001100110101100101100011011110101100000011001,[16, 35],01011100111100001111000100001000111101100110101100101100011011110101100000011001,01011100111100001111000100001000111101100110101100101100011011110101100000011001, 2, True, 0.004
node, origami data, Induced Errors, decoded stream, original_origami, error_count, success, decoding time
1, 01011100111100000111000100001000111100100110101100101100011011110101100000011001,[16, 37],01011100111100001111000100001000111101100110101100101100011011110101100000011001,01011100111100001111000100001000111101100110101100101100011011110101100000011001, 2, True, 0.006
node, origami data, Induced Errors, decoded stream, original_origami, error_count, success, decoding time
1, 01011100111100000111000100001000111101000110101100101100011011110101100000011001,[16, 38],01011100111100001111000100001000111101100110101100101100011011110101100000011001,01011100111100001111000100001000111101100110101100101100011011110101100000011001, 2, True, 0.003
node, origami data, Induced Errors, decoded stream, original_origami, error_count, success, decoding time
1, 01011100111100000111000100001000111101100010101100101100011011110101100000011001,[16, 41],01011100111100001111000100001000111101100110101100101100011011110101100000011001,01011100111100001111000100001000111101100110101100101100011011110101100000011001, 2, True, 0.004
node, origami data, Induced Errors, decoded stream, original_origami, error_count, success, decoding time
1, 01011100111100000111000100001000111101100100101100101100011011110101100000011001,[16, 42],01011100111100001111000100001000111101100110101100101100011011110101100000011001,01011100111100001111000100001000111101100110101100101100011011110101100000011001, 2, True, 0.008
node, origami data, Induced Errors, decoded stream, original_origami, error_count, success, decoding time
1, 01011100111100000111000100001000111101100110001100101100011011110101100000011001,[16, 44],01011100111100001111000100001000111101100110101100101100011011110101100000011001,01011100111100001111000100001000111101100110101100101100011011110101100000011001, 2, True, 0.003
node, origami data, Induced Errors, decoded stream, original_origami, error_count, success, decoding time
1, 01011100111100000111000100001000111101100110100100101100011011110101100000011001,[16, 46],01011100111100001111000100001000111101100110101100101100011011110101100000011001,01011100111100001111000100001000111101100110101100101100011011110101100000011001, 2, True, 0.003
node, origami data, Induced Errors, decoded stream, original_origami, error_count, success, decoding time
1, 01011100111100000111000100001000111101100110101000101100011011110101100000011001,[16, 47],01011100111100001111000100001000111101100110101100101100011011110101100000011001,01011100111100001111000100001000111101100110101100101100011011110101100000011001, 2, True, 0.007
node, origami data, Induced Errors, decoded stream, original_origami, error_count, success, decoding time
1, 01011100111100000111000100001000111101100110101100001100011011110101100000011001,[16, 50],01011100111100001111000100001000111101100110101100101100011011110101100000011001,01011100111100001111000100001000111101100110101100101100011011110101100000011001, 2, True, 0.004
node, origami data, Induced Errors, decoded stream, original_origami, error_count, success, decoding time
1, 01011100111100000111000100001000111101100110101100100100011011110101100000011001,[16, 52],01011100111100001111000100001000111101100110101100101100011011110101100000011001,01011100111100001111000100001000111101100110101100101100011011110101100000011001, 2, True, 0.004
node, origami data, Induced Errors, decoded stream, original_origami, error_count, success, decoding time
1, 01011100111100000111000100001000111101100110101100101000011011110101100000011001,[16, 53],01011100111100001111000100001000111101100110101100101100011011110101100000011001,01011100111100001111000100001000111101100110101100101100011011110101100000011001, 2, True, 0.005
node, origami data, Induced Errors, decoded stream, original_origami, error_count, success, decoding time
1, 01011100111100000111000100001000111101100110101100101100001011110101100000011001,[16, 57],01011100111100001111000100001000111101100110101100101100011011110101100000011001,01011100111100001111000100001000111101100110101100101100011011110101100000011001, 2, True, 0.009
node, origami data, Induced Errors, decoded stream, original_origami, error_count, success, decoding time
1, 01011100111100000111000100001000111101100110101100101100010011110101100000011001,[16, 58],01011100111100001111000100001000111101100110101100101100011011110101100000011001,01011100111100001111000100001000111101100110101100101100011011110101100000011001, 2, True, 0.003
node, origami data, Induced Errors, decoded stream, original_origami, error_count, success, decoding time
1, 01011100111100000111000100001000111101100110101100101100011001110101100000011001,[16, 60],01011100111100001111000100001000111101100110101100101100011011110101100000011001,01011100111100001111000100001000111101100110101100101100011011110101100000011001, 2, True, 0.008
node, origami data, Induced Errors, decoded stream, original_origami, error_count, success, decoding time
1, 01011100111100000111000100001000111101100110101100101100011010110101100000011001,[16, 61],01011100111100001111000100001000111101100110101100101100011011110101100000011001,01011100111100001111000100001000111101100110101100101100011011110101100000011001, 2, True, 0.003
node, origami data, Induced Errors, decoded stream, original_origami, error_count, success, decoding time
1, 01011100111100000111000100001000111101100110101100101100011011010101100000011001,[16, 62],01011100111100001111000100001000111101100110101100101100011011110101100000011001,01011100111100001111000100001000111101100110101100101100011011110101100000011001, 2, True, 0.003
node, origami data, Induced Errors, decoded stream, original_origami, error_count, success, decoding time
1, 01011100111100000111000100001000111101100110101100101100011011100101100000011001,[16, 63],01011100111100001111000100001000111101100110101100101100011011110101100000011001,01011100111100001111000100001000111101100110101100101100011011110101100000011001, 2, True, 0.003
node, origami data, Induced Errors, decoded stream, original_origami, error_count, success, decoding time
1, 01011100111100000111000100001000111101100110101100101100011011110001100000011001,[16, 65],01011100111100001111000100001000111101100110101100101100011011110101100000011001,01011100111100001111000100001000111101100110101100101100011011110101100000011001, 2, True, 0.004
node, origami data, Induced Errors, decoded stream, original_origami, error_count, success, decoding time
1, 01011100111100000111000100001000111101100110101100101100011011110100100000011001,[16, 67],01011100111100001111000100001000111101100110101100101100011011110101100000011001,01011100111100001111000100001000111101100110101100101100011011110101100000011001, 2, True, 0.004
node, origami data, Induced Errors, decoded stream, original_origami, error_count, success, decoding time
1, 01011100111100000111000100001000111101100110101100101100011011110101000000011001,[16, 68],01011100111100001111000100001000111101100110101100101100011011110101100000011001,01011100111100001111000100001000111101100110101100101100011011110101100000011001, 2, True, 0.002
node, origami data, Induced Errors, decoded stream, original_origami, error_count, success, decoding time
1, 01011100111100000111000100001000111101100110101100101100011011110101100000001001,[16, 75],01011100111100001111000100001000111101100110101100101100011011110101100000011001,01011100111100001111000100001000111101100110101100101100011011110101100000011001, 2, True, 0.006
node, origami data, Induced Errors, decoded stream, original_origami, error_count, success, decoding time
1, 01011100111100000111000100001000111101100110101100101100011011110101100000010001,[16, 76],01011100111100001111000100001000111101100110101100101100011011110101100000011001,01011100111100001111000100001000111101100110101100101100011011110101100000011001, 2, True, 0.004
node, origami data, Induced Errors, decoded stream, original_origami, error_count, success, decoding time
1, 01011100111100000111000100001000111101100110101100101100011011110101100000011000,[16, 79],01011100111100001111000100001000111101100110101100101100011011110101100000011001,01011100111100001111000100001000111101100110101100101100011011110101100000011001, 2, True, 0.004
node, origami data, Induced Errors, decoded stream, original_origami, error_count, success, decoding time
1, 01011100111100001001000100001000111101100110101100101100011011110101100000011001,[17, 18],01011100111100001111000100001000111101100110101100101100011011110101100000011001,01011100111100001111000100001000111101100110101100101100011011110101100000011001, 2, True, 0.005
node, origami data, Induced Errors, decoded stream, original_origami, error_count, success, decoding time
1, 01011100111100001010000100001000111101100110101100101100011011110101100000011001,[17, 19],01011100111100001111000100001000111101100110101100101100011011110101100000011001,01011100111100001111000100001000111101100110101100101100011011110101100000011001, 2, True, 0.004
node, origami data, Induced Errors, decoded stream, original_origami, error_count, success, decoding time
1, 01011100111100001011000000001000111101100110101100101100011011110101100000011001,[17, 23],01011100111100001111000100001000111101100110101100101100011011110101100000011001,01011100111100001111000100001000111101100110101100101100011011110101100000011001, 2, True, 0.006
node, origami data, Induced Errors, decoded stream, original_origami, error_count, success, decoding time
1, 01011100111100001011000100000000111101100110101100101100011011110101100000011001,[17, 28],01011100111100001111000100001000111101100110101100101100011011110101100000011001,01011100111100001111000100001000111101100110101100101100011011110101100000011001, 2, True, 0.004
node, origami data, Induced Errors, decoded stream, original_origami, error_count, success, decoding time
1, 01011100111100001011000100001000011101100110101100101100011011110101100000011001,[17, 32],01011100111100001111000100001000111101100110101100101100011011110101100000011001,01011100111100001111000100001000111101100110101100101100011011110101100000011001, 2, True, 0.008
node, origami data, Induced Errors, decoded stream, original_origami, error_count, success, decoding time
1, 01011100111100001011000100001000101101100110101100101100011011110101100000011001,[17, 33],01011100111100001111000100001000111101100110101100101100011011110101100000011001,01011100111100001111000100001000111101100110101100101100011011110101100000011001, 2, True, 0.003
node, origami data, Induced Errors, decoded stream, original_origami, error_count, success, decoding time
1, 01011100111100001011000100001000110101100110101100101100011011110101100000011001,[17, 34],01011100111100001111000100001000111101100110101100101100011011110101100000011001,01011100111100001111000100001000111101100110101100101100011011110101100000011001, 2, True, 0.008
node, origami data, Induced Errors, decoded stream, original_origami, error_count, success, decoding time
1, 01011100111100001011000100001000111001100110101100101100011011110101100000011001,[17, 35],01011100111100001111000100001000111101100110101100101100011011110101100000011001,01011100111100001111000100001000111101100110101100101100011011110101100000011001, 2, True, 0.004
node, origami data, Induced Errors, decoded stream, original_origami, error_count, success, decoding time
1, 01011100111100001011000100001000111100100110101100101100011011110101100000011001,[17, 37],01011100111100001111000100001000111101100110101100101100011011110101100000011001,01011100111100001111000100001000111101100110101100101100011011110101100000011001, 2, True, 0.005
node, origami data, Induced Errors, decoded stream, original_origami, error_count, success, decoding time
1, 01011100111100001011000100001000111101000110101100101100011011110101100000011001,[17, 38],01011100111100001111000100001000111101100110101100101100011011110101100000011001,01011100111100001111000100001000111101100110101100101100011011110101100000011001, 2, True, 0.002
node, origami data, Induced Errors, decoded stream, original_origami, error_count, success, decoding time
1, 01011100111100001011000100001000111101100010101100101100011011110101100000011001,[17, 41],01011100111100001111000100001000111101100110101100101100011011110101100000011001,01011100111100001111000100001000111101100110101100101100011011110101100000011001, 2, True, 0.002
node, origami data, Induced Errors, decoded stream, original_origami, error_count, success, decoding time
1, 01011100111100001011000100001000111101100100101100101100011011110101100000011001,[17, 42],01011100111100001111000100001000111101100110101100101100011011110101100000011001,01011100111100001111000100001000111101100110101100101100011011110101100000011001, 2, True, 0.005
node, origami data, Induced Errors, decoded stream, original_origami, error_count, success, decoding time
1, 01011100111100001011000100001000111101100110001100101100011011110101100000011001,[17, 44],01011100111100001111000100001000111101100110101100101100011011110101100000011001,01011100111100001111000100001000111101100110101100101100011011110101100000011001, 2, True, 0.004
node, origami data, Induced Errors, decoded stream, original_origami, error_count, success, decoding time
1, 01011100111100001011000100001000111101100110100100101100011011110101100000011001,[17, 46],01011100111100001111000100001000111101100110101100101100011011110101100000011001,01011100111100001111000100001000111101100110101100101100011011110101100000011001, 2, True, 0.004
node, origami data, Induced Errors, decoded stream, original_origami, error_count, success, decoding time
1, 01011100111100001011000100001000111101100110101000101100011011110101100000011001,[17, 47],01011100111100001111000100001000111101100110101100101100011011110101100000011001,01011100111100001111000100001000111101100110101100101100011011110101100000011001, 2, True, 0.008
node, origami data, Induced Errors, decoded stream, original_origami, error_count, success, decoding time
1, 01011100111100001011000100001000111101100110101100001100011011110101100000011001,[17, 50],01011100111100001111000100001000111101100110101100101100011011110101100000011001,01011100111100001111000100001000111101100110101100101100011011110101100000011001, 2, True, 0.008
node, origami data, Induced Errors, decoded stream, original_origami, error_count, success, decoding time
1, 01011100111100001011000100001000111101100110101100100100011011110101100000011001,[17, 52],01011100111100001111000100001000111101100110101100101100011011110101100000011001,01011100111100001111000100001000111101100110101100101100011011110101100000011001, 2, True, 0.006
node, origami data, Induced Errors, decoded stream, original_origami, error_count, success, decoding time
1, 01011100111100001011000100001000111101100110101100101000011011110101100000011001,[17, 53],01011100111100001111000100001000111101100110101100101100011011110101100000011001,01011100111100001111000100001000111101100110101100101100011011110101100000011001, 2, True, 0.007
node, origami data, Induced Errors, decoded stream, original_origami, error_count, success, decoding time
1, 01011100111100001011000100001000111101100110101100101100001011110101100000011001,[17, 57],01011100111100001111000100001000111101100110101100101100011011110101100000011001,01011100111100001111000100001000111101100110101100101100011011110101100000011001, 2, True, 0.005
node, origami data, Induced Errors, decoded stream, original_origami, error_count, success, decoding time
1, 01011100111100001011000100001000111101100110101100101100010011110101100000011001,[17, 58],01011100111100001111000100001000111101100110101100101100011011110101100000011001,01011100111100001111000100001000111101100110101100101100011011110101100000011001, 2, True, 0.004
node, origami data, Induced Errors, decoded stream, original_origami, error_count, success, decoding time
1, 01011100111100001011000100001000111101100110101100101100011001110101100000011001,[17, 60],01011100111100001111000100001000111101100110101100101100011011110101100000011001,01011100111100001111000100001000111101100110101100101100011011110101100000011001, 2, True, 0.007
node, origami data, Induced Errors, decoded stream, original_origami, error_count, success, decoding time
1, 01011100111100001011000100001000111101100110101100101100011010110101100000011001,[17, 61],01011100111100001111000100001000111101100110101100101100011011110101100000011001,01011100111100001111000100001000111101100110101100101100011011110101100000011001, 2, True, 0.004
node, origami data, Induced Errors, decoded stream, original_origami, error_count, success, decoding time
1, 01011100111100001011000100001000111101100110101100101100011011010101100000011001,[17, 62],01011100111100001111000100001000111101100110101100101100011011110101100000011001,01011100111100001111000100001000111101100110101100101100011011110101100000011001, 2, True, 0.003
node, origami data, Induced Errors, decoded stream, original_origami, error_count, success, decoding time
1, 01011100111100001011000100001000111101100110101100101100011011100101100000011001,[17, 63],01011100111100001111000100001000111101100110101100101100011011110101100000011001,01011100111100001111000100001000111101100110101100101100011011110101100000011001, 2, True, 0.002
node, origami data, Induced Errors, decoded stream, original_origami, error_count, success, decoding time
1, 01011100111100001011000100001000111101100110101100101100011011110001100000011001,[17, 65],01011100111100001111000100001000111101100110101100101100011011110101100000011001,01011100111100001111000100001000111101100110101100101100011011110101100000011001, 2, True, 0.004
node, origami data, Induced Errors, decoded stream, original_origami, error_count, success, decoding time
1, 01011100111100001011000100001000111101100110101100101100011011110100100000011001,[17, 67],01011100111100001111000100001000111101100110101100101100011011110101100000011001,01011100111100001111000100001000111101100110101100101100011011110101100000011001, 2, True, 0.003
node, origami data, Induced Errors, decoded stream, original_origami, error_count, success, decoding time
1, 01011100111100001011000100001000111101100110101100101100011011110101000000011001,[17, 68],01011100111100001111000100001000111101100110101100101100011011110101100000011001,01011100111100001111000100001000111101100110101100101100011011110101100000011001, 2, True, 0.004
node, origami data, Induced Errors, decoded stream, original_origami, error_count, success, decoding time
1, 01011100111100001011000100001000111101100110101100101100011011110101100000001001,[17, 75],01011100111100001111000100001000111101100110101100101100011011110101100000011001,01011100111100001111000100001000111101100110101100101100011011110101100000011001, 2, True, 0.005
node, origami data, Induced Errors, decoded stream, original_origami, error_count, success, decoding time
1, 01011100111100001011000100001000111101100110101100101100011011110101100000010001,[17, 76],01011100111100001111000100001000111101100110101100101100011011110101100000011001,01011100111100001111000100001000111101100110101100101100011011110101100000011001, 2, True, 0.007
node, origami data, Induced Errors, decoded stream, original_origami, error_count, success, decoding time
1, 01011100111100001011000100001000111101100110101100101100011011110101100000011000,[17, 79],01011100111100001111000100001000111101100110101100101100011011110101100000011001,01011100111100001111000100001000111101100110101100101100011011110101100000011001, 2, True, 0.003
node, origami data, Induced Errors, decoded stream, original_origami, error_count, success, decoding time
1, 01011100111100001100000100001000111101100110101100101100011011110101100000011001,[18, 19],01011100111100001111000100001000111101100110101100101100011011110101100000011001,01011100111100001111000100001000111101100110101100101100011011110101100000011001, 2, True, 0.006
node, origami data, Induced Errors, decoded stream, original_origami, error_count, success, decoding time
1, 01011100111100001101000000001000111101100110101100101100011011110101100000011001,[18, 23],01011100111100001111000100001000111101100110101100101100011011110101100000011001,01011100111100001111000100001000111101100110101100101100011011110101100000011001, 2, True, 0.003
node, origami data, Induced Errors, decoded stream, original_origami, error_count, success, decoding time
1, 01011100111100001101000100000000111101100110101100101100011011110101100000011001,[18, 28],01011100111100001111000100001000111101100110101100101100011011110101100000011001,01011100111100001111000100001000111101100110101100101100011011110101100000011001, 2, True, 0.002
node, origami data, Induced Errors, decoded stream, original_origami, error_count, success, decoding time
1, 01011100111100001101000100001000011101100110101100101100011011110101100000011001,[18, 32],01011100111100001111000100001000111101100110101100101100011011110101100000011001,01011100111100001111000100001000111101100110101100101100011011110101100000011001, 2, True, 0.004
node, origami data, Induced Errors, decoded stream, original_origami, error_count, success, decoding time
1, 01011100111100001101000100001000101101100110101100101100011011110101100000011001,[18, 33],01011100111100001111000100001000111101100110101100101100011011110101100000011001,01011100111100001111000100001000111101100110101100101100011011110101100000011001, 2, True, 0.003
node, origami data, Induced Errors, decoded stream, original_origami, error_count, success, decoding time
1, 01011100111100001101000100001000110101100110101100101100011011110101100000011001,[18, 34],01011100111100001111000100001000111101100110101100101100011011110101100000011001,01011100111100001111000100001000111101100110101100101100011011110101100000011001, 2, True, 0.006
node, origami data, Induced Errors, decoded stream, original_origami, error_count, success, decoding time
1, 01011100111100001101000100001000111001100110101100101100011011110101100000011001,[18, 35],01011100111100001111000100001000111101100110101100101100011011110101100000011001,01011100111100001111000100001000111101100110101100101100011011110101100000011001, 2, True, 0.008
node, origami data, Induced Errors, decoded stream, original_origami, error_count, success, decoding time
1, 01011100111100001101000100001000111100100110101100101100011011110101100000011001,[18, 37],01011100111100001111000100001000111101100110101100101100011011110101100000011001,01011100111100001111000100001000111101100110101100101100011011110101100000011001, 2, True, 0.006
node, origami data, Induced Errors, decoded stream, original_origami, error_count, success, decoding time
1, 01011100111100001101000100001000111101000110101100101100011011110101100000011001,[18, 38],01011100111100001111000100001000111101100110101100101100011011110101100000011001,01011100111100001111000100001000111101100110101100101100011011110101100000011001, 2, True, 0.002
node, origami data, Induced Errors, decoded stream, original_origami, error_count, success, decoding time
1, 01011100111100001101000100001000111101100010101100101100011011110101100000011001,[18, 41],01011100111100001111000100001000111101100110101100101100011011110101100000011001,01011100111100001111000100001000111101100110101100101100011011110101100000011001, 2, True, 0.002
node, origami data, Induced Errors, decoded stream, original_origami, error_count, success, decoding time
1, 01011100111100001101000100001000111101100100101100101100011011110101100000011001,[18, 42],01011100111100001111000100001000111101100110101100101100011011110101100000011001,01011100111100001111000100001000111101100110101100101100011011110101100000011001, 2, True, 0.006
node, origami data, Induced Errors, decoded stream, original_origami, error_count, success, decoding time
1, 01011100111100001101000100001000111101100110001100101100011011110101100000011001,[18, 44],01011100111100001111000100001000111101100110101100101100011011110101100000011001,01011100111100001111000100001000111101100110101100101100011011110101100000011001, 2, True, 0.006
node, origami data, Induced Errors, decoded stream, original_origami, error_count, success, decoding time
1, 01011100111100001101000100001000111101100110100100101100011011110101100000011001,[18, 46],01011100111100001111000100001000111101100110101100101100011011110101100000011001,01011100111100001111000100001000111101100110101100101100011011110101100000011001, 2, True, 0.003
node, origami data, Induced Errors, decoded stream, original_origami, error_count, success, decoding time
1, 01011100111100001101000100001000111101100110101000101100011011110101100000011001,[18, 47],01011100111100001111000100001000111101100110101100101100011011110101100000011001,01011100111100001111000100001000111101100110101100101100011011110101100000011001, 2, True, 0.004
node, origami data, Induced Errors, decoded stream, original_origami, error_count, success, decoding time
1, 01011100111100001101000100001000111101100110101100001100011011110101100000011001,[18, 50],01011100111100001111000100001000111101100110101100101100011011110101100000011001,01011100111100001111000100001000111101100110101100101100011011110101100000011001, 2, True, 0.006
node, origami data, Induced Errors, decoded stream, original_origami, error_count, success, decoding time
1, 01011100111100001101000100001000111101100110101100100100011011110101100000011001,[18, 52],01011100111100001111000100001000111101100110101100101100011011110101100000011001,01011100111100001111000100001000111101100110101100101100011011110101100000011001, 2, True, 0.008
node, origami data, Induced Errors, decoded stream, original_origami, error_count, success, decoding time
1, 01011100111100001101000100001000111101100110101100101000011011110101100000011001,[18, 53],01011100111100001111000100001000111101100110101100101100011011110101100000011001,01011100111100001111000100001000111101100110101100101100011011110101100000011001, 2, True, 0.008
node, origami data, Induced Errors, decoded stream, original_origami, error_count, success, decoding time
1, 01011100111100001101000100001000111101100110101100101100001011110101100000011001,[18, 57],01011100111100001111000100001000111101100110101100101100011011110101100000011001,01011100111100001111000100001000111101100110101100101100011011110101100000011001, 2, True, 0.005
node, origami data, Induced Errors, decoded stream, original_origami, error_count, success, decoding time
1, 01011100111100001101000100001000111101100110101100101100010011110101100000011001,[18, 58],01011100111100001111000100001000111101100110101100101100011011110101100000011001,01011100111100001111000100001000111101100110101100101100011011110101100000011001, 2, True, 0.004
node, origami data, Induced Errors, decoded stream, original_origami, error_count, success, decoding time
1, 01011100111100001101000100001000111101100110101100101100011001110101100000011001,[18, 60],01011100111100001111000100001000111101100110101100101100011011110101100000011001,01011100111100001111000100001000111101100110101100101100011011110101100000011001, 2, True, 0.009
node, origami data, Induced Errors, decoded stream, original_origami, error_count, success, decoding time
1, 01011100111100001101000100001000111101100110101100101100011010110101100000011001,[18, 61],01011100111100001111000100001000111101100110101100101100011011110101100000011001,01011100111100001111000100001000111101100110101100101100011011110101100000011001, 2, True, 0.003
node, origami data, Induced Errors, decoded stream, original_origami, error_count, success, decoding time
1, 01011100111100001101000100001000111101100110101100101100011011010101100000011001,[18, 62],01011100111100001111000100001000111101100110101100101100011011110101100000011001,01011100111100001111000100001000111101100110101100101100011011110101100000011001, 2, True, 0.004
node, origami data, Induced Errors, decoded stream, original_origami, error_count, success, decoding time
1, 01011100111100001101000100001000111101100110101100101100011011100101100000011001,[18, 63],01011100111100001111000100001000111101100110101100101100011011110101100000011001,01011100111100001111000100001000111101100110101100101100011011110101100000011001, 2, True, 0.002
node, origami data, Induced Errors, decoded stream, original_origami, error_count, success, decoding time
1, 01011100111100001101000100001000111101100110101100101100011011110001100000011001,[18, 65],01011100111100001111000100001000111101100110101100101100011011110101100000011001,01011100111100001111000100001000111101100110101100101100011011110101100000011001, 2, True, 0.003
node, origami data, Induced Errors, decoded stream, original_origami, error_count, success, decoding time
1, 01011100111100001101000100001000111101100110101100101100011011110100100000011001,[18, 67],01011100111100001111000100001000111101100110101100101100011011110101100000011001,01011100111100001111000100001000111101100110101100101100011011110101100000011001, 2, True, 0.004
node, origami data, Induced Errors, decoded stream, original_origami, error_count, success, decoding time
1, 01011100111100001101000100001000111101100110101100101100011011110101000000011001,[18, 68],01011100111100001111000100001000111101100110101100101100011011110101100000011001,01011100111100001111000100001000111101100110101100101100011011110101100000011001, 2, True, 0.004
node, origami data, Induced Errors, decoded stream, original_origami, error_count, success, decoding time
1, 01011100111100001101000100001000111101100110101100101100011011110101100000001001,[18, 75],01011100111100001111000100001000111101100110101100101100011011110101100000011001,01011100111100001111000100001000111101100110101100101100011011110101100000011001, 2, True, 0.003
node, origami data, Induced Errors, decoded stream, original_origami, error_count, success, decoding time
1, 01011100111100001101000100001000111101100110101100101100011011110101100000010001,[18, 76],01011100111100001111000100001000111101100110101100101100011011110101100000011001,01011100111100001111000100001000111101100110101100101100011011110101100000011001, 2, True, 0.009
node, origami data, Induced Errors, decoded stream, original_origami, error_count, success, decoding time
1, 01011100111100001101000100001000111101100110101100101100011011110101100000011000,[18, 79],01011100111100001111000100001000111101100110101100101100011011110101100000011001,01011100111100001111000100001000111101100110101100101100011011110101100000011001, 2, True, 0.008
node, origami data, Induced Errors, decoded stream, original_origami, error_count, success, decoding time
1, 01011100111100001110000000001000111101100110101100101100011011110101100000011001,[19, 23],01011100111100001111000100001000111101100110101100101100011011110101100000011001,01011100111100001111000100001000111101100110101100101100011011110101100000011001, 2, True, 0.004
node, origami data, Induced Errors, decoded stream, original_origami, error_count, success, decoding time
1, 01011100111100001110000100000000111101100110101100101100011011110101100000011001,[19, 28],01011100111100001111000100001000111101100110101100101100011011110101100000011001,01011100111100001111000100001000111101100110101100101100011011110101100000011001, 2, True, 0.003
node, origami data, Induced Errors, decoded stream, original_origami, error_count, success, decoding time
1, 01011100111100001110000100001000011101100110101100101100011011110101100000011001,[19, 32],01011100111100001111000100001000111101100110101100101100011011110101100000011001,01011100111100001111000100001000111101100110101100101100011011110101100000011001, 2, True, 0.009
node, origami data, Induced Errors, decoded stream, original_origami, error_count, success, decoding time
1, 01011100111100001110000100001000101101100110101100101100011011110101100000011001,[19, 33],01011100111100001111000100001000111101100110101100101100011011110101100000011001,01011100111100001111000100001000111101100110101100101100011011110101100000011001, 2, True, 0.007
node, origami data, Induced Errors, decoded stream, original_origami, error_count, success, decoding time
1, 01011100111100001110000100001000110101100110101100101100011011110101100000011001,[19, 34],01011100111100001111000100001000111101100110101100101100011011110101100000011001,01011100111100001111000100001000111101100110101100101100011011110101100000011001, 2, True, 1.104
node, origami data, Induced Errors, decoded stream, original_origami, error_count, success, decoding time
1, 01011100111100001110000100001000111001100110101100101100011011110101100000011001,[19, 35],01011100111100001111000100001000111101100110101100101100011011110101100000011001,01011100111100001111000100001000111101100110101100101100011011110101100000011001, 2, True, 0.006
node, origami data, Induced Errors, decoded stream, original_origami, error_count, success, decoding time
1, 01011100111100001110000100001000111100100110101100101100011011110101100000011001,[19, 37],01011100111100001111000100001000111101100110101100101100011011110101100000011001,01011100111100001111000100001000111101100110101100101100011011110101100000011001, 2, True, 0.006
node, origami data, Induced Errors, decoded stream, original_origami, error_count, success, decoding time
1, 01011100111100001110000100001000111101000110101100101100011011110101100000011001,[19, 38],01011100111100001111000100001000111101100110101100101100011011110101100000011001,01011100111100001111000100001000111101100110101100101100011011110101100000011001, 2, True, 0.006
node, origami data, Induced Errors, decoded stream, original_origami, error_count, success, decoding time
1, 01011100111100001110000100001000111101100010101100101100011011110101100000011001,[19, 41],01011100111100001111000100001000111101100110101100101100011011110101100000011001,01011100111100001111000100001000111101100110101100101100011011110101100000011001, 2, True, 0.004
node, origami data, Induced Errors, decoded stream, original_origami, error_count, success, decoding time
1, 01011100111100001110000100001000111101100100101100101100011011110101100000011001,[19, 42],01011100111100001111000100001000111101100110101100101100011011110101100000011001,01011100111100001111000100001000111101100110101100101100011011110101100000011001, 2, True, 0.008
node, origami data, Induced Errors, decoded stream, original_origami, error_count, success, decoding time
1, 01011100111100001110000100001000111101100110001100101100011011110101100000011001,[19, 44],01011100111100001111000100001000111101100110101100101100011011110101100000011001,01011100111100001111000100001000111101100110101100101100011011110101100000011001, 2, True, 0.005
node, origami data, Induced Errors, decoded stream, original_origami, error_count, success, decoding time
1, 01011100111100001110000100001000111101100110100100101100011011110101100000011001,[19, 46],01011100111100001111000100001000111101100110101100101100011011110101100000011001,01011100111100001111000100001000111101100110101100101100011011110101100000011001, 2, True, 0.551
node, origami data, Induced Errors, decoded stream, original_origami, error_count, success, decoding time
1, 01011100111100001110000100001000111101100110101000101100011011110101100000011001,[19, 47],01011100111100001111000100001000111101100110101100101100011011110101100000011001,01011100111100001111000100001000111101100110101100101100011011110101100000011001, 2, True, 0.011
node, origami data, Induced Errors, decoded stream, original_origami, error_count, success, decoding time
1, 01011100111100001110000100001000111101100110101100001100011011110101100000011001,[19, 50],01011100111100001111000100001000111101100110101100101100011011110101100000011001,01011100111100001111000100001000111101100110101100101100011011110101100000011001, 2, True, 0.011
node, origami data, Induced Errors, decoded stream, original_origami, error_count, success, decoding time
1, 01011100111100001110000100001000111101100110101100100100011011110101100000011001,[19, 52],01011100111100001111000100001000111101100110101100101100011011110101100000011001,01011100111100001111000100001000111101100110101100101100011011110101100000011001, 2, True, 0.011
node, origami data, Induced Errors, decoded stream, original_origami, error_count, success, decoding time
1, 01011100111100001110000100001000111101100110101100101000011011110101100000011001,[19, 53],01011100111100001111000100001000111101100110101100101100011011110101100000011001,01011100111100001111000100001000111101100110101100101100011011110101100000011001, 2, True, 0.005
node, origami data, Induced Errors, decoded stream, original_origami, error_count, success, decoding time
1, 01011100111100001110000100001000111101100110101100101100001011110101100000011001,[19, 57],01011100111100001111000100001000111101100110101100101100011011110101100000011001,01011100111100001111000100001000111101100110101100101100011011110101100000011001, 2, True, 0.172
node, origami data, Induced Errors, decoded stream, original_origami, error_count, success, decoding time
1, 01011100111100001110000100001000111101100110101100101100010011110101100000011001,[19, 58],01011100111100001111000100001000111101100110101100101100011011110101100000011001,01011100111100001111000100001000111101100110101100101100011011110101100000011001, 2, True, 0.005
node, origami data, Induced Errors, decoded stream, original_origami, error_count, success, decoding time
1, 01011100111100001110000100001000111101100110101100101100011001110101100000011001,[19, 60],01011100111100001111000100001000111101100110101100101100011011110101100000011001,01011100111100001111000100001000111101100110101100101100011011110101100000011001, 2, True, 0.012
node, origami data, Induced Errors, decoded stream, original_origami, error_count, success, decoding time
1, 01011100111100001110000100001000111101100110101100101100011010110101100000011001,[19, 61],01011100111100001111000100001000111101100110101100101100011011110101100000011001,01011100111100001111000100001000111101100110101100101100011011110101100000011001, 2, True, 0.003
node, origami data, Induced Errors, decoded stream, original_origami, error_count, success, decoding time
1, 01011100111100001110000100001000111101100110101100101100011011010101100000011001,[19, 62],01011100111100001111000100001000111101100110101100101100011011110101100000011001,01011100111100001111000100001000111101100110101100101100011011110101100000011001, 2, True, 0.003
node, origami data, Induced Errors, decoded stream, original_origami, error_count, success, decoding time
1, 01011100111100001110000100001000111101100110101100101100011011100101100000011001,[19, 63],01011100111100001111000100001000111101100110101100101100011011110101100000011001,01011100111100001111000100001000111101100110101100101100011011110101100000011001, 2, True, 0.003
node, origami data, Induced Errors, decoded stream, original_origami, error_count, success, decoding time
1, 01011100111100001110000100001000111101100110101100101100011011110001100000011001,[19, 65],01011100111100001111000100001000111101100110101100101100011011110101100000011001,01011100111100001111000100001000111101100110101100101100011011110101100000011001, 2, True, 0.008
node, origami data, Induced Errors, decoded stream, original_origami, error_count, success, decoding time
1, 01011100111100001110000100001000111101100110101100101100011011110100100000011001,[19, 67],01011100111100001111000100001000111101100110101100101100011011110101100000011001,01011100111100001111000100001000111101100110101100101100011011110101100000011001, 2, True, 0.006
node, origami data, Induced Errors, decoded stream, original_origami, error_count, success, decoding time
1, 01011100111100001110000100001000111101100110101100101100011011110101000000011001,[19, 68],01011100111100001111000100001000111101100110101100101100011011110101100000011001,01011100111100001111000100001000111101100110101100101100011011110101100000011001, 2, True, 0.011
node, origami data, Induced Errors, decoded stream, original_origami, error_count, success, decoding time
1, 01011100111100001110000100001000111101100110101100101100011011110101100000001001,[19, 75],01011100111100001111000100001000111101100110101100101100011011110101100000011001,01011100111100001111000100001000111101100110101100101100011011110101100000011001, 2, True, 0.007
node, origami data, Induced Errors, decoded stream, original_origami, error_count, success, decoding time
1, 01011100111100001110000100001000111101100110101100101100011011110101100000010001,[19, 76],01011100111100001111000100001000111101100110101100101100011011110101100000011001,01011100111100001111000100001000111101100110101100101100011011110101100000011001, 2, True, 0.01
node, origami data, Induced Errors, decoded stream, original_origami, error_count, success, decoding time
1, 01011100111100001110000100001000111101100110101100101100011011110101100000011000,[19, 79],01011100111100001111000100001000111101100110101100101100011011110101100000011001,01011100111100001111000100001000111101100110101100101100011011110101100000011001, 2, True, 0.007
node, origami data, Induced Errors, decoded stream, original_origami, error_count, success, decoding time
1, 01011100111100001111000000000000111101100110101100101100011011110101100000011001,[23, 28],01011100111100001111000100001000111101100110101100101100011011110101100000011001,01011100111100001111000100001000111101100110101100101100011011110101100000011001, 2, True, 0.006
node, origami data, Induced Errors, decoded stream, original_origami, error_count, success, decoding time
1, 01011100111100001111000000001000011101100110101100101100011011110101100000011001,[23, 32],01011100111100001111000100001000111101100110101100101100011011110101100000011001,01011100111100001111000100001000111101100110101100101100011011110101100000011001, 2, True, 0.007
node, origami data, Induced Errors, decoded stream, original_origami, error_count, success, decoding time
1, 01011100111100001111000000001000101101100110101100101100011011110101100000011001,[23, 33],01011100111100001111000100001000111101100110101100101100011011110101100000011001,01011100111100001111000100001000111101100110101100101100011011110101100000011001, 2, True, 0.161
node, origami data, Induced Errors, decoded stream, original_origami, error_count, success, decoding time
1, 01011100111100001111000000001000110101100110101100101100011011110101100000011001,[23, 34],01011100111100001111000100001000111101100110101100101100011011110101100000011001,01011100111100001111000100001000111101100110101100101100011011110101100000011001, 2, True, 0.004
node, origami data, Induced Errors, decoded stream, original_origami, error_count, success, decoding time
1, 01011100111100001111000000001000111001100110101100101100011011110101100000011001,[23, 35],01011100111100001111000100001000111101100110101100101100011011110101100000011001,01011100111100001111000100001000111101100110101100101100011011110101100000011001, 2, True, 0.006
node, origami data, Induced Errors, decoded stream, original_origami, error_count, success, decoding time
1, 01011100111100001111000000001000111100100110101100101100011011110101100000011001,[23, 37],01011100111100001111000100001000111101100110101100101100011011110101100000011001,01011100111100001111000100001000111101100110101100101100011011110101100000011001, 2, True, 0.009
node, origami data, Induced Errors, decoded stream, original_origami, error_count, success, decoding time
1, 01011100111100001111000000001000111101000110101100101100011011110101100000011001,[23, 38],01011100111100001111000100001000111101100110101100101100011011110101100000011001,01011100111100001111000100001000111101100110101100101100011011110101100000011001, 2, True, 0.007
node, origami data, Induced Errors, decoded stream, original_origami, error_count, success, decoding time
1, 01011100111100001111000000001000111101100010101100101100011011110101100000011001,[23, 41],01011100111100001111000100001000111101100110101100101100011011110101100000011001,01011100111100001111000100001000111101100110101100101100011011110101100000011001, 2, True, 0.003
node, origami data, Induced Errors, decoded stream, original_origami, error_count, success, decoding time
1, 01011100111100001111000000001000111101100100101100101100011011110101100000011001,[23, 42],01011100111100001111000100001000111101100110101100101100011011110101100000011001,01011100111100001111000100001000111101100110101100101100011011110101100000011001, 2, True, 0.006
node, origami data, Induced Errors, decoded stream, original_origami, error_count, success, decoding time
1, 01011100111100001111000000001000111101100110001100101100011011110101100000011001,[23, 44],01011100111100001111000100001000111101100110101100101100011011110101100000011001,01011100111100001111000100001000111101100110101100101100011011110101100000011001, 2, True, 0.012
node, origami data, Induced Errors, decoded stream, original_origami, error_count, success, decoding time
1, 01011100111100001111000000001000111101100110100100101100011011110101100000011001,[23, 46],01011100111100001111000100001000111101100110101100101100011011110101100000011001,01011100111100001111000100001000111101100110101100101100011011110101100000011001, 2, True, 0.009
node, origami data, Induced Errors, decoded stream, original_origami, error_count, success, decoding time
1, 01011100111100001111000000001000111101100110101000101100011011110101100000011001,[23, 47],01011100111100001111000100001000111101100110101100101100011011110101100000011001,01011100111100001111000100001000111101100110101100101100011011110101100000011001, 2, True, 0.008
node, origami data, Induced Errors, decoded stream, original_origami, error_count, success, decoding time
1, 01011100111100001111000000001000111101100110101100001100011011110101100000011001,[23, 50],01011100111100001111000100001000111101100110101100101100011011110101100000011001,01011100111100001111000100001000111101100110101100101100011011110101100000011001, 2, True, 0.006
node, origami data, Induced Errors, decoded stream, original_origami, error_count, success, decoding time
1, 01011100111100001111000000001000111101100110101100100100011011110101100000011001,[23, 52],01011100111100001111000100001000111101100110101100101100011011110101100000011001,01011100111100001111000100001000111101100110101100101100011011110101100000011001, 2, True, 0.011
node, origami data, Induced Errors, decoded stream, original_origami, error_count, success, decoding time
1, 01011100111100001111000000001000111101100110101100101000011011110101100000011001,[23, 53],01011100111100001111000100001000111101100110101100101100011011110101100000011001,01011100111100001111000100001000111101100110101100101100011011110101100000011001, 2, True, 0.004
node, origami data, Induced Errors, decoded stream, original_origami, error_count, success, decoding time
1, 01011100111100001111000000001000111101100110101100101100001011110101100000011001,[23, 57],01011100111100001111000100001000111101100110101100101100011011110101100000011001,01011100111100001111000100001000111101100110101100101100011011110101100000011001, 2, True, 0.004
node, origami data, Induced Errors, decoded stream, original_origami, error_count, success, decoding time
1, 01011100111100001111000000001000111101100110101100101100010011110101100000011001,[23, 58],01011100111100001111000100001000111101100110101100101100011011110101100000011001,01011100111100001111000100001000111101100110101100101100011011110101100000011001, 2, True, 0.005
node, origami data, Induced Errors, decoded stream, original_origami, error_count, success, decoding time
1, 01011100111100001111000000001000111101100110101100101100011001110101100000011001,[23, 60],01011100111100001111000100001000111101100110101100101100011011110101100000011001,01011100111100001111000100001000111101100110101100101100011011110101100000011001, 2, True, 0.008
node, origami data, Induced Errors, decoded stream, original_origami, error_count, success, decoding time
1, 01011100111100001111000000001000111101100110101100101100011010110101100000011001,[23, 61],01011100111100001111000100001000111101100110101100101100011011110101100000011001,01011100111100001111000100001000111101100110101100101100011011110101100000011001, 2, True, 0.003
node, origami data, Induced Errors, decoded stream, original_origami, error_count, success, decoding time
1, 01011100111100001111000000001000111101100110101100101100011011010101100000011001,[23, 62],01011100111100001111000100001000111101100110101100101100011011110101100000011001,01011100111100001111000100001000111101100110101100101100011011110101100000011001, 2, True, 0.006
node, origami data, Induced Errors, decoded stream, original_origami, error_count, success, decoding time
1, 01011100111100001111000000001000111101100110101100101100011011100101100000011001,[23, 63],01011100111100001111000100001000111101100110101100101100011011110101100000011001,01011100111100001111000100001000111101100110101100101100011011110101100000011001, 2, True, 0.006
node, origami data, Induced Errors, decoded stream, original_origami, error_count, success, decoding time
1, 01011100111100001111000000001000111101100110101100101100011011110001100000011001,[23, 65],01011100111100001111000100001000111101100110101100101100011011110101100000011001,01011100111100001111000100001000111101100110101100101100011011110101100000011001, 2, True, 0.003
node, origami data, Induced Errors, decoded stream, original_origami, error_count, success, decoding time
1, 01011100111100001111000000001000111101100110101100101100011011110100100000011001,[23, 67],01011100111100001111000100001000111101100110101100101100011011110101100000011001,01011100111100001111000100001000111101100110101100101100011011110101100000011001, 2, True, 0.005
node, origami data, Induced Errors, decoded stream, original_origami, error_count, success, decoding time
1, 01011100111100001111000000001000111101100110101100101100011011110101000000011001,[23, 68],01011100111100001111000100001000111101100110101100101100011011110101100000011001,01011100111100001111000100001000111101100110101100101100011011110101100000011001, 2, True, 0.003
node, origami data, Induced Errors, decoded stream, original_origami, error_count, success, decoding time
1, 01011100111100001111000000001000111101100110101100101100011011110101100000001001,[23, 75],01011100111100001111000100001000111101100110101100101100011011110101100000011001,01011100111100001111000100001000111101100110101100101100011011110101100000011001, 2, True, 0.004
node, origami data, Induced Errors, decoded stream, original_origami, error_count, success, decoding time
1, 01011100111100001111000000001000111101100110101100101100011011110101100000010001,[23, 76],01011100111100001111000100001000111101100110101100101100011011110101100000011001,01011100111100001111000100001000111101100110101100101100011011110101100000011001, 2, True, 0.004
node, origami data, Induced Errors, decoded stream, original_origami, error_count, success, decoding time
1, 01011100111100001111000000001000111101100110101100101100011011110101100000011000,[23, 79],01011100111100001111000100001000111101100110101100101100011011110101100000011001,01011100111100001111000100001000111101100110101100101100011011110101100000011001, 2, True, 0.009
node, origami data, Induced Errors, decoded stream, original_origami, error_count, success, decoding time
1, 01011100111100001111000100000000011101100110101100101100011011110101100000011001,[28, 32],01011100111100001111000100001000111101100110101100101100011011110101100000011001,01011100111100001111000100001000111101100110101100101100011011110101100000011001, 2, True, 0.005
node, origami data, Induced Errors, decoded stream, original_origami, error_count, success, decoding time
1, 01011100111100001111000100000000101101100110101100101100011011110101100000011001,[28, 33],01011100111100001111000100001000111101100110101100101100011011110101100000011001,01011100111100001111000100001000111101100110101100101100011011110101100000011001, 2, True, 0.004
node, origami data, Induced Errors, decoded stream, original_origami, error_count, success, decoding time
1, 01011100111100001111000100000000110101100110101100101100011011110101100000011001,[28, 34],01011100111100001111000100001000111101100110101100101100011011110101100000011001,01011100111100001111000100001000111101100110101100101100011011110101100000011001, 2, True, 0.006
node, origami data, Induced Errors, decoded stream, original_origami, error_count, success, decoding time
1, 01011100111100001111000100000000111001100110101100101100011011110101100000011001,[28, 35],01011100111100001111000100001000111101100110101100101100011011110101100000011001,01011100111100001111000100001000111101100110101100101100011011110101100000011001, 2, True, 0.006
node, origami data, Induced Errors, decoded stream, original_origami, error_count, success, decoding time
1, 01011100111100001111000100000000111100100110101100101100011011110101100000011001,[28, 37],01011100111100001111000100001000111101100110101100101100011011110101100000011001,01011100111100001111000100001000111101100110101100101100011011110101100000011001, 2, True, 0.004
node, origami data, Induced Errors, decoded stream, original_origami, error_count, success, decoding time
1, 01011100111100001111000100000000111101000110101100101100011011110101100000011001,[28, 38],01011100111100001111000100001000111101100110101100101100011011110101100000011001,01011100111100001111000100001000111101100110101100101100011011110101100000011001, 2, True, 0.004
node, origami data, Induced Errors, decoded stream, original_origami, error_count, success, decoding time
1, 01011100111100001111000100000000111101100010101100101100011011110101100000011001,[28, 41],01011100111100001111000100001000111101100110101100101100011011110101100000011001,01011100111100001111000100001000111101100110101100101100011011110101100000011001, 2, True, 0.003
node, origami data, Induced Errors, decoded stream, original_origami, error_count, success, decoding time
1, 01011100111100001111000100000000111101100100101100101100011011110101100000011001,[28, 42],01011100111100001111000100001000111101100110101100101100011011110101100000011001,01011100111100001111000100001000111101100110101100101100011011110101100000011001, 2, True, 0.008
node, origami data, Induced Errors, decoded stream, original_origami, error_count, success, decoding time
1, 01011100111100001111000100000000111101100110001100101100011011110101100000011001,[28, 44],01011100111100001111000100001000111101100110101100101100011011110101100000011001,01011100111100001111000100001000111101100110101100101100011011110101100000011001, 2, True, 0.004
node, origami data, Induced Errors, decoded stream, original_origami, error_count, success, decoding time
1, 01011100111100001111000100000000111101100110100100101100011011110101100000011001,[28, 46],01011100111100001111000100001000111101100110101100101100011011110101100000011001,01011100111100001111000100001000111101100110101100101100011011110101100000011001, 2, True, 0.007
node, origami data, Induced Errors, decoded stream, original_origami, error_count, success, decoding time
1, 01011100111100001111000100000000111101100110101000101100011011110101100000011001,[28, 47],01011100111100001111000100001000111101100110101100101100011011110101100000011001,01011100111100001111000100001000111101100110101100101100011011110101100000011001, 2, True, 0.005
node, origami data, Induced Errors, decoded stream, original_origami, error_count, success, decoding time
1, 01011100111100001111000100000000111101100110101100001100011011110101100000011001,[28, 50],01011100111100001111000100001000111101100110101100101100011011110101100000011001,01011100111100001111000100001000111101100110101100101100011011110101100000011001, 2, True, 0.004
node, origami data, Induced Errors, decoded stream, original_origami, error_count, success, decoding time
1, 01011100111100001111000100000000111101100110101100100100011011110101100000011001,[28, 52],01011100111100001111000100001000111101100110101100101100011011110101100000011001,01011100111100001111000100001000111101100110101100101100011011110101100000011001, 2, True, 0.005
node, origami data, Induced Errors, decoded stream, original_origami, error_count, success, decoding time
1, 01011100111100001111000100000000111101100110101100101000011011110101100000011001,[28, 53],01011100111100001111000100001000111101100110101100101100011011110101100000011001,01011100111100001111000100001000111101100110101100101100011011110101100000011001, 2, True, 0.009
node, origami data, Induced Errors, decoded stream, original_origami, error_count, success, decoding time
1, 01011100111100001111000100000000111101100110101100101100001011110101100000011001,[28, 57],01011100111100001111000100001000111101100110101100101100011011110101100000011001,01011100111100001111000100001000111101100110101100101100011011110101100000011001, 2, True, 0.006
node, origami data, Induced Errors, decoded stream, original_origami, error_count, success, decoding time
1, 01011100111100001111000100000000111101100110101100101100010011110101100000011001,[28, 58],01011100111100001111000100001000111101100110101100101100011011110101100000011001,01011100111100001111000100001000111101100110101100101100011011110101100000011001, 2, True, 0.003
node, origami data, Induced Errors, decoded stream, original_origami, error_count, success, decoding time
1, 01011100111100001111000100000000111101100110101100101100011001110101100000011001,[28, 60],01011100111100001111000100001000111101100110101100101100011011110101100000011001,01011100111100001111000100001000111101100110101100101100011011110101100000011001, 2, True, 0.006
node, origami data, Induced Errors, decoded stream, original_origami, error_count, success, decoding time
1, 01011100111100001111000100000000111101100110101100101100011010110101100000011001,[28, 61],01011100111100001111000100001000111101100110101100101100011011110101100000011001,01011100111100001111000100001000111101100110101100101100011011110101100000011001, 2, True, 0.004
node, origami data, Induced Errors, decoded stream, original_origami, error_count, success, decoding time
1, 01011100111100001111000100000000111101100110101100101100011011010101100000011001,[28, 62],01011100111100001111000100001000111101100110101100101100011011110101100000011001,01011100111100001111000100001000111101100110101100101100011011110101100000011001, 2, True, 0.002
node, origami data, Induced Errors, decoded stream, original_origami, error_count, success, decoding time
1, 01011100111100001111000100000000111101100110101100101100011011100101100000011001,[28, 63],01011100111100001111000100001000111101100110101100101100011011110101100000011001,01011100111100001111000100001000111101100110101100101100011011110101100000011001, 2, True, 0.002
node, origami data, Induced Errors, decoded stream, original_origami, error_count, success, decoding time
1, 01011100111100001111000100000000111101100110101100101100011011110001100000011001,[28, 65],01011100111100001111000100001000111101100110101100101100011011110101100000011001,01011100111100001111000100001000111101100110101100101100011011110101100000011001, 2, True, 0.004
node, origami data, Induced Errors, decoded stream, original_origami, error_count, success, decoding time
1, 01011100111100001111000100000000111101100110101100101100011011110100100000011001,[28, 67],01011100111100001111000100001000111101100110101100101100011011110101100000011001,01011100111100001111000100001000111101100110101100101100011011110101100000011001, 2, True, 0.004
node, origami data, Induced Errors, decoded stream, original_origami, error_count, success, decoding time
1, 01011100111100001111000100000000111101100110101100101100011011110101000000011001,[28, 68],01011100111100001111000100001000111101100110101100101100011011110101100000011001,01011100111100001111000100001000111101100110101100101100011011110101100000011001, 2, True, 0.003
node, origami data, Induced Errors, decoded stream, original_origami, error_count, success, decoding time
1, 01011100111100001111000100000000111101100110101100101100011011110101100000001001,[28, 75],01011100111100001111000100001000111101100110101100101100011011110101100000011001,01011100111100001111000100001000111101100110101100101100011011110101100000011001, 2, True, 0.005
node, origami data, Induced Errors, decoded stream, original_origami, error_count, success, decoding time
1, 01011100111100001111000100000000111101100110101100101100011011110101100000010001,[28, 76],01011100111100001111000100001000111101100110101100101100011011110101100000011001,01011100111100001111000100001000111101100110101100101100011011110101100000011001, 2, True, 0.007
node, origami data, Induced Errors, decoded stream, original_origami, error_count, success, decoding time
1, 01011100111100001111000100000000111101100110101100101100011011110101100000011000,[28, 79],01011100111100001111000100001000111101100110101100101100011011110101100000011001,01011100111100001111000100001000111101100110101100101100011011110101100000011001, 2, True, 0.003
node, origami data, Induced Errors, decoded stream, original_origami, error_count, success, decoding time
1, 01011100111100001111000100001000001101100110101100101100011011110101100000011001,[32, 33],01011100111100001111000100001000111101100110101100101100011011110101100000011001,01011100111100001111000100001000111101100110101100101100011011110101100000011001, 2, True, 0.004
node, origami data, Induced Errors, decoded stream, original_origami, error_count, success, decoding time
1, 01011100111100001111000100001000010101100110101100101100011011110101100000011001,[32, 34],01011100111100001111000100001000111101100110101100101100011011110101100000011001,01011100111100001111000100001000111101100110101100101100011011110101100000011001, 2, True, 0.009
node, origami data, Induced Errors, decoded stream, original_origami, error_count, success, decoding time
1, 01011100111100001111000100001000011001100110101100101100011011110101100000011001,[32, 35],01011100111100001111000100001000111101100110101100101100011011110101100000011001,01011100111100001111000100001000111101100110101100101100011011110101100000011001, 2, True, 0.369
node, origami data, Induced Errors, decoded stream, original_origami, error_count, success, decoding time
1, 01011100111100001111000100001000011100100110101100101100011011110101100000011001,[32, 37],01011100111100001111000100001000111101100110101100101100011011110101100000011001,01011100111100001111000100001000111101100110101100101100011011110101100000011001, 2, True, 0.006
node, origami data, Induced Errors, decoded stream, original_origami, error_count, success, decoding time
1, 01011100111100001111000100001000011101000110101100101100011011110101100000011001,[32, 38],01011100111100001111000100001000111101100110101100101100011011110101100000011001,01011100111100001111000100001000111101100110101100101100011011110101100000011001, 2, True, 0.004
node, origami data, Induced Errors, decoded stream, original_origami, error_count, success, decoding time
1, 01011100111100001111000100001000011101100010101100101100011011110101100000011001,[32, 41],01011100111100001111000100001000111101100110101100101100011011110101100000011001,01011100111100001111000100001000111101100110101100101100011011110101100000011001, 2, True, 0.006
node, origami data, Induced Errors, decoded stream, original_origami, error_count, success, decoding time
1, 01011100111100001111000100001000011101100100101100101100011011110101100000011001,[32, 42],01011100111100001111000100001000111101100110101100101100011011110101100000011001,01011100111100001111000100001000111101100110101100101100011011110101100000011001, 2, True, 0.526
node, origami data, Induced Errors, decoded stream, original_origami, error_count, success, decoding time
1, 01011100111100001111000100001000011101100110001100101100011011110101100000011001,[32, 44],01011100111100001111000100001000111101100110101100101100011011110101100000011001,01011100111100001111000100001000111101100110101100101100011011110101100000011001, 2, True, 0.008
node, origami data, Induced Errors, decoded stream, original_origami, error_count, success, decoding time
1, 01011100111100001111000100001000011101100110100100101100011011110101100000011001,[32, 46],01011100111100001111000100001000111101100110101100101100011011110101100000011001,01011100111100001111000100001000111101100110101100101100011011110101100000011001, 2, True, 0.004
node, origami data, Induced Errors, decoded stream, original_origami, error_count, success, decoding time
1, 01011100111100001111000100001000011101100110101000101100011011110101100000011001,[32, 47],01011100111100001111000100001000111101100110101100101100011011110101100000011001,01011100111100001111000100001000111101100110101100101100011011110101100000011001, 2, True, 0.011
node, origami data, Induced Errors, decoded stream, original_origami, error_count, success, decoding time
1, 01011100111100001111000100001000011101100110101100001100011011110101100000011001,[32, 50],01011100111100001111000100001000111101100110101100101100011011110101100000011001,01011100111100001111000100001000111101100110101100101100011011110101100000011001, 2, True, 0.005
node, origami data, Induced Errors, decoded stream, original_origami, error_count, success, decoding time
1, 01011100111100001111000100001000011101100110101100100100011011110101100000011001,[32, 52],01011100111100001111000100001000111101100110101100101100011011110101100000011001,01011100111100001111000100001000111101100110101100101100011011110101100000011001, 2, True, 0.3
node, origami data, Induced Errors, decoded stream, original_origami, error_count, success, decoding time
1, 01011100111100001111000100001000011101100110101100101000011011110101100000011001,[32, 53],01011100111100001111000100001000111101100110101100101100011011110101100000011001,01011100111100001111000100001000111101100110101100101100011011110101100000011001, 2, True, 0.01
node, origami data, Induced Errors, decoded stream, original_origami, error_count, success, decoding time
1, 01011100111100001111000100001000011101100110101100101100001011110101100000011001,[32, 57],01011100111100001111000100001000111101100110101100101100011011110101100000011001,01011100111100001111000100001000111101100110101100101100011011110101100000011001, 2, True, 0.006
node, origami data, Induced Errors, decoded stream, original_origami, error_count, success, decoding time
1, 01011100111100001111000100001000011101100110101100101100010011110101100000011001,[32, 58],01011100111100001111000100001000111101100110101100101100011011110101100000011001,01011100111100001111000100001000111101100110101100101100011011110101100000011001, 2, True, 0.005
node, origami data, Induced Errors, decoded stream, original_origami, error_count, success, decoding time
1, 01011100111100001111000100001000011101100110101100101100011001110101100000011001,[32, 60],01011100111100001111000100001000111101100110101100101100011011110101100000011001,01011100111100001111000100001000111101100110101100101100011011110101100000011001, 2, True, 0.01
node, origami data, Induced Errors, decoded stream, original_origami, error_count, success, decoding time
1, 01011100111100001111000100001000011101100110101100101100011010110101100000011001,[32, 61],01011100111100001111000100001000111101100110101100101100011011110101100000011001,01011100111100001111000100001000111101100110101100101100011011110101100000011001, 2, True, 0.007
node, origami data, Induced Errors, decoded stream, original_origami, error_count, success, decoding time
1, 01011100111100001111000100001000011101100110101100101100011011010101100000011001,[32, 62],01011100111100001111000100001000111101100110101100101100011011110101100000011001,01011100111100001111000100001000111101100110101100101100011011110101100000011001, 2, True, 0.008
node, origami data, Induced Errors, decoded stream, original_origami, error_count, success, decoding time
1, 01011100111100001111000100001000011101100110101100101100011011100101100000011001,[32, 63],01011100111100001111000100001000111101100110101100101100011011110101100000011001,01011100111100001111000100001000111101100110101100101100011011110101100000011001, 2, True, 0.006
node, origami data, Induced Errors, decoded stream, original_origami, error_count, success, decoding time
1, 01011100111100001111000100001000011101100110101100101100011011110001100000011001,[32, 65],01011100111100001111000100001000111101100110101100101100011011110101100000011001,01011100111100001111000100001000111101100110101100101100011011110101100000011001, 2, True, 0.006
node, origami data, Induced Errors, decoded stream, original_origami, error_count, success, decoding time
1, 01011100111100001111000100001000011101100110101100101100011011110100100000011001,[32, 67],01011100111100001111000100001000111101100110101100101100011011110101100000011001,01011100111100001111000100001000111101100110101100101100011011110101100000011001, 2, True, 0.003
node, origami data, Induced Errors, decoded stream, original_origami, error_count, success, decoding time
1, 01011100111100001111000100001000011101100110101100101100011011110101000000011001,[32, 68],01011100111100001111000100001000111101100110101100101100011011110101100000011001,01011100111100001111000100001000111101100110101100101100011011110101100000011001, 2, True, 0.005
node, origami data, Induced Errors, decoded stream, original_origami, error_count, success, decoding time
1, 01011100111100001111000100001000011101100110101100101100011011110101100000001001,[32, 75],01011100111100001111000100001000111101100110101100101100011011110101100000011001,01011100111100001111000100001000111101100110101100101100011011110101100000011001, 2, True, 0.007
node, origami data, Induced Errors, decoded stream, original_origami, error_count, success, decoding time
1, 01011100111100001111000100001000011101100110101100101100011011110101100000010001,[32, 76],01011100111100001111000100001000111101100110101100101100011011110101100000011001,01011100111100001111000100001000111101100110101100101100011011110101100000011001, 2, True, 0.173
node, origami data, Induced Errors, decoded stream, original_origami, error_count, success, decoding time
1, 01011100111100001111000100001000011101100110101100101100011011110101100000011000,[32, 79],01011100111100001111000100001000111101100110101100101100011011110101100000011001,01011100111100001111000100001000111101100110101100101100011011110101100000011001, 2, True, 0.204
node, origami data, Induced Errors, decoded stream, original_origami, error_count, success, decoding time
1, 01011100111100001111000100001000100101100110101100101100011011110101100000011001,[33, 34],01011100111100001111000100001000111101100110101100101100011011110101100000011001,01011100111100001111000100001000111101100110101100101100011011110101100000011001, 2, True, 0.009
node, origami data, Induced Errors, decoded stream, original_origami, error_count, success, decoding time
1, 01011100111100001111000100001000101001100110101100101100011011110101100000011001,[33, 35],01011100111100001111000100001000111101100110101100101100011011110101100000011001,01011100111100001111000100001000111101100110101100101100011011110101100000011001, 2, True, 0.004
node, origami data, Induced Errors, decoded stream, original_origami, error_count, success, decoding time
1, 01011100111100001111000100001000101100100110101100101100011011110101100000011001,[33, 37],01011100111100001111000100001000111101100110101100101100011011110101100000011001,01011100111100001111000100001000111101100110101100101100011011110101100000011001, 2, True, 0.009
node, origami data, Induced Errors, decoded stream, original_origami, error_count, success, decoding time
1, 01011100111100001111000100001000101101000110101100101100011011110101100000011001,[33, 38],01011100111100001111000100001000111101100110101100101100011011110101100000011001,01011100111100001111000100001000111101100110101100101100011011110101100000011001, 2, True, 0.003
node, origami data, Induced Errors, decoded stream, original_origami, error_count, success, decoding time
1, 01011100111100001111000100001000101101100010101100101100011011110101100000011001,[33, 41],01011100111100001111000100001000111101100110101100101100011011110101100000011001,01011100111100001111000100001000111101100110101100101100011011110101100000011001, 2, True, 0.007
node, origami data, Induced Errors, decoded stream, original_origami, error_count, success, decoding time
1, 01011100111100001111000100001000101101100100101100101100011011110101100000011001,[33, 42],01011100111100001111000100001000111101100110101100101100011011110101100000011001,01011100111100001111000100001000111101100110101100101100011011110101100000011001, 2, True, 0.435
node, origami data, Induced Errors, decoded stream, original_origami, error_count, success, decoding time
1, 01011100111100001111000100001000101101100110001100101100011011110101100000011001,[33, 44],01011100111100001111000100001000111101100110101100101100011011110101100000011001,01011100111100001111000100001000111101100110101100101100011011110101100000011001, 2, True, 0.01
node, origami data, Induced Errors, decoded stream, original_origami, error_count, success, decoding time
1, 01011100111100001111000100001000101101100110100100101100011011110101100000011001,[33, 46],01011100111100001111000100001000111101100110101100101100011011110101100000011001,01011100111100001111000100001000111101100110101100101100011011110101100000011001, 2, True, 0.005
node, origami data, Induced Errors, decoded stream, original_origami, error_count, success, decoding time
1, 01011100111100001111000100001000101101100110101000101100011011110101100000011001,[33, 47],01011100111100001111000100001000111101100110101100101100011011110101100000011001,01011100111100001111000100001000111101100110101100101100011011110101100000011001, 2, True, 0.006
node, origami data, Induced Errors, decoded stream, original_origami, error_count, success, decoding time
1, 01011100111100001111000100001000101101100110101100001100011011110101100000011001,[33, 50],01011100111100001111000100001000111101100110101100101100011011110101100000011001,01011100111100001111000100001000111101100110101100101100011011110101100000011001, 2, True, 0.007
node, origami data, Induced Errors, decoded stream, original_origami, error_count, success, decoding time
1, 01011100111100001111000100001000101101100110101100100100011011110101100000011001,[33, 52],01011100111100001111000100001000111101100110101100101100011011110101100000011001,01011100111100001111000100001000111101100110101100101100011011110101100000011001, 2, True, 0.227
node, origami data, Induced Errors, decoded stream, original_origami, error_count, success, decoding time
1, 01011100111100001111000100001000101101100110101100101000011011110101100000011001,[33, 53],01011100111100001111000100001000111101100110101100101100011011110101100000011001,01011100111100001111000100001000111101100110101100101100011011110101100000011001, 2, True, 0.165
node, origami data, Induced Errors, decoded stream, original_origami, error_count, success, decoding time
1, 01011100111100001111000100001000101101100110101100101100001011110101100000011001,[33, 57],01011100111100001111000100001000111101100110101100101100011011110101100000011001,01011100111100001111000100001000111101100110101100101100011011110101100000011001, 2, True, 0.005
node, origami data, Induced Errors, decoded stream, original_origami, error_count, success, decoding time
1, 01011100111100001111000100001000101101100110101100101100010011110101100000011001,[33, 58],01011100111100001111000100001000111101100110101100101100011011110101100000011001,01011100111100001111000100001000111101100110101100101100011011110101100000011001, 2, True, 0.004
node, origami data, Induced Errors, decoded stream, original_origami, error_count, success, decoding time
1, 01011100111100001111000100001000101101100110101100101100011001110101100000011001,[33, 60],01011100111100001111000100001000111101100110101100101100011011110101100000011001,01011100111100001111000100001000111101100110101100101100011011110101100000011001, 2, True, 0.411
node, origami data, Induced Errors, decoded stream, original_origami, error_count, success, decoding time
1, 01011100111100001111000100001000101101100110101100101100011010110101100000011001,[33, 61],01011100111100001111000100001000111101100110101100101100011011110101100000011001,01011100111100001111000100001000111101100110101100101100011011110101100000011001, 2, True, 0.004
node, origami data, Induced Errors, decoded stream, original_origami, error_count, success, decoding time
1, 01011100111100001111000100001000101101100110101100101100011011010101100000011001,[33, 62],01011100111100001111000100001000111101100110101100101100011011110101100000011001,01011100111100001111000100001000111101100110101100101100011011110101100000011001, 2, True, 0.006
node, origami data, Induced Errors, decoded stream, original_origami, error_count, success, decoding time
1, 01011100111100001111000100001000101101100110101100101100011011100101100000011001,[33, 63],01011100111100001111000100001000111101100110101100101100011011110101100000011001,01011100111100001111000100001000111101100110101100101100011011110101100000011001, 2, True, 0.004
node, origami data, Induced Errors, decoded stream, original_origami, error_count, success, decoding time
1, 01011100111100001111000100001000101101100110101100101100011011110001100000011001,[33, 65],01011100111100001111000100001000111101100110101100101100011011110101100000011001,01011100111100001111000100001000111101100110101100101100011011110101100000011001, 2, True, 0.006
node, origami data, Induced Errors, decoded stream, original_origami, error_count, success, decoding time
1, 01011100111100001111000100001000101101100110101100101100011011110100100000011001,[33, 67],01011100111100001111000100001000111101100110101100101100011011110101100000011001,01011100111100001111000100001000111101100110101100101100011011110101100000011001, 2, True, 0.007
node, origami data, Induced Errors, decoded stream, original_origami, error_count, success, decoding time
1, 01011100111100001111000100001000101101100110101100101100011011110101000000011001,[33, 68],01011100111100001111000100001000111101100110101100101100011011110101100000011001,01011100111100001111000100001000111101100110101100101100011011110101100000011001, 2, True, 0.005
node, origami data, Induced Errors, decoded stream, original_origami, error_count, success, decoding time
1, 01011100111100001111000100001000101101100110101100101100011011110101100000001001,[33, 75],01011100111100001111000100001000111101100110101100101100011011110101100000011001,01011100111100001111000100001000111101100110101100101100011011110101100000011001, 2, True, 0.008
node, origami data, Induced Errors, decoded stream, original_origami, error_count, success, decoding time
1, 01011100111100001111000100001000101101100110101100101100011011110101100000010001,[33, 76],01011100111100001111000100001000111101100110101100101100011011110101100000011001,01011100111100001111000100001000111101100110101100101100011011110101100000011001, 2, True, 0.004
node, origami data, Induced Errors, decoded stream, original_origami, error_count, success, decoding time
1, 01011100111100001111000100001000101101100110101100101100011011110101100000011000,[33, 79],01011100111100001111000100001000111101100110101100101100011011110101100000011001,01011100111100001111000100001000111101100110101100101100011011110101100000011001, 2, True, 0.005
node, origami data, Induced Errors, decoded stream, original_origami, error_count, success, decoding time
1, 01011100111100001111000100001000110001100110101100101100011011110101100000011001,[34, 35],01011100111100001111000100001000111101100110101100101100011011110101100000011001,01011100111100001111000100001000111101100110101100101100011011110101100000011001, 2, True, 0.011
node, origami data, Induced Errors, decoded stream, original_origami, error_count, success, decoding time
1, 01011100111100001111000100001000110100100110101100101100011011110101100000011001,[34, 37],01011100111100001111000100001000111101100110101100101100011011110101100000011001,01011100111100001111000100001000111101100110101100101100011011110101100000011001, 2, True, 0.541
node, origami data, Induced Errors, decoded stream, original_origami, error_count, success, decoding time
1, 01011100111100001111000100001000110101000110101100101100011011110101100000011001,[34, 38],01011100111100001111000100001000111101100110101100101100011011110101100000011001,01011100111100001111000100001000111101100110101100101100011011110101100000011001, 2, True, 0.004
node, origami data, Induced Errors, decoded stream, original_origami, error_count, success, decoding time
1, 01011100111100001111000100001000110101100010101100101100011011110101100000011001,[34, 41],01011100111100001111000100001000111101100110101100101100011011110101100000011001,01011100111100001111000100001000111101100110101100101100011011110101100000011001, 2, True, 0.004
node, origami data, Induced Errors, decoded stream, original_origami, error_count, success, decoding time
1, 01011100111100001111000100001000110101100100101100101100011011110101100000011001,[34, 42],01011100111100001111000100001000111101100110101100101100011011110101100000011001,01011100111100001111000100001000111101100110101100101100011011110101100000011001, 2, True, 0.005
node, origami data, Induced Errors, decoded stream, original_origami, error_count, success, decoding time
1, 01011100111100001111000100001000110101100110001100101100011011110101100000011001,[34, 44],01011100111100001111000100001000111101100110101100101100011011110101100000011001,01011100111100001111000100001000111101100110101100101100011011110101100000011001, 2, True, 0.006
node, origami data, Induced Errors, decoded stream, original_origami, error_count, success, decoding time
1, 01011100111100001111000100001000110101100110100100101100011011110101100000011001,[34, 46],01011100111100001111000100001000111101100110101100101100011011110101100000011001,01011100111100001111000100001000111101100110101100101100011011110101100000011001, 2, True, 0.395
node, origami data, Induced Errors, decoded stream, original_origami, error_count, success, decoding time
1, 01011100111100001111000100001000110101100110101000101100011011110101100000011001,[34, 47],01011100111100001111000100001000111101100110101100101100011011110101100000011001,01011100111100001111000100001000111101100110101100101100011011110101100000011001, 2, True, 0.011
node, origami data, Induced Errors, decoded stream, original_origami, error_count, success, decoding time
1, 01011100111100001111000100001000110101100110101100001100011011110101100000011001,[34, 50],01011100111100001111000100001000111101100110101100101100011011110101100000011001,01011100111100001111000100001000111101100110101100101100011011110101100000011001, 2, True, 0.009
node, origami data, Induced Errors, decoded stream, original_origami, error_count, success, decoding time
1, 01011100111100001111000100001000110101100110101100100100011011110101100000011001,[34, 52],01011100111100001111000100001000111101100110101100101100011011110101100000011001,01011100111100001111000100001000111101100110101100101100011011110101100000011001, 2, True, 0.005
node, origami data, Induced Errors, decoded stream, original_origami, error_count, success, decoding time
1, 01011100111100001111000100001000110101100110101100101000011011110101100000011001,[34, 53],01011100111100001111000100001000111101100110101100101100011011110101100000011001,01011100111100001111000100001000111101100110101100101100011011110101100000011001, 2, True, 0.01
node, origami data, Induced Errors, decoded stream, original_origami, error_count, success, decoding time
1, 01011100111100001111000100001000110101100110101100101100001011110101100000011001,[34, 57],01011100111100001111000100001000111101100110101100101100011011110101100000011001,01011100111100001111000100001000111101100110101100101100011011110101100000011001, 2, True, 0.547
node, origami data, Induced Errors, decoded stream, original_origami, error_count, success, decoding time
1, 01011100111100001111000100001000110101100110101100101100010011110101100000011001,[34, 58],01011100111100001111000100001000111101100110101100101100011011110101100000011001,01011100111100001111000100001000111101100110101100101100011011110101100000011001, 2, True, 0.008
node, origami data, Induced Errors, decoded stream, original_origami, error_count, success, decoding time
1, 01011100111100001111000100001000110101100110101100101100011001110101100000011001,[34, 60],01011100111100001111000100001000111101100110101100101100011011110101100000011001,01011100111100001111000100001000111101100110101100101100011011110101100000011001, 2, True, 0.008
node, origami data, Induced Errors, decoded stream, original_origami, error_count, success, decoding time
1, 01011100111100001111000100001000110101100110101100101100011010110101100000011001,[34, 61],01011100111100001111000100001000111101100110101100101100011011110101100000011001,01011100111100001111000100001000111101100110101100101100011011110101100000011001, 2, True, 0.004
node, origami data, Induced Errors, decoded stream, original_origami, error_count, success, decoding time
1, 01011100111100001111000100001000110101100110101100101100011011010101100000011001,[34, 62],01011100111100001111000100001000111101100110101100101100011011110101100000011001,01011100111100001111000100001000111101100110101100101100011011110101100000011001, 2, True, 0.003
node, origami data, Induced Errors, decoded stream, original_origami, error_count, success, decoding time
1, 01011100111100001111000100001000110101100110101100101100011011100101100000011001,[34, 63],01011100111100001111000100001000111101100110101100101100011011110101100000011001,01011100111100001111000100001000111101100110101100101100011011110101100000011001, 2, True, 0.004
node, origami data, Induced Errors, decoded stream, original_origami, error_count, success, decoding time
1, 01011100111100001111000100001000110101100110101100101100011011110001100000011001,[34, 65],01011100111100001111000100001000111101100110101100101100011011110101100000011001,01011100111100001111000100001000111101100110101100101100011011110101100000011001, 2, True, 0.006
node, origami data, Induced Errors, decoded stream, original_origami, error_count, success, decoding time
1, 01011100111100001111000100001000110101100110101100101100011011110100100000011001,[34, 67],01011100111100001111000100001000111101100110101100101100011011110101100000011001,01011100111100001111000100001000111101100110101100101100011011110101100000011001, 2, True, 0.005
node, origami data, Induced Errors, decoded stream, original_origami, error_count, success, decoding time
1, 01011100111100001111000100001000110101100110101100101100011011110101000000011001,[34, 68],01011100111100001111000100001000111101100110101100101100011011110101100000011001,01011100111100001111000100001000111101100110101100101100011011110101100000011001, 2, True, 0.008
node, origami data, Induced Errors, decoded stream, original_origami, error_count, success, decoding time
1, 01011100111100001111000100001000110101100110101100101100011011110101100000001001,[34, 75],01011100111100001111000100001000111101100110101100101100011011110101100000011001,01011100111100001111000100001000111101100110101100101100011011110101100000011001, 2, True, 0.006
node, origami data, Induced Errors, decoded stream, original_origami, error_count, success, decoding time
1, 01011100111100001111000100001000110101100110101100101100011011110101100000010001,[34, 76],01011100111100001111000100001000111101100110101100101100011011110101100000011001,01011100111100001111000100001000111101100110101100101100011011110101100000011001, 2, True, 0.273
node, origami data, Induced Errors, decoded stream, original_origami, error_count, success, decoding time
1, 01011100111100001111000100001000110101100110101100101100011011110101100000011000,[34, 79],01011100111100001111000100001000111101100110101100101100011011110101100000011001,01011100111100001111000100001000111101100110101100101100011011110101100000011001, 2, True, 0.006
node, origami data, Induced Errors, decoded stream, original_origami, error_count, success, decoding time
1, 01011100111100001111000100001000111000100110101100101100011011110101100000011001,[35, 37],01011100111100001111000100001000111101100110101100101100011011110101100000011001,01011100111100001111000100001000111101100110101100101100011011110101100000011001, 2, True, 0.009
node, origami data, Induced Errors, decoded stream, original_origami, error_count, success, decoding time
1, 01011100111100001111000100001000111001000110101100101100011011110101100000011001,[35, 38],01011100111100001111000100001000111101100110101100101100011011110101100000011001,01011100111100001111000100001000111101100110101100101100011011110101100000011001, 2, True, 0.003
node, origami data, Induced Errors, decoded stream, original_origami, error_count, success, decoding time
1, 01011100111100001111000100001000111001100010101100101100011011110101100000011001,[35, 41],01011100111100001111000100001000111101100110101100101100011011110101100000011001,01011100111100001111000100001000111101100110101100101100011011110101100000011001, 2, True, 0.007
node, origami data, Induced Errors, decoded stream, original_origami, error_count, success, decoding time
1, 01011100111100001111000100001000111001100100101100101100011011110101100000011001,[35, 42],01011100111100001111000100001000111101100110101100101100011011110101100000011001,01011100111100001111000100001000111101100110101100101100011011110101100000011001, 2, True, 0.007
node, origami data, Induced Errors, decoded stream, original_origami, error_count, success, decoding time
1, 01011100111100001111000100001000111001100110001100101100011011110101100000011001,[35, 44],01011100111100001111000100001000111101100110101100101100011011110101100000011001,01011100111100001111000100001000111101100110101100101100011011110101100000011001, 2, True, 0.006
node, origami data, Induced Errors, decoded stream, original_origami, error_count, success, decoding time
1, 01011100111100001111000100001000111001100110100100101100011011110101100000011001,[35, 46],01011100111100001111000100001000111101100110101100101100011011110101100000011001,01011100111100001111000100001000111101100110101100101100011011110101100000011001, 2, True, 0.012
node, origami data, Induced Errors, decoded stream, original_origami, error_count, success, decoding time
1, 01011100111100001111000100001000111001100110101000101100011011110101100000011001,[35, 47],01011100111100001111000100001000111101100110101100101100011011110101100000011001,01011100111100001111000100001000111101100110101100101100011011110101100000011001, 2, True, 0.006
node, origami data, Induced Errors, decoded stream, original_origami, error_count, success, decoding time
1, 01011100111100001111000100001000111001100110101100001100011011110101100000011001,[35, 50],01011100111100001111000100001000111101100110101100101100011011110101100000011001,01011100111100001111000100001000111101100110101100101100011011110101100000011001, 2, True, 0.304
node, origami data, Induced Errors, decoded stream, original_origami, error_count, success, decoding time
1, 01011100111100001111000100001000111001100110101100100100011011110101100000011001,[35, 52],01011100111100001111000100001000111101100110101100101100011011110101100000011001,01011100111100001111000100001000111101100110101100101100011011110101100000011001, 2, True, 0.518
node, origami data, Induced Errors, decoded stream, original_origami, error_count, success, decoding time
1, 01011100111100001111000100001000111001100110101100101000011011110101100000011001,[35, 53],01011100111100001111000100001000111101100110101100101100011011110101100000011001,01011100111100001111000100001000111101100110101100101100011011110101100000011001, 2, True, 0.304
node, origami data, Induced Errors, decoded stream, original_origami, error_count, success, decoding time
1, 01011100111100001111000100001000111001100110101100101100001011110101100000011001,[35, 57],01011100111100001111000100001000111101100110101100101100011011110101100000011001,01011100111100001111000100001000111101100110101100101100011011110101100000011001, 2, True, 0.009
node, origami data, Induced Errors, decoded stream, original_origami, error_count, success, decoding time
1, 01011100111100001111000100001000111001100110101100101100010011110101100000011001,[35, 58],01011100111100001111000100001000111101100110101100101100011011110101100000011001,01011100111100001111000100001000111101100110101100101100011011110101100000011001, 2, True, 0.006
node, origami data, Induced Errors, decoded stream, original_origami, error_count, success, decoding time
1, 01011100111100001111000100001000111001100110101100101100011001110101100000011001,[35, 60],01011100111100001111000100001000111101100110101100101100011011110101100000011001,01011100111100001111000100001000111101100110101100101100011011110101100000011001, 2, True, 0.009
node, origami data, Induced Errors, decoded stream, original_origami, error_count, success, decoding time
1, 01011100111100001111000100001000111001100110101100101100011010110101100000011001,[35, 61],01011100111100001111000100001000111101100110101100101100011011110101100000011001,01011100111100001111000100001000111101100110101100101100011011110101100000011001, 2, True, 0.009
node, origami data, Induced Errors, decoded stream, original_origami, error_count, success, decoding time
1, 01011100111100001111000100001000111001100110101100101100011011010101100000011001,[35, 62],01011100111100001111000100001000111101100110101100101100011011110101100000011001,01011100111100001111000100001000111101100110101100101100011011110101100000011001, 2, True, 0.007
node, origami data, Induced Errors, decoded stream, original_origami, error_count, success, decoding time
1, 01011100111100001111000100001000111001100110101100101100011011100101100000011001,[35, 63],01011100111100001111000100001000111101100110101100101100011011110101100000011001,01011100111100001111000100001000111101100110101100101100011011110101100000011001, 2, True, 0.007
node, origami data, Induced Errors, decoded stream, original_origami, error_count, success, decoding time
1, 01011100111100001111000100001000111001100110101100101100011011110001100000011001,[35, 65],01011100111100001111000100001000111101100110101100101100011011110101100000011001,01011100111100001111000100001000111101100110101100101100011011110101100000011001, 2, True, 0.003
node, origami data, Induced Errors, decoded stream, original_origami, error_count, success, decoding time
1, 01011100111100001111000100001000111001100110101100101100011011110100100000011001,[35, 67],01011100111100001111000100001000111101100110101100101100011011110101100000011001,01011100111100001111000100001000111101100110101100101100011011110101100000011001, 2, True, 0.004
node, origami data, Induced Errors, decoded stream, original_origami, error_count, success, decoding time
1, 01011100111100001111000100001000111001100110101100101100011011110101000000011001,[35, 68],01011100111100001111000100001000111101100110101100101100011011110101100000011001,01011100111100001111000100001000111101100110101100101100011011110101100000011001, 2, True, 0.003
node, origami data, Induced Errors, decoded stream, original_origami, error_count, success, decoding time
1, 01011100111100001111000100001000111001100110101100101100011011110101100000001001,[35, 75],01011100111100001111000100001000111101100110101100101100011011110101100000011001,01011100111100001111000100001000111101100110101100101100011011110101100000011001, 2, True, 0.005
node, origami data, Induced Errors, decoded stream, original_origami, error_count, success, decoding time
1, 01011100111100001111000100001000111001100110101100101100011011110101100000010001,[35, 76],01011100111100001111000100001000111101100110101100101100011011110101100000011001,01011100111100001111000100001000111101100110101100101100011011110101100000011001, 2, True, 0.006
node, origami data, Induced Errors, decoded stream, original_origami, error_count, success, decoding time
1, 01011100111100001111000100001000111001100110101100101100011011110101100000011000,[35, 79],01011100111100001111000100001000111101100110101100101100011011110101100000011001,01011100111100001111000100001000111101100110101100101100011011110101100000011001, 2, True, 0.008
node, origami data, Induced Errors, decoded stream, original_origami, error_count, success, decoding time
1, 01011100111100001111000100001000111100000110101100101100011011110101100000011001,[37, 38],01011100111100001111000100001000111101100110101100101100011011110101100000011001,01011100111100001111000100001000111101100110101100101100011011110101100000011001, 2, True, 0.008
node, origami data, Induced Errors, decoded stream, original_origami, error_count, success, decoding time
1, 01011100111100001111000100001000111100100010101100101100011011110101100000011001,[37, 41],01011100111100001111000100001000111101100110101100101100011011110101100000011001,01011100111100001111000100001000111101100110101100101100011011110101100000011001, 2, True, 0.004
node, origami data, Induced Errors, decoded stream, original_origami, error_count, success, decoding time
1, 01011100111100001111000100001000111100100100101100101100011011110101100000011001,[37, 42],01011100111100001111000100001000111101100110101100101100011011110101100000011001,01011100111100001111000100001000111101100110101100101100011011110101100000011001, 2, True, 0.006
node, origami data, Induced Errors, decoded stream, original_origami, error_count, success, decoding time
1, 01011100111100001111000100001000111100100110001100101100011011110101100000011001,[37, 44],01011100111100001111000100001000111101100110101100101100011011110101100000011001,01011100111100001111000100001000111101100110101100101100011011110101100000011001, 2, True, 0.006
node, origami data, Induced Errors, decoded stream, original_origami, error_count, success, decoding time
1, 01011100111100001111000100001000111100100110100100101100011011110101100000011001,[37, 46],01011100111100001111000100001000111101100110101100101100011011110101100000011001,01011100111100001111000100001000111101100110101100101100011011110101100000011001, 2, True, 0.413
node, origami data, Induced Errors, decoded stream, original_origami, error_count, success, decoding time
1, 01011100111100001111000100001000111100100110101000101100011011110101100000011001,[37, 47],01011100111100001111000100001000111101100110101100101100011011110101100000011001,01011100111100001111000100001000111101100110101100101100011011110101100000011001, 2, True, 0.649
node, origami data, Induced Errors, decoded stream, original_origami, error_count, success, decoding time
1, 01011100111100001111000100001000111100100110101100001100011011110101100000011001,[37, 50],01011100111100001111000100001000111101100110101100101100011011110101100000011001,01011100111100001111000100001000111101100110101100101100011011110101100000011001, 2, True, 0.01
node, origami data, Induced Errors, decoded stream, original_origami, error_count, success, decoding time
1, 01011100111100001111000100001000111100100110101100100100011011110101100000011001,[37, 52],01011100111100001111000100001000111101100110101100101100011011110101100000011001,01011100111100001111000100001000111101100110101100101100011011110101100000011001, 2, True, 0.005
node, origami data, Induced Errors, decoded stream, original_origami, error_count, success, decoding time
1, 01011100111100001111000100001000111100100110101100101000011011110101100000011001,[37, 53],01011100111100001111000100001000111101100110101100101100011011110101100000011001,01011100111100001111000100001000111101100110101100101100011011110101100000011001, 2, True, 0.209
node, origami data, Induced Errors, decoded stream, original_origami, error_count, success, decoding time
1, 01011100111100001111000100001000111100100110101100101100001011110101100000011001,[37, 57],01011100111100001111000100001000111101100110101100101100011011110101100000011001,01011100111100001111000100001000111101100110101100101100011011110101100000011001, 2, True, 0.18
node, origami data, Induced Errors, decoded stream, original_origami, error_count, success, decoding time
1, 01011100111100001111000100001000111100100110101100101100010011110101100000011001,[37, 58],01011100111100001111000100001000111101100110101100101100011011110101100000011001,01011100111100001111000100001000111101100110101100101100011011110101100000011001, 2, True, 0.003
node, origami data, Induced Errors, decoded stream, original_origami, error_count, success, decoding time
1, 01011100111100001111000100001000111100100110101100101100011001110101100000011001,[37, 60],01011100111100001111000100001000111101100110101100101100011011110101100000011001,01011100111100001111000100001000111101100110101100101100011011110101100000011001, 2, True, 0.005
node, origami data, Induced Errors, decoded stream, original_origami, error_count, success, decoding time
1, 01011100111100001111000100001000111100100110101100101100011010110101100000011001,[37, 61],01011100111100001111000100001000111101100110101100101100011011110101100000011001,01011100111100001111000100001000111101100110101100101100011011110101100000011001, 2, True, 0.004
node, origami data, Induced Errors, decoded stream, original_origami, error_count, success, decoding time
1, 01011100111100001111000100001000111100100110101100101100011011010101100000011001,[37, 62],01011100111100001111000100001000111101100110101100101100011011110101100000011001,01011100111100001111000100001000111101100110101100101100011011110101100000011001, 2, True, 0.005
node, origami data, Induced Errors, decoded stream, original_origami, error_count, success, decoding time
1, 01011100111100001111000100001000111100100110101100101100011011100101100000011001,[37, 63],01011100111100001111000100001000111101100110101100101100011011110101100000011001,01011100111100001111000100001000111101100110101100101100011011110101100000011001, 2, True, 0.008
node, origami data, Induced Errors, decoded stream, original_origami, error_count, success, decoding time
1, 01011100111100001111000100001000111100100110101100101100011011110001100000011001,[37, 65],01011100111100001111000100001000111101100110101100101100011011110101100000011001,01011100111100001111000100001000111101100110101100101100011011110101100000011001, 2, True, 0.007
node, origami data, Induced Errors, decoded stream, original_origami, error_count, success, decoding time
1, 01011100111100001111000100001000111100100110101100101100011011110100100000011001,[37, 67],01011100111100001111000100001000111101100110101100101100011011110101100000011001,01011100111100001111000100001000111101100110101100101100011011110101100000011001, 2, True, 0.006
node, origami data, Induced Errors, decoded stream, original_origami, error_count, success, decoding time
1, 01011100111100001111000100001000111100100110101100101100011011110101000000011001,[37, 68],01011100111100001111000100001000111101100110101100101100011011110101100000011001,01011100111100001111000100001000111101100110101100101100011011110101100000011001, 2, True, 0.008
node, origami data, Induced Errors, decoded stream, original_origami, error_count, success, decoding time
1, 01011100111100001111000100001000111100100110101100101100011011110101100000001001,[37, 75],01011100111100001111000100001000111101100110101100101100011011110101100000011001,01011100111100001111000100001000111101100110101100101100011011110101100000011001, 2, True, 0.006
node, origami data, Induced Errors, decoded stream, original_origami, error_count, success, decoding time
1, 01011100111100001111000100001000111100100110101100101100011011110101100000010001,[37, 76],01011100111100001111000100001000111101100110101100101100011011110101100000011001,01011100111100001111000100001000111101100110101100101100011011110101100000011001, 2, True, 0.009
node, origami data, Induced Errors, decoded stream, original_origami, error_count, success, decoding time
1, 01011100111100001111000100001000111100100110101100101100011011110101100000011000,[37, 79],01011100111100001111000100001000111101100110101100101100011011110101100000011001,01011100111100001111000100001000111101100110101100101100011011110101100000011001, 2, True, 0.007
node, origami data, Induced Errors, decoded stream, original_origami, error_count, success, decoding time
1, 01011100111100001111000100001000111101000010101100101100011011110101100000011001,[38, 41],01011100111100001111000100001000111101100110101100101100011011110101100000011001,01011100111100001111000100001000111101100110101100101100011011110101100000011001, 2, True, 0.002
node, origami data, Induced Errors, decoded stream, original_origami, error_count, success, decoding time
1, 01011100111100001111000100001000111101000100101100101100011011110101100000011001,[38, 42],01011100111100001111000100001000111101100110101100101100011011110101100000011001,01011100111100001111000100001000111101100110101100101100011011110101100000011001, 2, True, 0.005
node, origami data, Induced Errors, decoded stream, original_origami, error_count, success, decoding time
1, 01011100111100001111000100001000111101000110001100101100011011110101100000011001,[38, 44],01011100111100001111000100001000111101100110101100101100011011110101100000011001,01011100111100001111000100001000111101100110101100101100011011110101100000011001, 2, True, 0.009
node, origami data, Induced Errors, decoded stream, original_origami, error_count, success, decoding time
1, 01011100111100001111000100001000111101000110100100101100011011110101100000011001,[38, 46],01011100111100001111000100001000111101100110101100101100011011110101100000011001,01011100111100001111000100001000111101100110101100101100011011110101100000011001, 2, True, 0.003
node, origami data, Induced Errors, decoded stream, original_origami, error_count, success, decoding time
1, 01011100111100001111000100001000111101000110101000101100011011110101100000011001,[38, 47],01011100111100001111000100001000111101100110101100101100011011110101100000011001,01011100111100001111000100001000111101100110101100101100011011110101100000011001, 2, True, 0.008
node, origami data, Induced Errors, decoded stream, original_origami, error_count, success, decoding time
1, 01011100111100001111000100001000111101000110101100001100011011110101100000011001,[38, 50],01011100111100001111000100001000111101100110101100101100011011110101100000011001,01011100111100001111000100001000111101100110101100101100011011110101100000011001, 2, True, 0.006
node, origami data, Induced Errors, decoded stream, original_origami, error_count, success, decoding time
1, 01011100111100001111000100001000111101000110101100100100011011110101100000011001,[38, 52],01011100111100001111000100001000111101100110101100101100011011110101100000011001,01011100111100001111000100001000111101100110101100101100011011110101100000011001, 2, True, 0.004
node, origami data, Induced Errors, decoded stream, original_origami, error_count, success, decoding time
1, 01011100111100001111000100001000111101000110101100101000011011110101100000011001,[38, 53],01011100111100001111000100001000111101100110101100101100011011110101100000011001,01011100111100001111000100001000111101100110101100101100011011110101100000011001, 2, True, 0.008
node, origami data, Induced Errors, decoded stream, original_origami, error_count, success, decoding time
1, 01011100111100001111000100001000111101000110101100101100001011110101100000011001,[38, 57],01011100111100001111000100001000111101100110101100101100011011110101100000011001,01011100111100001111000100001000111101100110101100101100011011110101100000011001, 2, True, 0.009
node, origami data, Induced Errors, decoded stream, original_origami, error_count, success, decoding time
1, 01011100111100001111000100001000111101000110101100101100010011110101100000011001,[38, 58],01011100111100001111000100001000111101100110101100101100011011110101100000011001,01011100111100001111000100001000111101100110101100101100011011110101100000011001, 2, True, 0.004
node, origami data, Induced Errors, decoded stream, original_origami, error_count, success, decoding time
1, 01011100111100001111000100001000111101000110101100101100011001110101100000011001,[38, 60],01011100111100001111000100001000111101100110101100101100011011110101100000011001,01011100111100001111000100001000111101100110101100101100011011110101100000011001, 2, True, 0.003
node, origami data, Induced Errors, decoded stream, original_origami, error_count, success, decoding time
1, 01011100111100001111000100001000111101000110101100101100011010110101100000011001,[38, 61],01011100111100001111000100001000111101100110101100101100011011110101100000011001,01011100111100001111000100001000111101100110101100101100011011110101100000011001, 2, True, 0.004
node, origami data, Induced Errors, decoded stream, original_origami, error_count, success, decoding time
1, 01011100111100001111000100001000111101000110101100101100011011010101100000011001,[38, 62],01011100111100001111000100001000111101100110101100101100011011110101100000011001,01011100111100001111000100001000111101100110101100101100011011110101100000011001, 2, True, 0.004
node, origami data, Induced Errors, decoded stream, original_origami, error_count, success, decoding time
1, 01011100111100001111000100001000111101000110101100101100011011100101100000011001,[38, 63],01011100111100001111000100001000111101100110101100101100011011110101100000011001,01011100111100001111000100001000111101100110101100101100011011110101100000011001, 2, True, 0.004
node, origami data, Induced Errors, decoded stream, original_origami, error_count, success, decoding time
1, 01011100111100001111000100001000111101000110101100101100011011110001100000011001,[38, 65],01011100111100001111000100001000111101100110101100101100011011110101100000011001,01011100111100001111000100001000111101100110101100101100011011110101100000011001, 2, True, 0.002
node, origami data, Induced Errors, decoded stream, original_origami, error_count, success, decoding time
1, 01011100111100001111000100001000111101000110101100101100011011110100100000011001,[38, 67],01011100111100001111000100001000111101100110101100101100011011110101100000011001,01011100111100001111000100001000111101100110101100101100011011110101100000011001, 2, True, 0.003
node, origami data, Induced Errors, decoded stream, original_origami, error_count, success, decoding time
1, 01011100111100001111000100001000111101000110101100101100011011110101000000011001,[38, 68],01011100111100001111000100001000111101100110101100101100011011110101100000011001,01011100111100001111000100001000111101100110101100101100011011110101100000011001, 2, True, 0.002
node, origami data, Induced Errors, decoded stream, original_origami, error_count, success, decoding time
1, 01011100111100001111000100001000111101000110101100101100011011110101100000001001,[38, 75],01011100111100001111000100001000111101100110101100101100011011110101100000011001,01011100111100001111000100001000111101100110101100101100011011110101100000011001, 2, True, 0.005
node, origami data, Induced Errors, decoded stream, original_origami, error_count, success, decoding time
1, 01011100111100001111000100001000111101000110101100101100011011110101100000010001,[38, 76],01011100111100001111000100001000111101100110101100101100011011110101100000011001,01011100111100001111000100001000111101100110101100101100011011110101100000011001, 2, True, 0.005
node, origami data, Induced Errors, decoded stream, original_origami, error_count, success, decoding time
1, 01011100111100001111000100001000111101000110101100101100011011110101100000011000,[38, 79],01011100111100001111000100001000111101100110101100101100011011110101100000011001,01011100111100001111000100001000111101100110101100101100011011110101100000011001, 2, True, 0.004
node, origami data, Induced Errors, decoded stream, original_origami, error_count, success, decoding time
1, 01011100111100001111000100001000111101100000101100101100011011110101100000011001,[41, 42],01011100111100001111000100001000111101100110101100101100011011110101100000011001,01011100111100001111000100001000111101100110101100101100011011110101100000011001, 2, True, 0.005
node, origami data, Induced Errors, decoded stream, original_origami, error_count, success, decoding time
1, 01011100111100001111000100001000111101100010001100101100011011110101100000011001,[41, 44],01011100111100001111000100001000111101100110101100101100011011110101100000011001,01011100111100001111000100001000111101100110101100101100011011110101100000011001, 2, True, 0.004
node, origami data, Induced Errors, decoded stream, original_origami, error_count, success, decoding time
1, 01011100111100001111000100001000111101100010100100101100011011110101100000011001,[41, 46],01011100111100001111000100001000111101100110101100101100011011110101100000011001,01011100111100001111000100001000111101100110101100101100011011110101100000011001, 2, True, 0.005
node, origami data, Induced Errors, decoded stream, original_origami, error_count, success, decoding time
1, 01011100111100001111000100001000111101100010101000101100011011110101100000011001,[41, 47],01011100111100001111000100001000111101100110101100101100011011110101100000011001,01011100111100001111000100001000111101100110101100101100011011110101100000011001, 2, True, 0.005
node, origami data, Induced Errors, decoded stream, original_origami, error_count, success, decoding time
1, 01011100111100001111000100001000111101100010101100001100011011110101100000011001,[41, 50],01011100111100001111000100001000111101100110101100101100011011110101100000011001,01011100111100001111000100001000111101100110101100101100011011110101100000011001, 2, True, 0.005
node, origami data, Induced Errors, decoded stream, original_origami, error_count, success, decoding time
1, 01011100111100001111000100001000111101100010101100100100011011110101100000011001,[41, 52],01011100111100001111000100001000111101100110101100101100011011110101100000011001,01011100111100001111000100001000111101100110101100101100011011110101100000011001, 2, True, 0.008
node, origami data, Induced Errors, decoded stream, original_origami, error_count, success, decoding time
1, 01011100111100001111000100001000111101100010101100101000011011110101100000011001,[41, 53],01011100111100001111000100001000111101100110101100101100011011110101100000011001,01011100111100001111000100001000111101100110101100101100011011110101100000011001, 2, True, 0.008
node, origami data, Induced Errors, decoded stream, original_origami, error_count, success, decoding time
1, 01011100111100001111000100001000111101100010101100101100001011110101100000011001,[41, 57],01011100111100001111000100001000111101100110101100101100011011110101100000011001,01011100111100001111000100001000111101100110101100101100011011110101100000011001, 2, True, 0.004
node, origami data, Induced Errors, decoded stream, original_origami, error_count, success, decoding time
1, 01011100111100001111000100001000111101100010101100101100010011110101100000011001,[41, 58],01011100111100001111000100001000111101100110101100101100011011110101100000011001,01011100111100001111000100001000111101100110101100101100011011110101100000011001, 2, True, 0.003
node, origami data, Induced Errors, decoded stream, original_origami, error_count, success, decoding time
1, 01011100111100001111000100001000111101100010101100101100011001110101100000011001,[41, 60],01011100111100001111000100001000111101100110101100101100011011110101100000011001,01011100111100001111000100001000111101100110101100101100011011110101100000011001, 2, True, 0.008
node, origami data, Induced Errors, decoded stream, original_origami, error_count, success, decoding time
1, 01011100111100001111000100001000111101100010101100101100011010110101100000011001,[41, 61],01011100111100001111000100001000111101100110101100101100011011110101100000011001,01011100111100001111000100001000111101100110101100101100011011110101100000011001, 2, True, 0.002
node, origami data, Induced Errors, decoded stream, original_origami, error_count, success, decoding time
1, 01011100111100001111000100001000111101100010101100101100011011010101100000011001,[41, 62],01011100111100001111000100001000111101100110101100101100011011110101100000011001,01011100111100001111000100001000111101100110101100101100011011110101100000011001, 2, True, 0.004
node, origami data, Induced Errors, decoded stream, original_origami, error_count, success, decoding time
1, 01011100111100001111000100001000111101100010101100101100011011100101100000011001,[41, 63],01011100111100001111000100001000111101100110101100101100011011110101100000011001,01011100111100001111000100001000111101100110101100101100011011110101100000011001, 2, True, 0.004
node, origami data, Induced Errors, decoded stream, original_origami, error_count, success, decoding time
1, 01011100111100001111000100001000111101100010101100101100011011110001100000011001,[41, 65],01011100111100001111000100001000111101100110101100101100011011110101100000011001,01011100111100001111000100001000111101100110101100101100011011110101100000011001, 2, True, 0.003
node, origami data, Induced Errors, decoded stream, original_origami, error_count, success, decoding time
1, 01011100111100001111000100001000111101100010101100101100011011110100100000011001,[41, 67],01011100111100001111000100001000111101100110101100101100011011110101100000011001,01011100111100001111000100001000111101100110101100101100011011110101100000011001, 2, True, 0.004
node, origami data, Induced Errors, decoded stream, original_origami, error_count, success, decoding time
1, 01011100111100001111000100001000111101100010101100101100011011110101000000011001,[41, 68],01011100111100001111000100001000111101100110101100101100011011110101100000011001,01011100111100001111000100001000111101100110101100101100011011110101100000011001, 2, True, 0.002
node, origami data, Induced Errors, decoded stream, original_origami, error_count, success, decoding time
1, 01011100111100001111000100001000111101100010101100101100011011110101100000001001,[41, 75],01011100111100001111000100001000111101100110101100101100011011110101100000011001,01011100111100001111000100001000111101100110101100101100011011110101100000011001, 2, True, 0.006
node, origami data, Induced Errors, decoded stream, original_origami, error_count, success, decoding time
1, 01011100111100001111000100001000111101100010101100101100011011110101100000010001,[41, 76],01011100111100001111000100001000111101100110101100101100011011110101100000011001,01011100111100001111000100001000111101100110101100101100011011110101100000011001, 2, True, 0.005
node, origami data, Induced Errors, decoded stream, original_origami, error_count, success, decoding time
1, 01011100111100001111000100001000111101100010101100101100011011110101100000011000,[41, 79],01011100111100001111000100001000111101100110101100101100011011110101100000011001,01011100111100001111000100001000111101100110101100101100011011110101100000011001, 2, True, 0.007
node, origami data, Induced Errors, decoded stream, original_origami, error_count, success, decoding time
1, 01011100111100001111000100001000111101100100001100101100011011110101100000011001,[42, 44],01011100111100001111000100001000111101100110101100101100011011110101100000011001,01011100111100001111000100001000111101100110101100101100011011110101100000011001, 2, True, 0.01
node, origami data, Induced Errors, decoded stream, original_origami, error_count, success, decoding time
1, 01011100111100001111000100001000111101100100100100101100011011110101100000011001,[42, 46],01011100111100001111000100001000111101100110101100101100011011110101100000011001,01011100111100001111000100001000111101100110101100101100011011110101100000011001, 2, True, 0.005
node, origami data, Induced Errors, decoded stream, original_origami, error_count, success, decoding time
1, 01011100111100001111000100001000111101100100101000101100011011110101100000011001,[42, 47],01011100111100001111000100001000111101100110101100101100011011110101100000011001,01011100111100001111000100001000111101100110101100101100011011110101100000011001, 2, True, 0.007
node, origami data, Induced Errors, decoded stream, original_origami, error_count, success, decoding time
1, 01011100111100001111000100001000111101100100101100001100011011110101100000011001,[42, 50],01011100111100001111000100001000111101100110101100101100011011110101100000011001,01011100111100001111000100001000111101100110101100101100011011110101100000011001, 2, True, 0.008
node, origami data, Induced Errors, decoded stream, original_origami, error_count, success, decoding time
1, 01011100111100001111000100001000111101100100101100100100011011110101100000011001,[42, 52],01011100111100001111000100001000111101100110101100101100011011110101100000011001,01011100111100001111000100001000111101100110101100101100011011110101100000011001, 2, True, 0.434
node, origami data, Induced Errors, decoded stream, original_origami, error_count, success, decoding time
1, 01011100111100001111000100001000111101100100101100101000011011110101100000011001,[42, 53],01011100111100001111000100001000111101100110101100101100011011110101100000011001,01011100111100001111000100001000111101100110101100101100011011110101100000011001, 2, True, 0.007
node, origami data, Induced Errors, decoded stream, original_origami, error_count, success, decoding time
1, 01011100111100001111000100001000111101100100101100101100001011110101100000011001,[42, 57],01011100111100001111000100001000111101100110101100101100011011110101100000011001,01011100111100001111000100001000111101100110101100101100011011110101100000011001, 2, True, 0.006
node, origami data, Induced Errors, decoded stream, original_origami, error_count, success, decoding time
1, 01011100111100001111000100001000111101100100101100101100010011110101100000011001,[42, 58],01011100111100001111000100001000111101100110101100101100011011110101100000011001,01011100111100001111000100001000111101100110101100101100011011110101100000011001, 2, True, 0.004
node, origami data, Induced Errors, decoded stream, original_origami, error_count, success, decoding time
1, 01011100111100001111000100001000111101100100101100101100011001110101100000011001,[42, 60],01011100111100001111000100001000111101100110101100101100011011110101100000011001,01011100111100001111000100001000111101100110101100101100011011110101100000011001, 2, True, 0.006
node, origami data, Induced Errors, decoded stream, original_origami, error_count, success, decoding time
1, 01011100111100001111000100001000111101100100101100101100011010110101100000011001,[42, 61],01011100111100001111000100001000111101100110101100101100011011110101100000011001,01011100111100001111000100001000111101100110101100101100011011110101100000011001, 2, True, 0.006
node, origami data, Induced Errors, decoded stream, original_origami, error_count, success, decoding time
1, 01011100111100001111000100001000111101100100101100101100011011010101100000011001,[42, 62],01011100111100001111000100001000111101100110101100101100011011110101100000011001,01011100111100001111000100001000111101100110101100101100011011110101100000011001, 2, True, 0.004
node, origami data, Induced Errors, decoded stream, original_origami, error_count, success, decoding time
1, 01011100111100001111000100001000111101100100101100101100011011100101100000011001,[42, 63],01011100111100001111000100001000111101100110101100101100011011110101100000011001,01011100111100001111000100001000111101100110101100101100011011110101100000011001, 2, True, 0.004
node, origami data, Induced Errors, decoded stream, original_origami, error_count, success, decoding time
1, 01011100111100001111000100001000111101100100101100101100011011110001100000011001,[42, 65],01011100111100001111000100001000111101100110101100101100011011110101100000011001,01011100111100001111000100001000111101100110101100101100011011110101100000011001, 2, True, 0.004
node, origami data, Induced Errors, decoded stream, original_origami, error_count, success, decoding time
1, 01011100111100001111000100001000111101100100101100101100011011110100100000011001,[42, 67],01011100111100001111000100001000111101100110101100101100011011110101100000011001,01011100111100001111000100001000111101100110101100101100011011110101100000011001, 2, True, 0.007
node, origami data, Induced Errors, decoded stream, original_origami, error_count, success, decoding time
1, 01011100111100001111000100001000111101100100101100101100011011110101000000011001,[42, 68],01011100111100001111000100001000111101100110101100101100011011110101100000011001,01011100111100001111000100001000111101100110101100101100011011110101100000011001, 2, True, 0.003
node, origami data, Induced Errors, decoded stream, original_origami, error_count, success, decoding time
1, 01011100111100001111000100001000111101100100101100101100011011110101100000001001,[42, 75],01011100111100001111000100001000111101100110101100101100011011110101100000011001,01011100111100001111000100001000111101100110101100101100011011110101100000011001, 2, True, 0.194
node, origami data, Induced Errors, decoded stream, original_origami, error_count, success, decoding time
1, 01011100111100001111000100001000111101100100101100101100011011110101100000010001,[42, 76],01011100111100001111000100001000111101100110101100101100011011110101100000011001,01011100111100001111000100001000111101100110101100101100011011110101100000011001, 2, True, 0.007
node, origami data, Induced Errors, decoded stream, original_origami, error_count, success, decoding time
1, 01011100111100001111000100001000111101100100101100101100011011110101100000011000,[42, 79],01011100111100001111000100001000111101100110101100101100011011110101100000011001,01011100111100001111000100001000111101100110101100101100011011110101100000011001, 2, True, 0.216
node, origami data, Induced Errors, decoded stream, original_origami, error_count, success, decoding time
1, 01011100111100001111000100001000111101100110000100101100011011110101100000011001,[44, 46],01011100111100001111000100001000111101100110101100101100011011110101100000011001,01011100111100001111000100001000111101100110101100101100011011110101100000011001, 2, True, 0.008
node, origami data, Induced Errors, decoded stream, original_origami, error_count, success, decoding time
1, 01011100111100001111000100001000111101100110001000101100011011110101100000011001,[44, 47],01011100111100001111000100001000111101100110101100101100011011110101100000011001,01011100111100001111000100001000111101100110101100101100011011110101100000011001, 2, True, 0.574
node, origami data, Induced Errors, decoded stream, original_origami, error_count, success, decoding time
1, 01011100111100001111000100001000111101100110001100001100011011110101100000011001,[44, 50],01011100111100001111000100001000111101100110101100101100011011110101100000011001,01011100111100001111000100001000111101100110101100101100011011110101100000011001, 2, True, 0.008
node, origami data, Induced Errors, decoded stream, original_origami, error_count, success, decoding time
1, 01011100111100001111000100001000111101100110001100100100011011110101100000011001,[44, 52],01011100111100001111000100001000111101100110101100101100011011110101100000011001,01011100111100001111000100001000111101100110101100101100011011110101100000011001, 2, True, 0.01
node, origami data, Induced Errors, decoded stream, original_origami, error_count, success, decoding time
1, 01011100111100001111000100001000111101100110001100101000011011110101100000011001,[44, 53],01011100111100001111000100001000111101100110101100101100011011110101100000011001,01011100111100001111000100001000111101100110101100101100011011110101100000011001, 2, True, 0.008
node, origami data, Induced Errors, decoded stream, original_origami, error_count, success, decoding time
1, 01011100111100001111000100001000111101100110001100101100001011110101100000011001,[44, 57],01011100111100001111000100001000111101100110101100101100011011110101100000011001,01011100111100001111000100001000111101100110101100101100011011110101100000011001, 2, True, 0.008
node, origami data, Induced Errors, decoded stream, original_origami, error_count, success, decoding time
1, 01011100111100001111000100001000111101100110001100101100010011110101100000011001,[44, 58],01011100111100001111000100001000111101100110101100101100011011110101100000011001,01011100111100001111000100001000111101100110101100101100011011110101100000011001, 2, True, 0.004
node, origami data, Induced Errors, decoded stream, original_origami, error_count, success, decoding time
1, 01011100111100001111000100001000111101100110001100101100011001110101100000011001,[44, 60],01011100111100001111000100001000111101100110101100101100011011110101100000011001,01011100111100001111000100001000111101100110101100101100011011110101100000011001, 2, True, 0.01
node, origami data, Induced Errors, decoded stream, original_origami, error_count, success, decoding time
1, 01011100111100001111000100001000111101100110001100101100011010110101100000011001,[44, 61],01011100111100001111000100001000111101100110101100101100011011110101100000011001,01011100111100001111000100001000111101100110101100101100011011110101100000011001, 2, True, 0.009
node, origami data, Induced Errors, decoded stream, original_origami, error_count, success, decoding time
1, 01011100111100001111000100001000111101100110001100101100011011010101100000011001,[44, 62],01011100111100001111000100001000111101100110101100101100011011110101100000011001,01011100111100001111000100001000111101100110101100101100011011110101100000011001, 2, True, 0.008
node, origami data, Induced Errors, decoded stream, original_origami, error_count, success, decoding time
1, 01011100111100001111000100001000111101100110001100101100011011100101100000011001,[44, 63],01011100111100001111000100001000111101100110101100101100011011110101100000011001,01011100111100001111000100001000111101100110101100101100011011110101100000011001, 2, True, 0.006
node, origami data, Induced Errors, decoded stream, original_origami, error_count, success, decoding time
1, 01011100111100001111000100001000111101100110001100101100011011110001100000011001,[44, 65],01011100111100001111000100001000111101100110101100101100011011110101100000011001,01011100111100001111000100001000111101100110101100101100011011110101100000011001, 2, True, 0.004
node, origami data, Induced Errors, decoded stream, original_origami, error_count, success, decoding time
1, 01011100111100001111000100001000111101100110001100101100011011110100100000011001,[44, 67],01011100111100001111000100001000111101100110101100101100011011110101100000011001,01011100111100001111000100001000111101100110101100101100011011110101100000011001, 2, True, 0.006
node, origami data, Induced Errors, decoded stream, original_origami, error_count, success, decoding time
1, 01011100111100001111000100001000111101100110001100101100011011110101000000011001,[44, 68],01011100111100001111000100001000111101100110101100101100011011110101100000011001,01011100111100001111000100001000111101100110101100101100011011110101100000011001, 2, True, 0.007
node, origami data, Induced Errors, decoded stream, original_origami, error_count, success, decoding time
1, 01011100111100001111000100001000111101100110001100101100011011110101100000001001,[44, 75],01011100111100001111000100001000111101100110101100101100011011110101100000011001,01011100111100001111000100001000111101100110101100101100011011110101100000011001, 2, True, 0.007
node, origami data, Induced Errors, decoded stream, original_origami, error_count, success, decoding time
1, 01011100111100001111000100001000111101100110001100101100011011110101100000010001,[44, 76],01011100111100001111000100001000111101100110101100101100011011110101100000011001,01011100111100001111000100001000111101100110101100101100011011110101100000011001, 2, True, 0.006
node, origami data, Induced Errors, decoded stream, original_origami, error_count, success, decoding time
1, 01011100111100001111000100001000111101100110001100101100011011110101100000011000,[44, 79],01011100111100001111000100001000111101100110101100101100011011110101100000011001,01011100111100001111000100001000111101100110101100101100011011110101100000011001, 2, True, 0.009
node, origami data, Induced Errors, decoded stream, original_origami, error_count, success, decoding time
1, 01011100111100001111000100001000111101100110100000101100011011110101100000011001,[46, 47],01011100111100001111000100001000111101100110101100101100011011110101100000011001,01011100111100001111000100001000111101100110101100101100011011110101100000011001, 2, True, 0.008
node, origami data, Induced Errors, decoded stream, original_origami, error_count, success, decoding time
1, 01011100111100001111000100001000111101100110100100001100011011110101100000011001,[46, 50],01011100111100001111000100001000111101100110101100101100011011110101100000011001,01011100111100001111000100001000111101100110101100101100011011110101100000011001, 2, True, 0.006
node, origami data, Induced Errors, decoded stream, original_origami, error_count, success, decoding time
1, 01011100111100001111000100001000111101100110100100100100011011110101100000011001,[46, 52],01011100111100001111000100001000111101100110101100101100011011110101100000011001,01011100111100001111000100001000111101100110101100101100011011110101100000011001, 2, True, 0.007
node, origami data, Induced Errors, decoded stream, original_origami, error_count, success, decoding time
1, 01011100111100001111000100001000111101100110100100101000011011110101100000011001,[46, 53],01011100111100001111000100001000111101100110101100101100011011110101100000011001,01011100111100001111000100001000111101100110101100101100011011110101100000011001, 2, True, 0.01
node, origami data, Induced Errors, decoded stream, original_origami, error_count, success, decoding time
1, 01011100111100001111000100001000111101100110100100101100001011110101100000011001,[46, 57],01011100111100001111000100001000111101100110101100101100011011110101100000011001,01011100111100001111000100001000111101100110101100101100011011110101100000011001, 2, True, 0.165
node, origami data, Induced Errors, decoded stream, original_origami, error_count, success, decoding time
1, 01011100111100001111000100001000111101100110100100101100010011110101100000011001,[46, 58],01011100111100001111000100001000111101100110101100101100011011110101100000011001,01011100111100001111000100001000111101100110101100101100011011110101100000011001, 2, True, 0.008
node, origami data, Induced Errors, decoded stream, original_origami, error_count, success, decoding time
1, 01011100111100001111000100001000111101100110100100101100011001110101100000011001,[46, 60],01011100111100001111000100001000111101100110101100101100011011110101100000011001,01011100111100001111000100001000111101100110101100101100011011110101100000011001, 2, True, 0.009
node, origami data, Induced Errors, decoded stream, original_origami, error_count, success, decoding time
1, 01011100111100001111000100001000111101100110100100101100011010110101100000011001,[46, 61],01011100111100001111000100001000111101100110101100101100011011110101100000011001,01011100111100001111000100001000111101100110101100101100011011110101100000011001, 2, True, 0.006
node, origami data, Induced Errors, decoded stream, original_origami, error_count, success, decoding time
1, 01011100111100001111000100001000111101100110100100101100011011010101100000011001,[46, 62],01011100111100001111000100001000111101100110101100101100011011110101100000011001,01011100111100001111000100001000111101100110101100101100011011110101100000011001, 2, True, 0.006
node, origami data, Induced Errors, decoded stream, original_origami, error_count, success, decoding time
1, 01011100111100001111000100001000111101100110100100101100011011100101100000011001,[46, 63],01011100111100001111000100001000111101100110101100101100011011110101100000011001,01011100111100001111000100001000111101100110101100101100011011110101100000011001, 2, True, 0.005
node, origami data, Induced Errors, decoded stream, original_origami, error_count, success, decoding time
1, 01011100111100001111000100001000111101100110100100101100011011110001100000011001,[46, 65],01011100111100001111000100001000111101100110101100101100011011110101100000011001,01011100111100001111000100001000111101100110101100101100011011110101100000011001, 2, True, 0.007
node, origami data, Induced Errors, decoded stream, original_origami, error_count, success, decoding time
1, 01011100111100001111000100001000111101100110100100101100011011110100100000011001,[46, 67],01011100111100001111000100001000111101100110101100101100011011110101100000011001,01011100111100001111000100001000111101100110101100101100011011110101100000011001, 2, True, 0.005
node, origami data, Induced Errors, decoded stream, original_origami, error_count, success, decoding time
1, 01011100111100001111000100001000111101100110100100101100011011110101000000011001,[46, 68],01011100111100001111000100001000111101100110101100101100011011110101100000011001,01011100111100001111000100001000111101100110101100101100011011110101100000011001, 2, True, 0.003
node, origami data, Induced Errors, decoded stream, original_origami, error_count, success, decoding time
1, 01011100111100001111000100001000111101100110100100101100011011110101100000001001,[46, 75],01011100111100001111000100001000111101100110101100101100011011110101100000011001,01011100111100001111000100001000111101100110101100101100011011110101100000011001, 2, True, 0.005
node, origami data, Induced Errors, decoded stream, original_origami, error_count, success, decoding time
1, 01011100111100001111000100001000111101100110100100101100011011110101100000010001,[46, 76],01011100111100001111000100001000111101100110101100101100011011110101100000011001,01011100111100001111000100001000111101100110101100101100011011110101100000011001, 2, True, 0.01
node, origami data, Induced Errors, decoded stream, original_origami, error_count, success, decoding time
1, 01011100111100001111000100001000111101100110100100101100011011110101100000011000,[46, 79],01011100111100001111000100001000111101100110101100101100011011110101100000011001,01011100111100001111000100001000111101100110101100101100011011110101100000011001, 2, True, 0.003
node, origami data, Induced Errors, decoded stream, original_origami, error_count, success, decoding time
1, 01011100111100001111000100001000111101100110101000001100011011110101100000011001,[47, 50],01011100111100001111000100001000111101100110101100101100011011110101100000011001,01011100111100001111000100001000111101100110101100101100011011110101100000011001, 2, True, 0.01
node, origami data, Induced Errors, decoded stream, original_origami, error_count, success, decoding time
1, 01011100111100001111000100001000111101100110101000100100011011110101100000011001,[47, 52],01011100111100001111000100001000111101100110101100101100011011110101100000011001,01011100111100001111000100001000111101100110101100101100011011110101100000011001, 2, True, 0.006
node, origami data, Induced Errors, decoded stream, original_origami, error_count, success, decoding time
1, 01011100111100001111000100001000111101100110101000101000011011110101100000011001,[47, 53],01011100111100001111000100001000111101100110101100101100011011110101100000011001,01011100111100001111000100001000111101100110101100101100011011110101100000011001, 2, True, 0.009
node, origami data, Induced Errors, decoded stream, original_origami, error_count, success, decoding time
1, 01011100111100001111000100001000111101100110101000101100001011110101100000011001,[47, 57],01011100111100001111000100001000111101100110101100101100011011110101100000011001,01011100111100001111000100001000111101100110101100101100011011110101100000011001, 2, True, 0.395
node, origami data, Induced Errors, decoded stream, original_origami, error_count, success, decoding time
1, 01011100111100001111000100001000111101100110101000101100010011110101100000011001,[47, 58],01011100111100001111000100001000111101100110101100101100011011110101100000011001,01011100111100001111000100001000111101100110101100101100011011110101100000011001, 2, True, 0.004
node, origami data, Induced Errors, decoded stream, original_origami, error_count, success, decoding time
1, 01011100111100001111000100001000111101100110101000101100011001110101100000011001,[47, 60],01011100111100001111000100001000111101100110101100101100011011110101100000011001,01011100111100001111000100001000111101100110101100101100011011110101100000011001, 2, True, 0.006
node, origami data, Induced Errors, decoded stream, original_origami, error_count, success, decoding time
1, 01011100111100001111000100001000111101100110101000101100011010110101100000011001,[47, 61],01011100111100001111000100001000111101100110101100101100011011110101100000011001,01011100111100001111000100001000111101100110101100101100011011110101100000011001, 2, True, 0.006
node, origami data, Induced Errors, decoded stream, original_origami, error_count, success, decoding time
1, 01011100111100001111000100001000111101100110101000101100011011010101100000011001,[47, 62],01011100111100001111000100001000111101100110101100101100011011110101100000011001,01011100111100001111000100001000111101100110101100101100011011110101100000011001, 2, True, 0.008
node, origami data, Induced Errors, decoded stream, original_origami, error_count, success, decoding time
1, 01011100111100001111000100001000111101100110101000101100011011100101100000011001,[47, 63],01011100111100001111000100001000111101100110101100101100011011110101100000011001,01011100111100001111000100001000111101100110101100101100011011110101100000011001, 2, True, 0.007
node, origami data, Induced Errors, decoded stream, original_origami, error_count, success, decoding time
1, 01011100111100001111000100001000111101100110101000101100011011110001100000011001,[47, 65],01011100111100001111000100001000111101100110101100101100011011110101100000011001,01011100111100001111000100001000111101100110101100101100011011110101100000011001, 2, True, 0.003
node, origami data, Induced Errors, decoded stream, original_origami, error_count, success, decoding time
1, 01011100111100001111000100001000111101100110101000101100011011110100100000011001,[47, 67],01011100111100001111000100001000111101100110101100101100011011110101100000011001,01011100111100001111000100001000111101100110101100101100011011110101100000011001, 2, True, 0.004
node, origami data, Induced Errors, decoded stream, original_origami, error_count, success, decoding time
1, 01011100111100001111000100001000111101100110101000101100011011110101000000011001,[47, 68],01011100111100001111000100001000111101100110101100101100011011110101100000011001,01011100111100001111000100001000111101100110101100101100011011110101100000011001, 2, True, 0.003
node, origami data, Induced Errors, decoded stream, original_origami, error_count, success, decoding time
1, 01011100111100001111000100001000111101100110101000101100011011110101100000001001,[47, 75],01011100111100001111000100001000111101100110101100101100011011110101100000011001,01011100111100001111000100001000111101100110101100101100011011110101100000011001, 2, True, 0.004
node, origami data, Induced Errors, decoded stream, original_origami, error_count, success, decoding time
1, 01011100111100001111000100001000111101100110101000101100011011110101100000010001,[47, 76],01011100111100001111000100001000111101100110101100101100011011110101100000011001,01011100111100001111000100001000111101100110101100101100011011110101100000011001, 2, True, 0.347
node, origami data, Induced Errors, decoded stream, original_origami, error_count, success, decoding time
1, 01011100111100001111000100001000111101100110101000101100011011110101100000011000,[47, 79],01011100111100001111000100001000111101100110101100101100011011110101100000011001,01011100111100001111000100001000111101100110101100101100011011110101100000011001, 2, True, 0.005
node, origami data, Induced Errors, decoded stream, original_origami, error_count, success, decoding time
1, 01011100111100001111000100001000111101100110101100000100011011110101100000011001,[50, 52],01011100111100001111000100001000111101100110101100101100011011110101100000011001,01011100111100001111000100001000111101100110101100101100011011110101100000011001, 2, True, 0.007
node, origami data, Induced Errors, decoded stream, original_origami, error_count, success, decoding time
1, 01011100111100001111000100001000111101100110101100001000011011110101100000011001,[50, 53],01011100111100001111000100001000111101100110101100101100011011110101100000011001,01011100111100001111000100001000111101100110101100101100011011110101100000011001, 2, True, 0.54
node, origami data, Induced Errors, decoded stream, original_origami, error_count, success, decoding time
1, 01011100111100001111000100001000111101100110101100001100001011110101100000011001,[50, 57],01011100111100001111000100001000111101100110101100101100011011110101100000011001,01011100111100001111000100001000111101100110101100101100011011110101100000011001, 2, True, 0.006
node, origami data, Induced Errors, decoded stream, original_origami, error_count, success, decoding time
1, 01011100111100001111000100001000111101100110101100001100010011110101100000011001,[50, 58],01011100111100001111000100001000111101100110101100101100011011110101100000011001,01011100111100001111000100001000111101100110101100101100011011110101100000011001, 2, True, 0.006
node, origami data, Induced Errors, decoded stream, original_origami, error_count, success, decoding time
1, 01011100111100001111000100001000111101100110101100001100011001110101100000011001,[50, 60],01011100111100001111000100001000111101100110101100101100011011110101100000011001,01011100111100001111000100001000111101100110101100101100011011110101100000011001, 2, True, 0.019
node, origami data, Induced Errors, decoded stream, original_origami, error_count, success, decoding time
1, 01011100111100001111000100001000111101100110101100001100011010110101100000011001,[50, 61],01011100111100001111000100001000111101100110101100101100011011110101100000011001,01011100111100001111000100001000111101100110101100101100011011110101100000011001, 2, True, 0.006
node, origami data, Induced Errors, decoded stream, original_origami, error_count, success, decoding time
1, 01011100111100001111000100001000111101100110101100001100011011010101100000011001,[50, 62],01011100111100001111000100001000111101100110101100101100011011110101100000011001,01011100111100001111000100001000111101100110101100101100011011110101100000011001, 2, True, 0.006
node, origami data, Induced Errors, decoded stream, original_origami, error_count, success, decoding time
1, 01011100111100001111000100001000111101100110101100001100011011100101100000011001,[50, 63],01011100111100001111000100001000111101100110101100101100011011110101100000011001,01011100111100001111000100001000111101100110101100101100011011110101100000011001, 2, True, 0.008
node, origami data, Induced Errors, decoded stream, original_origami, error_count, success, decoding time
1, 01011100111100001111000100001000111101100110101100001100011011110001100000011001,[50, 65],01011100111100001111000100001000111101100110101100101100011011110101100000011001,01011100111100001111000100001000111101100110101100101100011011110101100000011001, 2, True, 0.003
node, origami data, Induced Errors, decoded stream, original_origami, error_count, success, decoding time
1, 01011100111100001111000100001000111101100110101100001100011011110100100000011001,[50, 67],01011100111100001111000100001000111101100110101100101100011011110101100000011001,01011100111100001111000100001000111101100110101100101100011011110101100000011001, 2, True, 0.004
node, origami data, Induced Errors, decoded stream, original_origami, error_count, success, decoding time
1, 01011100111100001111000100001000111101100110101100001100011011110101000000011001,[50, 68],01011100111100001111000100001000111101100110101100101100011011110101100000011001,01011100111100001111000100001000111101100110101100101100011011110101100000011001, 2, True, 0.004
node, origami data, Induced Errors, decoded stream, original_origami, error_count, success, decoding time
1, 01011100111100001111000100001000111101100110101100001100011011110101100000001001,[50, 75],01011100111100001111000100001000111101100110101100101100011011110101100000011001,01011100111100001111000100001000111101100110101100101100011011110101100000011001, 2, True, 0.005
node, origami data, Induced Errors, decoded stream, original_origami, error_count, success, decoding time
1, 01011100111100001111000100001000111101100110101100001100011011110101100000010001,[50, 76],01011100111100001111000100001000111101100110101100101100011011110101100000011001,01011100111100001111000100001000111101100110101100101100011011110101100000011001, 2, True, 0.006
node, origami data, Induced Errors, decoded stream, original_origami, error_count, success, decoding time
1, 01011100111100001111000100001000111101100110101100001100011011110101100000011000,[50, 79],01011100111100001111000100001000111101100110101100101100011011110101100000011001,01011100111100001111000100001000111101100110101100101100011011110101100000011001, 2, True, 0.209
node, origami data, Induced Errors, decoded stream, original_origami, error_count, success, decoding time
1, 01011100111100001111000100001000111101100110101100100000011011110101100000011001,[52, 53],01011100111100001111000100001000111101100110101100101100011011110101100000011001,01011100111100001111000100001000111101100110101100101100011011110101100000011001, 2, True, 0.194
node, origami data, Induced Errors, decoded stream, original_origami, error_count, success, decoding time
1, 01011100111100001111000100001000111101100110101100100100001011110101100000011001,[52, 57],01011100111100001111000100001000111101100110101100101100011011110101100000011001,01011100111100001111000100001000111101100110101100101100011011110101100000011001, 2, True, 0.006
node, origami data, Induced Errors, decoded stream, original_origami, error_count, success, decoding time
1, 01011100111100001111000100001000111101100110101100100100010011110101100000011001,[52, 58],01011100111100001111000100001000111101100110101100101100011011110101100000011001,01011100111100001111000100001000111101100110101100101100011011110101100000011001, 2, True, 0.007
node, origami data, Induced Errors, decoded stream, original_origami, error_count, success, decoding time
1, 01011100111100001111000100001000111101100110101100100100011001110101100000011001,[52, 60],01011100111100001111000100001000111101100110101100101100011011110101100000011001,01011100111100001111000100001000111101100110101100101100011011110101100000011001, 2, True, 0.014
node, origami data, Induced Errors, decoded stream, original_origami, error_count, success, decoding time
1, 01011100111100001111000100001000111101100110101100100100011010110101100000011001,[52, 61],01011100111100001111000100001000111101100110101100101100011011110101100000011001,01011100111100001111000100001000111101100110101100101100011011110101100000011001, 2, True, 0.007
node, origami data, Induced Errors, decoded stream, original_origami, error_count, success, decoding time
1, 01011100111100001111000100001000111101100110101100100100011011010101100000011001,[52, 62],01011100111100001111000100001000111101100110101100101100011011110101100000011001,01011100111100001111000100001000111101100110101100101100011011110101100000011001, 2, True, 0.008
node, origami data, Induced Errors, decoded stream, original_origami, error_count, success, decoding time
1, 01011100111100001111000100001000111101100110101100100100011011100101100000011001,[52, 63],01011100111100001111000100001000111101100110101100101100011011110101100000011001,01011100111100001111000100001000111101100110101100101100011011110101100000011001, 2, True, 0.005
node, origami data, Induced Errors, decoded stream, original_origami, error_count, success, decoding time
1, 01011100111100001111000100001000111101100110101100100100011011110001100000011001,[52, 65],01011100111100001111000100001000111101100110101100101100011011110101100000011001,01011100111100001111000100001000111101100110101100101100011011110101100000011001, 2, True, 0.003
node, origami data, Induced Errors, decoded stream, original_origami, error_count, success, decoding time
1, 01011100111100001111000100001000111101100110101100100100011011110100100000011001,[52, 67],01011100111100001111000100001000111101100110101100101100011011110101100000011001,01011100111100001111000100001000111101100110101100101100011011110101100000011001, 2, True, 0.006
node, origami data, Induced Errors, decoded stream, original_origami, error_count, success, decoding time
1, 01011100111100001111000100001000111101100110101100100100011011110101000000011001,[52, 68],01011100111100001111000100001000111101100110101100101100011011110101100000011001,01011100111100001111000100001000111101100110101100101100011011110101100000011001, 2, True, 0.005
node, origami data, Induced Errors, decoded stream, original_origami, error_count, success, decoding time
1, 01011100111100001111000100001000111101100110101100100100011011110101100000001001,[52, 75],01011100111100001111000100001000111101100110101100101100011011110101100000011001,01011100111100001111000100001000111101100110101100101100011011110101100000011001, 2, True, 0.183
node, origami data, Induced Errors, decoded stream, original_origami, error_count, success, decoding time
1, 01011100111100001111000100001000111101100110101100100100011011110101100000010001,[52, 76],01011100111100001111000100001000111101100110101100101100011011110101100000011001,01011100111100001111000100001000111101100110101100101100011011110101100000011001, 2, True, 0.004
node, origami data, Induced Errors, decoded stream, original_origami, error_count, success, decoding time
1, 01011100111100001111000100001000111101100110101100100100011011110101100000011000,[52, 79],01011100111100001111000100001000111101100110101100101100011011110101100000011001,01011100111100001111000100001000111101100110101100101100011011110101100000011001, 2, True, 0.004
node, origami data, Induced Errors, decoded stream, original_origami, error_count, success, decoding time
1, 01011100111100001111000100001000111101100110101100101000001011110101100000011001,[53, 57],01011100111100001111000100001000111101100110101100101100011011110101100000011001,01011100111100001111000100001000111101100110101100101100011011110101100000011001, 2, True, 0.005
node, origami data, Induced Errors, decoded stream, original_origami, error_count, success, decoding time
1, 01011100111100001111000100001000111101100110101100101000010011110101100000011001,[53, 58],01011100111100001111000100001000111101100110101100101100011011110101100000011001,01011100111100001111000100001000111101100110101100101100011011110101100000011001, 2, True, 0.003
node, origami data, Induced Errors, decoded stream, original_origami, error_count, success, decoding time
1, 01011100111100001111000100001000111101100110101100101000011001110101100000011001,[53, 60],01011100111100001111000100001000111101100110101100101100011011110101100000011001,01011100111100001111000100001000111101100110101100101100011011110101100000011001, 2, True, 0.158
node, origami data, Induced Errors, decoded stream, original_origami, error_count, success, decoding time
1, 01011100111100001111000100001000111101100110101100101000011010110101100000011001,[53, 61],01011100111100001111000100001000111101100110101100101100011011110101100000011001,01011100111100001111000100001000111101100110101100101100011011110101100000011001, 2, True, 0.006
node, origami data, Induced Errors, decoded stream, original_origami, error_count, success, decoding time
1, 01011100111100001111000100001000111101100110101100101000011011010101100000011001,[53, 62],01011100111100001111000100001000111101100110101100101100011011110101100000011001,01011100111100001111000100001000111101100110101100101100011011110101100000011001, 2, True, 0.005
node, origami data, Induced Errors, decoded stream, original_origami, error_count, success, decoding time
1, 01011100111100001111000100001000111101100110101100101000011011100101100000011001,[53, 63],01011100111100001111000100001000111101100110101100101100011011110101100000011001,01011100111100001111000100001000111101100110101100101100011011110101100000011001, 2, True, 0.008
node, origami data, Induced Errors, decoded stream, original_origami, error_count, success, decoding time
1, 01011100111100001111000100001000111101100110101100101000011011110001100000011001,[53, 65],01011100111100001111000100001000111101100110101100101100011011110101100000011001,01011100111100001111000100001000111101100110101100101100011011110101100000011001, 2, True, 0.007
node, origami data, Induced Errors, decoded stream, original_origami, error_count, success, decoding time
1, 01011100111100001111000100001000111101100110101100101000011011110100100000011001,[53, 67],01011100111100001111000100001000111101100110101100101100011011110101100000011001,01011100111100001111000100001000111101100110101100101100011011110101100000011001, 2, True, 0.007
node, origami data, Induced Errors, decoded stream, original_origami, error_count, success, decoding time
1, 01011100111100001111000100001000111101100110101100101000011011110101000000011001,[53, 68],01011100111100001111000100001000111101100110101100101100011011110101100000011001,01011100111100001111000100001000111101100110101100101100011011110101100000011001, 2, True, 0.004
node, origami data, Induced Errors, decoded stream, original_origami, error_count, success, decoding time
1, 01011100111100001111000100001000111101100110101100101000011011110101100000001001,[53, 75],01011100111100001111000100001000111101100110101100101100011011110101100000011001,01011100111100001111000100001000111101100110101100101100011011110101100000011001, 2, True, 0.012
node, origami data, Induced Errors, decoded stream, original_origami, error_count, success, decoding time
1, 01011100111100001111000100001000111101100110101100101000011011110101100000010001,[53, 76],01011100111100001111000100001000111101100110101100101100011011110101100000011001,01011100111100001111000100001000111101100110101100101100011011110101100000011001, 2, True, 0.005
node, origami data, Induced Errors, decoded stream, original_origami, error_count, success, decoding time
1, 01011100111100001111000100001000111101100110101100101000011011110101100000011000,[53, 79],01011100111100001111000100001000111101100110101100101100011011110101100000011001,01011100111100001111000100001000111101100110101100101100011011110101100000011001, 2, True, 0.005
node, origami data, Induced Errors, decoded stream, original_origami, error_count, success, decoding time
1, 01011100111100001111000100001000111101100110101100101100000011110101100000011001,[57, 58],01011100111100001111000100001000111101100110101100101100011011110101100000011001,01011100111100001111000100001000111101100110101100101100011011110101100000011001, 2, True, 0.008
node, origami data, Induced Errors, decoded stream, original_origami, error_count, success, decoding time
1, 01011100111100001111000100001000111101100110101100101100001001110101100000011001,[57, 60],01011100111100001111000100001000111101100110101100101100011011110101100000011001,01011100111100001111000100001000111101100110101100101100011011110101100000011001, 2, True, 0.006
node, origami data, Induced Errors, decoded stream, original_origami, error_count, success, decoding time
1, 01011100111100001111000100001000111101100110101100101100001010110101100000011001,[57, 61],01011100111100001111000100001000111101100110101100101100011011110101100000011001,01011100111100001111000100001000111101100110101100101100011011110101100000011001, 2, True, 0.003
node, origami data, Induced Errors, decoded stream, original_origami, error_count, success, decoding time
1, 01011100111100001111000100001000111101100110101100101100001011010101100000011001,[57, 62],01011100111100001111000100001000111101100110101100101100011011110101100000011001,01011100111100001111000100001000111101100110101100101100011011110101100000011001, 2, True, 0.006
node, origami data, Induced Errors, decoded stream, original_origami, error_count, success, decoding time
1, 01011100111100001111000100001000111101100110101100101100001011100101100000011001,[57, 63],01011100111100001111000100001000111101100110101100101100011011110101100000011001,01011100111100001111000100001000111101100110101100101100011011110101100000011001, 2, True, 0.006
node, origami data, Induced Errors, decoded stream, original_origami, error_count, success, decoding time
1, 01011100111100001111000100001000111101100110101100101100001011110001100000011001,[57, 65],01011100111100001111000100001000111101100110101100101100011011110101100000011001,01011100111100001111000100001000111101100110101100101100011011110101100000011001, 2, True, 0.008
node, origami data, Induced Errors, decoded stream, original_origami, error_count, success, decoding time
1, 01011100111100001111000100001000111101100110101100101100001011110100100000011001,[57, 67],01011100111100001111000100001000111101100110101100101100011011110101100000011001,01011100111100001111000100001000111101100110101100101100011011110101100000011001, 2, True, 0.004
node, origami data, Induced Errors, decoded stream, original_origami, error_count, success, decoding time
1, 01011100111100001111000100001000111101100110101100101100001011110101000000011001,[57, 68],01011100111100001111000100001000111101100110101100101100011011110101100000011001,01011100111100001111000100001000111101100110101100101100011011110101100000011001, 2, True, 0.008
node, origami data, Induced Errors, decoded stream, original_origami, error_count, success, decoding time
1, 01011100111100001111000100001000111101100110101100101100001011110101100000001001,[57, 75],01011100111100001111000100001000111101100110101100101100011011110101100000011001,01011100111100001111000100001000111101100110101100101100011011110101100000011001, 2, True, 0.004
node, origami data, Induced Errors, decoded stream, original_origami, error_count, success, decoding time
1, 01011100111100001111000100001000111101100110101100101100001011110101100000010001,[57, 76],01011100111100001111000100001000111101100110101100101100011011110101100000011001,01011100111100001111000100001000111101100110101100101100011011110101100000011001, 2, True, 0.892
node, origami data, Induced Errors, decoded stream, original_origami, error_count, success, decoding time
1, 01011100111100001111000100001000111101100110101100101100001011110101100000011000,[57, 79],01011100111100001111000100001000111101100110101100101100011011110101100000011001,01011100111100001111000100001000111101100110101100101100011011110101100000011001, 2, True, 0.004
node, origami data, Induced Errors, decoded stream, original_origami, error_count, success, decoding time
1, 01011100111100001111000100001000111101100110101100101100010001110101100000011001,[58, 60],01011100111100001111000100001000111101100110101100101100011011110101100000011001,01011100111100001111000100001000111101100110101100101100011011110101100000011001, 2, True, 0.009
node, origami data, Induced Errors, decoded stream, original_origami, error_count, success, decoding time
1, 01011100111100001111000100001000111101100110101100101100010010110101100000011001,[58, 61],01011100111100001111000100001000111101100110101100101100011011110101100000011001,01011100111100001111000100001000111101100110101100101100011011110101100000011001, 2, True, 0.004
node, origami data, Induced Errors, decoded stream, original_origami, error_count, success, decoding time
1, 01011100111100001111000100001000111101100110101100101100010011010101100000011001,[58, 62],01011100111100001111000100001000111101100110101100101100011011110101100000011001,01011100111100001111000100001000111101100110101100101100011011110101100000011001, 2, True, 0.002
node, origami data, Induced Errors, decoded stream, original_origami, error_count, success, decoding time
1, 01011100111100001111000100001000111101100110101100101100010011100101100000011001,[58, 63],01011100111100001111000100001000111101100110101100101100011011110101100000011001,01011100111100001111000100001000111101100110101100101100011011110101100000011001, 2, True, 0.002
node, origami data, Induced Errors, decoded stream, original_origami, error_count, success, decoding time
1, 01011100111100001111000100001000111101100110101100101100010011110001100000011001,[58, 65],01011100111100001111000100001000111101100110101100101100011011110101100000011001,01011100111100001111000100001000111101100110101100101100011011110101100000011001, 2, True, 0.004
node, origami data, Induced Errors, decoded stream, original_origami, error_count, success, decoding time
1, 01011100111100001111000100001000111101100110101100101100010011110100100000011001,[58, 67],01011100111100001111000100001000111101100110101100101100011011110101100000011001,01011100111100001111000100001000111101100110101100101100011011110101100000011001, 2, True, 0.003
node, origami data, Induced Errors, decoded stream, original_origami, error_count, success, decoding time
1, 01011100111100001111000100001000111101100110101100101100010011110101000000011001,[58, 68],01011100111100001111000100001000111101100110101100101100011011110101100000011001,01011100111100001111000100001000111101100110101100101100011011110101100000011001, 2, True, 0.003
node, origami data, Induced Errors, decoded stream, original_origami, error_count, success, decoding time
1, 01011100111100001111000100001000111101100110101100101100010011110101100000001001,[58, 75],01011100111100001111000100001000111101100110101100101100011011110101100000011001,01011100111100001111000100001000111101100110101100101100011011110101100000011001, 2, True, 0.004
node, origami data, Induced Errors, decoded stream, original_origami, error_count, success, decoding time
1, 01011100111100001111000100001000111101100110101100101100010011110101100000010001,[58, 76],01011100111100001111000100001000111101100110101100101100011011110101100000011001,01011100111100001111000100001000111101100110101100101100011011110101100000011001, 2, True, 0.009
node, origami data, Induced Errors, decoded stream, original_origami, error_count, success, decoding time
1, 01011100111100001111000100001000111101100110101100101100010011110101100000011000,[58, 79],01011100111100001111000100001000111101100110101100101100011011110101100000011001,01011100111100001111000100001000111101100110101100101100011011110101100000011001, 2, True, 0.006
node, origami data, Induced Errors, decoded stream, original_origami, error_count, success, decoding time
1, 01011100111100001111000100001000111101100110101100101100011000110101100000011001,[60, 61],01011100111100001111000100001000111101100110101100101100011011110101100000011001,01011100111100001111000100001000111101100110101100101100011011110101100000011001, 2, True, 0.005
node, origami data, Induced Errors, decoded stream, original_origami, error_count, success, decoding time
1, 01011100111100001111000100001000111101100110101100101100011001010101100000011001,[60, 62],01011100111100001111000100001000111101100110101100101100011011110101100000011001,01011100111100001111000100001000111101100110101100101100011011110101100000011001, 2, True, 0.007
node, origami data, Induced Errors, decoded stream, original_origami, error_count, success, decoding time
1, 01011100111100001111000100001000111101100110101100101100011001100101100000011001,[60, 63],01011100111100001111000100001000111101100110101100101100011011110101100000011001,01011100111100001111000100001000111101100110101100101100011011110101100000011001, 2, True, 0.006
node, origami data, Induced Errors, decoded stream, original_origami, error_count, success, decoding time
1, 01011100111100001111000100001000111101100110101100101100011001110001100000011001,[60, 65],01011100111100001111000100001000111101100110101100101100011011110101100000011001,01011100111100001111000100001000111101100110101100101100011011110101100000011001, 2, True, 0.004
node, origami data, Induced Errors, decoded stream, original_origami, error_count, success, decoding time
1, 01011100111100001111000100001000111101100110101100101100011001110100100000011001,[60, 67],01011100111100001111000100001000111101100110101100101100011011110101100000011001,01011100111100001111000100001000111101100110101100101100011011110101100000011001, 2, True, 0.008
node, origami data, Induced Errors, decoded stream, original_origami, error_count, success, decoding time
1, 01011100111100001111000100001000111101100110101100101100011001110101000000011001,[60, 68],01011100111100001111000100001000111101100110101100101100011011110101100000011001,01011100111100001111000100001000111101100110101100101100011011110101100000011001, 2, True, 0.006
node, origami data, Induced Errors, decoded stream, original_origami, error_count, success, decoding time
1, 01011100111100001111000100001000111101100110101100101100011001110101100000001001,[60, 75],01011100111100001111000100001000111101100110101100101100011011110101100000011001,01011100111100001111000100001000111101100110101100101100011011110101100000011001, 2, True, 0.009
node, origami data, Induced Errors, decoded stream, original_origami, error_count, success, decoding time
1, 01011100111100001111000100001000111101100110101100101100011001110101100000010001,[60, 76],01011100111100001111000100001000111101100110101100101100011011110101100000011001,01011100111100001111000100001000111101100110101100101100011011110101100000011001, 2, True, 0.01
node, origami data, Induced Errors, decoded stream, original_origami, error_count, success, decoding time
1, 01011100111100001111000100001000111101100110101100101100011001110101100000011000,[60, 79],01011100111100001111000100001000111101100110101100101100011011110101100000011001,01011100111100001111000100001000111101100110101100101100011011110101100000011001, 2, True, 0.008
node, origami data, Induced Errors, decoded stream, original_origami, error_count, success, decoding time
1, 01011100111100001111000100001000111101100110101100101100011010010101100000011001,[61, 62],01011100111100001111000100001000111101100110101100101100011011110101100000011001,01011100111100001111000100001000111101100110101100101100011011110101100000011001, 2, True, 0.003
node, origami data, Induced Errors, decoded stream, original_origami, error_count, success, decoding time
1, 01011100111100001111000100001000111101100110101100101100011010100101100000011001,[61, 63],01011100111100001111000100001000111101100110101100101100011011110101100000011001,01011100111100001111000100001000111101100110101100101100011011110101100000011001, 2, True, 0.003
node, origami data, Induced Errors, decoded stream, original_origami, error_count, success, decoding time
1, 01011100111100001111000100001000111101100110101100101100011010110001100000011001,[61, 65],01011100111100001111000100001000111101100110101100101100011011110101100000011001,01011100111100001111000100001000111101100110101100101100011011110101100000011001, 2, True, 0.004
node, origami data, Induced Errors, decoded stream, original_origami, error_count, success, decoding time
1, 01011100111100001111000100001000111101100110101100101100011010110100100000011001,[61, 67],01011100111100001111000100001000111101100110101100101100011011110101100000011001,01011100111100001111000100001000111101100110101100101100011011110101100000011001, 2, True, 0.004
node, origami data, Induced Errors, decoded stream, original_origami, error_count, success, decoding time
1, 01011100111100001111000100001000111101100110101100101100011010110101000000011001,[61, 68],01011100111100001111000100001000111101100110101100101100011011110101100000011001,01011100111100001111000100001000111101100110101100101100011011110101100000011001, 2, True, 0.004
node, origami data, Induced Errors, decoded stream, original_origami, error_count, success, decoding time
1, 01011100111100001111000100001000111101100110101100101100011010110101100000001001,[61, 75],01011100111100001111000100001000111101100110101100101100011011110101100000011001,01011100111100001111000100001000111101100110101100101100011011110101100000011001, 2, True, 0.009
node, origami data, Induced Errors, decoded stream, original_origami, error_count, success, decoding time
1, 01011100111100001111000100001000111101100110101100101100011010110101100000010001,[61, 76],01011100111100001111000100001000111101100110101100101100011011110101100000011001,01011100111100001111000100001000111101100110101100101100011011110101100000011001, 2, True, 0.004
node, origami data, Induced Errors, decoded stream, original_origami, error_count, success, decoding time
1, 01011100111100001111000100001000111101100110101100101100011010110101100000011000,[61, 79],01011100111100001111000100001000111101100110101100101100011011110101100000011001,01011100111100001111000100001000111101100110101100101100011011110101100000011001, 2, True, 0.004
node, origami data, Induced Errors, decoded stream, original_origami, error_count, success, decoding time
1, 01011100111100001111000100001000111101100110101100101100011011000101100000011001,[62, 63],01011100111100001111000100001000111101100110101100101100011011110101100000011001,01011100111100001111000100001000111101100110101100101100011011110101100000011001, 2, True, 0.002
node, origami data, Induced Errors, decoded stream, original_origami, error_count, success, decoding time
1, 01011100111100001111000100001000111101100110101100101100011011010001100000011001,[62, 65],01011100111100001111000100001000111101100110101100101100011011110101100000011001,01011100111100001111000100001000111101100110101100101100011011110101100000011001, 2, True, 0.002
node, origami data, Induced Errors, decoded stream, original_origami, error_count, success, decoding time
1, 01011100111100001111000100001000111101100110101100101100011011010100100000011001,[62, 67],01011100111100001111000100001000111101100110101100101100011011110101100000011001,01011100111100001111000100001000111101100110101100101100011011110101100000011001, 2, True, 0.003
node, origami data, Induced Errors, decoded stream, original_origami, error_count, success, decoding time
1, 01011100111100001111000100001000111101100110101100101100011011010101000000011001,[62, 68],01011100111100001111000100001000111101100110101100101100011011110101100000011001,01011100111100001111000100001000111101100110101100101100011011110101100000011001, 2, True, 0.003
node, origami data, Induced Errors, decoded stream, original_origami, error_count, success, decoding time
1, 01011100111100001111000100001000111101100110101100101100011011010101100000001001,[62, 75],01011100111100001111000100001000111101100110101100101100011011110101100000011001,01011100111100001111000100001000111101100110101100101100011011110101100000011001, 2, True, 0.005
node, origami data, Induced Errors, decoded stream, original_origami, error_count, success, decoding time
1, 01011100111100001111000100001000111101100110101100101100011011010101100000010001,[62, 76],01011100111100001111000100001000111101100110101100101100011011110101100000011001,01011100111100001111000100001000111101100110101100101100011011110101100000011001, 2, True, 0.008
node, origami data, Induced Errors, decoded stream, original_origami, error_count, success, decoding time
1, 01011100111100001111000100001000111101100110101100101100011011010101100000011000,[62, 79],01011100111100001111000100001000111101100110101100101100011011110101100000011001,01011100111100001111000100001000111101100110101100101100011011110101100000011001, 2, True, 0.007
node, origami data, Induced Errors, decoded stream, original_origami, error_count, success, decoding time
1, 01011100111100001111000100001000111101100110101100101100011011100001100000011001,[63, 65],01011100111100001111000100001000111101100110101100101100011011110101100000011001,01011100111100001111000100001000111101100110101100101100011011110101100000011001, 2, True, 0.004
node, origami data, Induced Errors, decoded stream, original_origami, error_count, success, decoding time
1, 01011100111100001111000100001000111101100110101100101100011011100100100000011001,[63, 67],01011100111100001111000100001000111101100110101100101100011011110101100000011001,01011100111100001111000100001000111101100110101100101100011011110101100000011001, 2, True, 0.004
node, origami data, Induced Errors, decoded stream, original_origami, error_count, success, decoding time
1, 01011100111100001111000100001000111101100110101100101100011011100101000000011001,[63, 68],01011100111100001111000100001000111101100110101100101100011011110101100000011001,01011100111100001111000100001000111101100110101100101100011011110101100000011001, 2, True, 0.003
node, origami data, Induced Errors, decoded stream, original_origami, error_count, success, decoding time
1, 01011100111100001111000100001000111101100110101100101100011011100101100000001001,[63, 75],01011100111100001111000100001000111101100110101100101100011011110101100000011001,01011100111100001111000100001000111101100110101100101100011011110101100000011001, 2, True, 0.004
node, origami data, Induced Errors, decoded stream, original_origami, error_count, success, decoding time
1, 01011100111100001111000100001000111101100110101100101100011011100101100000010001,[63, 76],01011100111100001111000100001000111101100110101100101100011011110101100000011001,01011100111100001111000100001000111101100110101100101100011011110101100000011001, 2, True, 0.006
node, origami data, Induced Errors, decoded stream, original_origami, error_count, success, decoding time
1, 01011100111100001111000100001000111101100110101100101100011011100101100000011000,[63, 79],01011100111100001111000100001000111101100110101100101100011011110101100000011001,01011100111100001111000100001000111101100110101100101100011011110101100000011001, 2, True, 0.007
node, origami data, Induced Errors, decoded stream, original_origami, error_count, success, decoding time
1, 01011100111100001111000100001000111101100110101100101100011011110000100000011001,[65, 67],01011100111100001111000100001000111101100110101100101100011011110101100000011001,01011100111100001111000100001000111101100110101100101100011011110101100000011001, 2, True, 0.004
node, origami data, Induced Errors, decoded stream, original_origami, error_count, success, decoding time
1, 01011100111100001111000100001000111101100110101100101100011011110001000000011001,[65, 68],01011100111100001111000100001000111101100110101100101100011011110101100000011001,01011100111100001111000100001000111101100110101100101100011011110101100000011001, 2, True, 0.004
node, origami data, Induced Errors, decoded stream, original_origami, error_count, success, decoding time
1, 01011100111100001111000100001000111101100110101100101100011011110001100000001001,[65, 75],01011100111100001111000100001000111101100110101100101100011011110101100000011001,01011100111100001111000100001000111101100110101100101100011011110101100000011001, 2, True, 0.004
node, origami data, Induced Errors, decoded stream, original_origami, error_count, success, decoding time
1, 01011100111100001111000100001000111101100110101100101100011011110001100000010001,[65, 76],01011100111100001111000100001000111101100110101100101100011011110101100000011001,01011100111100001111000100001000111101100110101100101100011011110101100000011001, 2, True, 0.005
node, origami data, Induced Errors, decoded stream, original_origami, error_count, success, decoding time
1, 01011100111100001111000100001000111101100110101100101100011011110001100000011000,[65, 79],01011100111100001111000100001000111101100110101100101100011011110101100000011001,01011100111100001111000100001000111101100110101100101100011011110101100000011001, 2, True, 0.007
node, origami data, Induced Errors, decoded stream, original_origami, error_count, success, decoding time
1, 01011100111100001111000100001000111101100110101100101100011011110100000000011001,[67, 68],01011100111100001111000100001000111101100110101100101100011011110101100000011001,01011100111100001111000100001000111101100110101100101100011011110101100000011001, 2, True, 0.004
node, origami data, Induced Errors, decoded stream, original_origami, error_count, success, decoding time
1, 01011100111100001111000100001000111101100110101100101100011011110100100000001001,[67, 75],01011100111100001111000100001000111101100110101100101100011011110101100000011001,01011100111100001111000100001000111101100110101100101100011011110101100000011001, 2, True, 0.006
node, origami data, Induced Errors, decoded stream, original_origami, error_count, success, decoding time
1, 01011100111100001111000100001000111101100110101100101100011011110100100000010001,[67, 76],01011100111100001111000100001000111101100110101100101100011011110101100000011001,01011100111100001111000100001000111101100110101100101100011011110101100000011001, 2, True, 0.008
node, origami data, Induced Errors, decoded stream, original_origami, error_count, success, decoding time
1, 01011100111100001111000100001000111101100110101100101100011011110100100000011000,[67, 79],01011100111100001111000100001000111101100110101100101100011011110101100000011001,01011100111100001111000100001000111101100110101100101100011011110101100000011001, 2, True, 0.003
node, origami data, Induced Errors, decoded stream, original_origami, error_count, success, decoding time
1, 01011100111100001111000100001000111101100110101100101100011011110101000000001001,[68, 75],01011100111100001111000100001000111101100110101100101100011011110101100000011001,01011100111100001111000100001000111101100110101100101100011011110101100000011001, 2, True, 0.008
node, origami data, Induced Errors, decoded stream, original_origami, error_count, success, decoding time
1, 01011100111100001111000100001000111101100110101100101100011011110101000000010001,[68, 76],01011100111100001111000100001000111101100110101100101100011011110101100000011001,01011100111100001111000100001000111101100110101100101100011011110101100000011001, 2, True, 0.004
node, origami data, Induced Errors, decoded stream, original_origami, error_count, success, decoding time
1, 01011100111100001111000100001000111101100110101100101100011011110101000000011000,[68, 79],01011100111100001111000100001000111101100110101100101100011011110101100000011001,01011100111100001111000100001000111101100110101100101100011011110101100000011001, 2, True, 0.004
node, origami data, Induced Errors, decoded stream, original_origami, error_count, success, decoding time
1, 01011100111100001111000100001000111101100110101100101100011011110101100000000001,[75, 76],01011100111100001111000100001000111101100110101100101100011011110101100000011001,01011100111100001111000100001000111101100110101100101100011011110101100000011001, 2, True, 0.006
node, origami data, Induced Errors, decoded stream, original_origami, error_count, success, decoding time
1, 01011100111100001111000100001000111101100110101100101100011011110101100000001000,[75, 79],01011100111100001111000100001000111101100110101100101100011011110101100000011001,01011100111100001111000100001000111101100110101100101100011011110101100000011001, 2, True, 0.008
node, origami data, Induced Errors, decoded stream, original_origami, error_count, success, decoding time
1, 01011100111100001111000100001000111101100110101100101100011011110101100000010000,[76, 79],01011100111100001111000100001000111101100110101100101100011011110101100000011001,01011100111100001111000100001000111101100110101100101100011011110101100000011001, 2, True, 0.004
node, origami data, Induced Errors, decoded stream, original_origami, error_count, success, decoding time
2, 00110111011111101001001011100011000001100000100001000010001110000011000011100110,[0, 1],11110111011111101001001011100011000001100000100001000010001110000011000011100110,11110111011111101001001011100011000001100000100001000010001110000011000011100110, 2, True, 0.007
node, origami data, Induced Errors, decoded stream, original_origami, error_count, success, decoding time
2, 01010111011111101001001011100011000001100000100001000010001110000011000011100110,[0, 2],01010111011111111011001011100011000001100100100001010011001110000111000011100100,11110111011111101001001011100011000001100000100001000010001110000011000011100110, 7, False, 0.012
node, origami data, Induced Errors, decoded stream, original_origami, error_count, success, decoding time
2, 01100111011111101001001011100011000001100000100001000010001110000011000011100110,[0, 3],11110111011111101001001011100011000001100000100001000010001110000011000011100110,11110111011111101001001011100011000001100000100001000010001110000011000011100110, 2, True, 0.005
node, origami data, Induced Errors, decoded stream, original_origami, error_count, success, decoding time
2, 01110011011111101001001011100011000001100000100001000010001110000011000011100110,[0, 5],11110111011111101001001011100011000001100000100001000010001110000011000011100110,11110111011111101001001011100011000001100000100001000010001110000011000011100110, 2, True, 0.008
node, origami data, Induced Errors, decoded stream, original_origami, error_count, success, decoding time
2, 01110101011111101001001011100011000001100000100001000010001110000011000011100110,[0, 6],11110111011111101001001011100011000001100000100001000010001110000011000011100110,11110111011111101001001011100011000001100000100001000010001110000011000011100110, 2, True, 0.009
node, origami data, Induced Errors, decoded stream, original_origami, error_count, success, decoding time
2, 01110110011111101001001011100011000001100000100001000010001110000011000011100110,[0, 7],11110111011111101001001011100011000001100000100001000010001110000011000011100110,11110111011111101001001011100011000001100000100001000010001110000011000011100110, 2, True, 0.352
node, origami data, Induced Errors, decoded stream, original_origami, error_count, success, decoding time
2, 01110111001111101001001011100011000001100000100001000010001110000011000011100110,[0, 9],11110111011111101001001011100011000001100000100001000010001110000011000011100110,11110111011111101001001011100011000001100000100001000010001110000011000011100110, 2, True, 0.005
node, origami data, Induced Errors, decoded stream, original_origami, error_count, success, decoding time
2, 01110111010111101001001011100011000001100000100001000010001110000011000011100110,[0, 10],11110111011111101001001011100011000001100000100001000010001110000011000011100110,11110111011111101001001011100011000001100000100001000010001110000011000011100110, 2, True, 0.004
node, origami data, Induced Errors, decoded stream, original_origami, error_count, success, decoding time
2, 01110111011011101001001011100011000001100000100001000010001110000011000011100110,[0, 11],11110111011111101001001011100011000001100000100001000010001110000011000011100110,11110111011111101001001011100011000001100000100001000010001110000011000011100110, 2, True, 0.008
node, origami data, Induced Errors, decoded stream, original_origami, error_count, success, decoding time
2, 01110111011101101001001011100011000001100000100001000010001110000011000011100110,[0, 12],11110111011111101001001011100011000001100000100001000010001110000011000011100110,11110111011111101001001011100011000001100000100001000010001110000011000011100110, 2, True, 0.003
node, origami data, Induced Errors, decoded stream, original_origami, error_count, success, decoding time
2, 01110111011110101001001011100011000001100000100001000010001110000011000011100110,[0, 13],11110111011111101001001011100011000001100000100001000010001110000011000011100110,11110111011111101001001011100011000001100000100001000010001110000011000011100110, 2, True, 0.006
node, origami data, Induced Errors, decoded stream, original_origami, error_count, success, decoding time
2, 01110111011111001001001011100011000001100000100001000010001110000011000011100110,[0, 14],11110111011111101001001011100011000001100000100001000010001110000011000011100110,11110111011111101001001011100011000001100000100001000010001110000011000011100110, 2, True, 0.008
node, origami data, Induced Errors, decoded stream, original_origami, error_count, success, decoding time
2, 01110111011111100001001011100011000001100000100001000010001110000011000011100110,[0, 16],11110111011111101001001011100011000001100000100001000010001110000011000011100110,11110111011111101001001011100011000001100000100001000010001110000011000011100110, 2, True, 0.007
node, origami data, Induced Errors, decoded stream, original_origami, error_count, success, decoding time
2, 01110111011111101000001011100011000001100000100001000010001110000011000011100110,[0, 19],11110111011111101001001011100011000001100000100001000010001110000011000011100110,11110111011111101001001011100011000001100000100001000010001110000011000011100110, 2, True, 0.007
node, origami data, Induced Errors, decoded stream, original_origami, error_count, success, decoding time
2, 01110111011111101001000011100011000001100000100001000010001110000011000011100110,[0, 22],11110111011111101001001011100011000001100000100001000010001110000011000011100110,11110111011111101001001011100011000001100000100001000010001110000011000011100110, 2, True, 0.005
node, origami data, Induced Errors, decoded stream, original_origami, error_count, success, decoding time
2, 01110111011111101001001001100011000001100000100001000010001110000011000011100110,[0, 24],11110111011111101001001011100011000001100000100001000010001110000011000011100110,11110111011111101001001011100011000001100000100001000010001110000011000011100110, 2, True, 0.518
node, origami data, Induced Errors, decoded stream, original_origami, error_count, success, decoding time
2, 01110111011111101001001010100011000001100000100001000010001110000011000011100110,[0, 25],11110111011111101001001011100011000001100000100001000010001110000011000011100110,11110111011111101001001011100011000001100000100001000010001110000011000011100110, 2, True, 0.3
node, origami data, Induced Errors, decoded stream, original_origami, error_count, success, decoding time
2, 01110111011111101001001011000011000001100000100001000010001110000011000011100110,[0, 26],11110111011111101001001011100011000001100000100001000010001110000011000011100110,11110111011111101001001011100011000001100000100001000010001110000011000011100110, 2, True, 0.01
node, origami data, Induced Errors, decoded stream, original_origami, error_count, success, decoding time
2, 01110111011111101001001011100001000001100000100001000010001110000011000011100110,[0, 30],11110111011111101001001011100011000001100000100001000010001110000011000011100110,11110111011111101001001011100011000001100000100001000010001110000011000011100110, 2, True, 0.53
node, origami data, Induced Errors, decoded stream, original_origami, error_count, success, decoding time
2, 01110111011111101001001011100010000001100000100001000010001110000011000011100110,[0, 31],11110111011111101001001011100011000001100000100001000010001110000011000011100110,11110111011111101001001011100011000001100000100001000010001110000011000011100110, 2, True, 0.003
node, origami data, Induced Errors, decoded stream, original_origami, error_count, success, decoding time
2, 01110111011111101001001011100011000000100000100001000010001110000011000011100110,[0, 37],11110111011111101001001011100011000001100000100001000010001110000011000011100110,11110111011111101001001011100011000001100000100001000010001110000011000011100110, 2, True, 0.268
node, origami data, Induced Errors, decoded stream, original_origami, error_count, success, decoding time
2, 01110111011111101001001011100011000001000000100001000010001110000011000011100110,[0, 38],11110111011111101001001011100011000001100000100001000010001110000011000011100110,11110111011111101001001011100011000001100000100001000010001110000011000011100110, 2, True, 0.008
node, origami data, Induced Errors, decoded stream, original_origami, error_count, success, decoding time
2, 01110111011111101001001011100011000001100000000001000010001110000011000011100110,[0, 44],11110111011111101001001011100011000001100000100001000010001110000011000011100110,11110111011111101001001011100011000001100000100001000010001110000011000011100110, 2, True, 0.006
node, origami data, Induced Errors, decoded stream, original_origami, error_count, success, decoding time
2, 01110111011111101001001011100011000001100000100000000010001110000011000011100110,[0, 49],11110111011111101001001011100011000001100000100001000010001110000011000011100110,11110111011111101001001011100011000001100000100001000010001110000011000011100110, 2, True, 0.009
node, origami data, Induced Errors, decoded stream, original_origami, error_count, success, decoding time
2, 01110111011111101001001011100011000001100000100001000000001110000011000011100110,[0, 54],11110111011111101001001011100011000001100000100001000010001110000011000011100110,11110111011111101001001011100011000001100000100001000010001110000011000011100110, 2, True, 0.008
node, origami data, Induced Errors, decoded stream, original_origami, error_count, success, decoding time
2, 01110111011111101001001011100011000001100000100001000010000110000011000011100110,[0, 58],11110111011111101001001011100011000001100000100001000010001110000011000011100110,11110111011111101001001011100011000001100000100001000010001110000011000011100110, 2, True, 0.004
node, origami data, Induced Errors, decoded stream, original_origami, error_count, success, decoding time
2, 01110111011111101001001011100011000001100000100001000010001010000011000011100110,[0, 59],11110111011111101001001011100011000001100000100001000010001110000011000011100110,11110111011111101001001011100011000001100000100001000010001110000011000011100110, 2, True, 0.008
node, origami data, Induced Errors, decoded stream, original_origami, error_count, success, decoding time
2, 01110111011111101001001011100011000001100000100001000010001100000011000011100110,[0, 60],11110111011111101001001011100011000001100000100001000010001110000011000011100110,11110111011111101001001011100011000001100000100001000010001110000011000011100110, 2, True, 0.004
node, origami data, Induced Errors, decoded stream, original_origami, error_count, success, decoding time
2, 01110111011111101001001011100011000001100000100001000010001110000001000011100110,[0, 66],11110111011111101001001011100011000001100000100001000010001110000011000011100110,11110111011111101001001011100011000001100000100001000010001110000011000011100110, 2, True, 0.007
node, origami data, Induced Errors, decoded stream, original_origami, error_count, success, decoding time
2, 01110111011111101001001011100011000001100000100001000010001110000010000011100110,[0, 67],11110111011111101001001011100011000001100000100001000010001110000011000011100110,11110111011111101001001011100011000001100000100001000010001110000011000011100110, 2, True, 0.005
node, origami data, Induced Errors, decoded stream, original_origami, error_count, success, decoding time
2, 01110111011111101001001011100011000001100000100001000010001110000011000001100110,[0, 72],11110111011111101001001011100011000001100000100001000010001110000011000011100110,11110111011111101001001011100011000001100000100001000010001110000011000011100110, 2, True, 0.006
node, origami data, Induced Errors, decoded stream, original_origami, error_count, success, decoding time
2, 01110111011111101001001011100011000001100000100001000010001110000011000010100110,[0, 73],11110111011111101001001011100011000001100000100001000010001110000011000011100110,11110111011111101001001011100011000001100000100001000010001110000011000011100110, 2, True, 0.008
node, origami data, Induced Errors, decoded stream, original_origami, error_count, success, decoding time
2, 01110111011111101001001011100011000001100000100001000010001110000011000011000110,[0, 74],11110111011111101001001011100011000001100000100001000010001110000011000011100110,11110111011111101001001011100011000001100000100001000010001110000011000011100110, 2, True, 0.917
node, origami data, Induced Errors, decoded stream, original_origami, error_count, success, decoding time
2, 01110111011111101001001011100011000001100000100001000010001110000011000011100010,[0, 77],11110111011111101001001011100011000001100000100001000010001110000011000011100110,11110111011111101001001011100011000001100000100001000010001110000011000011100110, 2, True, 0.007
node, origami data, Induced Errors, decoded stream, original_origami, error_count, success, decoding time
2, 01110111011111101001001011100011000001100000100001000010001110000011000011100100,[0, 78],01010111011111111011001011100011000001100100100001010011001110000111000011100100,11110111011111101001001011100011000001100000100001000010001110000011000011100110, 7, False, 0.016
node, origami data, Induced Errors, decoded stream, original_origami, error_count, success, decoding time
2, 10010111011111101001001011100011000001100000100001000010001110000011000011100110,[1, 2],11110111011111101001001011100011000001100000100001000010001110000011000011100110,11110111011111101001001011100011000001100000100001000010001110000011000011100110, 2, True, 0.009
node, origami data, Induced Errors, decoded stream, original_origami, error_count, success, decoding time
2, 10100111011111101001001011100011000001100000100001000010001110000011000011100110,[1, 3],11110111011111101001001011100011000001100000100001000010001110000011000011100110,11110111011111101001001011100011000001100000100001000010001110000011000011100110, 2, True, 0.008
node, origami data, Induced Errors, decoded stream, original_origami, error_count, success, decoding time
2, 10110011011111101001001011100011000001100000100001000010001110000011000011100110,[1, 5],11110111011111101001001011100011000001100000100001000010001110000011000011100110,11110111011111101001001011100011000001100000100001000010001110000011000011100110, 2, True, 0.01
node, origami data, Induced Errors, decoded stream, original_origami, error_count, success, decoding time
2, 10110101011111101001001011100011000001100000100001000010001110000011000011100110,[1, 6],11110111011111101001001011100011000001100000100001000010001110000011000011100110,11110111011111101001001011100011000001100000100001000010001110000011000011100110, 2, True, 0.008
node, origami data, Induced Errors, decoded stream, original_origami, error_count, success, decoding time
2, 10110110011111101001001011100011000001100000100001000010001110000011000011100110,[1, 7],11110111011111101001001011100011000001100000100001000010001110000011000011100110,11110111011111101001001011100011000001100000100001000010001110000011000011100110, 2, True, 0.011
node, origami data, Induced Errors, decoded stream, original_origami, error_count, success, decoding time
2, 10110111001111101001001011100011000001100000100001000010001110000011000011100110,[1, 9],11110111011111101001001011100011000001100000100001000010001110000011000011100110,11110111011111101001001011100011000001100000100001000010001110000011000011100110, 2, True, 0.007
node, origami data, Induced Errors, decoded stream, original_origami, error_count, success, decoding time
2, 10110111010111101001001011100011000001100000100001000010001110000011000011100110,[1, 10],11110111011111101001001011100011000001100000100001000010001110000011000011100110,11110111011111101001001011100011000001100000100001000010001110000011000011100110, 2, True, 0.256
node, origami data, Induced Errors, decoded stream, original_origami, error_count, success, decoding time
2, 10110111011011101001001011100011000001100000100001000010001110000011000011100110,[1, 11],11110111011111101001001011100011000001100000100001000010001110000011000011100110,11110111011111101001001011100011000001100000100001000010001110000011000011100110, 2, True, 0.004
node, origami data, Induced Errors, decoded stream, original_origami, error_count, success, decoding time
2, 10110111011101101001001011100011000001100000100001000010001110000011000011100110,[1, 12],11110111011111101001001011100011000001100000100001000010001110000011000011100110,11110111011111101001001011100011000001100000100001000010001110000011000011100110, 2, True, 0.004
node, origami data, Induced Errors, decoded stream, original_origami, error_count, success, decoding time
2, 10110111011110101001001011100011000001100000100001000010001110000011000011100110,[1, 13],11110111011111101001001011100011000001100000100001000010001110000011000011100110,11110111011111101001001011100011000001100000100001000010001110000011000011100110, 2, True, 0.007
node, origami data, Induced Errors, decoded stream, original_origami, error_count, success, decoding time
2, 10110111011111001001001011100011000001100000100001000010001110000011000011100110,[1, 14],11110111011111101001001011100011000001100000100001000010001110000011000011100110,11110111011111101001001011100011000001100000100001000010001110000011000011100110, 2, True, 0.006
node, origami data, Induced Errors, decoded stream, original_origami, error_count, success, decoding time
2, 10110111011111100001001011100011000001100000100001000010001110000011000011100110,[1, 16],11110111011111101001001011100011000001100000100001000010001110000011000011100110,11110111011111101001001011100011000001100000100001000010001110000011000011100110, 2, True, 0.009
node, origami data, Induced Errors, decoded stream, original_origami, error_count, success, decoding time
2, 10110111011111101000001011100011000001100000100001000010001110000011000011100110,[1, 19],11110111011111101001001011100011000001100000100001000010001110000011000011100110,11110111011111101001001011100011000001100000100001000010001110000011000011100110, 2, True, 0.005
node, origami data, Induced Errors, decoded stream, original_origami, error_count, success, decoding time
2, 10110111011111101001000011100011000001100000100001000010001110000011000011100110,[1, 22],11110111011111101001001011100011000001100000100001000010001110000011000011100110,11110111011111101001001011100011000001100000100001000010001110000011000011100110, 2, True, 0.006
node, origami data, Induced Errors, decoded stream, original_origami, error_count, success, decoding time
2, 10110111011111101001001001100011000001100000100001000010001110000011000011100110,[1, 24],11110111011111101001001011100011000001100000100001000010001110000011000011100110,11110111011111101001001011100011000001100000100001000010001110000011000011100110, 2, True, 0.005
node, origami data, Induced Errors, decoded stream, original_origami, error_count, success, decoding time
2, 10110111011111101001001010100011000001100000100001000010001110000011000011100110,[1, 25],11110111011111101001001011100011000001100000100001000010001110000011000011100110,11110111011111101001001011100011000001100000100001000010001110000011000011100110, 2, True, 0.01
node, origami data, Induced Errors, decoded stream, original_origami, error_count, success, decoding time
2, 10110111011111101001001011000011000001100000100001000010001110000011000011100110,[1, 26],11110111011111101001001011100011000001100000100001000010001110000011000011100110,11110111011111101001001011100011000001100000100001000010001110000011000011100110, 2, True, 0.624
node, origami data, Induced Errors, decoded stream, original_origami, error_count, success, decoding time
2, 10110111011111101001001011100001000001100000100001000010001110000011000011100110,[1, 30],11110111011111101001001011100011000001100000100001000010001110000011000011100110,11110111011111101001001011100011000001100000100001000010001110000011000011100110, 2, True, 0.004
node, origami data, Induced Errors, decoded stream, original_origami, error_count, success, decoding time
2, 10110111011111101001001011100010000001100000100001000010001110000011000011100110,[1, 31],11110111011111101001001011100011000001100000100001000010001110000011000011100110,11110111011111101001001011100011000001100000100001000010001110000011000011100110, 2, True, 0.009
node, origami data, Induced Errors, decoded stream, original_origami, error_count, success, decoding time
2, 10110111011111101001001011100011000000100000100001000010001110000011000011100110,[1, 37],11110111011111101001001011100011000001100000100001000010001110000011000011100110,11110111011111101001001011100011000001100000100001000010001110000011000011100110, 2, True, 0.009
node, origami data, Induced Errors, decoded stream, original_origami, error_count, success, decoding time
2, 10110111011111101001001011100011000001000000100001000010001110000011000011100110,[1, 38],11110111011111101001001011100011000001100000100001000010001110000011000011100110,11110111011111101001001011100011000001100000100001000010001110000011000011100110, 2, True, 0.005
node, origami data, Induced Errors, decoded stream, original_origami, error_count, success, decoding time
2, 10110111011111101001001011100011000001100000000001000010001110000011000011100110,[1, 44],11110111011111101001001011100011000001100000100001000010001110000011000011100110,11110111011111101001001011100011000001100000100001000010001110000011000011100110, 2, True, 0.005
node, origami data, Induced Errors, decoded stream, original_origami, error_count, success, decoding time
2, 10110111011111101001001011100011000001100000100000000010001110000011000011100110,[1, 49],11110111011111101001001011100011000001100000100001000010001110000011000011100110,11110111011111101001001011100011000001100000100001000010001110000011000011100110, 2, True, 0.007
node, origami data, Induced Errors, decoded stream, original_origami, error_count, success, decoding time
2, 10110111011111101001001011100011000001100000100001000000001110000011000011100110,[1, 54],11110111011111101001001011100011000001100000100001000010001110000011000011100110,11110111011111101001001011100011000001100000100001000010001110000011000011100110, 2, True, 0.298
node, origami data, Induced Errors, decoded stream, original_origami, error_count, success, decoding time
2, 10110111011111101001001011100011000001100000100001000010000110000011000011100110,[1, 58],11110111011111101001001011100011000001100000100001000010001110000011000011100110,11110111011111101001001011100011000001100000100001000010001110000011000011100110, 2, True, 0.007
node, origami data, Induced Errors, decoded stream, original_origami, error_count, success, decoding time
2, 10110111011111101001001011100011000001100000100001000010001010000011000011100110,[1, 59],11110111011111101001001011100011000001100000100001000010001110000011000011100110,11110111011111101001001011100011000001100000100001000010001110000011000011100110, 2, True, 0.005
node, origami data, Induced Errors, decoded stream, original_origami, error_count, success, decoding time
2, 10110111011111101001001011100011000001100000100001000010001100000011000011100110,[1, 60],11110111011111101001001011100011000001100000100001000010001110000011000011100110,11110111011111101001001011100011000001100000100001000010001110000011000011100110, 2, True, 0.006
node, origami data, Induced Errors, decoded stream, original_origami, error_count, success, decoding time
2, 10110111011111101001001011100011000001100000100001000010001110000001000011100110,[1, 66],11110111011111101001001011100011000001100000100001000010001110000011000011100110,11110111011111101001001011100011000001100000100001000010001110000011000011100110, 2, True, 0.005
node, origami data, Induced Errors, decoded stream, original_origami, error_count, success, decoding time
2, 10110111011111101001001011100011000001100000100001000010001110000010000011100110,[1, 67],11110111011111101001001011100011000001100000100001000010001110000011000011100110,11110111011111101001001011100011000001100000100001000010001110000011000011100110, 2, True, 0.008
node, origami data, Induced Errors, decoded stream, original_origami, error_count, success, decoding time
2, 10110111011111101001001011100011000001100000100001000010001110000011000001100110,[1, 72],11110111011111101001001011100011000001100000100001000010001110000011000011100110,11110111011111101001001011100011000001100000100001000010001110000011000011100110, 2, True, 0.005
node, origami data, Induced Errors, decoded stream, original_origami, error_count, success, decoding time
2, 10110111011111101001001011100011000001100000100001000010001110000011000010100110,[1, 73],11110111011111101001001011100011000001100000100001000010001110000011000011100110,11110111011111101001001011100011000001100000100001000010001110000011000011100110, 2, True, 0.006
node, origami data, Induced Errors, decoded stream, original_origami, error_count, success, decoding time
2, 10110111011111101001001011100011000001100000100001000010001110000011000011000110,[1, 74],11110111011111101001001011100011000001100000100001000010001110000011000011100110,11110111011111101001001011100011000001100000100001000010001110000011000011100110, 2, True, 0.008
node, origami data, Induced Errors, decoded stream, original_origami, error_count, success, decoding time
2, 10110111011111101001001011100011000001100000100001000010001110000011000011100010,[1, 77],11110111011111101001001011100011000001100000100001000010001110000011000011100110,11110111011111101001001011100011000001100000100001000010001110000011000011100110, 2, True, 0.844
node, origami data, Induced Errors, decoded stream, original_origami, error_count, success, decoding time
2, 10110111011111101001001011100011000001100000100001000010001110000011000011100100,[1, 78],11110111011111101001001011100011000001100000100001000010001110000011000011100110,11110111011111101001001011100011000001100000100001000010001110000011000011100110, 2, True, 0.008
node, origami data, Induced Errors, decoded stream, original_origami, error_count, success, decoding time
2, 11000111011111101001001011100011000001100000100001000010001110000011000011100110,[2, 3],11110111011111101001001011100011000001100000100001000010001110000011000011100110,11110111011111101001001011100011000001100000100001000010001110000011000011100110, 2, True, 0.006
node, origami data, Induced Errors, decoded stream, original_origami, error_count, success, decoding time
2, 11010011011111101001001011100011000001100000100001000010001110000011000011100110,[2, 5],11110111011111101001001011100011000001100000100001000010001110000011000011100110,11110111011111101001001011100011000001100000100001000010001110000011000011100110, 2, True, 0.006
node, origami data, Induced Errors, decoded stream, original_origami, error_count, success, decoding time
2, 11010101011111101001001011100011000001100000100001000010001110000011000011100110,[2, 6],11110111011111101001001011100011000001100000100001000010001110000011000011100110,11110111011111101001001011100011000001100000100001000010001110000011000011100110, 2, True, 0.006
node, origami data, Induced Errors, decoded stream, original_origami, error_count, success, decoding time
2, 11010110011111101001001011100011000001100000100001000010001110000011000011100110,[2, 7],11110111011111101001001011100011000001100000100001000010001110000011000011100110,11110111011111101001001011100011000001100000100001000010001110000011000011100110, 2, True, 0.006
node, origami data, Induced Errors, decoded stream, original_origami, error_count, success, decoding time
2, 11010111001111101001001011100011000001100000100001000010001110000011000011100110,[2, 9],11110111011111101001001011100011000001100000100001000010001110000011000011100110,11110111011111101001001011100011000001100000100001000010001110000011000011100110, 2, True, 0.241
node, origami data, Induced Errors, decoded stream, original_origami, error_count, success, decoding time
2, 11010111010111101001001011100011000001100000100001000010001110000011000011100110,[2, 10],11110111011111101001001011100011000001100000100001000010001110000011000011100110,11110111011111101001001011100011000001100000100001000010001110000011000011100110, 2, True, 0.008
node, origami data, Induced Errors, decoded stream, original_origami, error_count, success, decoding time
2, 11010111011011101001001011100011000001100000100001000010001110000011000011100110,[2, 11],11110111011111101001001011100011000001100000100001000010001110000011000011100110,11110111011111101001001011100011000001100000100001000010001110000011000011100110, 2, True, 0.005
node, origami data, Induced Errors, decoded stream, original_origami, error_count, success, decoding time
2, 11010111011101101001001011100011000001100000100001000010001110000011000011100110,[2, 12],11110111011111101001001011100011000001100000100001000010001110000011000011100110,11110111011111101001001011100011000001100000100001000010001110000011000011100110, 2, True, 0.006
node, origami data, Induced Errors, decoded stream, original_origami, error_count, success, decoding time
2, 11010111011110101001001011100011000001100000100001000010001110000011000011100110,[2, 13],11110111011111101001001011100011000001100000100001000010001110000011000011100110,11110111011111101001001011100011000001100000100001000010001110000011000011100110, 2, True, 0.008
node, origami data, Induced Errors, decoded stream, original_origami, error_count, success, decoding time
2, 11010111011111001001001011100011000001100000100001000010001110000011000011100110,[2, 14],11110111011111101001001011100011000001100000100001000010001110000011000011100110,11110111011111101001001011100011000001100000100001000010001110000011000011100110, 2, True, 0.007
node, origami data, Induced Errors, decoded stream, original_origami, error_count, success, decoding time
2, 11010111011111100001001011100011000001100000100001000010001110000011000011100110,[2, 16],11110111011111101001001011100011000001100000100001000010001110000011000011100110,11110111011111101001001011100011000001100000100001000010001110000011000011100110, 2, True, 0.004
node, origami data, Induced Errors, decoded stream, original_origami, error_count, success, decoding time
2, 11010111011111101000001011100011000001100000100001000010001110000011000011100110,[2, 19],11110111011111101001001011100011000001100000100001000010001110000011000011100110,11110111011111101001001011100011000001100000100001000010001110000011000011100110, 2, True, 0.008
node, origami data, Induced Errors, decoded stream, original_origami, error_count, success, decoding time
2, 11010111011111101001000011100011000001100000100001000010001110000011000011100110,[2, 22],11110111011111101001001011100011000001100000100001000010001110000011000011100110,11110111011111101001001011100011000001100000100001000010001110000011000011100110, 2, True, 0.005
node, origami data, Induced Errors, decoded stream, original_origami, error_count, success, decoding time
2, 11010111011111101001001001100011000001100000100001000010001110000011000011100110,[2, 24],11110111011111101001001011100011000001100000100001000010001110000011000011100110,11110111011111101001001011100011000001100000100001000010001110000011000011100110, 2, True, 0.297
node, origami data, Induced Errors, decoded stream, original_origami, error_count, success, decoding time
2, 11010111011111101001001010100011000001100000100001000010001110000011000011100110,[2, 25],11110111011111101001001011100011000001100000100001000010001110000011000011100110,11110111011111101001001011100011000001100000100001000010001110000011000011100110, 2, True, 1.108
node, origami data, Induced Errors, decoded stream, original_origami, error_count, success, decoding time
2, 11010111011111101001001011000011000001100000100001000010001110000011000011100110,[2, 26],11110111011111101001001011100011000001100000100001000010001110000011000011100110,11110111011111101001001011100011000001100000100001000010001110000011000011100110, 2, True, 0.009
node, origami data, Induced Errors, decoded stream, original_origami, error_count, success, decoding time
2, 11010111011111101001001011100001000001100000100001000010001110000011000011100110,[2, 30],11110111011111101001001011100011000001100000100001000010001110000011000011100110,11110111011111101001001011100011000001100000100001000010001110000011000011100110, 2, True, 0.009
node, origami data, Induced Errors, decoded stream, original_origami, error_count, success, decoding time
2, 11010111011111101001001011100010000001100000100001000010001110000011000011100110,[2, 31],11110111011111101001001011100011000001100000100001000010001110000011000011100110,11110111011111101001001011100011000001100000100001000010001110000011000011100110, 2, True, 0.007
node, origami data, Induced Errors, decoded stream, original_origami, error_count, success, decoding time
2, 11010111011111101001001011100011000000100000100001000010001110000011000011100110,[2, 37],11110111011111101001001011100011000001100000100001000010001110000011000011100110,11110111011111101001001011100011000001100000100001000010001110000011000011100110, 2, True, 0.644
node, origami data, Induced Errors, decoded stream, original_origami, error_count, success, decoding time
2, 11010111011111101001001011100011000001000000100001000010001110000011000011100110,[2, 38],11110111011111101001001011100011000001100000100001000010001110000011000011100110,11110111011111101001001011100011000001100000100001000010001110000011000011100110, 2, True, 0.007
node, origami data, Induced Errors, decoded stream, original_origami, error_count, success, decoding time
2, 11010111011111101001001011100011000001100000000001000010001110000011000011100110,[2, 44],11110111011111101001001011100011000001100000100001000010001110000011000011100110,11110111011111101001001011100011000001100000100001000010001110000011000011100110, 2, True, 0.004
node, origami data, Induced Errors, decoded stream, original_origami, error_count, success, decoding time
2, 11010111011111101001001011100011000001100000100000000010001110000011000011100110,[2, 49],11110111011111101001001011100011000001100000100001000010001110000011000011100110,11110111011111101001001011100011000001100000100001000010001110000011000011100110, 2, True, 0.011
node, origami data, Induced Errors, decoded stream, original_origami, error_count, success, decoding time
2, 11010111011111101001001011100011000001100000100001000000001110000011000011100110,[2, 54],11110111011111101001001011100011000001100000100001000010001110000011000011100110,11110111011111101001001011100011000001100000100001000010001110000011000011100110, 2, True, 0.008
node, origami data, Induced Errors, decoded stream, original_origami, error_count, success, decoding time
2, 11010111011111101001001011100011000001100000100001000010000110000011000011100110,[2, 58],11110111011111101001001011100011000001100000100001000010001110000011000011100110,11110111011111101001001011100011000001100000100001000010001110000011000011100110, 2, True, 0.004
node, origami data, Induced Errors, decoded stream, original_origami, error_count, success, decoding time
2, 11010111011111101001001011100011000001100000100001000010001010000011000011100110,[2, 59],11110111011111101001001011100011000001100000100001000010001110000011000011100110,11110111011111101001001011100011000001100000100001000010001110000011000011100110, 2, True, 0.005
node, origami data, Induced Errors, decoded stream, original_origami, error_count, success, decoding time
2, 11010111011111101001001011100011000001100000100001000010001100000011000011100110,[2, 60],11110111011111101001001011100011000001100000100001000010001110000011000011100110,11110111011111101001001011100011000001100000100001000010001110000011000011100110, 2, True, 0.307
node, origami data, Induced Errors, decoded stream, original_origami, error_count, success, decoding time
2, 11010111011111101001001011100011000001100000100001000010001110000001000011100110,[2, 66],11110111011111101001001011100011000001100000100001000010001110000011000011100110,11110111011111101001001011100011000001100000100001000010001110000011000011100110, 2, True, 0.004
node, origami data, Induced Errors, decoded stream, original_origami, error_count, success, decoding time
2, 11010111011111101001001011100011000001100000100001000010001110000010000011100110,[2, 67],11110111011111101001001011100011000001100000100001000010001110000011000011100110,11110111011111101001001011100011000001100000100001000010001110000011000011100110, 2, True, 0.006
node, origami data, Induced Errors, decoded stream, original_origami, error_count, success, decoding time
2, 11010111011111101001001011100011000001100000100001000010001110000011000001100110,[2, 72],11110111011111101001001011100011000001100000100001000010001110000011000011100110,11110111011111101001001011100011000001100000100001000010001110000011000011100110, 2, True, 0.006
node, origami data, Induced Errors, decoded stream, original_origami, error_count, success, decoding time
2, 11010111011111101001001011100011000001100000100001000010001110000011000010100110,[2, 73],11110111011111101001001011100011000001100000100001000010001110000011000011100110,11110111011111101001001011100011000001100000100001000010001110000011000011100110, 2, True, 0.009
node, origami data, Induced Errors, decoded stream, original_origami, error_count, success, decoding time
2, 11010111011111101001001011100011000001100000100001000010001110000011000011000110,[2, 74],11110111011111101001001011100011000001100000100001000010001110000011000011100110,11110111011111101001001011100011000001100000100001000010001110000011000011100110, 2, True, 0.006
node, origami data, Induced Errors, decoded stream, original_origami, error_count, success, decoding time
2, 11010111011111101001001011100011000001100000100001000010001110000011000011100010,[2, 77],11110111011111101001001011100011000001100000100001000010001110000011000011100110,11110111011111101001001011100011000001100000100001000010001110000011000011100110, 2, True, 0.008
node, origami data, Induced Errors, decoded stream, original_origami, error_count, success, decoding time
2, 11010111011111101001001011100011000001100000100001000010001110000011000011100100,[2, 78],01010111011111111011001011100011000001100100100001010011001110000111000011100100,11110111011111101001001011100011000001100000100001000010001110000011000011100110, 7, False, 0.013
node, origami data, Induced Errors, decoded stream, original_origami, error_count, success, decoding time
2, 11100011011111101001001011100011000001100000100001000010001110000011000011100110,[3, 5],11110111011111101001001011100011000001100000100001000010001110000011000011100110,11110111011111101001001011100011000001100000100001000010001110000011000011100110, 2, True, 0.381
node, origami data, Induced Errors, decoded stream, original_origami, error_count, success, decoding time
2, 11100101011111101001001011100011000001100000100001000010001110000011000011100110,[3, 6],11110111011111101001001011100011000001100000100001000010001110000011000011100110,11110111011111101001001011100011000001100000100001000010001110000011000011100110, 2, True, 0.011
node, origami data, Induced Errors, decoded stream, original_origami, error_count, success, decoding time
2, 11100110011111101001001011100011000001100000100001000010001110000011000011100110,[3, 7],11110111011111101001001011100011000001100000100001000010001110000011000011100110,11110111011111101001001011100011000001100000100001000010001110000011000011100110, 2, True, 0.006
node, origami data, Induced Errors, decoded stream, original_origami, error_count, success, decoding time
2, 11100111001111101001001011100011000001100000100001000010001110000011000011100110,[3, 9],11110111011111101001001011100011000001100000100001000010001110000011000011100110,11110111011111101001001011100011000001100000100001000010001110000011000011100110, 2, True, 0.007
node, origami data, Induced Errors, decoded stream, original_origami, error_count, success, decoding time
2, 11100111010111101001001011100011000001100000100001000010001110000011000011100110,[3, 10],11110111011111101001001011100011000001100000100001000010001110000011000011100110,11110111011111101001001011100011000001100000100001000010001110000011000011100110, 2, True, 0.42
node, origami data, Induced Errors, decoded stream, original_origami, error_count, success, decoding time
2, 11100111011011101001001011100011000001100000100001000010001110000011000011100110,[3, 11],11110111011111101001001011100011000001100000100001000010001110000011000011100110,11110111011111101001001011100011000001100000100001000010001110000011000011100110, 2, True, 0.005
node, origami data, Induced Errors, decoded stream, original_origami, error_count, success, decoding time
2, 11100111011101101001001011100011000001100000100001000010001110000011000011100110,[3, 12],11110111011111101001001011100011000001100000100001000010001110000011000011100110,11110111011111101001001011100011000001100000100001000010001110000011000011100110, 2, True, 0.008
node, origami data, Induced Errors, decoded stream, original_origami, error_count, success, decoding time
2, 11100111011110101001001011100011000001100000100001000010001110000011000011100110,[3, 13],11110111011111101001001011100011000001100000100001000010001110000011000011100110,11110111011111101001001011100011000001100000100001000010001110000011000011100110, 2, True, 0.007
node, origami data, Induced Errors, decoded stream, original_origami, error_count, success, decoding time
2, 11100111011111001001001011100011000001100000100001000010001110000011000011100110,[3, 14],11110111011111101001001011100011000001100000100001000010001110000011000011100110,11110111011111101001001011100011000001100000100001000010001110000011000011100110, 2, True, 0.006
node, origami data, Induced Errors, decoded stream, original_origami, error_count, success, decoding time
2, 11100111011111100001001011100011000001100000100001000010001110000011000011100110,[3, 16],11110111011111101001001011100011000001100000100001000010001110000011000011100110,11110111011111101001001011100011000001100000100001000010001110000011000011100110, 2, True, 0.005
node, origami data, Induced Errors, decoded stream, original_origami, error_count, success, decoding time
2, 11100111011111101000001011100011000001100000100001000010001110000011000011100110,[3, 19],11110111011111101001001011100011000001100000100001000010001110000011000011100110,11110111011111101001001011100011000001100000100001000010001110000011000011100110, 2, True, 0.007
node, origami data, Induced Errors, decoded stream, original_origami, error_count, success, decoding time
2, 11100111011111101001000011100011000001100000100001000010001110000011000011100110,[3, 22],11110111011111101001001011100011000001100000100001000010001110000011000011100110,11110111011111101001001011100011000001100000100001000010001110000011000011100110, 2, True, 0.809
node, origami data, Induced Errors, decoded stream, original_origami, error_count, success, decoding time
2, 11100111011111101001001001100011000001100000100001000010001110000011000011100110,[3, 24],11110111011111101001001011100011000001100000100001000010001110000011000011100110,11110111011111101001001011100011000001100000100001000010001110000011000011100110, 2, True, 0.007
node, origami data, Induced Errors, decoded stream, original_origami, error_count, success, decoding time
2, 11100111011111101001001010100011000001100000100001000010001110000011000011100110,[3, 25],11110111011111101001001011100011000001100000100001000010001110000011000011100110,11110111011111101001001011100011000001100000100001000010001110000011000011100110, 2, True, 0.007
node, origami data, Induced Errors, decoded stream, original_origami, error_count, success, decoding time
2, 11100111011111101001001011000011000001100000100001000010001110000011000011100110,[3, 26],11110111011111101001001011100011000001100000100001000010001110000011000011100110,11110111011111101001001011100011000001100000100001000010001110000011000011100110, 2, True, 0.011
node, origami data, Induced Errors, decoded stream, original_origami, error_count, success, decoding time
2, 11100111011111101001001011100001000001100000100001000010001110000011000011100110,[3, 30],11110111011111101001001011100011000001100000100001000010001110000011000011100110,11110111011111101001001011100011000001100000100001000010001110000011000011100110, 2, True, 0.004
node, origami data, Induced Errors, decoded stream, original_origami, error_count, success, decoding time
2, 11100111011111101001001011100010000001100000100001000010001110000011000011100110,[3, 31],11110111011111101001001011100011000001100000100001000010001110000011000011100110,11110111011111101001001011100011000001100000100001000010001110000011000011100110, 2, True, 0.007
node, origami data, Induced Errors, decoded stream, original_origami, error_count, success, decoding time
2, 11100111011111101001001011100011000000100000100001000010001110000011000011100110,[3, 37],11110111011111101001001011100011000001100000100001000010001110000011000011100110,11110111011111101001001011100011000001100000100001000010001110000011000011100110, 2, True, 0.005
node, origami data, Induced Errors, decoded stream, original_origami, error_count, success, decoding time
2, 11100111011111101001001011100011000001000000100001000010001110000011000011100110,[3, 38],11110111011111101001001011100011000001100000100001000010001110000011000011100110,11110111011111101001001011100011000001100000100001000010001110000011000011100110, 2, True, 0.007
node, origami data, Induced Errors, decoded stream, original_origami, error_count, success, decoding time
2, 11100111011111101001001011100011000001100000000001000010001110000011000011100110,[3, 44],11110111011111101001001011100011000001100000100001000010001110000011000011100110,11110111011111101001001011100011000001100000100001000010001110000011000011100110, 2, True, 0.012
node, origami data, Induced Errors, decoded stream, original_origami, error_count, success, decoding time
2, 11100111011111101001001011100011000001100000100000000010001110000011000011100110,[3, 49],11110111011111101001001011100011000001100000100001000010001110000011000011100110,11110111011111101001001011100011000001100000100001000010001110000011000011100110, 2, True, 0.531
node, origami data, Induced Errors, decoded stream, original_origami, error_count, success, decoding time
2, 11100111011111101001001011100011000001100000100001000000001110000011000011100110,[3, 54],11110111011111101001001011100011000001100000100001000010001110000011000011100110,11110111011111101001001011100011000001100000100001000010001110000011000011100110, 2, True, 0.006
node, origami data, Induced Errors, decoded stream, original_origami, error_count, success, decoding time
2, 11100111011111101001001011100011000001100000100001000010000110000011000011100110,[3, 58],11110111011111101001001011100011000001100000100001000010001110000011000011100110,11110111011111101001001011100011000001100000100001000010001110000011000011100110, 2, True, 0.005
node, origami data, Induced Errors, decoded stream, original_origami, error_count, success, decoding time
2, 11100111011111101001001011100011000001100000100001000010001010000011000011100110,[3, 59],11100111011111111011001011100011100001100000100001000010001110010111000011100011,11110111011111101001001011100011000001100000100001000010001110000011000011100110, 8, False, 0.697
node, origami data, Induced Errors, decoded stream, original_origami, error_count, success, decoding time
2, 11100111011111101001001011100011000001100000100001000010001100000011000011100110,[3, 60],11110111011111101001001011100011000001100000100001000010001110000011000011100110,11110111011111101001001011100011000001100000100001000010001110000011000011100110, 2, True, 0.005
node, origami data, Induced Errors, decoded stream, original_origami, error_count, success, decoding time
2, 11100111011111101001001011100011000001100000100001000010001110000001000011100110,[3, 66],11110111011111101001001011100011000001100000100001000010001110000011000011100110,11110111011111101001001011100011000001100000100001000010001110000011000011100110, 2, True, 0.006
node, origami data, Induced Errors, decoded stream, original_origami, error_count, success, decoding time
2, 11100111011111101001001011100011000001100000100001000010001110000010000011100110,[3, 67],11110111011111101001001011100011000001100000100001000010001110000011000011100110,11110111011111101001001011100011000001100000100001000010001110000011000011100110, 2, True, 0.008
node, origami data, Induced Errors, decoded stream, original_origami, error_count, success, decoding time
2, 11100111011111101001001011100011000001100000100001000010001110000011000001100110,[3, 72],11110111011111101001001011100011000001100000100001000010001110000011000011100110,11110111011111101001001011100011000001100000100001000010001110000011000011100110, 2, True, 0.006
node, origami data, Induced Errors, decoded stream, original_origami, error_count, success, decoding time
2, 11100111011111101001001011100011000001100000100001000010001110000011000010100110,[3, 73],11110111011111101001001011100011000001100000100001000010001110000011000011100110,11110111011111101001001011100011000001100000100001000010001110000011000011100110, 2, True, 0.008
node, origami data, Induced Errors, decoded stream, original_origami, error_count, success, decoding time
2, 11100111011111101001001011100011000001100000100001000010001110000011000011000110,[3, 74],11110111011111101001001011100011000001100000100001000010001110000011000011100110,11110111011111101001001011100011000001100000100001000010001110000011000011100110, 2, True, 0.011
node, origami data, Induced Errors, decoded stream, original_origami, error_count, success, decoding time
2, 11100111011111101001001011100011000001100000100001000010001110000011000011100010,[3, 77],11110111011111101001001011100011000001100000100001000010001110000011000011100110,11110111011111101001001011100011000001100000100001000010001110000011000011100110, 2, True, 0.007
node, origami data, Induced Errors, decoded stream, original_origami, error_count, success, decoding time
2, 11100111011111101001001011100011000001100000100001000010001110000011000011100100,[3, 78],11110111011111101001001011100011000001100000100001000010001110000011000011100110,11110111011111101001001011100011000001100000100001000010001110000011000011100110, 2, True, 0.008
node, origami data, Induced Errors, decoded stream, original_origami, error_count, success, decoding time
2, 11110001011111101001001011100011000001100000100001000010001110000011000011100110,[5, 6],11110111011111101001001011100011000001100000100001000010001110000011000011100110,11110111011111101001001011100011000001100000100001000010001110000011000011100110, 2, True, 0.004
node, origami data, Induced Errors, decoded stream, original_origami, error_count, success, decoding time
2, 11110010011111101001001011100011000001100000100001000010001110000011000011100110,[5, 7],11110111011111101001001011100011000001100000100001000010001110000011000011100110,11110111011111101001001011100011000001100000100001000010001110000011000011100110, 2, True, 0.01
node, origami data, Induced Errors, decoded stream, original_origami, error_count, success, decoding time
2, 11110011001111101001001011100011000001100000100001000010001110000011000011100110,[5, 9],11110111011111101001001011100011000001100000100001000010001110000011000011100110,11110111011111101001001011100011000001100000100001000010001110000011000011100110, 2, True, 0.013
node, origami data, Induced Errors, decoded stream, original_origami, error_count, success, decoding time
2, 11110011010111101001001011100011000001100000100001000010001110000011000011100110,[5, 10],11110111011111101001001011100011000001100000100001000010001110000011000011100110,11110111011111101001001011100011000001100000100001000010001110000011000011100110, 2, True, 0.007
node, origami data, Induced Errors, decoded stream, original_origami, error_count, success, decoding time
2, 11110011011011101001001011100011000001100000100001000010001110000011000011100110,[5, 11],11110111011111101001001011100011000001100000100001000010001110000011000011100110,11110111011111101001001011100011000001100000100001000010001110000011000011100110, 2, True, 0.004
node, origami data, Induced Errors, decoded stream, original_origami, error_count, success, decoding time
2, 11110011011101101001001011100011000001100000100001000010001110000011000011100110,[5, 12],11110111011111101001001011100011000001100000100001000010001110000011000011100110,11110111011111101001001011100011000001100000100001000010001110000011000011100110, 2, True, 0.005
node, origami data, Induced Errors, decoded stream, original_origami, error_count, success, decoding time
2, 11110011011110101001001011100011000001100000100001000010001110000011000011100110,[5, 13],11110111011111101001001011100011000001100000100001000010001110000011000011100110,11110111011111101001001011100011000001100000100001000010001110000011000011100110, 2, True, 0.004
node, origami data, Induced Errors, decoded stream, original_origami, error_count, success, decoding time
2, 11110011011111001001001011100011000001100000100001000010001110000011000011100110,[5, 14],11110111011111101001001011100011000001100000100001000010001110000011000011100110,11110111011111101001001011100011000001100000100001000010001110000011000011100110, 2, True, 0.003
node, origami data, Induced Errors, decoded stream, original_origami, error_count, success, decoding time
2, 11110011011111100001001011100011000001100000100001000010001110000011000011100110,[5, 16],11110111011111101001001011100011000001100000100001000010001110000011000011100110,11110111011111101001001011100011000001100000100001000010001110000011000011100110, 2, True, 0.007
node, origami data, Induced Errors, decoded stream, original_origami, error_count, success, decoding time
2, 11110011011111101000001011100011000001100000100001000010001110000011000011100110,[5, 19],11110111011111101001001011100011000001100000100001000010001110000011000011100110,11110111011111101001001011100011000001100000100001000010001110000011000011100110, 2, True, 0.005
node, origami data, Induced Errors, decoded stream, original_origami, error_count, success, decoding time
2, 11110011011111101001000011100011000001100000100001000010001110000011000011100110,[5, 22],11110111011111101001001011100011000001100000100001000010001110000011000011100110,11110111011111101001001011100011000001100000100001000010001110000011000011100110, 2, True, 0.377
node, origami data, Induced Errors, decoded stream, original_origami, error_count, success, decoding time
2, 11110011011111101001001001100011000001100000100001000010001110000011000011100110,[5, 24],11110111011111101001001011100011000001100000100001000010001110000011000011100110,11110111011111101001001011100011000001100000100001000010001110000011000011100110, 2, True, 0.005
node, origami data, Induced Errors, decoded stream, original_origami, error_count, success, decoding time
2, 11110011011111101001001010100011000001100000100001000010001110000011000011100110,[5, 25],11110111011111101101001010100011000001110000100001001110001110000111100011100110,11110111011111101001001011100011000001100000100001000010001110000011000011100110, 7, False, 0.041
node, origami data, Induced Errors, decoded stream, original_origami, error_count, success, decoding time
2, 11110011011111101001001011000011000001100000100001000010001110000011000011100110,[5, 26],11110111011111101001001011100011000001100000100001000010001110000011000011100110,11110111011111101001001011100011000001100000100001000010001110000011000011100110, 2, True, 0.315
node, origami data, Induced Errors, decoded stream, original_origami, error_count, success, decoding time
2, 11110011011111101001001011100001000001100000100001000010001110000011000011100110,[5, 30],11110111011111101001001011100011000001100000100001000010001110000011000011100110,11110111011111101001001011100011000001100000100001000010001110000011000011100110, 2, True, 0.006
node, origami data, Induced Errors, decoded stream, original_origami, error_count, success, decoding time
2, 11110011011111101001001011100010000001100000100001000010001110000011000011100110,[5, 31],11110111011111101001001011100011000001100000100001000010001110000011000011100110,11110111011111101001001011100011000001100000100001000010001110000011000011100110, 2, True, 0.003
node, origami data, Induced Errors, decoded stream, original_origami, error_count, success, decoding time
2, 11110011011111101001001011100011000000100000100001000010001110000011000011100110,[5, 37],11110111011111101001001011100011000001100000100001000010001110000011000011100110,11110111011111101001001011100011000001100000100001000010001110000011000011100110, 2, True, 0.006
node, origami data, Induced Errors, decoded stream, original_origami, error_count, success, decoding time
2, 11110011011111101001001011100011000001000000100001000010001110000011000011100110,[5, 38],11110111011111101001001011100011000001100000100001000010001110000011000011100110,11110111011111101001001011100011000001100000100001000010001110000011000011100110, 2, True, 0.004
node, origami data, Induced Errors, decoded stream, original_origami, error_count, success, decoding time
2, 11110011011111101001001011100011000001100000000001000010001110000011000011100110,[5, 44],11110111011111101001001011100011000001100000100001000010001110000011000011100110,11110111011111101001001011100011000001100000100001000010001110000011000011100110, 2, True, 0.006
node, origami data, Induced Errors, decoded stream, original_origami, error_count, success, decoding time
2, 11110011011111101001001011100011000001100000100000000010001110000011000011100110,[5, 49],11110111011111101001001011100011000001100000100001000010001110000011000011100110,11110111011111101001001011100011000001100000100001000010001110000011000011100110, 2, True, 0.31
node, origami data, Induced Errors, decoded stream, original_origami, error_count, success, decoding time
2, 11110011011111101001001011100011000001100000100001000000001110000011000011100110,[5, 54],11110111011111101001001011100011000001100000100001000010001110000011000011100110,11110111011111101001001011100011000001100000100001000010001110000011000011100110, 2, True, 0.578
node, origami data, Induced Errors, decoded stream, original_origami, error_count, success, decoding time
2, 11110011011111101001001011100011000001100000100001000010000110000011000011100110,[5, 58],11110111011111101001001011100011000001100000100001000010001110000011000011100110,11110111011111101001001011100011000001100000100001000010001110000011000011100110, 2, True, 0.007
node, origami data, Induced Errors, decoded stream, original_origami, error_count, success, decoding time
2, 11110011011111101001001011100011000001100000100001000010001010000011000011100110,[5, 59],11110111011111101001001011100011000001100000100001000010001110000011000011100110,11110111011111101001001011100011000001100000100001000010001110000011000011100110, 2, True, 0.008
node, origami data, Induced Errors, decoded stream, original_origami, error_count, success, decoding time
2, 11110011011111101001001011100011000001100000100001000010001100000011000011100110,[5, 60],11110111011111101001001011100011000001100000100001000010001110000011000011100110,11110111011111101001001011100011000001100000100001000010001110000011000011100110, 2, True, 0.588
node, origami data, Induced Errors, decoded stream, original_origami, error_count, success, decoding time
2, 11110011011111101001001011100011000001100000100001000010001110000001000011100110,[5, 66],11110111011111101001001011100011000001100000100001000010001110000011000011100110,11110111011111101001001011100011000001100000100001000010001110000011000011100110, 2, True, 0.004
node, origami data, Induced Errors, decoded stream, original_origami, error_count, success, decoding time
2, 11110011011111101001001011100011000001100000100001000010001110000010000011100110,[5, 67],11110111011111101001001011100011000001100000100001000010001110000011000011100110,11110111011111101001001011100011000001100000100001000010001110000011000011100110, 2, True, 0.007
node, origami data, Induced Errors, decoded stream, original_origami, error_count, success, decoding time
2, 11110011011111101001001011100011000001100000100001000010001110000011000001100110,[5, 72],11110111011111101001001011100011000001100000100001000010001110000011000011100110,11110111011111101001001011100011000001100000100001000010001110000011000011100110, 2, True, 0.009
node, origami data, Induced Errors, decoded stream, original_origami, error_count, success, decoding time
2, 11110011011111101001001011100011000001100000100001000010001110000011000010100110,[5, 73],11110111011111101001001011100011000001100000100001000010001110000011000011100110,11110111011111101001001011100011000001100000100001000010001110000011000011100110, 2, True, 0.011
node, origami data, Induced Errors, decoded stream, original_origami, error_count, success, decoding time
2, 11110011011111101001001011100011000001100000100001000010001110000011000011000110,[5, 74],11110111011111101001001011100011000001100000100001000010001110000011000011100110,11110111011111101001001011100011000001100000100001000010001110000011000011100110, 2, True, 0.005
node, origami data, Induced Errors, decoded stream, original_origami, error_count, success, decoding time
2, 11110011011111101001001011100011000001100000100001000010001110000011000011100010,[5, 77],11110111011111101001001011100011000001100000100001000010001110000011000011100110,11110111011111101001001011100011000001100000100001000010001110000011000011100110, 2, True, 0.008
node, origami data, Induced Errors, decoded stream, original_origami, error_count, success, decoding time
2, 11110011011111101001001011100011000001100000100001000010001110000011000011100100,[5, 78],11110111011111101001001011100011000001100000100001000010001110000011000011100110,11110111011111101001001011100011000001100000100001000010001110000011000011100110, 2, True, 0.01
node, origami data, Induced Errors, decoded stream, original_origami, error_count, success, decoding time
2, 11110100011111101001001011100011000001100000100001000010001110000011000011100110,[6, 7],11110111011111101001001011100011000001100000100001000010001110000011000011100110,11110111011111101001001011100011000001100000100001000010001110000011000011100110, 2, True, 0.008
node, origami data, Induced Errors, decoded stream, original_origami, error_count, success, decoding time
2, 11110101001111101001001011100011000001100000100001000010001110000011000011100110,[6, 9],11110111011111101001001011100011000001100000100001000010001110000011000011100110,11110111011111101001001011100011000001100000100001000010001110000011000011100110, 2, True, 0.006
node, origami data, Induced Errors, decoded stream, original_origami, error_count, success, decoding time
2, 11110101010111101001001011100011000001100000100001000010001110000011000011100110,[6, 10],11110111011111101001001011100011000001100000100001000010001110000011000011100110,11110111011111101001001011100011000001100000100001000010001110000011000011100110, 2, True, 0.01
node, origami data, Induced Errors, decoded stream, original_origami, error_count, success, decoding time
2, 11110101011011101001001011100011000001100000100001000010001110000011000011100110,[6, 11],11110111011111101001001011100011000001100000100001000010001110000011000011100110,11110111011111101001001011100011000001100000100001000010001110000011000011100110, 2, True, 0.006
node, origami data, Induced Errors, decoded stream, original_origami, error_count, success, decoding time
2, 11110101011101101001001011100011000001100000100001000010001110000011000011100110,[6, 12],11110111011111101001001011100011000001100000100001000010001110000011000011100110,11110111011111101001001011100011000001100000100001000010001110000011000011100110, 2, True, 0.005
node, origami data, Induced Errors, decoded stream, original_origami, error_count, success, decoding time
2, 11110101011110101001001011100011000001100000100001000010001110000011000011100110,[6, 13],11110111011111101001001011100011000001100000100001000010001110000011000011100110,11110111011111101001001011100011000001100000100001000010001110000011000011100110, 2, True, 0.004
node, origami data, Induced Errors, decoded stream, original_origami, error_count, success, decoding time
2, 11110101011111001001001011100011000001100000100001000010001110000011000011100110,[6, 14],11110111011111101001001011100011000001100000100001000010001110000011000011100110,11110111011111101001001011100011000001100000100001000010001110000011000011100110, 2, True, 0.006
node, origami data, Induced Errors, decoded stream, original_origami, error_count, success, decoding time
2, 11110101011111100001001011100011000001100000100001000010001110000011000011100110,[6, 16],11110111011111101001001011100011000001100000100001000010001110000011000011100110,11110111011111101001001011100011000001100000100001000010001110000011000011100110, 2, True, 0.003
node, origami data, Induced Errors, decoded stream, original_origami, error_count, success, decoding time
2, 11110101011111101000001011100011000001100000100001000010001110000011000011100110,[6, 19],11110111011111101001001011100011000001100000100001000010001110000011000011100110,11110111011111101001001011100011000001100000100001000010001110000011000011100110, 2, True, 0.004
node, origami data, Induced Errors, decoded stream, original_origami, error_count, success, decoding time
2, 11110101011111101001000011100011000001100000100001000010001110000011000011100110,[6, 22],11110111011111101001001011100011000001100000100001000010001110000011000011100110,11110111011111101001001011100011000001100000100001000010001110000011000011100110, 2, True, 0.007
node, origami data, Induced Errors, decoded stream, original_origami, error_count, success, decoding time
2, 11110101011111101001001001100011000001100000100001000010001110000011000011100110,[6, 24],11110111011111101001001011100011000001100000100001000010001110000011000011100110,11110111011111101001001011100011000001100000100001000010001110000011000011100110, 2, True, 0.01
node, origami data, Induced Errors, decoded stream, original_origami, error_count, success, decoding time
2, 11110101011111101001001010100011000001100000100001000010001110000011000011100110,[6, 25],11110111011111101001001011100011000001100000100001000010001110000011000011100110,11110111011111101001001011100011000001100000100001000010001110000011000011100110, 2, True, 0.004
node, origami data, Induced Errors, decoded stream, original_origami, error_count, success, decoding time
2, 11110101011111101001001011000011000001100000100001000010001110000011000011100110,[6, 26],11110111011111101001001011100011000001100000100001000010001110000011000011100110,11110111011111101001001011100011000001100000100001000010001110000011000011100110, 2, True, 0.295
node, origami data, Induced Errors, decoded stream, original_origami, error_count, success, decoding time
2, 11110101011111101001001011100001000001100000100001000010001110000011000011100110,[6, 30],11110111011111101001001011100011000001100000100001000010001110000011000011100110,11110111011111101001001011100011000001100000100001000010001110000011000011100110, 2, True, 0.008
node, origami data, Induced Errors, decoded stream, original_origami, error_count, success, decoding time
2, 11110101011111101001001011100010000001100000100001000010001110000011000011100110,[6, 31],11110111011111101001001011100011000001100000100001000010001110000011000011100110,11110111011111101001001011100011000001100000100001000010001110000011000011100110, 2, True, 0.003
node, origami data, Induced Errors, decoded stream, original_origami, error_count, success, decoding time
2, 11110101011111101001001011100011000000100000100001000010001110000011000011100110,[6, 37],11110111011111101001001011100011000001100000100001000010001110000011000011100110,11110111011111101001001011100011000001100000100001000010001110000011000011100110, 2, True, 0.524
node, origami data, Induced Errors, decoded stream, original_origami, error_count, success, decoding time
2, 11110101011111101001001011100011000001000000100001000010001110000011000011100110,[6, 38],11110111011111101001001011100011000001100000100001000010001110000011000011100110,11110111011111101001001011100011000001100000100001000010001110000011000011100110, 2, True, 0.009
node, origami data, Induced Errors, decoded stream, original_origami, error_count, success, decoding time
2, 11110101011111101001001011100011000001100000000001000010001110000011000011100110,[6, 44],11110111011111101001001011100011000001100000100001000010001110000011000011100110,11110111011111101001001011100011000001100000100001000010001110000011000011100110, 2, True, 0.247
node, origami data, Induced Errors, decoded stream, original_origami, error_count, success, decoding time
2, 11110101011111101001001011100011000001100000100000000010001110000011000011100110,[6, 49],11110111011111101001001011100011000001100000100001000010001110000011000011100110,11110111011111101001001011100011000001100000100001000010001110000011000011100110, 2, True, 0.008
node, origami data, Induced Errors, decoded stream, original_origami, error_count, success, decoding time
2, 11110101011111101001001011100011000001100000100001000000001110000011000011100110,[6, 54],01110101011111101111111011100011000011100110100001000000001110000011000011100110,11110111011111101001001011100011000001100000100001000010001110000011000011100110, 8, False, 0.793
node, origami data, Induced Errors, decoded stream, original_origami, error_count, success, decoding time
2, 11110101011111101001001011100011000001100000100001000010000110000011000011100110,[6, 58],11110111011111101001001011100011000001100000100001000010001110000011000011100110,11110111011111101001001011100011000001100000100001000010001110000011000011100110, 2, True, 0.005
node, origami data, Induced Errors, decoded stream, original_origami, error_count, success, decoding time
2, 11110101011111101001001011100011000001100000100001000010001010000011000011100110,[6, 59],11110111011111101001001011100011000001100000100001000010001110000011000011100110,11110111011111101001001011100011000001100000100001000010001110000011000011100110, 2, True, 0.007
node, origami data, Induced Errors, decoded stream, original_origami, error_count, success, decoding time
2, 11110101011111101001001011100011000001100000100001000010001100000011000011100110,[6, 60],11110111011111101001001011100011000001100000100001000010001110000011000011100110,11110111011111101001001011100011000001100000100001000010001110000011000011100110, 2, True, 0.19
node, origami data, Induced Errors, decoded stream, original_origami, error_count, success, decoding time
2, 11110101011111101001001011100011000001100000100001000010001110000001000011100110,[6, 66],11110111011111101001001011100011000001100000100001000010001110000011000011100110,11110111011111101001001011100011000001100000100001000010001110000011000011100110, 2, True, 0.003
node, origami data, Induced Errors, decoded stream, original_origami, error_count, success, decoding time
2, 11110101011111101001001011100011000001100000100001000010001110000010000011100110,[6, 67],11110111011111101001001011100011000001100000100001000010001110000011000011100110,11110111011111101001001011100011000001100000100001000010001110000011000011100110, 2, True, 0.006
node, origami data, Induced Errors, decoded stream, original_origami, error_count, success, decoding time
2, 11110101011111101001001011100011000001100000100001000010001110000011000001100110,[6, 72],11110111011111101001001011100011000001100000100001000010001110000011000011100110,11110111011111101001001011100011000001100000100001000010001110000011000011100110, 2, True, 0.007
node, origami data, Induced Errors, decoded stream, original_origami, error_count, success, decoding time
2, 11110101011111101001001011100011000001100000100001000010001110000011000010100110,[6, 73],11110111011111101001001011100011000001100000100001000010001110000011000011100110,11110111011111101001001011100011000001100000100001000010001110000011000011100110, 2, True, 0.006
node, origami data, Induced Errors, decoded stream, original_origami, error_count, success, decoding time
2, 11110101011111101001001011100011000001100000100001000010001110000011000011000110,[6, 74],11110111011111101001001011100011000001100000100001000010001110000011000011100110,11110111011111101001001011100011000001100000100001000010001110000011000011100110, 2, True, 0.006
node, origami data, Induced Errors, decoded stream, original_origami, error_count, success, decoding time
2, 11110101011111101001001011100011000001100000100001000010001110000011000011100010,[6, 77],11110111011111101001001011100011000001100000100001000010001110000011000011100110,11110111011111101001001011100011000001100000100001000010001110000011000011100110, 2, True, 0.01
node, origami data, Induced Errors, decoded stream, original_origami, error_count, success, decoding time
2, 11110101011111101001001011100011000001100000100001000010001110000011000011100100,[6, 78],11110111011111101001001011100011000001100000100001000010001110000011000011100110,11110111011111101001001011100011000001100000100001000010001110000011000011100110, 2, True, 0.008
node, origami data, Induced Errors, decoded stream, original_origami, error_count, success, decoding time
2, 11110110001111101001001011100011000001100000100001000010001110000011000011100110,[7, 9],11110110001111101001001011101011000001100000100011001010001110101111100111100110,11110111011111101001001011100011000001100000100001000010001110000011000011100110, 8, False, 0.155
node, origami data, Induced Errors, decoded stream, original_origami, error_count, success, decoding time
2, 11110110010111101001001011100011000001100000100001000010001110000011000011100110,[7, 10],11110111011111101001001011100011000001100000100001000010001110000011000011100110,11110111011111101001001011100011000001100000100001000010001110000011000011100110, 2, True, 0.007
node, origami data, Induced Errors, decoded stream, original_origami, error_count, success, decoding time
2, 11110110011011101001001011100011000001100000100001000010001110000011000011100110,[7, 11],11110111011111101001001011100011000001100000100001000010001110000011000011100110,11110111011111101001001011100011000001100000100001000010001110000011000011100110, 2, True, 0.005
node, origami data, Induced Errors, decoded stream, original_origami, error_count, success, decoding time
2, 11110110011101101001001011100011000001100000100001000010001110000011000011100110,[7, 12],11110111011111101001001011100011000001100000100001000010001110000011000011100110,11110111011111101001001011100011000001100000100001000010001110000011000011100110, 2, True, 0.004
node, origami data, Induced Errors, decoded stream, original_origami, error_count, success, decoding time
2, 11110110011110101001001011100011000001100000100001000010001110000011000011100110,[7, 13],11110111011111101001001011100011000001100000100001000010001110000011000011100110,11110111011111101001001011100011000001100000100001000010001110000011000011100110, 2, True, 0.003
node, origami data, Induced Errors, decoded stream, original_origami, error_count, success, decoding time
2, 11110110011111001001001011100011000001100000100001000010001110000011000011100110,[7, 14],11110111011111101001001011100011000001100000100001000010001110000011000011100110,11110111011111101001001011100011000001100000100001000010001110000011000011100110, 2, True, 0.004
node, origami data, Induced Errors, decoded stream, original_origami, error_count, success, decoding time
2, 11110110011111100001001011100011000001100000100001000010001110000011000011100110,[7, 16],11110111011111101001001011100011000001100000100001000010001110000011000011100110,11110111011111101001001011100011000001100000100001000010001110000011000011100110, 2, True, 0.007
node, origami data, Induced Errors, decoded stream, original_origami, error_count, success, decoding time
2, 11110110011111101000001011100011000001100000100001000010001110000011000011100110,[7, 19],11110111011111101001001011100011000001100000100001000010001110000011000011100110,11110111011111101001001011100011000001100000100001000010001110000011000011100110, 2, True, 0.007
node, origami data, Induced Errors, decoded stream, original_origami, error_count, success, decoding time
2, 11110110011111101001000011100011000001100000100001000010001110000011000011100110,[7, 22],11110111011111101001001011100011000001100000100001000010001110000011000011100110,11110111011111101001001011100011000001100000100001000010001110000011000011100110, 2, True, 0.012
node, origami data, Induced Errors, decoded stream, original_origami, error_count, success, decoding time
2, 11110110011111101001001001100011000001100000100001000010001110000011000011100110,[7, 24],11110111011111101001001011100011000001100000100001000010001110000011000011100110,11110111011111101001001011100011000001100000100001000010001110000011000011100110, 2, True, 1.271
node, origami data, Induced Errors, decoded stream, original_origami, error_count, success, decoding time
2, 11110110011111101001001010100011000001100000100001000010001110000011000011100110,[7, 25],11110111011111101001001011100011000001100000100001000010001110000011000011100110,11110111011111101001001011100011000001100000100001000010001110000011000011100110, 2, True, 0.314
node, origami data, Induced Errors, decoded stream, original_origami, error_count, success, decoding time
2, 11110110011111101001001011000011000001100000100001000010001110000011000011100110,[7, 26],11110111011111101001001011100011000001100000100001000010001110000011000011100110,11110111011111101001001011100011000001100000100001000010001110000011000011100110, 2, True, 0.006
node, origami data, Induced Errors, decoded stream, original_origami, error_count, success, decoding time
2, 11110110011111101001001011100001000001100000100001000010001110000011000011100110,[7, 30],11110111011111101001001011100011000001100000100001000010001110000011000011100110,11110111011111101001001011100011000001100000100001000010001110000011000011100110, 2, True, 0.007
node, origami data, Induced Errors, decoded stream, original_origami, error_count, success, decoding time
2, 11110110011111101001001011100010000001100000100001000010001110000011000011100110,[7, 31],11110111011111101001001011100011000001100000100001000010001110000011000011100110,11110111011111101001001011100011000001100000100001000010001110000011000011100110, 2, True, 0.004
node, origami data, Induced Errors, decoded stream, original_origami, error_count, success, decoding time
2, 11110110011111101001001011100011000000100000100001000010001110000011000011100110,[7, 37],11110111011111101001001011100011000001100000100001000010001110000011000011100110,11110111011111101001001011100011000001100000100001000010001110000011000011100110, 2, True, 0.005
node, origami data, Induced Errors, decoded stream, original_origami, error_count, success, decoding time
2, 11110110011111101001001011100011000001000000100001000010001110000011000011100110,[7, 38],11110111011111101001001011100011000001100000100001000010001110000011000011100110,11110111011111101001001011100011000001100000100001000010001110000011000011100110, 2, True, 0.004
node, origami data, Induced Errors, decoded stream, original_origami, error_count, success, decoding time
2, 11110110011111101001001011100011000001100000000001000010001110000011000011100110,[7, 44],11110111011111101001001011100011000001100000100001000010001110000011000011100110,11110111011111101001001011100011000001100000100001000010001110000011000011100110, 2, True, 0.009
node, origami data, Induced Errors, decoded stream, original_origami, error_count, success, decoding time
2, 11110110011111101001001011100011000001100000100000000010001110000011000011100110,[7, 49],11110111011111101001001011100011000001100000100001000010001110000011000011100110,11110111011111101001001011100011000001100000100001000010001110000011000011100110, 2, True, 1.118
node, origami data, Induced Errors, decoded stream, original_origami, error_count, success, decoding time
2, 11110110011111101001001011100011000001100000100001000000001110000011000011100110,[7, 54],11110111011111101001001011100011000001100000100001000010001110000011000011100110,11110111011111101001001011100011000001100000100001000010001110000011000011100110, 2, True, 0.009
node, origami data, Induced Errors, decoded stream, original_origami, error_count, success, decoding time
2, 11110110011111101001001011100011000001100000100001000010000110000011000011100110,[7, 58],11110111011111101001001011100011000001100000100001000010001110000011000011100110,11110111011111101001001011100011000001100000100001000010001110000011000011100110, 2, True, 0.005
node, origami data, Induced Errors, decoded stream, original_origami, error_count, success, decoding time
2, 11110110011111101001001011100011000001100000100001000010001010000011000011100110,[7, 59],11110110011111101101011011101011000011100100100001010010001010000011000011101110,11110111011111101001001011100011000001100000100001000010001110000011000011100110, 7, False, 0.556
node, origami data, Induced Errors, decoded stream, original_origami, error_count, success, decoding time
2, 11110110011111101001001011100011000001100000100001000010001100000011000011100110,[7, 60],11110111011111101001001011100011000001100000100001000010001110000011000011100110,11110111011111101001001011100011000001100000100001000010001110000011000011100110, 2, True, 0.004
node, origami data, Induced Errors, decoded stream, original_origami, error_count, success, decoding time
2, 11110110011111101001001011100011000001100000100001000010001110000001000011100110,[7, 66],11110111011111101001001011100011000001100000100001000010001110000011000011100110,11110111011111101001001011100011000001100000100001000010001110000011000011100110, 2, True, 0.009
node, origami data, Induced Errors, decoded stream, original_origami, error_count, success, decoding time
2, 11110110011111101001001011100011000001100000100001000010001110000010000011100110,[7, 67],11110111011111101001001011100011000001100000100001000010001110000011000011100110,11110111011111101001001011100011000001100000100001000010001110000011000011100110, 2, True, 0.009
node, origami data, Induced Errors, decoded stream, original_origami, error_count, success, decoding time
2, 11110110011111101001001011100011000001100000100001000010001110000011000001100110,[7, 72],11110111011111101001001011100011000001100000100001000010001110000011000011100110,11110111011111101001001011100011000001100000100001000010001110000011000011100110, 2, True, 0.012
node, origami data, Induced Errors, decoded stream, original_origami, error_count, success, decoding time
2, 11110110011111101001001011100011000001100000100001000010001110000011000010100110,[7, 73],11110111011111101001001011100011000001100000100001000010001110000011000011100110,11110111011111101001001011100011000001100000100001000010001110000011000011100110, 2, True, 0.006
node, origami data, Induced Errors, decoded stream, original_origami, error_count, success, decoding time
2, 11110110011111101001001011100011000001100000100001000010001110000011000011000110,[7, 74],11110111011111101001001011100011000001100000100001000010001110000011000011100110,11110111011111101001001011100011000001100000100001000010001110000011000011100110, 2, True, 0.01
node, origami data, Induced Errors, decoded stream, original_origami, error_count, success, decoding time
2, 11110110011111101001001011100011000001100000100001000010001110000011000011100010,[7, 77],11110111011111101001001011100011000001100000100001000010001110000011000011100110,11110111011111101001001011100011000001100000100001000010001110000011000011100110, 2, True, 0.008
node, origami data, Induced Errors, decoded stream, original_origami, error_count, success, decoding time
2, 11110110011111101001001011100011000001100000100001000010001110000011000011100100,[7, 78],11110111011111101001001011100011000001100000100001000010001110000011000011100110,11110111011111101001001011100011000001100000100001000010001110000011000011100110, 2, True, 0.007
node, origami data, Induced Errors, decoded stream, original_origami, error_count, success, decoding time
2, 11110111000111101001001011100011000001100000100001000010001110000011000011100110,[9, 10],11110111011111101001001011100011000001100000100001000010001110000011000011100110,11110111011111101001001011100011000001100000100001000010001110000011000011100110, 2, True, 0.007
node, origami data, Induced Errors, decoded stream, original_origami, error_count, success, decoding time
2, 11110111001011101001001011100011000001100000100001000010001110000011000011100110,[9, 11],11110111011111101001001011100011000001100000100001000010001110000011000011100110,11110111011111101001001011100011000001100000100001000010001110000011000011100110, 2, True, 0.007
node, origami data, Induced Errors, decoded stream, original_origami, error_count, success, decoding time
2, 11110111001101101001001011100011000001100000100001000010001110000011000011100110,[9, 12],11110111011111101001001011100011000001100000100001000010001110000011000011100110,11110111011111101001001011100011000001100000100001000010001110000011000011100110, 2, True, 0.005
node, origami data, Induced Errors, decoded stream, original_origami, error_count, success, decoding time
2, 11110111001110101001001011100011000001100000100001000010001110000011000011100110,[9, 13],11110111011111101001001011100011000001100000100001000010001110000011000011100110,11110111011111101001001011100011000001100000100001000010001110000011000011100110, 2, True, 0.008
node, origami data, Induced Errors, decoded stream, original_origami, error_count, success, decoding time
2, 11110111001111001001001011100011000001100000100001000010001110000011000011100110,[9, 14],11110111011111101001001011100011000001100000100001000010001110000011000011100110,11110111011111101001001011100011000001100000100001000010001110000011000011100110, 2, True, 0.003
node, origami data, Induced Errors, decoded stream, original_origami, error_count, success, decoding time
2, 11110111001111100001001011100011000001100000100001000010001110000011000011100110,[9, 16],11110111011111101001001011100011000001100000100001000010001110000011000011100110,11110111011111101001001011100011000001100000100001000010001110000011000011100110, 2, True, 0.006
node, origami data, Induced Errors, decoded stream, original_origami, error_count, success, decoding time
2, 11110111001111101000001011100011000001100000100001000010001110000011000011100110,[9, 19],11110111011111101001001011100011000001100000100001000010001110000011000011100110,11110111011111101001001011100011000001100000100001000010001110000011000011100110, 2, True, 0.005
node, origami data, Induced Errors, decoded stream, original_origami, error_count, success, decoding time
2, 11110111001111101001000011100011000001100000100001000010001110000011000011100110,[9, 22],11110111011111101001001011100011000001100000100001000010001110000011000011100110,11110111011111101001001011100011000001100000100001000010001110000011000011100110, 2, True, 0.01
node, origami data, Induced Errors, decoded stream, original_origami, error_count, success, decoding time
2, 11110111001111101001001001100011000001100000100001000010001110000011000011100110,[9, 24],11110111011111101001001011100011000001100000100001000010001110000011000011100110,11110111011111101001001011100011000001100000100001000010001110000011000011100110, 2, True, 0.306
node, origami data, Induced Errors, decoded stream, original_origami, error_count, success, decoding time
2, 11110111001111101001001010100011000001100000100001000010001110000011000011100110,[9, 25],11110111011111101001001011100011000001100000100001000010001110000011000011100110,11110111011111101001001011100011000001100000100001000010001110000011000011100110, 2, True, 0.234
node, origami data, Induced Errors, decoded stream, original_origami, error_count, success, decoding time
2, 11110111001111101001001011000011000001100000100001000010001110000011000011100110,[9, 26],11110111011111101001001011100011000001100000100001000010001110000011000011100110,11110111011111101001001011100011000001100000100001000010001110000011000011100110, 2, True, 0.007
node, origami data, Induced Errors, decoded stream, original_origami, error_count, success, decoding time
2, 11110111001111101001001011100001000001100000100001000010001110000011000011100110,[9, 30],11110111011111101001001011100011000001100000100001000010001110000011000011100110,11110111011111101001001011100011000001100000100001000010001110000011000011100110, 2, True, 0.008
node, origami data, Induced Errors, decoded stream, original_origami, error_count, success, decoding time
2, 11110111001111101001001011100010000001100000100001000010001110000011000011100110,[9, 31],11110111011111101001001011100011000001100000100001000010001110000011000011100110,11110111011111101001001011100011000001100000100001000010001110000011000011100110, 2, True, 0.005
node, origami data, Induced Errors, decoded stream, original_origami, error_count, success, decoding time
2, 11110111001111101001001011100011000000100000100001000010001110000011000011100110,[9, 37],11110111011111101001001011100011000001100000100001000010001110000011000011100110,11110111011111101001001011100011000001100000100001000010001110000011000011100110, 2, True, 0.006
node, origami data, Induced Errors, decoded stream, original_origami, error_count, success, decoding time
2, 11110111001111101001001011100011000001000000100001000010001110000011000011100110,[9, 38],11110111011111101001001011100011000001100000100001000010001110000011000011100110,11110111011111101001001011100011000001100000100001000010001110000011000011100110, 2, True, 0.006
node, origami data, Induced Errors, decoded stream, original_origami, error_count, success, decoding time
2, 11110111001111101001001011100011000001100000000001000010001110000011000011100110,[9, 44],11110111011111101001001011100011000001100000100001000010001110000011000011100110,11110111011111101001001011100011000001100000100001000010001110000011000011100110, 2, True, 0.005
node, origami data, Induced Errors, decoded stream, original_origami, error_count, success, decoding time
2, 11110111001111101001001011100011000001100000100000000010001110000011000011100110,[9, 49],11110111011111101001001011100011000001100000100001000010001110000011000011100110,11110111011111101001001011100011000001100000100001000010001110000011000011100110, 2, True, 0.01
node, origami data, Induced Errors, decoded stream, original_origami, error_count, success, decoding time
2, 11110111001111101001001011100011000001100000100001000000001110000011000011100110,[9, 54],11110111011111101001001011100011000001100000100001000010001110000011000011100110,11110111011111101001001011100011000001100000100001000010001110000011000011100110, 2, True, 0.005
node, origami data, Induced Errors, decoded stream, original_origami, error_count, success, decoding time
2, 11110111001111101001001011100011000001100000100001000010000110000011000011100110,[9, 58],11110111011111101001001011100011000001100000100001000010001110000011000011100110,11110111011111101001001011100011000001100000100001000010001110000011000011100110, 2, True, 0.005
node, origami data, Induced Errors, decoded stream, original_origami, error_count, success, decoding time
2, 11110111001111101001001011100011000001100000100001000010001010000011000011100110,[9, 59],11110111011111101001001011100011000001100000100001000010001110000011000011100110,11110111011111101001001011100011000001100000100001000010001110000011000011100110, 2, True, 0.009
node, origami data, Induced Errors, decoded stream, original_origami, error_count, success, decoding time
2, 11110111001111101001001011100011000001100000100001000010001100000011000011100110,[9, 60],11110111011111101001001011100011000001100000100001000010001110000011000011100110,11110111011111101001001011100011000001100000100001000010001110000011000011100110, 2, True, 0.007
node, origami data, Induced Errors, decoded stream, original_origami, error_count, success, decoding time
2, 11110111001111101001001011100011000001100000100001000010001110000001000011100110,[9, 66],11110111011111101001001011100011000001100000100001000010001110000011000011100110,11110111011111101001001011100011000001100000100001000010001110000011000011100110, 2, True, 0.008
node, origami data, Induced Errors, decoded stream, original_origami, error_count, success, decoding time
2, 11110111001111101001001011100011000001100000100001000010001110000010000011100110,[9, 67],11110111011111101001001011100011000001100000100001000010001110000011000011100110,11110111011111101001001011100011000001100000100001000010001110000011000011100110, 2, True, 0.007
node, origami data, Induced Errors, decoded stream, original_origami, error_count, success, decoding time
2, 11110111001111101001001011100011000001100000100001000010001110000011000001100110,[9, 72],11110111011111101001001011100011000001100000100001000010001110000011000011100110,11110111011111101001001011100011000001100000100001000010001110000011000011100110, 2, True, 0.005
node, origami data, Induced Errors, decoded stream, original_origami, error_count, success, decoding time
2, 11110111001111101001001011100011000001100000100001000010001110000011000010100110,[9, 73],11110111011111101101011011101011000001100000100001001010001110011111000010100110,11110111011111101001001011100011000001100000100001000010001110000011000011100110, 8, False, 0.074
node, origami data, Induced Errors, decoded stream, original_origami, error_count, success, decoding time
2, 11110111001111101001001011100011000001100000100001000010001110000011000011000110,[9, 74],11110111011111101001001011100011000001100000100001000010001110000011000011100110,11110111011111101001001011100011000001100000100001000010001110000011000011100110, 2, True, 0.005
node, origami data, Induced Errors, decoded stream, original_origami, error_count, success, decoding time
2, 11110111001111101001001011100011000001100000100001000010001110000011000011100010,[9, 77],11110111011111101001001011100011000001100000100001000010001110000011000011100110,11110111011111101001001011100011000001100000100001000010001110000011000011100110, 2, True, 0.005
node, origami data, Induced Errors, decoded stream, original_origami, error_count, success, decoding time
2, 11110111001111101001001011100011000001100000100001000010001110000011000011100100,[9, 78],11110111011111101001001011100011000001100000100001000010001110000011000011100110,11110111011111101001001011100011000001100000100001000010001110000011000011100110, 2, True, 0.006
node, origami data, Induced Errors, decoded stream, original_origami, error_count, success, decoding time
2, 11110111010011101001001011100011000001100000100001000010001110000011000011100110,[10, 11],11110111011111101001001011100011000001100000100001000010001110000011000011100110,11110111011111101001001011100011000001100000100001000010001110000011000011100110, 2, True, 0.004
node, origami data, Induced Errors, decoded stream, original_origami, error_count, success, decoding time
2, 11110111010101101001001011100011000001100000100001000010001110000011000011100110,[10, 12],11110111011111101001001011100011000001100000100001000010001110000011000011100110,11110111011111101001001011100011000001100000100001000010001110000011000011100110, 2, True, 0.008
node, origami data, Induced Errors, decoded stream, original_origami, error_count, success, decoding time
2, 11110111010110101001001011100011000001100000100001000010001110000011000011100110,[10, 13],11110111011111101001001011100011000001100000100001000010001110000011000011100110,11110111011111101001001011100011000001100000100001000010001110000011000011100110, 2, True, 0.006
node, origami data, Induced Errors, decoded stream, original_origami, error_count, success, decoding time
2, 11110111010111001001001011100011000001100000100001000010001110000011000011100110,[10, 14],11110111011111101001001011100011000001100000100001000010001110000011000011100110,11110111011111101001001011100011000001100000100001000010001110000011000011100110, 2, True, 0.009
node, origami data, Induced Errors, decoded stream, original_origami, error_count, success, decoding time
2, 11110111010111100001001011100011000001100000100001000010001110000011000011100110,[10, 16],11110111011111101001001011100011000001100000100001000010001110000011000011100110,11110111011111101001001011100011000001100000100001000010001110000011000011100110, 2, True, 0.008
node, origami data, Induced Errors, decoded stream, original_origami, error_count, success, decoding time
2, 11110111010111101000001011100011000001100000100001000010001110000011000011100110,[10, 19],11110111011111101001001011100011000001100000100001000010001110000011000011100110,11110111011111101001001011100011000001100000100001000010001110000011000011100110, 2, True, 0.005
node, origami data, Induced Errors, decoded stream, original_origami, error_count, success, decoding time
2, 11110111010111101001000011100011000001100000100001000010001110000011000011100110,[10, 22],11110111011111101001001011100011000001100000100001000010001110000011000011100110,11110111011111101001001011100011000001100000100001000010001110000011000011100110, 2, True, 0.227
node, origami data, Induced Errors, decoded stream, original_origami, error_count, success, decoding time
2, 11110111010111101001001001100011000001100000100001000010001110000011000011100110,[10, 24],11110111011111101001001011100011000001100000100001000010001110000011000011100110,11110111011111101001001011100011000001100000100001000010001110000011000011100110, 2, True, 0.007
node, origami data, Induced Errors, decoded stream, original_origami, error_count, success, decoding time
2, 11110111010111101001001010100011000001100000100001000010001110000011000011100110,[10, 25],11110111011111101001001011100011000001100000100001000010001110000011000011100110,11110111011111101001001011100011000001100000100001000010001110000011000011100110, 2, True, 0.009
node, origami data, Induced Errors, decoded stream, original_origami, error_count, success, decoding time
2, 11110111010111101001001011000011000001100000100001000010001110000011000011100110,[10, 26],11110111011111101001001011100011000001100000100001000010001110000011000011100110,11110111011111101001001011100011000001100000100001000010001110000011000011100110, 2, True, 0.01
node, origami data, Induced Errors, decoded stream, original_origami, error_count, success, decoding time
2, 11110111010111101001001011100001000001100000100001000010001110000011000011100110,[10, 30],11110111011111101001001011100011000001100000100001000010001110000011000011100110,11110111011111101001001011100011000001100000100001000010001110000011000011100110, 2, True, 0.005
node, origami data, Induced Errors, decoded stream, original_origami, error_count, success, decoding time
2, 11110111010111101001001011100010000001100000100001000010001110000011000011100110,[10, 31],11110111011111101001001011100011000001100000100001000010001110000011000011100110,11110111011111101001001011100011000001100000100001000010001110000011000011100110, 2, True, 0.004
node, origami data, Induced Errors, decoded stream, original_origami, error_count, success, decoding time
2, 11110111010111101001001011100011000000100000100001000010001110000011000011100110,[10, 37],11110111011111101001001011100011000001100000100001000010001110000011000011100110,11110111011111101001001011100011000001100000100001000010001110000011000011100110, 2, True, 0.007
node, origami data, Induced Errors, decoded stream, original_origami, error_count, success, decoding time
2, 11110111010111101001001011100011000001000000100001000010001110000011000011100110,[10, 38],11110111011111101001001011100011000001100000100001000010001110000011000011100110,11110111011111101001001011100011000001100000100001000010001110000011000011100110, 2, True, 0.006
node, origami data, Induced Errors, decoded stream, original_origami, error_count, success, decoding time
2, 11110111010111101001001011100011000001100000000001000010001110000011000011100110,[10, 44],11110111011111101001001011100011000001100000100001000010001110000011000011100110,11110111011111101001001011100011000001100000100001000010001110000011000011100110, 2, True, 0.007
node, origami data, Induced Errors, decoded stream, original_origami, error_count, success, decoding time
2, 11110111010111101001001011100011000001100000100000000010001110000011000011100110,[10, 49],11110111011111101001001011100011000001100000100001000010001110000011000011100110,11110111011111101001001011100011000001100000100001000010001110000011000011100110, 2, True, 0.007
node, origami data, Induced Errors, decoded stream, original_origami, error_count, success, decoding time
2, 11110111010111101001001011100011000001100000100001000000001110000011000011100110,[10, 54],11110111011111101001001011100011000001100000100001000010001110000011000011100110,11110111011111101001001011100011000001100000100001000010001110000011000011100110, 2, True, 0.008
node, origami data, Induced Errors, decoded stream, original_origami, error_count, success, decoding time
2, 11110111010111101001001011100011000001100000100001000010000110000011000011100110,[10, 58],11110111011111101001001011100011000001100000100001000010001110000011000011100110,11110111011111101001001011100011000001100000100001000010001110000011000011100110, 2, True, 0.003
node, origami data, Induced Errors, decoded stream, original_origami, error_count, success, decoding time
2, 11110111010111101001001011100011000001100000100001000010001010000011000011100110,[10, 59],11110111011111101001001011100011000001100000100001000010001110000011000011100110,11110111011111101001001011100011000001100000100001000010001110000011000011100110, 2, True, 0.013
node, origami data, Induced Errors, decoded stream, original_origami, error_count, success, decoding time
2, 11110111010111101001001011100011000001100000100001000010001100000011000011100110,[10, 60],11110111011111101001001011100011000001100000100001000010001110000011000011100110,11110111011111101001001011100011000001100000100001000010001110000011000011100110, 2, True, 0.007
node, origami data, Induced Errors, decoded stream, original_origami, error_count, success, decoding time
2, 11110111010111101001001011100011000001100000100001000010001110000001000011100110,[10, 66],11110111011111101001001011100011000001100000100001000010001110000011000011100110,11110111011111101001001011100011000001100000100001000010001110000011000011100110, 2, True, 0.005
node, origami data, Induced Errors, decoded stream, original_origami, error_count, success, decoding time
2, 11110111010111101001001011100011000001100000100001000010001110000010000011100110,[10, 67],11110111011111101001001011100011000001100000100001000010001110000011000011100110,11110111011111101001001011100011000001100000100001000010001110000011000011100110, 2, True, 0.006
node, origami data, Induced Errors, decoded stream, original_origami, error_count, success, decoding time
2, 11110111010111101001001011100011000001100000100001000010001110000011000001100110,[10, 72],11110111011111101001001011100011000001100000100001000010001110000011000011100110,11110111011111101001001011100011000001100000100001000010001110000011000011100110, 2, True, 0.264
node, origami data, Induced Errors, decoded stream, original_origami, error_count, success, decoding time
2, 11110111010111101001001011100011000001100000100001000010001110000011000010100110,[10, 73],11110111011111101001001011100011000001100000100001000010001110000011000011100110,11110111011111101001001011100011000001100000100001000010001110000011000011100110, 2, True, 0.011
node, origami data, Induced Errors, decoded stream, original_origami, error_count, success, decoding time
2, 11110111010111101001001011100011000001100000100001000010001110000011000011000110,[10, 74],11110111011111101001001011100011000001100000100001000010001110000011000011100110,11110111011111101001001011100011000001100000100001000010001110000011000011100110, 2, True, 0.008
node, origami data, Induced Errors, decoded stream, original_origami, error_count, success, decoding time
2, 11110111010111101001001011100011000001100000100001000010001110000011000011100010,[10, 77],11110111011111101001001011100011000001100000100001000010001110000011000011100110,11110111011111101001001011100011000001100000100001000010001110000011000011100110, 2, True, 0.005
node, origami data, Induced Errors, decoded stream, original_origami, error_count, success, decoding time
2, 11110111010111101001001011100011000001100000100001000010001110000011000011100100,[10, 78],11110111011111101001001011100011000001100000100001000010001110000011000011100110,11110111011111101001001011100011000001100000100001000010001110000011000011100110, 2, True, 0.204
node, origami data, Induced Errors, decoded stream, original_origami, error_count, success, decoding time
2, 11110111011001101001001011100011000001100000100001000010001110000011000011100110,[11, 12],11110111011111101001001011100011000001100000100001000010001110000011000011100110,11110111011111101001001011100011000001100000100001000010001110000011000011100110, 2, True, 0.004
node, origami data, Induced Errors, decoded stream, original_origami, error_count, success, decoding time
2, 11110111011010101001001011100011000001100000100001000010001110000011000011100110,[11, 13],11110111011111101001001011100011000001100000100001000010001110000011000011100110,11110111011111101001001011100011000001100000100001000010001110000011000011100110, 2, True, 0.004
node, origami data, Induced Errors, decoded stream, original_origami, error_count, success, decoding time
2, 11110111011011001001001011100011000001100000100001000010001110000011000011100110,[11, 14],11110111011111101001001011100011000001100000100001000010001110000011000011100110,11110111011111101001001011100011000001100000100001000010001110000011000011100110, 2, True, 0.002
node, origami data, Induced Errors, decoded stream, original_origami, error_count, success, decoding time
2, 11110111011011100001001011100011000001100000100001000010001110000011000011100110,[11, 16],11110111011111101001001011100011000001100000100001000010001110000011000011100110,11110111011111101001001011100011000001100000100001000010001110000011000011100110, 2, True, 0.004
node, origami data, Induced Errors, decoded stream, original_origami, error_count, success, decoding time
2, 11110111011011101000001011100011000001100000100001000010001110000011000011100110,[11, 19],11110111011111101001001011100011000001100000100001000010001110000011000011100110,11110111011111101001001011100011000001100000100001000010001110000011000011100110, 2, True, 0.006
node, origami data, Induced Errors, decoded stream, original_origami, error_count, success, decoding time
2, 11110111011011101001000011100011000001100000100001000010001110000011000011100110,[11, 22],11110111011111101001001011100011000001100000100001000010001110000011000011100110,11110111011111101001001011100011000001100000100001000010001110000011000011100110, 2, True, 0.004
node, origami data, Induced Errors, decoded stream, original_origami, error_count, success, decoding time
2, 11110111011011101001001001100011000001100000100001000010001110000011000011100110,[11, 24],11110111011111101001001011100011000001100000100001000010001110000011000011100110,11110111011111101001001011100011000001100000100001000010001110000011000011100110, 2, True, 0.005
node, origami data, Induced Errors, decoded stream, original_origami, error_count, success, decoding time
2, 11110111011011101001001010100011000001100000100001000010001110000011000011100110,[11, 25],11110111011111101001001011100011000001100000100001000010001110000011000011100110,11110111011111101001001011100011000001100000100001000010001110000011000011100110, 2, True, 0.009
node, origami data, Induced Errors, decoded stream, original_origami, error_count, success, decoding time
2, 11110111011011101001001011000011000001100000100001000010001110000011000011100110,[11, 26],11110111011111101001001011100011000001100000100001000010001110000011000011100110,11110111011111101001001011100011000001100000100001000010001110000011000011100110, 2, True, 0.004
node, origami data, Induced Errors, decoded stream, original_origami, error_count, success, decoding time
2, 11110111011011101001001011100001000001100000100001000010001110000011000011100110,[11, 30],11110111011111101001001011100011000001100000100001000010001110000011000011100110,11110111011111101001001011100011000001100000100001000010001110000011000011100110, 2, True, 0.006
node, origami data, Induced Errors, decoded stream, original_origami, error_count, success, decoding time
2, 11110111011011101001001011100010000001100000100001000010001110000011000011100110,[11, 31],11110111011111101001001011100011000001100000100001000010001110000011000011100110,11110111011111101001001011100011000001100000100001000010001110000011000011100110, 2, True, 0.002
node, origami data, Induced Errors, decoded stream, original_origami, error_count, success, decoding time
2, 11110111011011101001001011100011000000100000100001000010001110000011000011100110,[11, 37],11110111011111101001001011100011000001100000100001000010001110000011000011100110,11110111011111101001001011100011000001100000100001000010001110000011000011100110, 2, True, 0.004
node, origami data, Induced Errors, decoded stream, original_origami, error_count, success, decoding time
2, 11110111011011101001001011100011000001000000100001000010001110000011000011100110,[11, 38],11110111011111101001001011100011000001100000100001000010001110000011000011100110,11110111011111101001001011100011000001100000100001000010001110000011000011100110, 2, True, 0.004
node, origami data, Induced Errors, decoded stream, original_origami, error_count, success, decoding time
2, 11110111011011101001001011100011000001100000000001000010001110000011000011100110,[11, 44],11110111011111101001001011100011000001100000100001000010001110000011000011100110,11110111011111101001001011100011000001100000100001000010001110000011000011100110, 2, True, 0.008
node, origami data, Induced Errors, decoded stream, original_origami, error_count, success, decoding time
2, 11110111011011101001001011100011000001100000100000000010001110000011000011100110,[11, 49],11110111011111101001001011100011000001100000100001000010001110000011000011100110,11110111011111101001001011100011000001100000100001000010001110000011000011100110, 2, True, 0.005
node, origami data, Induced Errors, decoded stream, original_origami, error_count, success, decoding time
2, 11110111011011101001001011100011000001100000100001000000001110000011000011100110,[11, 54],11110111011111101001001011100011000001100000100001000010001110000011000011100110,11110111011111101001001011100011000001100000100001000010001110000011000011100110, 2, True, 0.003
node, origami data, Induced Errors, decoded stream, original_origami, error_count, success, decoding time
2, 11110111011011101001001011100011000001100000100001000010000110000011000011100110,[11, 58],11110111011111101001001011100011000001100000100001000010001110000011000011100110,11110111011111101001001011100011000001100000100001000010001110000011000011100110, 2, True, 0.003
node, origami data, Induced Errors, decoded stream, original_origami, error_count, success, decoding time
2, 11110111011011101001001011100011000001100000100001000010001010000011000011100110,[11, 59],11110111011111101001001011100011000001100000100001000010001110000011000011100110,11110111011111101001001011100011000001100000100001000010001110000011000011100110, 2, True, 0.006
node, origami data, Induced Errors, decoded stream, original_origami, error_count, success, decoding time
2, 11110111011011101001001011100011000001100000100001000010001100000011000011100110,[11, 60],11110111011111101001001011100011000001100000100001000010001110000011000011100110,11110111011111101001001011100011000001100000100001000010001110000011000011100110, 2, True, 0.004
node, origami data, Induced Errors, decoded stream, original_origami, error_count, success, decoding time
2, 11110111011011101001001011100011000001100000100001000010001110000001000011100110,[11, 66],11110111011111101001001011100011000001100000100001000010001110000011000011100110,11110111011111101001001011100011000001100000100001000010001110000011000011100110, 2, True, 0.002
node, origami data, Induced Errors, decoded stream, original_origami, error_count, success, decoding time
2, 11110111011011101001001011100011000001100000100001000010001110000010000011100110,[11, 67],11110111011111101001001011100011000001100000100001000010001110000011000011100110,11110111011111101001001011100011000001100000100001000010001110000011000011100110, 2, True, 0.004
node, origami data, Induced Errors, decoded stream, original_origami, error_count, success, decoding time
2, 11110111011011101001001011100011000001100000100001000010001110000011000001100110,[11, 72],11110111011111101001001011100011000001100000100001000010001110000011000011100110,11110111011111101001001011100011000001100000100001000010001110000011000011100110, 2, True, 0.006
node, origami data, Induced Errors, decoded stream, original_origami, error_count, success, decoding time
2, 11110111011011101001001011100011000001100000100001000010001110000011000010100110,[11, 73],11110111011111101001001011100011000001100000100001000010001110000011000011100110,11110111011111101001001011100011000001100000100001000010001110000011000011100110, 2, True, 0.004
node, origami data, Induced Errors, decoded stream, original_origami, error_count, success, decoding time
2, 11110111011011101001001011100011000001100000100001000010001110000011000011000110,[11, 74],11110111011111101001001011100011000001100000100001000010001110000011000011100110,11110111011111101001001011100011000001100000100001000010001110000011000011100110, 2, True, 0.005
node, origami data, Induced Errors, decoded stream, original_origami, error_count, success, decoding time
2, 11110111011011101001001011100011000001100000100001000010001110000011000011100010,[11, 77],11110111011111101001001011100011000001100000100001000010001110000011000011100110,11110111011111101001001011100011000001100000100001000010001110000011000011100110, 2, True, 0.004
node, origami data, Induced Errors, decoded stream, original_origami, error_count, success, decoding time
2, 11110111011011101001001011100011000001100000100001000010001110000011000011100100,[11, 78],11110111011111101001001011100011000001100000100001000010001110000011000011100110,11110111011111101001001011100011000001100000100001000010001110000011000011100110, 2, True, 0.004
node, origami data, Induced Errors, decoded stream, original_origami, error_count, success, decoding time
2, 11110111011100101001001011100011000001100000100001000010001110000011000011100110,[12, 13],11110111011111101001001011100011000001100000100001000010001110000011000011100110,11110111011111101001001011100011000001100000100001000010001110000011000011100110, 2, True, 0.004
node, origami data, Induced Errors, decoded stream, original_origami, error_count, success, decoding time
2, 11110111011101001001001011100011000001100000100001000010001110000011000011100110,[12, 14],11110111011111101001001011100011000001100000100001000010001110000011000011100110,11110111011111101001001011100011000001100000100001000010001110000011000011100110, 2, True, 0.005
node, origami data, Induced Errors, decoded stream, original_origami, error_count, success, decoding time
2, 11110111011101100001001011100011000001100000100001000010001110000011000011100110,[12, 16],11110111011111101001001011100011000001100000100001000010001110000011000011100110,11110111011111101001001011100011000001100000100001000010001110000011000011100110, 2, True, 0.002
node, origami data, Induced Errors, decoded stream, original_origami, error_count, success, decoding time
2, 11110111011101101000001011100011000001100000100001000010001110000011000011100110,[12, 19],11110111011111101001001011100011000001100000100001000010001110000011000011100110,11110111011111101001001011100011000001100000100001000010001110000011000011100110, 2, True, 0.008
node, origami data, Induced Errors, decoded stream, original_origami, error_count, success, decoding time
2, 11110111011101101001000011100011000001100000100001000010001110000011000011100110,[12, 22],11110111011111101001001011100011000001100000100001000010001110000011000011100110,11110111011111101001001011100011000001100000100001000010001110000011000011100110, 2, True, 0.009
node, origami data, Induced Errors, decoded stream, original_origami, error_count, success, decoding time
2, 11110111011101101001001001100011000001100000100001000010001110000011000011100110,[12, 24],11110111011111101001001011100011000001100000100001000010001110000011000011100110,11110111011111101001001011100011000001100000100001000010001110000011000011100110, 2, True, 0.005
node, origami data, Induced Errors, decoded stream, original_origami, error_count, success, decoding time
2, 11110111011101101001001010100011000001100000100001000010001110000011000011100110,[12, 25],11110111011111101001001011100011000001100000100001000010001110000011000011100110,11110111011111101001001011100011000001100000100001000010001110000011000011100110, 2, True, 0.007
node, origami data, Induced Errors, decoded stream, original_origami, error_count, success, decoding time
2, 11110111011101101001001011000011000001100000100001000010001110000011000011100110,[12, 26],11110111011111101001001011100011000001100000100001000010001110000011000011100110,11110111011111101001001011100011000001100000100001000010001110000011000011100110, 2, True, 0.007
node, origami data, Induced Errors, decoded stream, original_origami, error_count, success, decoding time
2, 11110111011101101001001011100001000001100000100001000010001110000011000011100110,[12, 30],11110111011111101001001011100011000001100000100001000010001110000011000011100110,11110111011111101001001011100011000001100000100001000010001110000011000011100110, 2, True, 0.006
node, origami data, Induced Errors, decoded stream, original_origami, error_count, success, decoding time
2, 11110111011101101001001011100010000001100000100001000010001110000011000011100110,[12, 31],11110111011111101001001011100011000001100000100001000010001110000011000011100110,11110111011111101001001011100011000001100000100001000010001110000011000011100110, 2, True, 0.002
node, origami data, Induced Errors, decoded stream, original_origami, error_count, success, decoding time
2, 11110111011101101001001011100011000000100000100001000010001110000011000011100110,[12, 37],11110111011111101001001011100011000001100000100001000010001110000011000011100110,11110111011111101001001011100011000001100000100001000010001110000011000011100110, 2, True, 0.007
node, origami data, Induced Errors, decoded stream, original_origami, error_count, success, decoding time
2, 11110111011101101001001011100011000001000000100001000010001110000011000011100110,[12, 38],11110111011111101001001011100011000001100000100001000010001110000011000011100110,11110111011111101001001011100011000001100000100001000010001110000011000011100110, 2, True, 0.003
node, origami data, Induced Errors, decoded stream, original_origami, error_count, success, decoding time
2, 11110111011101101001001011100011000001100000000001000010001110000011000011100110,[12, 44],11110111011111101001001011100011000001100000100001000010001110000011000011100110,11110111011111101001001011100011000001100000100001000010001110000011000011100110, 2, True, 0.008
node, origami data, Induced Errors, decoded stream, original_origami, error_count, success, decoding time
2, 11110111011101101001001011100011000001100000100000000010001110000011000011100110,[12, 49],11110111011111101001001011100011000001100000100001000010001110000011000011100110,11110111011111101001001011100011000001100000100001000010001110000011000011100110, 2, True, 0.006
node, origami data, Induced Errors, decoded stream, original_origami, error_count, success, decoding time
2, 11110111011101101001001011100011000001100000100001000000001110000011000011100110,[12, 54],11110111011111101001001011100011000001100000100001000010001110000011000011100110,11110111011111101001001011100011000001100000100001000010001110000011000011100110, 2, True, 0.006
node, origami data, Induced Errors, decoded stream, original_origami, error_count, success, decoding time
2, 11110111011101101001001011100011000001100000100001000010000110000011000011100110,[12, 58],11110111011111101001001011100011000001100000100001000010001110000011000011100110,11110111011111101001001011100011000001100000100001000010001110000011000011100110, 2, True, 0.004
node, origami data, Induced Errors, decoded stream, original_origami, error_count, success, decoding time
2, 11110111011101101001001011100011000001100000100001000010001010000011000011100110,[12, 59],11110111011111101001001011100011000001100000100001000010001110000011000011100110,11110111011111101001001011100011000001100000100001000010001110000011000011100110, 2, True, 0.004
node, origami data, Induced Errors, decoded stream, original_origami, error_count, success, decoding time
2, 11110111011101101001001011100011000001100000100001000010001100000011000011100110,[12, 60],11110111011111101001001011100011000001100000100001000010001110000011000011100110,11110111011111101001001011100011000001100000100001000010001110000011000011100110, 2, True, 0.004
node, origami data, Induced Errors, decoded stream, original_origami, error_count, success, decoding time
2, 11110111011101101001001011100011000001100000100001000010001110000001000011100110,[12, 66],11110111011111101001001011100011000001100000100001000010001110000011000011100110,11110111011111101001001011100011000001100000100001000010001110000011000011100110, 2, True, 0.005
node, origami data, Induced Errors, decoded stream, original_origami, error_count, success, decoding time
2, 11110111011101101001001011100011000001100000100001000010001110000010000011100110,[12, 67],11110111011111101001001011100011000001100000100001000010001110000011000011100110,11110111011111101001001011100011000001100000100001000010001110000011000011100110, 2, True, 0.002
node, origami data, Induced Errors, decoded stream, original_origami, error_count, success, decoding time
2, 11110111011101101001001011100011000001100000100001000010001110000011000001100110,[12, 72],11110111011111101001001011100011000001100000100001000010001110000011000011100110,11110111011111101001001011100011000001100000100001000010001110000011000011100110, 2, True, 0.006
node, origami data, Induced Errors, decoded stream, original_origami, error_count, success, decoding time
2, 11110111011101101001001011100011000001100000100001000010001110000011000010100110,[12, 73],11110111011111101001001011100011000001100000100001000010001110000011000011100110,11110111011111101001001011100011000001100000100001000010001110000011000011100110, 2, True, 0.009
node, origami data, Induced Errors, decoded stream, original_origami, error_count, success, decoding time
2, 11110111011101101001001011100011000001100000100001000010001110000011000011000110,[12, 74],11110111011111101001001011100011000001100000100001000010001110000011000011100110,11110111011111101001001011100011000001100000100001000010001110000011000011100110, 2, True, 0.004
node, origami data, Induced Errors, decoded stream, original_origami, error_count, success, decoding time
2, 11110111011101101001001011100011000001100000100001000010001110000011000011100010,[12, 77],11110111011111101001001011100011000001100000100001000010001110000011000011100110,11110111011111101001001011100011000001100000100001000010001110000011000011100110, 2, True, 0.007
node, origami data, Induced Errors, decoded stream, original_origami, error_count, success, decoding time
2, 11110111011101101001001011100011000001100000100001000010001110000011000011100100,[12, 78],11110111011111101001001011100011000001100000100001000010001110000011000011100110,11110111011111101001001011100011000001100000100001000010001110000011000011100110, 2, True, 0.006
node, origami data, Induced Errors, decoded stream, original_origami, error_count, success, decoding time
2, 11110111011110001001001011100011000001100000100001000010001110000011000011100110,[13, 14],11110111011111101001001011100011000001100000100001000010001110000011000011100110,11110111011111101001001011100011000001100000100001000010001110000011000011100110, 2, True, 0.005
node, origami data, Induced Errors, decoded stream, original_origami, error_count, success, decoding time
2, 11110111011110100001001011100011000001100000100001000010001110000011000011100110,[13, 16],11110111011111101001001011100011000001100000100001000010001110000011000011100110,11110111011111101001001011100011000001100000100001000010001110000011000011100110, 2, True, 0.004
node, origami data, Induced Errors, decoded stream, original_origami, error_count, success, decoding time
2, 11110111011110101000001011100011000001100000100001000010001110000011000011100110,[13, 19],11110111011111101001001011100011000001100000100001000010001110000011000011100110,11110111011111101001001011100011000001100000100001000010001110000011000011100110, 2, True, 0.005
node, origami data, Induced Errors, decoded stream, original_origami, error_count, success, decoding time
2, 11110111011110101001000011100011000001100000100001000010001110000011000011100110,[13, 22],11110111011111101001001011100011000001100000100001000010001110000011000011100110,11110111011111101001001011100011000001100000100001000010001110000011000011100110, 2, True, 0.004
node, origami data, Induced Errors, decoded stream, original_origami, error_count, success, decoding time
2, 11110111011110101001001001100011000001100000100001000010001110000011000011100110,[13, 24],11110111011111101001001011100011000001100000100001000010001110000011000011100110,11110111011111101001001011100011000001100000100001000010001110000011000011100110, 2, True, 0.004
node, origami data, Induced Errors, decoded stream, original_origami, error_count, success, decoding time
2, 11110111011110101001001010100011000001100000100001000010001110000011000011100110,[13, 25],11110111011111101001001011100011000001100000100001000010001110000011000011100110,11110111011111101001001011100011000001100000100001000010001110000011000011100110, 2, True, 0.005
node, origami data, Induced Errors, decoded stream, original_origami, error_count, success, decoding time
2, 11110111011110101001001011000011000001100000100001000010001110000011000011100110,[13, 26],11110111011111101001001011100011000001100000100001000010001110000011000011100110,11110111011111101001001011100011000001100000100001000010001110000011000011100110, 2, True, 0.003
node, origami data, Induced Errors, decoded stream, original_origami, error_count, success, decoding time
2, 11110111011110101001001011100001000001100000100001000010001110000011000011100110,[13, 30],11110111011111101001001011100011000001100000100001000010001110000011000011100110,11110111011111101001001011100011000001100000100001000010001110000011000011100110, 2, True, 0.008
node, origami data, Induced Errors, decoded stream, original_origami, error_count, success, decoding time
2, 11110111011110101001001011100010000001100000100001000010001110000011000011100110,[13, 31],11110111011111101001001011100011000001100000100001000010001110000011000011100110,11110111011111101001001011100011000001100000100001000010001110000011000011100110, 2, True, 0.002
node, origami data, Induced Errors, decoded stream, original_origami, error_count, success, decoding time
2, 11110111011110101001001011100011000000100000100001000010001110000011000011100110,[13, 37],11110111011111101001001011100011000001100000100001000010001110000011000011100110,11110111011111101001001011100011000001100000100001000010001110000011000011100110, 2, True, 0.005
node, origami data, Induced Errors, decoded stream, original_origami, error_count, success, decoding time
2, 11110111011110101001001011100011000001000000100001000010001110000011000011100110,[13, 38],11110111011111101001001011100011000001100000100001000010001110000011000011100110,11110111011111101001001011100011000001100000100001000010001110000011000011100110, 2, True, 0.002
node, origami data, Induced Errors, decoded stream, original_origami, error_count, success, decoding time
2, 11110111011110101001001011100011000001100000000001000010001110000011000011100110,[13, 44],11110111011111101001001011100011000001100000100001000010001110000011000011100110,11110111011111101001001011100011000001100000100001000010001110000011000011100110, 2, True, 0.007
node, origami data, Induced Errors, decoded stream, original_origami, error_count, success, decoding time
2, 11110111011110101001001011100011000001100000100000000010001110000011000011100110,[13, 49],11110111011111101001001011100011000001100000100001000010001110000011000011100110,11110111011111101001001011100011000001100000100001000010001110000011000011100110, 2, True, 0.007
node, origami data, Induced Errors, decoded stream, original_origami, error_count, success, decoding time
2, 11110111011110101001001011100011000001100000100001000000001110000011000011100110,[13, 54],11110111011111101001001011100011000001100000100001000010001110000011000011100110,11110111011111101001001011100011000001100000100001000010001110000011000011100110, 2, True, 0.007
node, origami data, Induced Errors, decoded stream, original_origami, error_count, success, decoding time
2, 11110111011110101001001011100011000001100000100001000010000110000011000011100110,[13, 58],11110111011111101001001011100011000001100000100001000010001110000011000011100110,11110111011111101001001011100011000001100000100001000010001110000011000011100110, 2, True, 0.004
node, origami data, Induced Errors, decoded stream, original_origami, error_count, success, decoding time
2, 11110111011110101001001011100011000001100000100001000010001010000011000011100110,[13, 59],11110111011111101001001011100011000001100000100001000010001110000011000011100110,11110111011111101001001011100011000001100000100001000010001110000011000011100110, 2, True, 0.006
node, origami data, Induced Errors, decoded stream, original_origami, error_count, success, decoding time
2, 11110111011110101001001011100011000001100000100001000010001100000011000011100110,[13, 60],11110111011111101001001011100011000001100000100001000010001110000011000011100110,11110111011111101001001011100011000001100000100001000010001110000011000011100110, 2, True, 0.006
node, origami data, Induced Errors, decoded stream, original_origami, error_count, success, decoding time
2, 11110111011110101001001011100011000001100000100001000010001110000001000011100110,[13, 66],11110111011111101001001011100011000001100000100001000010001110000011000011100110,11110111011111101001001011100011000001100000100001000010001110000011000011100110, 2, True, 0.003
node, origami data, Induced Errors, decoded stream, original_origami, error_count, success, decoding time
2, 11110111011110101001001011100011000001100000100001000010001110000010000011100110,[13, 67],11110111011111101001001011100011000001100000100001000010001110000011000011100110,11110111011111101001001011100011000001100000100001000010001110000011000011100110, 2, True, 0.002
node, origami data, Induced Errors, decoded stream, original_origami, error_count, success, decoding time
2, 11110111011110101001001011100011000001100000100001000010001110000011000001100110,[13, 72],11110111011111101001001011100011000001100000100001000010001110000011000011100110,11110111011111101001001011100011000001100000100001000010001110000011000011100110, 2, True, 0.009
node, origami data, Induced Errors, decoded stream, original_origami, error_count, success, decoding time
2, 11110111011110101001001011100011000001100000100001000010001110000011000010100110,[13, 73],11110111011111101001001011100011000001100000100001000010001110000011000011100110,11110111011111101001001011100011000001100000100001000010001110000011000011100110, 2, True, 0.004
node, origami data, Induced Errors, decoded stream, original_origami, error_count, success, decoding time
2, 11110111011110101001001011100011000001100000100001000010001110000011000011000110,[13, 74],11110111011111101001001011100011000001100000100001000010001110000011000011100110,11110111011111101001001011100011000001100000100001000010001110000011000011100110, 2, True, 0.008
node, origami data, Induced Errors, decoded stream, original_origami, error_count, success, decoding time
2, 11110111011110101001001011100011000001100000100001000010001110000011000011100010,[13, 77],11110111011111101001001011100011000001100000100001000010001110000011000011100110,11110111011111101001001011100011000001100000100001000010001110000011000011100110, 2, True, 0.007
node, origami data, Induced Errors, decoded stream, original_origami, error_count, success, decoding time
2, 11110111011110101001001011100011000001100000100001000010001110000011000011100100,[13, 78],11110111011111101001001011100011000001100000100001000010001110000011000011100110,11110111011111101001001011100011000001100000100001000010001110000011000011100110, 2, True, 0.008
node, origami data, Induced Errors, decoded stream, original_origami, error_count, success, decoding time
2, 11110111011111000001001011100011000001100000100001000010001110000011000011100110,[14, 16],11110111011111101001001011100011000001100000100001000010001110000011000011100110,11110111011111101001001011100011000001100000100001000010001110000011000011100110, 2, True, 0.004
node, origami data, Induced Errors, decoded stream, original_origami, error_count, success, decoding time
2, 11110111011111001000001011100011000001100000100001000010001110000011000011100110,[14, 19],11110111011111101001001011100011000001100000100001000010001110000011000011100110,11110111011111101001001011100011000001100000100001000010001110000011000011100110, 2, True, 0.006
node, origami data, Induced Errors, decoded stream, original_origami, error_count, success, decoding time
2, 11110111011111001001000011100011000001100000100001000010001110000011000011100110,[14, 22],11110111011111101001001011100011000001100000100001000010001110000011000011100110,11110111011111101001001011100011000001100000100001000010001110000011000011100110, 2, True, 0.008
node, origami data, Induced Errors, decoded stream, original_origami, error_count, success, decoding time
2, 11110111011111001001001001100011000001100000100001000010001110000011000011100110,[14, 24],11110111011111101001001011100011000001100000100001000010001110000011000011100110,11110111011111101001001011100011000001100000100001000010001110000011000011100110, 2, True, 0.007
node, origami data, Induced Errors, decoded stream, original_origami, error_count, success, decoding time
2, 11110111011111001001001010100011000001100000100001000010001110000011000011100110,[14, 25],11110111011111101001001011100011000001100000100001000010001110000011000011100110,11110111011111101001001011100011000001100000100001000010001110000011000011100110, 2, True, 0.005
node, origami data, Induced Errors, decoded stream, original_origami, error_count, success, decoding time
2, 11110111011111001001001011000011000001100000100001000010001110000011000011100110,[14, 26],11110111011111101001001011100011000001100000100001000010001110000011000011100110,11110111011111101001001011100011000001100000100001000010001110000011000011100110, 2, True, 0.007
node, origami data, Induced Errors, decoded stream, original_origami, error_count, success, decoding time
2, 11110111011111001001001011100001000001100000100001000010001110000011000011100110,[14, 30],11110111011111101001001011100011000001100000100001000010001110000011000011100110,11110111011111101001001011100011000001100000100001000010001110000011000011100110, 2, True, 0.007
node, origami data, Induced Errors, decoded stream, original_origami, error_count, success, decoding time
2, 11110111011111001001001011100010000001100000100001000010001110000011000011100110,[14, 31],11110111011111101001001011100011000001100000100001000010001110000011000011100110,11110111011111101001001011100011000001100000100001000010001110000011000011100110, 2, True, 0.005
node, origami data, Induced Errors, decoded stream, original_origami, error_count, success, decoding time
2, 11110111011111001001001011100011000000100000100001000010001110000011000011100110,[14, 37],11110111011111101001001011100011000001100000100001000010001110000011000011100110,11110111011111101001001011100011000001100000100001000010001110000011000011100110, 2, True, 0.005
node, origami data, Induced Errors, decoded stream, original_origami, error_count, success, decoding time
2, 11110111011111001001001011100011000001000000100001000010001110000011000011100110,[14, 38],11110111011111101001001011100011000001100000100001000010001110000011000011100110,11110111011111101001001011100011000001100000100001000010001110000011000011100110, 2, True, 0.005
node, origami data, Induced Errors, decoded stream, original_origami, error_count, success, decoding time
2, 11110111011111001001001011100011000001100000000001000010001110000011000011100110,[14, 44],11110111011111101001001011100011000001100000100001000010001110000011000011100110,11110111011111101001001011100011000001100000100001000010001110000011000011100110, 2, True, 0.005
node, origami data, Induced Errors, decoded stream, original_origami, error_count, success, decoding time
2, 11110111011111001001001011100011000001100000100000000010001110000011000011100110,[14, 49],11110111011111101001001011100011000001100000100001000010001110000011000011100110,11110111011111101001001011100011000001100000100001000010001110000011000011100110, 2, True, 0.004
node, origami data, Induced Errors, decoded stream, original_origami, error_count, success, decoding time
2, 11110111011111001001001011100011000001100000100001000000001110000011000011100110,[14, 54],11110111011111101001001011100011000001100000100001000010001110000011000011100110,11110111011111101001001011100011000001100000100001000010001110000011000011100110, 2, True, 0.004
node, origami data, Induced Errors, decoded stream, original_origami, error_count, success, decoding time
2, 11110111011111001001001011100011000001100000100001000010000110000011000011100110,[14, 58],11110111011111101001001011100011000001100000100001000010001110000011000011100110,11110111011111101001001011100011000001100000100001000010001110000011000011100110, 2, True, 0.002
node, origami data, Induced Errors, decoded stream, original_origami, error_count, success, decoding time
2, 11110111011111001001001011100011000001100000100001000010001010000011000011100110,[14, 59],11110111011111101001001011100011000001100000100001000010001110000011000011100110,11110111011111101001001011100011000001100000100001000010001110000011000011100110, 2, True, 0.008
node, origami data, Induced Errors, decoded stream, original_origami, error_count, success, decoding time
2, 11110111011111001001001011100011000001100000100001000010001100000011000011100110,[14, 60],11110111011111101001001011100011000001100000100001000010001110000011000011100110,11110111011111101001001011100011000001100000100001000010001110000011000011100110, 2, True, 0.006
node, origami data, Induced Errors, decoded stream, original_origami, error_count, success, decoding time
2, 11110111011111001001001011100011000001100000100001000010001110000001000011100110,[14, 66],11110111011111101001001011100011000001100000100001000010001110000011000011100110,11110111011111101001001011100011000001100000100001000010001110000011000011100110, 2, True, 0.003
node, origami data, Induced Errors, decoded stream, original_origami, error_count, success, decoding time
2, 11110111011111001001001011100011000001100000100001000010001110000010000011100110,[14, 67],11110111011111101001001011100011000001100000100001000010001110000011000011100110,11110111011111101001001011100011000001100000100001000010001110000011000011100110, 2, True, 0.005
node, origami data, Induced Errors, decoded stream, original_origami, error_count, success, decoding time
2, 11110111011111001001001011100011000001100000100001000010001110000011000001100110,[14, 72],11110111011111101001001011100011000001100000100001000010001110000011000011100110,11110111011111101001001011100011000001100000100001000010001110000011000011100110, 2, True, 0.007
node, origami data, Induced Errors, decoded stream, original_origami, error_count, success, decoding time
2, 11110111011111001001001011100011000001100000100001000010001110000011000010100110,[14, 73],11110111011111101001001011100011000001100000100001000010001110000011000011100110,11110111011111101001001011100011000001100000100001000010001110000011000011100110, 2, True, 0.006
node, origami data, Induced Errors, decoded stream, original_origami, error_count, success, decoding time
2, 11110111011111001001001011100011000001100000100001000010001110000011000011000110,[14, 74],11110111011111101001001011100011000001100000100001000010001110000011000011100110,11110111011111101001001011100011000001100000100001000010001110000011000011100110, 2, True, 0.006
node, origami data, Induced Errors, decoded stream, original_origami, error_count, success, decoding time
2, 11110111011111001001001011100011000001100000100001000010001110000011000011100010,[14, 77],11110111011111101001001011100011000001100000100001000010001110000011000011100110,11110111011111101001001011100011000001100000100001000010001110000011000011100110, 2, True, 0.006
node, origami data, Induced Errors, decoded stream, original_origami, error_count, success, decoding time
2, 11110111011111001001001011100011000001100000100001000010001110000011000011100100,[14, 78],11110111011111101001001011100011000001100000100001000010001110000011000011100110,11110111011111101001001011100011000001100000100001000010001110000011000011100110, 2, True, 0.004
node, origami data, Induced Errors, decoded stream, original_origami, error_count, success, decoding time
2, 11110111011111100000001011100011000001100000100001000010001110000011000011100110,[16, 19],11110111011111101001001011100011000001100000100001000010001110000011000011100110,11110111011111101001001011100011000001100000100001000010001110000011000011100110, 2, True, 0.007
node, origami data, Induced Errors, decoded stream, original_origami, error_count, success, decoding time
2, 11110111011111100001000011100011000001100000100001000010001110000011000011100110,[16, 22],11110111011111101001001011100011000001100000100001000010001110000011000011100110,11110111011111101001001011100011000001100000100001000010001110000011000011100110, 2, True, 0.006
node, origami data, Induced Errors, decoded stream, original_origami, error_count, success, decoding time
2, 11110111011111100001001001100011000001100000100001000010001110000011000011100110,[16, 24],11110111011111101001001011100011000001100000100001000010001110000011000011100110,11110111011111101001001011100011000001100000100001000010001110000011000011100110, 2, True, 0.009
node, origami data, Induced Errors, decoded stream, original_origami, error_count, success, decoding time
2, 11110111011111100001001010100011000001100000100001000010001110000011000011100110,[16, 25],11110111011111101001001011100011000001100000100001000010001110000011000011100110,11110111011111101001001011100011000001100000100001000010001110000011000011100110, 2, True, 0.004
node, origami data, Induced Errors, decoded stream, original_origami, error_count, success, decoding time
2, 11110111011111100001001011000011000001100000100001000010001110000011000011100110,[16, 26],11110111011111101001001011100011000001100000100001000010001110000011000011100110,11110111011111101001001011100011000001100000100001000010001110000011000011100110, 2, True, 0.004
node, origami data, Induced Errors, decoded stream, original_origami, error_count, success, decoding time
2, 11110111011111100001001011100001000001100000100001000010001110000011000011100110,[16, 30],11110111011111101001001011100011000001100000100001000010001110000011000011100110,11110111011111101001001011100011000001100000100001000010001110000011000011100110, 2, True, 0.004
node, origami data, Induced Errors, decoded stream, original_origami, error_count, success, decoding time
2, 11110111011111100001001011100010000001100000100001000010001110000011000011100110,[16, 31],11110111011111101001001011100011000001100000100001000010001110000011000011100110,11110111011111101001001011100011000001100000100001000010001110000011000011100110, 2, True, 0.002
node, origami data, Induced Errors, decoded stream, original_origami, error_count, success, decoding time
2, 11110111011111100001001011100011000000100000100001000010001110000011000011100110,[16, 37],11110111011111101001001011100011000001100000100001000010001110000011000011100110,11110111011111101001001011100011000001100000100001000010001110000011000011100110, 2, True, 0.004
node, origami data, Induced Errors, decoded stream, original_origami, error_count, success, decoding time
2, 11110111011111100001001011100011000001000000100001000010001110000011000011100110,[16, 38],11110111011111101001001011100011000001100000100001000010001110000011000011100110,11110111011111101001001011100011000001100000100001000010001110000011000011100110, 2, True, 0.003
node, origami data, Induced Errors, decoded stream, original_origami, error_count, success, decoding time
2, 11110111011111100001001011100011000001100000000001000010001110000011000011100110,[16, 44],11110111011111101001001011100011000001100000100001000010001110000011000011100110,11110111011111101001001011100011000001100000100001000010001110000011000011100110, 2, True, 0.004
node, origami data, Induced Errors, decoded stream, original_origami, error_count, success, decoding time
2, 11110111011111100001001011100011000001100000100000000010001110000011000011100110,[16, 49],11110111011111101001001011100011000001100000100001000010001110000011000011100110,11110111011111101001001011100011000001100000100001000010001110000011000011100110, 2, True, 0.005
node, origami data, Induced Errors, decoded stream, original_origami, error_count, success, decoding time
2, 11110111011111100001001011100011000001100000100001000000001110000011000011100110,[16, 54],11110111011111101001001011100011000001100000100001000010001110000011000011100110,11110111011111101001001011100011000001100000100001000010001110000011000011100110, 2, True, 0.008
node, origami data, Induced Errors, decoded stream, original_origami, error_count, success, decoding time
2, 11110111011111100001001011100011000001100000100001000010000110000011000011100110,[16, 58],11110111011111101001001011100011000001100000100001000010001110000011000011100110,11110111011111101001001011100011000001100000100001000010001110000011000011100110, 2, True, 0.002
node, origami data, Induced Errors, decoded stream, original_origami, error_count, success, decoding time
2, 11110111011111100001001011100011000001100000100001000010001010000011000011100110,[16, 59],11110111011111101001001011100011000001100000100001000010001110000011000011100110,11110111011111101001001011100011000001100000100001000010001110000011000011100110, 2, True, 0.01
node, origami data, Induced Errors, decoded stream, original_origami, error_count, success, decoding time
2, 11110111011111100001001011100011000001100000100001000010001100000011000011100110,[16, 60],11110111011111101001001011100011000001100000100001000010001110000011000011100110,11110111011111101001001011100011000001100000100001000010001110000011000011100110, 2, True, 0.006
node, origami data, Induced Errors, decoded stream, original_origami, error_count, success, decoding time
2, 11110111011111100001001011100011000001100000100001000010001110000001000011100110,[16, 66],11110111011111101001001011100011000001100000100001000010001110000011000011100110,11110111011111101001001011100011000001100000100001000010001110000011000011100110, 2, True, 0.004
node, origami data, Induced Errors, decoded stream, original_origami, error_count, success, decoding time
2, 11110111011111100001001011100011000001100000100001000010001110000010000011100110,[16, 67],11110111011111101001001011100011000001100000100001000010001110000011000011100110,11110111011111101001001011100011000001100000100001000010001110000011000011100110, 2, True, 0.003
node, origami data, Induced Errors, decoded stream, original_origami, error_count, success, decoding time
2, 11110111011111100001001011100011000001100000100001000010001110000011000001100110,[16, 72],11110111011111101001001011100011000001100000100001000010001110000011000011100110,11110111011111101001001011100011000001100000100001000010001110000011000011100110, 2, True, 0.006
node, origami data, Induced Errors, decoded stream, original_origami, error_count, success, decoding time
2, 11110111011111100001001011100011000001100000100001000010001110000011000010100110,[16, 73],11110111011111101001001011100011000001100000100001000010001110000011000011100110,11110111011111101001001011100011000001100000100001000010001110000011000011100110, 2, True, 0.005
node, origami data, Induced Errors, decoded stream, original_origami, error_count, success, decoding time
2, 11110111011111100001001011100011000001100000100001000010001110000011000011000110,[16, 74],11110111011111101001001011100011000001100000100001000010001110000011000011100110,11110111011111101001001011100011000001100000100001000010001110000011000011100110, 2, True, 0.004
node, origami data, Induced Errors, decoded stream, original_origami, error_count, success, decoding time
2, 11110111011111100001001011100011000001100000100001000010001110000011000011100010,[16, 77],11110111011111101001001011100011000001100000100001000010001110000011000011100110,11110111011111101001001011100011000001100000100001000010001110000011000011100110, 2, True, 0.006
node, origami data, Induced Errors, decoded stream, original_origami, error_count, success, decoding time
2, 11110111011111100001001011100011000001100000100001000010001110000011000011100100,[16, 78],11110111011111101001001011100011000001100000100001000010001110000011000011100110,11110111011111101001001011100011000001100000100001000010001110000011000011100110, 2, True, 0.005
node, origami data, Induced Errors, decoded stream, original_origami, error_count, success, decoding time
2, 11110111011111101000000011100011000001100000100001000010001110000011000011100110,[19, 22],11110111011111101001001011100011000001100000100001000010001110000011000011100110,11110111011111101001001011100011000001100000100001000010001110000011000011100110, 2, True, 0.005
node, origami data, Induced Errors, decoded stream, original_origami, error_count, success, decoding time
2, 11110111011111101000001001100011000001100000100001000010001110000011000011100110,[19, 24],11110111011111101001001011100011000001100000100001000010001110000011000011100110,11110111011111101001001011100011000001100000100001000010001110000011000011100110, 2, True, 0.007
node, origami data, Induced Errors, decoded stream, original_origami, error_count, success, decoding time
2, 11110111011111101000001010100011000001100000100001000010001110000011000011100110,[19, 25],11110111011111101001001011100011000001100000100001000010001110000011000011100110,11110111011111101001001011100011000001100000100001000010001110000011000011100110, 2, True, 0.012
node, origami data, Induced Errors, decoded stream, original_origami, error_count, success, decoding time
2, 11110111011111101000001011000011000001100000100001000010001110000011000011100110,[19, 26],11110111011111101001001011100011000001100000100001000010001110000011000011100110,11110111011111101001001011100011000001100000100001000010001110000011000011100110, 2, True, 0.27
node, origami data, Induced Errors, decoded stream, original_origami, error_count, success, decoding time
2, 11110111011111101000001011100001000001100000100001000010001110000011000011100110,[19, 30],11110111011111101001001011100011000001100000100001000010001110000011000011100110,11110111011111101001001011100011000001100000100001000010001110000011000011100110, 2, True, 0.004
node, origami data, Induced Errors, decoded stream, original_origami, error_count, success, decoding time
2, 11110111011111101000001011100010000001100000100001000010001110000011000011100110,[19, 31],11110111011111101001001011100011000001100000100001000010001110000011000011100110,11110111011111101001001011100011000001100000100001000010001110000011000011100110, 2, True, 0.004
node, origami data, Induced Errors, decoded stream, original_origami, error_count, success, decoding time
2, 11110111011111101000001011100011000000100000100001000010001110000011000011100110,[19, 37],11110111011111101001001011100011000001100000100001000010001110000011000011100110,11110111011111101001001011100011000001100000100001000010001110000011000011100110, 2, True, 0.004
node, origami data, Induced Errors, decoded stream, original_origami, error_count, success, decoding time
2, 11110111011111101000001011100011000001000000100001000010001110000011000011100110,[19, 38],11110111011111101001001011100011000001100000100001000010001110000011000011100110,11110111011111101001001011100011000001100000100001000010001110000011000011100110, 2, True, 0.005
node, origami data, Induced Errors, decoded stream, original_origami, error_count, success, decoding time
2, 11110111011111101000001011100011000001100000000001000010001110000011000011100110,[19, 44],11110111011111101001001011100011000001100000100001000010001110000011000011100110,11110111011111101001001011100011000001100000100001000010001110000011000011100110, 2, True, 0.006
node, origami data, Induced Errors, decoded stream, original_origami, error_count, success, decoding time
2, 11110111011111101000001011100011000001100000100000000010001110000011000011100110,[19, 49],11110111011111101001001011100011000001100000100001000010001110000011000011100110,11110111011111101001001011100011000001100000100001000010001110000011000011100110, 2, True, 0.007
node, origami data, Induced Errors, decoded stream, original_origami, error_count, success, decoding time
2, 11110111011111101000001011100011000001100000100001000000001110000011000011100110,[19, 54],11110111011111101001001011100011000001100000100001000010001110000011000011100110,11110111011111101001001011100011000001100000100001000010001110000011000011100110, 2, True, 0.718
node, origami data, Induced Errors, decoded stream, original_origami, error_count, success, decoding time
2, 11110111011111101000001011100011000001100000100001000010000110000011000011100110,[19, 58],11110111011111101001001011100011000001100000100001000010001110000011000011100110,11110111011111101001001011100011000001100000100001000010001110000011000011100110, 2, True, 0.005
node, origami data, Induced Errors, decoded stream, original_origami, error_count, success, decoding time
2, 11110111011111101000001011100011000001100000100001000010001010000011000011100110,[19, 59],11110111011111101001001011100011000001100000100001000010001110000011000011100110,11110111011111101001001011100011000001100000100001000010001110000011000011100110, 2, True, 0.01
node, origami data, Induced Errors, decoded stream, original_origami, error_count, success, decoding time
2, 11110111011111101000001011100011000001100000100001000010001100000011000011100110,[19, 60],11110111011111101001001011100011000001100000100001000010001110000011000011100110,11110111011111101001001011100011000001100000100001000010001110000011000011100110, 2, True, 0.008
node, origami data, Induced Errors, decoded stream, original_origami, error_count, success, decoding time
2, 11110111011111101000001011100011000001100000100001000010001110000001000011100110,[19, 66],11110111011111101001001011100011000001100000100001000010001110000011000011100110,11110111011111101001001011100011000001100000100001000010001110000011000011100110, 2, True, 0.003
node, origami data, Induced Errors, decoded stream, original_origami, error_count, success, decoding time
2, 11110111011111101000001011100011000001100000100001000010001110000010000011100110,[19, 67],11110111011111101001001011100011000001100000100001000010001110000011000011100110,11110111011111101001001011100011000001100000100001000010001110000011000011100110, 2, True, 0.008
node, origami data, Induced Errors, decoded stream, original_origami, error_count, success, decoding time
2, 11110111011111101000001011100011000001100000100001000010001110000011000001100110,[19, 72],11110111011111101001001011100011000001100000100001000010001110000011000011100110,11110111011111101001001011100011000001100000100001000010001110000011000011100110, 2, True, 0.007
node, origami data, Induced Errors, decoded stream, original_origami, error_count, success, decoding time
2, 11110111011111101000001011100011000001100000100001000010001110000011000010100110,[19, 73],11110111011111101001001011100011000001100000100001000010001110000011000011100110,11110111011111101001001011100011000001100000100001000010001110000011000011100110, 2, True, 0.218
node, origami data, Induced Errors, decoded stream, original_origami, error_count, success, decoding time
2, 11110111011111101000001011100011000001100000100001000010001110000011000011000110,[19, 74],11110111011111101001001011100011000001100000100001000010001110000011000011100110,11110111011111101001001011100011000001100000100001000010001110000011000011100110, 2, True, 1.404
node, origami data, Induced Errors, decoded stream, original_origami, error_count, success, decoding time
2, 11110111011111101000001011100011000001100000100001000010001110000011000011100010,[19, 77],11110111011111101001001011100011000001100000100001000010001110000011000011100110,11110111011111101001001011100011000001100000100001000010001110000011000011100110, 2, True, 0.164
node, origami data, Induced Errors, decoded stream, original_origami, error_count, success, decoding time
2, 11110111011111101000001011100011000001100000100001000010001110000011000011100100,[19, 78],11110111011111101001001011100011000001100000100001000010001110000011000011100110,11110111011111101001001011100011000001100000100001000010001110000011000011100110, 2, True, 0.007
node, origami data, Induced Errors, decoded stream, original_origami, error_count, success, decoding time
2, 11110111011111101001000001100011000001100000100001000010001110000011000011100110,[22, 24],11110111011111101001001011100011000001100000100001000010001110000011000011100110,11110111011111101001001011100011000001100000100001000010001110000011000011100110, 2, True, 0.005
node, origami data, Induced Errors, decoded stream, original_origami, error_count, success, decoding time
2, 11110111011111101001000010100011000001100000100001000010001110000011000011100110,[22, 25],11110111011111101001001011100011000001100000100001000010001110000011000011100110,11110111011111101001001011100011000001100000100001000010001110000011000011100110, 2, True, 0.005
node, origami data, Induced Errors, decoded stream, original_origami, error_count, success, decoding time
2, 11110111011111101001000011000011000001100000100001000010001110000011000011100110,[22, 26],11110111011111101001001011100011000001100000100001000010001110000011000011100110,11110111011111101001001011100011000001100000100001000010001110000011000011100110, 2, True, 0.005
node, origami data, Induced Errors, decoded stream, original_origami, error_count, success, decoding time
2, 11110111011111101001000011100001000001100000100001000010001110000011000011100110,[22, 30],11110111011111101001001011100011000001100000100001000010001110000011000011100110,11110111011111101001001011100011000001100000100001000010001110000011000011100110, 2, True, 0.006
node, origami data, Induced Errors, decoded stream, original_origami, error_count, success, decoding time
2, 11110111011111101001000011100010000001100000100001000010001110000011000011100110,[22, 31],11110111011111101001001011100011000001100000100001000010001110000011000011100110,11110111011111101001001011100011000001100000100001000010001110000011000011100110, 2, True, 0.008
node, origami data, Induced Errors, decoded stream, original_origami, error_count, success, decoding time
2, 11110111011111101001000011100011000000100000100001000010001110000011000011100110,[22, 37],11110111011111101001001011100011000001100000100001000010001110000011000011100110,11110111011111101001001011100011000001100000100001000010001110000011000011100110, 2, True, 0.012
node, origami data, Induced Errors, decoded stream, original_origami, error_count, success, decoding time
2, 11110111011111101001000011100011000001000000100001000010001110000011000011100110,[22, 38],11110111011111101001001011100011000001100000100001000010001110000011000011100110,11110111011111101001001011100011000001100000100001000010001110000011000011100110, 2, True, 0.006
node, origami data, Induced Errors, decoded stream, original_origami, error_count, success, decoding time
2, 11110111011111101001000011100011000001100000000001000010001110000011000011100110,[22, 44],11110111011111101001001011100011000001100000100001000010001110000011000011100110,11110111011111101001001011100011000001100000100001000010001110000011000011100110, 2, True, 0.007
node, origami data, Induced Errors, decoded stream, original_origami, error_count, success, decoding time
2, 11110111011111101001000011100011000001100000100000000010001110000011000011100110,[22, 49],11110111011111101001001011100011000001100000100001000010001110000011000011100110,11110111011111101001001011100011000001100000100001000010001110000011000011100110, 2, True, 4.299
node, origami data, Induced Errors, decoded stream, original_origami, error_count, success, decoding time
2, 11110111011111101001000011100011000001100000100001000000001110000011000011100110,[22, 54],11110111011111101001001011100011000001100000100001000010001110000011000011100110,11110111011111101001001011100011000001100000100001000010001110000011000011100110, 2, True, 0.006
node, origami data, Induced Errors, decoded stream, original_origami, error_count, success, decoding time
2, 11110111011111101001000011100011000001100000100001000010000110000011000011100110,[22, 58],11110111011111101001001011100011000001100000100001000010001110000011000011100110,11110111011111101001001011100011000001100000100001000010001110000011000011100110, 2, True, 0.005
node, origami data, Induced Errors, decoded stream, original_origami, error_count, success, decoding time
2, 11110111011111101001000011100011000001100000100001000010001010000011000011100110,[22, 59],11110111011111101001001011100011000001100000100001000010001110000011000011100110,11110111011111101001001011100011000001100000100001000010001110000011000011100110, 2, True, 0.009
node, origami data, Induced Errors, decoded stream, original_origami, error_count, success, decoding time
2, 11110111011111101001000011100011000001100000100001000010001100000011000011100110,[22, 60],11110111011111101001001011100011000001100000100001000010001110000011000011100110,11110111011111101001001011100011000001100000100001000010001110000011000011100110, 2, True, 0.233
node, origami data, Induced Errors, decoded stream, original_origami, error_count, success, decoding time
2, 11110111011111101001000011100011000001100000100001000010001110000001000011100110,[22, 66],11110111011111101001001011100011000001100000100001000010001110000011000011100110,11110111011111101001001011100011000001100000100001000010001110000011000011100110, 2, True, 0.007
node, origami data, Induced Errors, decoded stream, original_origami, error_count, success, decoding time
2, 11110111011111101001000011100011000001100000100001000010001110000010000011100110,[22, 67],11110111011111101001001011100011000001100000100001000010001110000011000011100110,11110111011111101001001011100011000001100000100001000010001110000011000011100110, 2, True, 0.007
node, origami data, Induced Errors, decoded stream, original_origami, error_count, success, decoding time
2, 11110111011111101001000011100011000001100000100001000010001110000011000001100110,[22, 72],11110111011111101001001011100011000001100000100001000010001110000011000011100110,11110111011111101001001011100011000001100000100001000010001110000011000011100110, 2, True, 0.01
node, origami data, Induced Errors, decoded stream, original_origami, error_count, success, decoding time
2, 11110111011111101001000011100011000001100000100001000010001110000011000010100110,[22, 73],11110111011111101001001011100011000001100000100001000010001110000011000011100110,11110111011111101001001011100011000001100000100001000010001110000011000011100110, 2, True, 0.007
node, origami data, Induced Errors, decoded stream, original_origami, error_count, success, decoding time
2, 11110111011111101001000011100011000001100000100001000010001110000011000011000110,[22, 74],11110111011111101001001011100011000001100000100001000010001110000011000011100110,11110111011111101001001011100011000001100000100001000010001110000011000011100110, 2, True, 0.011
node, origami data, Induced Errors, decoded stream, original_origami, error_count, success, decoding time
2, 11110111011111101001000011100011000001100000100001000010001110000011000011100010,[22, 77],11110111011111101001001011100011000001100000100001000010001110000011000011100110,11110111011111101001001011100011000001100000100001000010001110000011000011100110, 2, True, 0.005
node, origami data, Induced Errors, decoded stream, original_origami, error_count, success, decoding time
2, 11110111011111101001000011100011000001100000100001000010001110000011000011100100,[22, 78],11110111011111101001001011100011000001100000100001000010001110000011000011100110,11110111011111101001001011100011000001100000100001000010001110000011000011100110, 2, True, 0.008
node, origami data, Induced Errors, decoded stream, original_origami, error_count, success, decoding time
2, 11110111011111101001001000100011000001100000100001000010001110000011000011100110,[24, 25],11110111011111101001001011100011000001100000100001000010001110000011000011100110,11110111011111101001001011100011000001100000100001000010001110000011000011100110, 2, True, 0.005
node, origami data, Induced Errors, decoded stream, original_origami, error_count, success, decoding time
2, 11110111011111101001001001000011000001100000100001000010001110000011000011100110,[24, 26],11110111011111101001001011100011000001100000100001000010001110000011000011100110,11110111011111101001001011100011000001100000100001000010001110000011000011100110, 2, True, 0.005
node, origami data, Induced Errors, decoded stream, original_origami, error_count, success, decoding time
2, 11110111011111101001001001100001000001100000100001000010001110000011000011100110,[24, 30],11110111011111101001001011100011000001100000100001000010001110000011000011100110,11110111011111101001001011100011000001100000100001000010001110000011000011100110, 2, True, 0.264
node, origami data, Induced Errors, decoded stream, original_origami, error_count, success, decoding time
2, 11110111011111101001001001100010000001100000100001000010001110000011000011100110,[24, 31],11110111011111101001001011100011000001100000100001000010001110000011000011100110,11110111011111101001001011100011000001100000100001000010001110000011000011100110, 2, True, 0.004
node, origami data, Induced Errors, decoded stream, original_origami, error_count, success, decoding time
2, 11110111011111101001001001100011000000100000100001000010001110000011000011100110,[24, 37],11110111011111101001001011100011000001100000100001000010001110000011000011100110,11110111011111101001001011100011000001100000100001000010001110000011000011100110, 2, True, 0.009
node, origami data, Induced Errors, decoded stream, original_origami, error_count, success, decoding time
2, 11110111011111101001001001100011000001000000100001000010001110000011000011100110,[24, 38],11110111011111101001001011100011000001100000100001000010001110000011000011100110,11110111011111101001001011100011000001100000100001000010001110000011000011100110, 2, True, 0.008
node, origami data, Induced Errors, decoded stream, original_origami, error_count, success, decoding time
2, 11110111011111101001001001100011000001100000000001000010001110000011000011100110,[24, 44],11110111011111101001001011100011000001100000100001000010001110000011000011100110,11110111011111101001001011100011000001100000100001000010001110000011000011100110, 2, True, 0.006
node, origami data, Induced Errors, decoded stream, original_origami, error_count, success, decoding time
2, 11110111011111101001001001100011000001100000100000000010001110000011000011100110,[24, 49],11110111011111101001001011100011000001100000100001000010001110000011000011100110,11110111011111101001001011100011000001100000100001000010001110000011000011100110, 2, True, 0.007
node, origami data, Induced Errors, decoded stream, original_origami, error_count, success, decoding time
2, 11110111011111101001001001100011000001100000100001000000001110000011000011100110,[24, 54],11110111011111101001001011100011000001100000100001000010001110000011000011100110,11110111011111101001001011100011000001100000100001000010001110000011000011100110, 2, True, 0.011
node, origami data, Induced Errors, decoded stream, original_origami, error_count, success, decoding time
2, 11110111011111101001001001100011000001100000100001000010000110000011000011100110,[24, 58],11110111011111101001001011100011000001100000100001000010001110000011000011100110,11110111011111101001001011100011000001100000100001000010001110000011000011100110, 2, True, 0.005
node, origami data, Induced Errors, decoded stream, original_origami, error_count, success, decoding time
2, 11110111011111101001001001100011000001100000100001000010001010000011000011100110,[24, 59],11110111011111101001001011100011000001100000100001000010001110000011000011100110,11110111011111101001001011100011000001100000100001000010001110000011000011100110, 2, True, 0.817
node, origami data, Induced Errors, decoded stream, original_origami, error_count, success, decoding time
2, 11110111011111101001001001100011000001100000100001000010001100000011000011100110,[24, 60],11110111011111101001001011100011000001100000100001000010001110000011000011100110,11110111011111101001001011100011000001100000100001000010001110000011000011100110, 2, True, 0.297
node, origami data, Induced Errors, decoded stream, original_origami, error_count, success, decoding time
2, 11110111011111101001001001100011000001100000100001000010001110000001000011100110,[24, 66],11110111011111101001001011100011000001100000100001000010001110000011000011100110,11110111011111101001001011100011000001100000100001000010001110000011000011100110, 2, True, 0.007
node, origami data, Induced Errors, decoded stream, original_origami, error_count, success, decoding time
2, 11110111011111101001001001100011000001100000100001000010001110000010000011100110,[24, 67],11110111011111101001001011100011000001100000100001000010001110000011000011100110,11110111011111101001001011100011000001100000100001000010001110000011000011100110, 2, True, 0.004
node, origami data, Induced Errors, decoded stream, original_origami, error_count, success, decoding time
2, 11110111011111101001001001100011000001100000100001000010001110000011000001100110,[24, 72],11110111011111101001001011100011000001100000100001000010001110000011000011100110,11110111011111101001001011100011000001100000100001000010001110000011000011100110, 2, True, 0.009
node, origami data, Induced Errors, decoded stream, original_origami, error_count, success, decoding time
2, 11110111011111101001001001100011000001100000100001000010001110000011000010100110,[24, 73],11110111011111101001001011100011000001100000100001000010001110000011000011100110,11110111011111101001001011100011000001100000100001000010001110000011000011100110, 2, True, 0.007
node, origami data, Induced Errors, decoded stream, original_origami, error_count, success, decoding time
2, 11110111011111101001001001100011000001100000100001000010001110000011000011000110,[24, 74],11110111011111101001001011100011000001100000100001000010001110000011000011100110,11110111011111101001001011100011000001100000100001000010001110000011000011100110, 2, True, 0.006
node, origami data, Induced Errors, decoded stream, original_origami, error_count, success, decoding time
2, 11110111011111101001001001100011000001100000100001000010001110000011000011100010,[24, 77],11110111011111101001001011100011000001100000100001000010001110000011000011100110,11110111011111101001001011100011000001100000100001000010001110000011000011100110, 2, True, 0.011
node, origami data, Induced Errors, decoded stream, original_origami, error_count, success, decoding time
2, 11110111011111101001001001100011000001100000100001000010001110000011000011100100,[24, 78],11110111011111101001001011100011000001100000100001000010001110000011000011100110,11110111011111101001001011100011000001100000100001000010001110000011000011100110, 2, True, 0.213
node, origami data, Induced Errors, decoded stream, original_origami, error_count, success, decoding time
2, 11110111011111101001001010000011000001100000100001000010001110000011000011100110,[25, 26],11110111011111101001001011100011000001100000100001000010001110000011000011100110,11110111011111101001001011100011000001100000100001000010001110000011000011100110, 2, True, 0.004
node, origami data, Induced Errors, decoded stream, original_origami, error_count, success, decoding time
2, 11110111011111101001001010100001000001100000100001000010001110000011000011100110,[25, 30],11110111011111101001001011100011000001100000100001000010001110000011000011100110,11110111011111101001001011100011000001100000100001000010001110000011000011100110, 2, True, 0.006
node, origami data, Induced Errors, decoded stream, original_origami, error_count, success, decoding time
2, 11110111011111101001001010100010000001100000100001000010001110000011000011100110,[25, 31],11110111011111101001001011100011000001100000100001000010001110000011000011100110,11110111011111101001001011100011000001100000100001000010001110000011000011100110, 2, True, 0.008
node, origami data, Induced Errors, decoded stream, original_origami, error_count, success, decoding time
2, 11110111011111101001001010100011000000100000100001000010001110000011000011100110,[25, 37],11110111011111101001001011100011000001100000100001000010001110000011000011100110,11110111011111101001001011100011000001100000100001000010001110000011000011100110, 2, True, 0.013
node, origami data, Induced Errors, decoded stream, original_origami, error_count, success, decoding time
2, 11110111011111101001001010100011000001000000100001000010001110000011000011100110,[25, 38],11110111011111101001001011100011000001100000100001000010001110000011000011100110,11110111011111101001001011100011000001100000100001000010001110000011000011100110, 2, True, 0.004
node, origami data, Induced Errors, decoded stream, original_origami, error_count, success, decoding time
2, 11110111011111101001001010100011000001100000000001000010001110000011000011100110,[25, 44],11110111011111101001001011100011000001100000100001000010001110000011000011100110,11110111011111101001001011100011000001100000100001000010001110000011000011100110, 2, True, 0.27
node, origami data, Induced Errors, decoded stream, original_origami, error_count, success, decoding time
2, 11110111011111101001001010100011000001100000100000000010001110000011000011100110,[25, 49],11110111011111101001001011100011000001100000100001000010001110000011000011100110,11110111011111101001001011100011000001100000100001000010001110000011000011100110, 2, True, 0.011
node, origami data, Induced Errors, decoded stream, original_origami, error_count, success, decoding time
2, 11110111011111101001001010100011000001100000100001000000001110000011000011100110,[25, 54],11110111011111101001001011100011000001100000100001000010001110000011000011100110,11110111011111101001001011100011000001100000100001000010001110000011000011100110, 2, True, 0.005
node, origami data, Induced Errors, decoded stream, original_origami, error_count, success, decoding time
2, 11110111011111101001001010100011000001100000100001000010000110000011000011100110,[25, 58],11110111011111101001001011100011000001100000100001000010001110000011000011100110,11110111011111101001001011100011000001100000100001000010001110000011000011100110, 2, True, 0.008
node, origami data, Induced Errors, decoded stream, original_origami, error_count, success, decoding time
2, 11110111011111101001001010100011000001100000100001000010001010000011000011100110,[25, 59],11110111011111101001001011100011000001100000100001000010001110000011000011100110,11110111011111101001001011100011000001100000100001000010001110000011000011100110, 2, True, 0.009
node, origami data, Induced Errors, decoded stream, original_origami, error_count, success, decoding time
2, 11110111011111101001001010100011000001100000100001000010001100000011000011100110,[25, 60],11110111011111101101001010100011000001110000100001001110001110000111100011100110,11110111011111101001001011100011000001100000100001000010001110000011000011100110, 7, False, 0.133
node, origami data, Induced Errors, decoded stream, original_origami, error_count, success, decoding time
2, 11110111011111101001001010100011000001100000100001000010001110000001000011100110,[25, 66],11110111011111101001001011100011000001100000100001000010001110000011000011100110,11110111011111101001001011100011000001100000100001000010001110000011000011100110, 2, True, 0.006
node, origami data, Induced Errors, decoded stream, original_origami, error_count, success, decoding time
2, 11110111011111101001001010100011000001100000100001000010001110000010000011100110,[25, 67],11110111011111101001001011100011000001100000100001000010001110000011000011100110,11110111011111101001001011100011000001100000100001000010001110000011000011100110, 2, True, 0.006
node, origami data, Induced Errors, decoded stream, original_origami, error_count, success, decoding time
2, 11110111011111101001001010100011000001100000100001000010001110000011000001100110,[25, 72],11110111011111101001001011100011000001100000100001000010001110000011000011100110,11110111011111101001001011100011000001100000100001000010001110000011000011100110, 2, True, 0.006
node, origami data, Induced Errors, decoded stream, original_origami, error_count, success, decoding time
2, 11110111011111101001001010100011000001100000100001000010001110000011000010100110,[25, 73],11110111011111101001011010101011000001110000100001000110001110011011100010100110,11110111011111101001001011100011000001100000100001000010001110000011000011100110, 7, False, 0.154
node, origami data, Induced Errors, decoded stream, original_origami, error_count, success, decoding time
2, 11110111011111101001001010100011000001100000100001000010001110000011000011000110,[25, 74],11110111011111101001001011100011000001100000100001000010001110000011000011100110,11110111011111101001001011100011000001100000100001000010001110000011000011100110, 2, True, 0.329
node, origami data, Induced Errors, decoded stream, original_origami, error_count, success, decoding time
2, 11110111011111101001001010100011000001100000100001000010001110000011000011100010,[25, 77],11110111011111101001001011100011000001100000100001000010001110000011000011100110,11110111011111101001001011100011000001100000100001000010001110000011000011100110, 2, True, 0.01
node, origami data, Induced Errors, decoded stream, original_origami, error_count, success, decoding time
2, 11110111011111101001001010100011000001100000100001000010001110000011000011100100,[25, 78],11110111011111101101001010100011000001110000100001001110001110000111100011100110,11110111011111101001001011100011000001100000100001000010001110000011000011100110, 7, False, 0.044
node, origami data, Induced Errors, decoded stream, original_origami, error_count, success, decoding time
2, 11110111011111101001001011000001000001100000100001000010001110000011000011100110,[26, 30],11110111011111101001001011100011000001100000100001000010001110000011000011100110,11110111011111101001001011100011000001100000100001000010001110000011000011100110, 2, True, 0.006
node, origami data, Induced Errors, decoded stream, original_origami, error_count, success, decoding time
2, 11110111011111101001001011000010000001100000100001000010001110000011000011100110,[26, 31],11110111011111101001001011100011000001100000100001000010001110000011000011100110,11110111011111101001001011100011000001100000100001000010001110000011000011100110, 2, True, 0.004
node, origami data, Induced Errors, decoded stream, original_origami, error_count, success, decoding time
2, 11110111011111101001001011000011000000100000100001000010001110000011000011100110,[26, 37],11110111011111101001001011100011000001100000100001000010001110000011000011100110,11110111011111101001001011100011000001100000100001000010001110000011000011100110, 2, True, 0.008
node, origami data, Induced Errors, decoded stream, original_origami, error_count, success, decoding time
2, 11110111011111101001001011000011000001000000100001000010001110000011000011100110,[26, 38],11110111011111101001001011100011000001100000100001000010001110000011000011100110,11110111011111101001001011100011000001100000100001000010001110000011000011100110, 2, True, 0.008
node, origami data, Induced Errors, decoded stream, original_origami, error_count, success, decoding time
2, 11110111011111101001001011000011000001100000000001000010001110000011000011100110,[26, 44],11110111011111111001001011000111000001100000000001000010001110101011001011100110,11110111011111101001001011100011000001100000100001000010001110000011000011100110, 5, False, 0.009
node, origami data, Induced Errors, decoded stream, original_origami, error_count, success, decoding time
2, 11110111011111101001001011000011000001100000100000000010001110000011000011100110,[26, 49],11110111011111101001001011100011000001100000100001000010001110000011000011100110,11110111011111101001001011100011000001100000100001000010001110000011000011100110, 2, True, 0.008
node, origami data, Induced Errors, decoded stream, original_origami, error_count, success, decoding time
2, 11110111011111101001001011000011000001100000100001000000001110000011000011100110,[26, 54],11110111011111101101011010000011000001101000100001010000001110100111100011100110,11110111011111101001001011100011000001100000100001000010001110000011000011100110, 8, False, 0.023
node, origami data, Induced Errors, decoded stream, original_origami, error_count, success, decoding time
2, 11110111011111101001001011000011000001100000100001000010000110000011000011100110,[26, 58],11110111011111101001001011100011000001100000100001000010001110000011000011100110,11110111011111101001001011100011000001100000100001000010001110000011000011100110, 2, True, 0.007
node, origami data, Induced Errors, decoded stream, original_origami, error_count, success, decoding time
2, 11110111011111101001001011000011000001100000100001000010001010000011000011100110,[26, 59],11110111011111101001001011100011000001100000100001000010001110000011000011100110,11110111011111101001001011100011000001100000100001000010001110000011000011100110, 2, True, 0.008
node, origami data, Induced Errors, decoded stream, original_origami, error_count, success, decoding time
2, 11110111011111101001001011000011000001100000100001000010001100000011000011100110,[26, 60],11110111011111101001001011100011000001100000100001000010001110000011000011100110,11110111011111101001001011100011000001100000100001000010001110000011000011100110, 2, True, 0.006
node, origami data, Induced Errors, decoded stream, original_origami, error_count, success, decoding time
2, 11110111011111101001001011000011000001100000100001000010001110000001000011100110,[26, 66],11110111011111101001001011100011000001100000100001000010001110000011000011100110,11110111011111101001001011100011000001100000100001000010001110000011000011100110, 2, True, 0.005
node, origami data, Induced Errors, decoded stream, original_origami, error_count, success, decoding time
2, 11110111011111101001001011000011000001100000100001000010001110000010000011100110,[26, 67],11110111011111101001001011100011000001100000100001000010001110000011000011100110,11110111011111101001001011100011000001100000100001000010001110000011000011100110, 2, True, 0.008
node, origami data, Induced Errors, decoded stream, original_origami, error_count, success, decoding time
2, 11110111011111101001001011000011000001100000100001000010001110000011000001100110,[26, 72],11110111011111101001001011100011000001100000100001000010001110000011000011100110,11110111011111101001001011100011000001100000100001000010001110000011000011100110, 2, True, 0.005
node, origami data, Induced Errors, decoded stream, original_origami, error_count, success, decoding time
2, 11110111011111101001001011000011000001100000100001000010001110000011000010100110,[26, 73],11110111011111101001001011100011000001100000100001000010001110000011000011100110,11110111011111101001001011100011000001100000100001000010001110000011000011100110, 2, True, 0.009
node, origami data, Induced Errors, decoded stream, original_origami, error_count, success, decoding time
2, 11110111011111101001001011000011000001100000100001000010001110000011000011000110,[26, 74],11110111011111101001001011100011000001100000100001000010001110000011000011100110,11110111011111101001001011100011000001100000100001000010001110000011000011100110, 2, True, 0.01
node, origami data, Induced Errors, decoded stream, original_origami, error_count, success, decoding time
2, 11110111011111101001001011000011000001100000100001000010001110000011000011100010,[26, 77],11110111011111101001001011100011000001100000100001000010001110000011000011100110,11110111011111101001001011100011000001100000100001000010001110000011000011100110, 2, True, 0.006
node, origami data, Induced Errors, decoded stream, original_origami, error_count, success, decoding time
2, 11110111011111101001001011000011000001100000100001000010001110000011000011100100,[26, 78],11110111011111101001001011100011000001100000100001000010001110000011000011100110,11110111011111101001001011100011000001100000100001000010001110000011000011100110, 2, True, 0.01
node, origami data, Induced Errors, decoded stream, original_origami, error_count, success, decoding time
2, 11110111011111101001001011100000000001100000100001000010001110000011000011100110,[30, 31],11110111011111101001001011100011000001100000100001000010001110000011000011100110,11110111011111101001001011100011000001100000100001000010001110000011000011100110, 2, True, 0.004
node, origami data, Induced Errors, decoded stream, original_origami, error_count, success, decoding time
2, 11110111011111101001001011100001000000100000100001000010001110000011000011100110,[30, 37],11110111011111101001001011100011000001100000100001000010001110000011000011100110,11110111011111101001001011100011000001100000100001000010001110000011000011100110, 2, True, 0.271
node, origami data, Induced Errors, decoded stream, original_origami, error_count, success, decoding time
2, 11110111011111101001001011100001000001000000100001000010001110000011000011100110,[30, 38],11110111011111101001001011100011000001100000100001000010001110000011000011100110,11110111011111101001001011100011000001100000100001000010001110000011000011100110, 2, True, 0.004
node, origami data, Induced Errors, decoded stream, original_origami, error_count, success, decoding time
2, 11110111011111101001001011100001000001100000000001000010001110000011000011100110,[30, 44],11110111011111101001001011100011000001100000100001000010001110000011000011100110,11110111011111101001001011100011000001100000100001000010001110000011000011100110, 2, True, 0.004
node, origami data, Induced Errors, decoded stream, original_origami, error_count, success, decoding time
2, 11110111011111101001001011100001000001100000100000000010001110000011000011100110,[30, 49],11110111011111101001001011100011000001100000100001000010001110000011000011100110,11110111011111101001001011100011000001100000100001000010001110000011000011100110, 2, True, 0.007
node, origami data, Induced Errors, decoded stream, original_origami, error_count, success, decoding time
2, 11110111011111101001001011100001000001100000100001000000001110000011000011100110,[30, 54],11110111011111101001001011100011000001100000100001000010001110000011000011100110,11110111011111101001001011100011000001100000100001000010001110000011000011100110, 2, True, 0.005
node, origami data, Induced Errors, decoded stream, original_origami, error_count, success, decoding time
2, 11110111011111101001001011100001000001100000100001000010000110000011000011100110,[30, 58],11110111011111101001001011100011000001100000100001000010001110000011000011100110,11110111011111101001001011100011000001100000100001000010001110000011000011100110, 2, True, 0.004
node, origami data, Induced Errors, decoded stream, original_origami, error_count, success, decoding time
2, 11110111011111101001001011100001000001100000100001000010001010000011000011100110,[30, 59],11110111011111101001001011100011000001100000100001000010001110000011000011100110,11110111011111101001001011100011000001100000100001000010001110000011000011100110, 2, True, 0.005
node, origami data, Induced Errors, decoded stream, original_origami, error_count, success, decoding time
2, 11110111011111101001001011100001000001100000100001000010001100000011000011100110,[30, 60],11110111011111101001001011100011000001100000100001000010001110000011000011100110,11110111011111101001001011100011000001100000100001000010001110000011000011100110, 2, True, 0.01
node, origami data, Induced Errors, decoded stream, original_origami, error_count, success, decoding time
2, 11110111011111101001001011100001000001100000100001000010001110000001000011100110,[30, 66],11110111011111101001001011100011000001100000100001000010001110000011000011100110,11110111011111101001001011100011000001100000100001000010001110000011000011100110, 2, True, 0.007
node, origami data, Induced Errors, decoded stream, original_origami, error_count, success, decoding time
2, 11110111011111101001001011100001000001100000100001000010001110000010000011100110,[30, 67],11110111011111101001001011100011000001100000100001000010001110000011000011100110,11110111011111101001001011100011000001100000100001000010001110000011000011100110, 2, True, 0.009
node, origami data, Induced Errors, decoded stream, original_origami, error_count, success, decoding time
2, 11110111011111101001001011100001000001100000100001000010001110000011000001100110,[30, 72],11110111011111101011111011101001000001100000100001000010001111100111000011100110,11110111011111101001001011100011000001100000100001000010001110000011000011100110, 8, False, 0.708
node, origami data, Induced Errors, decoded stream, original_origami, error_count, success, decoding time
2, 11110111011111101001001011100001000001100000100001000010001110000011000010100110,[30, 73],11110111011111101001001011100011000001100000100001000010001110000011000011100110,11110111011111101001001011100011000001100000100001000010001110000011000011100110, 2, True, 0.008
node, origami data, Induced Errors, decoded stream, original_origami, error_count, success, decoding time
2, 11110111011111101001001011100001000001100000100001000010001110000011000011000110,[30, 74],11110111011111101001001011100011000001100000100001000010001110000011000011100110,11110111011111101001001011100011000001100000100001000010001110000011000011100110, 2, True, 0.284
node, origami data, Induced Errors, decoded stream, original_origami, error_count, success, decoding time
2, 11110111011111101001001011100001000001100000100001000010001110000011000011100010,[30, 77],11110111011111101001001011100011000001100000100001000010001110000011000011100110,11110111011111101001001011100011000001100000100001000010001110000011000011100110, 2, True, 0.008
node, origami data, Induced Errors, decoded stream, original_origami, error_count, success, decoding time
2, 11110111011111101001001011100001000001100000100001000010001110000011000011100100,[30, 78],11110111011111101001001011100011000001100000100001000010001110000011000011100110,11110111011111101001001011100011000001100000100001000010001110000011000011100110, 2, True, 0.006
node, origami data, Induced Errors, decoded stream, original_origami, error_count, success, decoding time
2, 11110111011111101001001011100010000000100000100001000010001110000011000011100110,[31, 37],11110111011111101001001011100011000001100000100001000010001110000011000011100110,11110111011111101001001011100011000001100000100001000010001110000011000011100110, 2, True, 0.005
node, origami data, Induced Errors, decoded stream, original_origami, error_count, success, decoding time
2, 11110111011111101001001011100010000001000000100001000010001110000011000011100110,[31, 38],11110111011111101001001011100011000001100000100001000010001110000011000011100110,11110111011111101001001011100011000001100000100001000010001110000011000011100110, 2, True, 0.004
node, origami data, Induced Errors, decoded stream, original_origami, error_count, success, decoding time
2, 11110111011111101001001011100010000001100000000001000010001110000011000011100110,[31, 44],11110111011111101001001011100011000001100000100001000010001110000011000011100110,11110111011111101001001011100011000001100000100001000010001110000011000011100110, 2, True, 0.004
node, origami data, Induced Errors, decoded stream, original_origami, error_count, success, decoding time
2, 11110111011111101001001011100010000001100000100000000010001110000011000011100110,[31, 49],11110111011111101001001011100011000001100000100001000010001110000011000011100110,11110111011111101001001011100011000001100000100001000010001110000011000011100110, 2, True, 0.009
node, origami data, Induced Errors, decoded stream, original_origami, error_count, success, decoding time
2, 11110111011111101001001011100010000001100000100001000000001110000011000011100110,[31, 54],11110111011111101001001011100011000001100000100001000010001110000011000011100110,11110111011111101001001011100011000001100000100001000010001110000011000011100110, 2, True, 0.009
node, origami data, Induced Errors, decoded stream, original_origami, error_count, success, decoding time
2, 11110111011111101001001011100010000001100000100001000010000110000011000011100110,[31, 58],11110111011111101001001011100011000001100000100001000010001110000011000011100110,11110111011111101001001011100011000001100000100001000010001110000011000011100110, 2, True, 0.005
node, origami data, Induced Errors, decoded stream, original_origami, error_count, success, decoding time
2, 11110111011111101001001011100010000001100000100001000010001010000011000011100110,[31, 59],11110111011111101001001011100011000001100000100001000010001110000011000011100110,11110111011111101001001011100011000001100000100001000010001110000011000011100110, 2, True, 0.007
node, origami data, Induced Errors, decoded stream, original_origami, error_count, success, decoding time
2, 11110111011111101001001011100010000001100000100001000010001100000011000011100110,[31, 60],11110111011111101001001011100011000001100000100001000010001110000011000011100110,11110111011111101001001011100011000001100000100001000010001110000011000011100110, 2, True, 0.005
node, origami data, Induced Errors, decoded stream, original_origami, error_count, success, decoding time
2, 11110111011111101001001011100010000001100000100001000010001110000001000011100110,[31, 66],11110111011111101001001011100011000001100000100001000010001110000011000011100110,11110111011111101001001011100011000001100000100001000010001110000011000011100110, 2, True, 0.005
node, origami data, Induced Errors, decoded stream, original_origami, error_count, success, decoding time
2, 11110111011111101001001011100010000001100000100001000010001110000010000011100110,[31, 67],11110111011111101001001011100011000001100000100001000010001110000011000011100110,11110111011111101001001011100011000001100000100001000010001110000011000011100110, 2, True, 0.004
node, origami data, Induced Errors, decoded stream, original_origami, error_count, success, decoding time
2, 11110111011111101001001011100010000001100000100001000010001110000011000001100110,[31, 72],11110111011111101001001011100011000001100000100001000010001110000011000011100110,11110111011111101001001011100011000001100000100001000010001110000011000011100110, 2, True, 0.004
node, origami data, Induced Errors, decoded stream, original_origami, error_count, success, decoding time
2, 11110111011111101001001011100010000001100000100001000010001110000011000010100110,[31, 73],11110111011111101001001011100011000001100000100001000010001110000011000011100110,11110111011111101001001011100011000001100000100001000010001110000011000011100110, 2, True, 0.006
node, origami data, Induced Errors, decoded stream, original_origami, error_count, success, decoding time
2, 11110111011111101001001011100010000001100000100001000010001110000011000011000110,[31, 74],11110111011111101001001011100011000001100000100001000010001110000011000011100110,11110111011111101001001011100011000001100000100001000010001110000011000011100110, 2, True, 0.009
node, origami data, Induced Errors, decoded stream, original_origami, error_count, success, decoding time
2, 11110111011111101001001011100010000001100000100001000010001110000011000011100010,[31, 77],11110111011111101001001011100011000001100000100001000010001110000011000011100110,11110111011111101001001011100011000001100000100001000010001110000011000011100110, 2, True, 0.004
node, origami data, Induced Errors, decoded stream, original_origami, error_count, success, decoding time
2, 11110111011111101001001011100010000001100000100001000010001110000011000011100100,[31, 78],11110111011111101001001011100011000001100000100001000010001110000011000011100110,11110111011111101001001011100011000001100000100001000010001110000011000011100110, 2, True, 0.005
node, origami data, Induced Errors, decoded stream, original_origami, error_count, success, decoding time
2, 11110111011111101001001011100011000000000000100001000010001110000011000011100110,[37, 38],11110111011111101001001011100011000001100000100001000010001110000011000011100110,11110111011111101001001011100011000001100000100001000010001110000011000011100110, 2, True, 0.009
node, origami data, Induced Errors, decoded stream, original_origami, error_count, success, decoding time
2, 11110111011111101001001011100011000000100000000001000010001110000011000011100110,[37, 44],11110111011111101001001011100011000001100000100001000010001110000011000011100110,11110111011111101001001011100011000001100000100001000010001110000011000011100110, 2, True, 0.006
node, origami data, Induced Errors, decoded stream, original_origami, error_count, success, decoding time
2, 11110111011111101001001011100011000000100000100000000010001110000011000011100110,[37, 49],11110111011111101001001011100011000001100000100001000010001110000011000011100110,11110111011111101001001011100011000001100000100001000010001110000011000011100110, 2, True, 0.005
node, origami data, Induced Errors, decoded stream, original_origami, error_count, success, decoding time
2, 11110111011111101001001011100011000000100000100001000000001110000011000011100110,[37, 54],11110111011111101001001011100011000001100000100001000010001110000011000011100110,11110111011111101001001011100011000001100000100001000010001110000011000011100110, 2, True, 0.011
node, origami data, Induced Errors, decoded stream, original_origami, error_count, success, decoding time
2, 11110111011111101001001011100011000000100000100001000010000110000011000011100110,[37, 58],11110111011111101001001011100011000001100000100001000010001110000011000011100110,11110111011111101001001011100011000001100000100001000010001110000011000011100110, 2, True, 0.004
node, origami data, Induced Errors, decoded stream, original_origami, error_count, success, decoding time
2, 11110111011111101001001011100011000000100000100001000010001010000011000011100110,[37, 59],11110111011111101001001011100011000001100000100001000010001110000011000011100110,11110111011111101001001011100011000001100000100001000010001110000011000011100110, 2, True, 0.005
node, origami data, Induced Errors, decoded stream, original_origami, error_count, success, decoding time
2, 11110111011111101001001011100011000000100000100001000010001100000011000011100110,[37, 60],11110111011111101001001011100011000001100000100001000010001110000011000011100110,11110111011111101001001011100011000001100000100001000010001110000011000011100110, 2, True, 0.005
node, origami data, Induced Errors, decoded stream, original_origami, error_count, success, decoding time
2, 11110111011111101001001011100011000000100000100001000010001110000001000011100110,[37, 66],11110111011111101001001011100011000001100000100001000010001110000011000011100110,11110111011111101001001011100011000001100000100001000010001110000011000011100110, 2, True, 0.006
node, origami data, Induced Errors, decoded stream, original_origami, error_count, success, decoding time
2, 11110111011111101001001011100011000000100000100001000010001110000010000011100110,[37, 67],11110111011111101001001011100011000001100000100001000010001110000011000011100110,11110111011111101001001011100011000001100000100001000010001110000011000011100110, 2, True, 0.004
node, origami data, Induced Errors, decoded stream, original_origami, error_count, success, decoding time
2, 11110111011111101001001011100011000000100000100001000010001110000011000001100110,[37, 72],11110111011111101001001011100011000001100000100001000010001110000011000011100110,11110111011111101001001011100011000001100000100001000010001110000011000011100110, 2, True, 0.008
node, origami data, Induced Errors, decoded stream, original_origami, error_count, success, decoding time
2, 11110111011111101001001011100011000000100000100001000010001110000011000010100110,[37, 73],11110111011111101001001011100011000001100000100001000010001110000011000011100110,11110111011111101001001011100011000001100000100001000010001110000011000011100110, 2, True, 0.012
node, origami data, Induced Errors, decoded stream, original_origami, error_count, success, decoding time
2, 11110111011111101001001011100011000000100000100001000010001110000011000011000110,[37, 74],11110111011111101001001011100011000001100000100001000010001110000011000011100110,11110111011111101001001011100011000001100000100001000010001110000011000011100110, 2, True, 0.008
node, origami data, Induced Errors, decoded stream, original_origami, error_count, success, decoding time
2, 11110111011111101001001011100011000000100000100001000010001110000011000011100010,[37, 77],11110111011111101001001011100011000001100000100001000010001110000011000011100110,11110111011111101001001011100011000001100000100001000010001110000011000011100110, 2, True, 0.006
node, origami data, Induced Errors, decoded stream, original_origami, error_count, success, decoding time
2, 11110111011111101001001011100011000000100000100001000010001110000011000011100100,[37, 78],11110111011111101001001011100011000001100000100001000010001110000011000011100110,11110111011111101001001011100011000001100000100001000010001110000011000011100110, 2, True, 0.263
node, origami data, Induced Errors, decoded stream, original_origami, error_count, success, decoding time
2, 11110111011111101001001011100011000001000000000001000010001110000011000011100110,[38, 44],11110111011111101001001011100011000001100000100001000010001110000011000011100110,11110111011111101001001011100011000001100000100001000010001110000011000011100110, 2, True, 0.006
node, origami data, Induced Errors, decoded stream, original_origami, error_count, success, decoding time
2, 11110111011111101001001011100011000001000000100000000010001110000011000011100110,[38, 49],11110111011111101001001011100011000001100000100001000010001110000011000011100110,11110111011111101001001011100011000001100000100001000010001110000011000011100110, 2, True, 0.004
node, origami data, Induced Errors, decoded stream, original_origami, error_count, success, decoding time
2, 11110111011111101001001011100011000001000000100001000000001110000011000011100110,[38, 54],11110111011111101001001011100011000001100000100001000010001110000011000011100110,11110111011111101001001011100011000001100000100001000010001110000011000011100110, 2, True, 0.007
node, origami data, Induced Errors, decoded stream, original_origami, error_count, success, decoding time
2, 11110111011111101001001011100011000001000000100001000010000110000011000011100110,[38, 58],11110111011111101001001011100011000001100000100001000010001110000011000011100110,11110111011111101001001011100011000001100000100001000010001110000011000011100110, 2, True, 0.005
node, origami data, Induced Errors, decoded stream, original_origami, error_count, success, decoding time
2, 11110111011111101001001011100011000001000000100001000010001010000011000011100110,[38, 59],11110111011111101001001011100011000001100000100001000010001110000011000011100110,11110111011111101001001011100011000001100000100001000010001110000011000011100110, 2, True, 0.008
node, origami data, Induced Errors, decoded stream, original_origami, error_count, success, decoding time
2, 11110111011111101001001011100011000001000000100001000010001100000011000011100110,[38, 60],11110111011111101001001011100011000001100000100001000010001110000011000011100110,11110111011111101001001011100011000001100000100001000010001110000011000011100110, 2, True, 0.008
node, origami data, Induced Errors, decoded stream, original_origami, error_count, success, decoding time
2, 11110111011111101001001011100011000001000000100001000010001110000001000011100110,[38, 66],11110111011111101001001011100011000001100000100001000010001110000011000011100110,11110111011111101001001011100011000001100000100001000010001110000011000011100110, 2, True, 0.005
node, origami data, Induced Errors, decoded stream, original_origami, error_count, success, decoding time
2, 11110111011111101001001011100011000001000000100001000010001110000010000011100110,[38, 67],11110111011111101001001011100011000001100000100001000010001110000011000011100110,11110111011111101001001011100011000001100000100001000010001110000011000011100110, 2, True, 0.002
node, origami data, Induced Errors, decoded stream, original_origami, error_count, success, decoding time
2, 11110111011111101001001011100011000001000000100001000010001110000011000001100110,[38, 72],11110111011111101001001011100011000001100000100001000010001110000011000011100110,11110111011111101001001011100011000001100000100001000010001110000011000011100110, 2, True, 0.006
node, origami data, Induced Errors, decoded stream, original_origami, error_count, success, decoding time
2, 11110111011111101001001011100011000001000000100001000010001110000011000010100110,[38, 73],11110111011111101001001011100011000001100000100001000010001110000011000011100110,11110111011111101001001011100011000001100000100001000010001110000011000011100110, 2, True, 0.004
node, origami data, Induced Errors, decoded stream, original_origami, error_count, success, decoding time
2, 11110111011111101001001011100011000001000000100001000010001110000011000011000110,[38, 74],11110111011111101001001011100011000001100000100001000010001110000011000011100110,11110111011111101001001011100011000001100000100001000010001110000011000011100110, 2, True, 0.007
node, origami data, Induced Errors, decoded stream, original_origami, error_count, success, decoding time
2, 11110111011111101001001011100011000001000000100001000010001110000011000011100010,[38, 77],11110111011111101001001011100011000001100000100001000010001110000011000011100110,11110111011111101001001011100011000001100000100001000010001110000011000011100110, 2, True, 0.009
node, origami data, Induced Errors, decoded stream, original_origami, error_count, success, decoding time
2, 11110111011111101001001011100011000001000000100001000010001110000011000011100100,[38, 78],11110111011111101001001011100011000001100000100001000010001110000011000011100110,11110111011111101001001011100011000001100000100001000010001110000011000011100110, 2, True, 0.005
node, origami data, Induced Errors, decoded stream, original_origami, error_count, success, decoding time
2, 11110111011111101001001011100011000001100000000000000010001110000011000011100110,[44, 49],11110111011111101001001011100011000001100000100001000010001110000011000011100110,11110111011111101001001011100011000001100000100001000010001110000011000011100110, 2, True, 0.007
node, origami data, Induced Errors, decoded stream, original_origami, error_count, success, decoding time
2, 11110111011111101001001011100011000001100000000001000000001110000011000011100110,[44, 54],11110111011111101001001011100011000001100000100001000010001110000011000011100110,11110111011111101001001011100011000001100000100001000010001110000011000011100110, 2, True, 0.463
node, origami data, Induced Errors, decoded stream, original_origami, error_count, success, decoding time
2, 11110111011111101001001011100011000001100000000001000010000110000011000011100110,[44, 58],11110111011111101001001011100011000001100000100001000010001110000011000011100110,11110111011111101001001011100011000001100000100001000010001110000011000011100110, 2, True, 0.005
node, origami data, Induced Errors, decoded stream, original_origami, error_count, success, decoding time
2, 11110111011111101001001011100011000001100000000001000010001010000011000011100110,[44, 59],11110111011111101001001011100011000001100000100001000010001110000011000011100110,11110111011111101001001011100011000001100000100001000010001110000011000011100110, 2, True, 0.218
node, origami data, Induced Errors, decoded stream, original_origami, error_count, success, decoding time
2, 11110111011111101001001011100011000001100000000001000010001100000011000011100110,[44, 60],11110111011111101001001011100011000001100000100001000010001110000011000011100110,11110111011111101001001011100011000001100000100001000010001110000011000011100110, 2, True, 0.009
node, origami data, Induced Errors, decoded stream, original_origami, error_count, success, decoding time
2, 11110111011111101001001011100011000001100000000001000010001110000001000011100110,[44, 66],11110111011111101001001011100011000001100000100001000010001110000011000011100110,11110111011111101001001011100011000001100000100001000010001110000011000011100110, 2, True, 0.008
node, origami data, Induced Errors, decoded stream, original_origami, error_count, success, decoding time
2, 11110111011111101001001011100011000001100000000001000010001110000010000011100110,[44, 67],11110111011111101001001011100011000001100000100001000010001110000011000011100110,11110111011111101001001011100011000001100000100001000010001110000011000011100110, 2, True, 0.007
node, origami data, Induced Errors, decoded stream, original_origami, error_count, success, decoding time
2, 11110111011111101001001011100011000001100000000001000010001110000011000001100110,[44, 72],11110111011111101001001011100011000001100000100001000010001110000011000011100110,11110111011111101001001011100011000001100000100001000010001110000011000011100110, 2, True, 0.006
node, origami data, Induced Errors, decoded stream, original_origami, error_count, success, decoding time
2, 11110111011111101001001011100011000001100000000001000010001110000011000010100110,[44, 73],11110111011111101001001011100011000001100000100001000010001110000011000011100110,11110111011111101001001011100011000001100000100001000010001110000011000011100110, 2, True, 0.01
node, origami data, Induced Errors, decoded stream, original_origami, error_count, success, decoding time
2, 11110111011111101001001011100011000001100000000001000010001110000011000011000110,[44, 74],11110111011111101001001011100011000001100000100001000010001110000011000011100110,11110111011111101001001011100011000001100000100001000010001110000011000011100110, 2, True, 1.237
node, origami data, Induced Errors, decoded stream, original_origami, error_count, success, decoding time
2, 11110111011111101001001011100011000001100000000001000010001110000011000011100010,[44, 77],11110111011111101001001011100011000001100000100001000010001110000011000011100110,11110111011111101001001011100011000001100000100001000010001110000011000011100110, 2, True, 0.007
node, origami data, Induced Errors, decoded stream, original_origami, error_count, success, decoding time
2, 11110111011111101001001011100011000001100000000001000010001110000011000011100100,[44, 78],11110111011111101001001011100011000001100000100001000010001110000011000011100110,11110111011111101001001011100011000001100000100001000010001110000011000011100110, 2, True, 0.008
node, origami data, Induced Errors, decoded stream, original_origami, error_count, success, decoding time
2, 11110111011111101001001011100011000001100000100000000000001110000011000011100110,[49, 54],11110111011111101001001011100011000001100000100001000010001110000011000011100110,11110111011111101001001011100011000001100000100001000010001110000011000011100110, 2, True, 0.006
node, origami data, Induced Errors, decoded stream, original_origami, error_count, success, decoding time
2, 11110111011111101001001011100011000001100000100000000010000110000011000011100110,[49, 58],11110111011111101001001011100011000001100000100001000010001110000011000011100110,11110111011111101001001011100011000001100000100001000010001110000011000011100110, 2, True, 0.004
node, origami data, Induced Errors, decoded stream, original_origami, error_count, success, decoding time
2, 11110111011111101001001011100011000001100000100000000010001010000011000011100110,[49, 59],11110111011111101001001011100011000001100000100001000010001110000011000011100110,11110111011111101001001011100011000001100000100001000010001110000011000011100110, 2, True, 0.226
node, origami data, Induced Errors, decoded stream, original_origami, error_count, success, decoding time
2, 11110111011111101001001011100011000001100000100000000010001100000011000011100110,[49, 60],11110111011111101001001011100011000001100000100001000010001110000011000011100110,11110111011111101001001011100011000001100000100001000010001110000011000011100110, 2, True, 0.006
node, origami data, Induced Errors, decoded stream, original_origami, error_count, success, decoding time
2, 11110111011111101001001011100011000001100000100000000010001110000001000011100110,[49, 66],11110111011111101001001011100011000001100000100001000010001110000011000011100110,11110111011111101001001011100011000001100000100001000010001110000011000011100110, 2, True, 0.004
node, origami data, Induced Errors, decoded stream, original_origami, error_count, success, decoding time
2, 11110111011111101001001011100011000001100000100000000010001110000010000011100110,[49, 67],11110111011111101001001011100011000001100000100001000010001110000011000011100110,11110111011111101001001011100011000001100000100001000010001110000011000011100110, 2, True, 0.005
node, origami data, Induced Errors, decoded stream, original_origami, error_count, success, decoding time
2, 11110111011111101001001011100011000001100000100000000010001110000011000001100110,[49, 72],11110111011111101001001011100011000001100000100001000010001110000011000011100110,11110111011111101001001011100011000001100000100001000010001110000011000011100110, 2, True, 0.011
node, origami data, Induced Errors, decoded stream, original_origami, error_count, success, decoding time
2, 11110111011111101001001011100011000001100000100000000010001110000011000010100110,[49, 73],11110111011111101001001011100011000001100000100001000010001110000011000011100110,11110111011111101001001011100011000001100000100001000010001110000011000011100110, 2, True, 0.006
node, origami data, Induced Errors, decoded stream, original_origami, error_count, success, decoding time
2, 11110111011111101001001011100011000001100000100000000010001110000011000011000110,[49, 74],11110111011111101001001011100011000001100000100001000010001110000011000011100110,11110111011111101001001011100011000001100000100001000010001110000011000011100110, 2, True, 0.011
node, origami data, Induced Errors, decoded stream, original_origami, error_count, success, decoding time
2, 11110111011111101001001011100011000001100000100000000010001110000011000011100010,[49, 77],11110111011111101001001011100011000001100000100001000010001110000011000011100110,11110111011111101001001011100011000001100000100001000010001110000011000011100110, 2, True, 0.006
node, origami data, Induced Errors, decoded stream, original_origami, error_count, success, decoding time
2, 11110111011111101001001011100011000001100000100000000010001110000011000011100100,[49, 78],11110111011111101001001011100011000001100000100001000010001110000011000011100110,11110111011111101001001011100011000001100000100001000010001110000011000011100110, 2, True, 0.006
node, origami data, Induced Errors, decoded stream, original_origami, error_count, success, decoding time
2, 11110111011111101001001011100011000001100000100001000000000110000011000011100110,[54, 58],11110111011111101001001011100011000001100000100001000010001110000011000011100110,11110111011111101001001011100011000001100000100001000010001110000011000011100110, 2, True, 0.006
node, origami data, Induced Errors, decoded stream, original_origami, error_count, success, decoding time
2, 11110111011111101001001011100011000001100000100001000000001010000011000011100110,[54, 59],11110111011111101001001011100011000001100000100001000010001110000011000011100110,11110111011111101001001011100011000001100000100001000010001110000011000011100110, 2, True, 0.008
node, origami data, Induced Errors, decoded stream, original_origami, error_count, success, decoding time
2, 11110111011111101001001011100011000001100000100001000000001100000011000011100110,[54, 60],11110111011111101001001011100011000001100000100001000010001110000011000011100110,11110111011111101001001011100011000001100000100001000010001110000011000011100110, 2, True, 0.004
node, origami data, Induced Errors, decoded stream, original_origami, error_count, success, decoding time
2, 11110111011111101001001011100011000001100000100001000000001110000001000011100110,[54, 66],11110111011111101001001011100011000001100000100001000010001110000011000011100110,11110111011111101001001011100011000001100000100001000010001110000011000011100110, 2, True, 0.004
node, origami data, Induced Errors, decoded stream, original_origami, error_count, success, decoding time
2, 11110111011111101001001011100011000001100000100001000000001110000010000011100110,[54, 67],11110111011111101001001011100011000001100000100001000010001110000011000011100110,11110111011111101001001011100011000001100000100001000010001110000011000011100110, 2, True, 0.007
node, origami data, Induced Errors, decoded stream, original_origami, error_count, success, decoding time
2, 11110111011111101001001011100011000001100000100001000000001110000011000001100110,[54, 72],11110111011111101001001011100011000001100000100001000010001110000011000011100110,11110111011111101001001011100011000001100000100001000010001110000011000011100110, 2, True, 0.286
node, origami data, Induced Errors, decoded stream, original_origami, error_count, success, decoding time
2, 11110111011111101001001011100011000001100000100001000000001110000011000010100110,[54, 73],11110111011111101001001011100011000001100000100001000010001110000011000011100110,11110111011111101001001011100011000001100000100001000010001110000011000011100110, 2, True, 0.01
node, origami data, Induced Errors, decoded stream, original_origami, error_count, success, decoding time
2, 11110111011111101001001011100011000001100000100001000000001110000011000011000110,[54, 74],11110111011111101001001011100011000001100000100001000010001110000011000011100110,11110111011111101001001011100011000001100000100001000010001110000011000011100110, 2, True, 0.239
node, origami data, Induced Errors, decoded stream, original_origami, error_count, success, decoding time
2, 11110111011111101001001011100011000001100000100001000000001110000011000011100010,[54, 77],11110111011111101001001011100011000001100000100001000010001110000011000011100110,11110111011111101001001011100011000001100000100001000010001110000011000011100110, 2, True, 0.651
node, origami data, Induced Errors, decoded stream, original_origami, error_count, success, decoding time
2, 11110111011111101001001011100011000001100000100001000000001110000011000011100100,[54, 78],11110111011111101001001011100011000001100000100001000010001110000011000011100110,11110111011111101001001011100011000001100000100001000010001110000011000011100110, 2, True, 0.005
node, origami data, Induced Errors, decoded stream, original_origami, error_count, success, decoding time
2, 11110111011111101001001011100011000001100000100001000010000010000011000011100110,[58, 59],11110111011111101001001011100011000001100000100001000010001110000011000011100110,11110111011111101001001011100011000001100000100001000010001110000011000011100110, 2, True, 0.009
node, origami data, Induced Errors, decoded stream, original_origami, error_count, success, decoding time
2, 11110111011111101001001011100011000001100000100001000010000100000011000011100110,[58, 60],11110111011111101001001011100011000001100000100001000010001110000011000011100110,11110111011111101001001011100011000001100000100001000010001110000011000011100110, 2, True, 0.005
node, origami data, Induced Errors, decoded stream, original_origami, error_count, success, decoding time
2, 11110111011111101001001011100011000001100000100001000010000110000001000011100110,[58, 66],11110111011111101001001011100011000001100000100001000010001110000011000011100110,11110111011111101001001011100011000001100000100001000010001110000011000011100110, 2, True, 0.003
node, origami data, Induced Errors, decoded stream, original_origami, error_count, success, decoding time
2, 11110111011111101001001011100011000001100000100001000010000110000010000011100110,[58, 67],11110111011111101001001011100011000001100000100001000010001110000011000011100110,11110111011111101001001011100011000001100000100001000010001110000011000011100110, 2, True, 0.002
node, origami data, Induced Errors, decoded stream, original_origami, error_count, success, decoding time
2, 11110111011111101001001011100011000001100000100001000010000110000011000001100110,[58, 72],11110111011111101001001011100011000001100000100001000010001110000011000011100110,11110111011111101001001011100011000001100000100001000010001110000011000011100110, 2, True, 0.004
node, origami data, Induced Errors, decoded stream, original_origami, error_count, success, decoding time
2, 11110111011111101001001011100011000001100000100001000010000110000011000010100110,[58, 73],11110111011111101001001011100011000001100000100001000010001110000011000011100110,11110111011111101001001011100011000001100000100001000010001110000011000011100110, 2, True, 0.005
node, origami data, Induced Errors, decoded stream, original_origami, error_count, success, decoding time
2, 11110111011111101001001011100011000001100000100001000010000110000011000011000110,[58, 74],11110111011111101001001011100011000001100000100001000010001110000011000011100110,11110111011111101001001011100011000001100000100001000010001110000011000011100110, 2, True, 0.007
node, origami data, Induced Errors, decoded stream, original_origami, error_count, success, decoding time
2, 11110111011111101001001011100011000001100000100001000010000110000011000011100010,[58, 77],11110111011111101001001011100011000001100000100001000010001110000011000011100110,11110111011111101001001011100011000001100000100001000010001110000011000011100110, 2, True, 0.007
node, origami data, Induced Errors, decoded stream, original_origami, error_count, success, decoding time
2, 11110111011111101001001011100011000001100000100001000010000110000011000011100100,[58, 78],11110111011111101001001011100011000001100000100001000010001110000011000011100110,11110111011111101001001011100011000001100000100001000010001110000011000011100110, 2, True, 0.005
node, origami data, Induced Errors, decoded stream, original_origami, error_count, success, decoding time
2, 11110111011111101001001011100011000001100000100001000010001000000011000011100110,[59, 60],11110111011111101001001011100011000001100000100001000010001110000011000011100110,11110111011111101001001011100011000001100000100001000010001110000011000011100110, 2, True, 0.007
node, origami data, Induced Errors, decoded stream, original_origami, error_count, success, decoding time
2, 11110111011111101001001011100011000001100000100001000010001010000001000011100110,[59, 66],11110111011111101001001011100011000001100000100001000010001110000011000011100110,11110111011111101001001011100011000001100000100001000010001110000011000011100110, 2, True, 0.005
node, origami data, Induced Errors, decoded stream, original_origami, error_count, success, decoding time
2, 11110111011111101001001011100011000001100000100001000010001010000010000011100110,[59, 67],11110111011111101001001011100011000001100000100001000010001110000011000011100110,11110111011111101001001011100011000001100000100001000010001110000011000011100110, 2, True, 0.004
node, origami data, Induced Errors, decoded stream, original_origami, error_count, success, decoding time
2, 11110111011111101001001011100011000001100000100001000010001010000011000001100110,[59, 72],11110111011111101001001011100011000001100000100001000010001110000011000011100110,11110111011111101001001011100011000001100000100001000010001110000011000011100110, 2, True, 0.005
node, origami data, Induced Errors, decoded stream, original_origami, error_count, success, decoding time
2, 11110111011111101001001011100011000001100000100001000010001010000011000010100110,[59, 73],11110111011111101001001011100011000001100000100001000010001110000011000011100110,11110111011111101001001011100011000001100000100001000010001110000011000011100110, 2, True, 0.009
node, origami data, Induced Errors, decoded stream, original_origami, error_count, success, decoding time
2, 11110111011111101001001011100011000001100000100001000010001010000011000011000110,[59, 74],11110111011111101001001011100011000001100000100001000010001110000011000011100110,11110111011111101001001011100011000001100000100001000010001110000011000011100110, 2, True, 0.006
node, origami data, Induced Errors, decoded stream, original_origami, error_count, success, decoding time
2, 11110111011111101001001011100011000001100000100001000010001010000011000011100010,[59, 77],11110111011111101001001011100011000001100000100001000010001110000011000011100110,11110111011111101001001011100011000001100000100001000010001110000011000011100110, 2, True, 0.007
node, origami data, Induced Errors, decoded stream, original_origami, error_count, success, decoding time
2, 11110111011111101001001011100011000001100000100001000010001010000011000011100100,[59, 78],11110111011111101001001011100011000001100000100001000010001110000011000011100110,11110111011111101001001011100011000001100000100001000010001110000011000011100110, 2, True, 0.005
node, origami data, Induced Errors, decoded stream, original_origami, error_count, success, decoding time
2, 11110111011111101001001011100011000001100000100001000010001100000001000011100110,[60, 66],11110111011111101001001011100011000001100000100001000010001110000011000011100110,11110111011111101001001011100011000001100000100001000010001110000011000011100110, 2, True, 0.005
node, origami data, Induced Errors, decoded stream, original_origami, error_count, success, decoding time
2, 11110111011111101001001011100011000001100000100001000010001100000010000011100110,[60, 67],11110111011111101001001011100011000001100000100001000010001110000011000011100110,11110111011111101001001011100011000001100000100001000010001110000011000011100110, 2, True, 0.007
node, origami data, Induced Errors, decoded stream, original_origami, error_count, success, decoding time
2, 11110111011111101001001011100011000001100000100001000010001100000011000001100110,[60, 72],11110111011111101001001011100011000001100000100001000010001110000011000011100110,11110111011111101001001011100011000001100000100001000010001110000011000011100110, 2, True, 0.004
node, origami data, Induced Errors, decoded stream, original_origami, error_count, success, decoding time
2, 11110111011111101001001011100011000001100000100001000010001100000011000010100110,[60, 73],11110111011111101001001011100011000001100000100001000010001110000011000011100110,11110111011111101001001011100011000001100000100001000010001110000011000011100110, 2, True, 0.195
node, origami data, Induced Errors, decoded stream, original_origami, error_count, success, decoding time
2, 11110111011111101001001011100011000001100000100001000010001100000011000011000110,[60, 74],11110111011111101001001011100011000001100000100001000010001110000011000011100110,11110111011111101001001011100011000001100000100001000010001110000011000011100110, 2, True, 0.005
node, origami data, Induced Errors, decoded stream, original_origami, error_count, success, decoding time
2, 11110111011111101001001011100011000001100000100001000010001100000011000011100010,[60, 77],11110111011111101001001011100011000001100000100001000010001110000011000011100110,11110111011111101001001011100011000001100000100001000010001110000011000011100110, 2, True, 0.011
node, origami data, Induced Errors, decoded stream, original_origami, error_count, success, decoding time
2, 11110111011111101001001011100011000001100000100001000010001100000011000011100100,[60, 78],11110111011111101001001011100011000001100000100001000010001110000011000011100110,11110111011111101001001011100011000001100000100001000010001110000011000011100110, 2, True, 0.008
node, origami data, Induced Errors, decoded stream, original_origami, error_count, success, decoding time
2, 11110111011111101001001011100011000001100000100001000010001110000000000011100110,[66, 67],11110111011111101001001011100011000001100000100001000010001110000011000011100110,11110111011111101001001011100011000001100000100001000010001110000011000011100110, 2, True, 0.004
node, origami data, Induced Errors, decoded stream, original_origami, error_count, success, decoding time
2, 11110111011111101001001011100011000001100000100001000010001110000001000001100110,[66, 72],11110111011111101001001011100011000001100000100001000010001110000011000011100110,11110111011111101001001011100011000001100000100001000010001110000011000011100110, 2, True, 0.005
node, origami data, Induced Errors, decoded stream, original_origami, error_count, success, decoding time
2, 11110111011111101001001011100011000001100000100001000010001110000001000010100110,[66, 73],11110111011111101001001011100011000001100000100001000010001110000011000011100110,11110111011111101001001011100011000001100000100001000010001110000011000011100110, 2, True, 0.007
node, origami data, Induced Errors, decoded stream, original_origami, error_count, success, decoding time
2, 11110111011111101001001011100011000001100000100001000010001110000001000011000110,[66, 74],11110111011111101001001011100011000001100000100001000010001110000011000011100110,11110111011111101001001011100011000001100000100001000010001110000011000011100110, 2, True, 0.004
node, origami data, Induced Errors, decoded stream, original_origami, error_count, success, decoding time
2, 11110111011111101001001011100011000001100000100001000010001110000001000011100010,[66, 77],11110111011111101001001011100011000001100000100001000010001110000011000011100110,11110111011111101001001011100011000001100000100001000010001110000011000011100110, 2, True, 0.007
node, origami data, Induced Errors, decoded stream, original_origami, error_count, success, decoding time
2, 11110111011111101001001011100011000001100000100001000010001110000001000011100100,[66, 78],11110111011111101001001011100011000001100000100001000010001110000011000011100110,11110111011111101001001011100011000001100000100001000010001110000011000011100110, 2, True, 0.008
node, origami data, Induced Errors, decoded stream, original_origami, error_count, success, decoding time
2, 11110111011111101001001011100011000001100000100001000010001110000010000001100110,[67, 72],11110111011111101001001011100011000001100000100001000010001110000011000011100110,11110111011111101001001011100011000001100000100001000010001110000011000011100110, 2, True, 0.009
node, origami data, Induced Errors, decoded stream, original_origami, error_count, success, decoding time
2, 11110111011111101001001011100011000001100000100001000010001110000010000010100110,[67, 73],11110111011111101001001011100011000001100000100001000010001110000011000011100110,11110111011111101001001011100011000001100000100001000010001110000011000011100110, 2, True, 0.006
node, origami data, Induced Errors, decoded stream, original_origami, error_count, success, decoding time
2, 11110111011111101001001011100011000001100000100001000010001110000010000011000110,[67, 74],11110111011111101001001011100011000001100000100001000010001110000011000011100110,11110111011111101001001011100011000001100000100001000010001110000011000011100110, 2, True, 0.005
node, origami data, Induced Errors, decoded stream, original_origami, error_count, success, decoding time
2, 11110111011111101001001011100011000001100000100001000010001110000010000011100010,[67, 77],11110111011111101001001011100011000001100000100001000010001110000011000011100110,11110111011111101001001011100011000001100000100001000010001110000011000011100110, 2, True, 0.003
node, origami data, Induced Errors, decoded stream, original_origami, error_count, success, decoding time
2, 11110111011111101001001011100011000001100000100001000010001110000010000011100100,[67, 78],11110111011111101001001011100011000001100000100001000010001110000011000011100110,11110111011111101001001011100011000001100000100001000010001110000011000011100110, 2, True, 0.004
node, origami data, Induced Errors, decoded stream, original_origami, error_count, success, decoding time
2, 11110111011111101001001011100011000001100000100001000010001110000011000000100110,[72, 73],11110111011111101001001011100011000001100000100001000010001110000011000011100110,11110111011111101001001011100011000001100000100001000010001110000011000011100110, 2, True, 0.007
node, origami data, Induced Errors, decoded stream, original_origami, error_count, success, decoding time
2, 11110111011111101001001011100011000001100000100001000010001110000011000001000110,[72, 74],11110111011111101001001011100011000001100000100001000010001110000011000011100110,11110111011111101001001011100011000001100000100001000010001110000011000011100110, 2, True, 0.004
node, origami data, Induced Errors, decoded stream, original_origami, error_count, success, decoding time
2, 11110111011111101001001011100011000001100000100001000010001110000011000001100010,[72, 77],11110111011111101001001011100011000001100000100001000010001110000011000011100110,11110111011111101001001011100011000001100000100001000010001110000011000011100110, 2, True, 0.007
node, origami data, Induced Errors, decoded stream, original_origami, error_count, success, decoding time
2, 11110111011111101001001011100011000001100000100001000010001110000011000001100100,[72, 78],11110111011111101001001011100011000001100000100001000010001110000011000011100110,11110111011111101001001011100011000001100000100001000010001110000011000011100110, 2, True, 0.006
node, origami data, Induced Errors, decoded stream, original_origami, error_count, success, decoding time
2, 11110111011111101001001011100011000001100000100001000010001110000011000010000110,[73, 74],11110111011111101001001011100011000001100000100001000010001110000011000011100110,11110111011111101001001011100011000001100000100001000010001110000011000011100110, 2, True, 0.005
node, origami data, Induced Errors, decoded stream, original_origami, error_count, success, decoding time
2, 11110111011111101001001011100011000001100000100001000010001110000011000010100010,[73, 77],11110111011111101001001011100011000001100000100001000010001110000011000011100110,11110111011111101001001011100011000001100000100001000010001110000011000011100110, 2, True, 0.005
node, origami data, Induced Errors, decoded stream, original_origami, error_count, success, decoding time
2, 11110111011111101001001011100011000001100000100001000010001110000011000010100100,[73, 78],11110111011111101001001011100011000001100000100001000010001110000011000011100110,11110111011111101001001011100011000001100000100001000010001110000011000011100110, 2, True, 0.008
node, origami data, Induced Errors, decoded stream, original_origami, error_count, success, decoding time
2, 11110111011111101001001011100011000001100000100001000010001110000011000011000010,[74, 77],11110111011111101001001011100011000001100000100001000010001110000011000011100110,11110111011111101001001011100011000001100000100001000010001110000011000011100110, 2, True, 0.011
node, origami data, Induced Errors, decoded stream, original_origami, error_count, success, decoding time
2, 11110111011111101001001011100011000001100000100001000010001110000011000011000100,[74, 78],11110111011111101001001011100011000001100000100001000010001110000011000011100110,11110111011111101001001011100011000001100000100001000010001110000011000011100110, 2, True, 0.01
node, origami data, Induced Errors, decoded stream, original_origami, error_count, success, decoding time
2, 11110111011111101001001011100011000001100000100001000010001110000011000011100000,[77, 78],11110111011111101001001011100011000001100000100001000010001110000011000011100110,11110111011111101001001011100011000001100000100001000010001110000011000011100110, 2, True, 0.011
node, origami data, Induced Errors, decoded stream, original_origami, error_count, success, decoding time
3, 00000000001000010101000010000010010100000100100000000000000010000111100000000011,[5, 8],00000100101000010101000010000010010100000100100000000000000010000111100000000011,00000100101000010101000010000010010100000100100000000000000010000111100000000011, 2, True, 0.28
node, origami data, Induced Errors, decoded stream, original_origami, error_count, success, decoding time
3, 00000000100000010101000010000010010100000100100000000000000010000111100000000011,[5, 10],00000100101000010101000010000010010100000100100000000000000010000111100000000011,00000100101000010101000010000010010100000100100000000000000010000111100000000011, 2, True, 0.01
node, origami data, Induced Errors, decoded stream, original_origami, error_count, success, decoding time
3, 00000000101000000101000010000010010100000100100000000000000010000111100000000011,[5, 15],00000100101000010101000010000010010100000100100000000000000010000111100000000011,00000100101000010101000010000010010100000100100000000000000010000111100000000011, 2, True, 0.007
node, origami data, Induced Errors, decoded stream, original_origami, error_count, success, decoding time
3, 00000000101000010001000010000010010100000100100000000000000010000111100000000011,[5, 17],00000100101000010101000010000010010100000100100000000000000010000111100000000011,00000100101000010101000010000010010100000100100000000000000010000111100000000011, 2, True, 0.006
node, origami data, Induced Errors, decoded stream, original_origami, error_count, success, decoding time
3, 00000000101000010100000010000010010100000100100000000000000010000111100000000011,[5, 19],00000100101000010101000010000010010100000100100000000000000010000111100000000011,00000100101000010101000010000010010100000100100000000000000010000111100000000011, 2, True, 0.006
node, origami data, Induced Errors, decoded stream, original_origami, error_count, success, decoding time
3, 00000000101000010101000000000010010100000100100000000000000010000111100000000011,[5, 24],00000100101000010101000010000010010100000100100000000000000010000111100000000011,00000100101000010101000010000010010100000100100000000000000010000111100000000011, 2, True, 0.009
node, origami data, Induced Errors, decoded stream, original_origami, error_count, success, decoding time
3, 00000000101000010101000010000000010100000100100000000000000010000111100000000011,[5, 30],00000100101000010101000010000010010100000100100000000000000010000111100000000011,00000100101000010101000010000010010100000100100000000000000010000111100000000011, 2, True, 0.011
node, origami data, Induced Errors, decoded stream, original_origami, error_count, success, decoding time
3, 00000000101000010101000010000010000100000100100000000000000010000111100000000011,[5, 33],00000100101000010101000010000010010100000100100000000000000010000111100000000011,00000100101000010101000010000010010100000100100000000000000010000111100000000011, 2, True, 0.007
node, origami data, Induced Errors, decoded stream, original_origami, error_count, success, decoding time
3, 00000000101000010101000010000010010000000100100000000000000010000111100000000011,[5, 35],00000100101000010101000010000010010100000100100000000000000010000111100000000011,00000100101000010101000010000010010100000100100000000000000010000111100000000011, 2, True, 2.031
node, origami data, Induced Errors, decoded stream, original_origami, error_count, success, decoding time
3, 00000000101000010101000010000010010100000000100000000000000010000111100000000011,[5, 41],00000100101000010101000010000010010100000100100000000000000010000111100000000011,00000100101000010101000010000010010100000100100000000000000010000111100000000011, 2, True, 0.009
node, origami data, Induced Errors, decoded stream, original_origami, error_count, success, decoding time
3, 00000000101000010101000010000010010100000100000000000000000010000111100000000011,[5, 44],00000100101000010101000010000010010100000100100000000000000010000111100000000011,00000100101000010101000010000010010100000100100000000000000010000111100000000011, 2, True, 0.006
node, origami data, Induced Errors, decoded stream, original_origami, error_count, success, decoding time
3, 00000000101000010101000010000010010100000100100000000000000000000111100000000011,[5, 60],00000100101000010101000010000010010100000100100000000000000010000111100000000011,00000100101000010101000010000010010100000100100000000000000010000111100000000011, 2, True, 1.027
node, origami data, Induced Errors, decoded stream, original_origami, error_count, success, decoding time
3, 00000000101000010101000010000010010100000100100000000000000010000011100000000011,[5, 65],00000100101000010101000010000010010100000100100000000000000010000111100000000011,00000100101000010101000010000010010100000100100000000000000010000111100000000011, 2, True, 0.005
node, origami data, Induced Errors, decoded stream, original_origami, error_count, success, decoding time
3, 00000000101000010101000010000010010100000100100000000000000010000101100000000011,[5, 66],00000100101000010101000010000010010100000100100000000000000010000111100000000011,00000100101000010101000010000010010100000100100000000000000010000111100000000011, 2, True, 0.012
node, origami data, Induced Errors, decoded stream, original_origami, error_count, success, decoding time
3, 00000000101000010101000010000010010100000100100000000000000010000110100000000011,[5, 67],00000100101000010101000010000010010100000100100000000000000010000111100000000011,00000100101000010101000010000010010100000100100000000000000010000111100000000011, 2, True, 0.005
node, origami data, Induced Errors, decoded stream, original_origami, error_count, success, decoding time
3, 00000000101000010101000010000010010100000100100000000000000010000111000000000011,[5, 68],00000100101000010101000010000010010100000100100000000000000010000111100000000011,00000100101000010101000010000010010100000100100000000000000010000111100000000011, 2, True, 0.004
node, origami data, Induced Errors, decoded stream, original_origami, error_count, success, decoding time
3, 00000000101000010101000010000010010100000100100000000000000010000111100000000001,[5, 78],00000100101000010101000010000010010100000100100000000000000010000111100000000011,00000100101000010101000010000010010100000100100000000000000010000111100000000011, 2, True, 0.009
node, origami data, Induced Errors, decoded stream, original_origami, error_count, success, decoding time
3, 00000000101000010101000010000010010100000100100000000000000010000111100000000010,[5, 79],00000100101000010101000010000010010100000100100000000000000010000111100000000011,00000100101000010101000010000010010100000100100000000000000010000111100000000011, 2, True, 1.68
node, origami data, Induced Errors, decoded stream, original_origami, error_count, success, decoding time
3, 00000100000000010101000010000010010100000100100000000000000010000111100000000011,[8, 10],00000100101000010101000010000010010100000100100000000000000010000111100000000011,00000100101000010101000010000010010100000100100000000000000010000111100000000011, 2, True, 0.007
node, origami data, Induced Errors, decoded stream, original_origami, error_count, success, decoding time
3, 00000100001000000101000010000010010100000100100000000000000010000111100000000011,[8, 15],00000100101000010101000010000010010100000100100000000000000010000111100000000011,00000100101000010101000010000010010100000100100000000000000010000111100000000011, 2, True, 0.006
node, origami data, Induced Errors, decoded stream, original_origami, error_count, success, decoding time
3, 00000100001000010001000010000010010100000100100000000000000010000111100000000011,[8, 17],00000100101000010101000010000010010100000100100000000000000010000111100000000011,00000100101000010101000010000010010100000100100000000000000010000111100000000011, 2, True, 0.004
node, origami data, Induced Errors, decoded stream, original_origami, error_count, success, decoding time
3, 00000100001000010100000010000010010100000100100000000000000010000111100000000011,[8, 19],00000100101000010101000010000010010100000100100000000000000010000111100000000011,00000100101000010101000010000010010100000100100000000000000010000111100000000011, 2, True, 0.273
node, origami data, Induced Errors, decoded stream, original_origami, error_count, success, decoding time
3, 00000100001000010101000000000010010100000100100000000000000010000111100000000011,[8, 24],00000100101000010101000010000010010100000100100000000000000010000111100000000011,00000100101000010101000010000010010100000100100000000000000010000111100000000011, 2, True, 0.011
node, origami data, Induced Errors, decoded stream, original_origami, error_count, success, decoding time
3, 00000100001000010101000010000000010100000100100000000000000010000111100000000011,[8, 30],00000100101000010101000010000010010100000100100000000000000010000111100000000011,00000100101000010101000010000010010100000100100000000000000010000111100000000011, 2, True, 0.011
node, origami data, Induced Errors, decoded stream, original_origami, error_count, success, decoding time
3, 00000100001000010101000010000010000100000100100000000000000010000111100000000011,[8, 33],00000100101000010101000010000010010100000100100000000000000010000111100000000011,00000100101000010101000010000010010100000100100000000000000010000111100000000011, 2, True, 0.006
node, origami data, Induced Errors, decoded stream, original_origami, error_count, success, decoding time
3, 00000100001000010101000010000010010000000100100000000000000010000111100000000011,[8, 35],00000100101000010101000010000010010100000100100000000000000010000111100000000011,00000100101000010101000010000010010100000100100000000000000010000111100000000011, 2, True, 0.008
node, origami data, Induced Errors, decoded stream, original_origami, error_count, success, decoding time
3, 00000100001000010101000010000010010100000000100000000000000010000111100000000011,[8, 41],00000100101000010101000010000010010100000100100000000000000010000111100000000011,00000100101000010101000010000010010100000100100000000000000010000111100000000011, 2, True, 0.01
node, origami data, Induced Errors, decoded stream, original_origami, error_count, success, decoding time
3, 00000100001000010101000010000010010100000100000000000000000010000111100000000011,[8, 44],00000100101000010101000010000010010100000100100000000000000010000111100000000011,00000100101000010101000010000010010100000100100000000000000010000111100000000011, 2, True, 0.01
node, origami data, Induced Errors, decoded stream, original_origami, error_count, success, decoding time
3, 00000100001000010101000010000010010100000100100000000000000000000111100000000011,[8, 60],00000100101000010101000010000010010100000100100000000000000010000111100000000011,00000100101000010101000010000010010100000100100000000000000010000111100000000011, 2, True, 0.276
node, origami data, Induced Errors, decoded stream, original_origami, error_count, success, decoding time
3, 00000100001000010101000010000010010100000100100000000000000010000011100000000011,[8, 65],00000100101000010101000010000010010100000100100000000000000010000111100000000011,00000100101000010101000010000010010100000100100000000000000010000111100000000011, 2, True, 0.007
node, origami data, Induced Errors, decoded stream, original_origami, error_count, success, decoding time
3, 00000100001000010101000010000010010100000100100000000000000010000101100000000011,[8, 66],00000100101000010101000010000010010100000100100000000000000010000111100000000011,00000100101000010101000010000010010100000100100000000000000010000111100000000011, 2, True, 0.006
node, origami data, Induced Errors, decoded stream, original_origami, error_count, success, decoding time
3, 00000100001000010101000010000010010100000100100000000000000010000110100000000011,[8, 67],00000100101000010101000010000010010100000100100000000000000010000111100000000011,00000100101000010101000010000010010100000100100000000000000010000111100000000011, 2, True, 0.007
node, origami data, Induced Errors, decoded stream, original_origami, error_count, success, decoding time
3, 00000100001000010101000010000010010100000100100000000000000010000111000000000011,[8, 68],00000100101000010101000010000010010100000100100000000000000010000111100000000011,00000100101000010101000010000010010100000100100000000000000010000111100000000011, 2, True, 0.009
node, origami data, Induced Errors, decoded stream, original_origami, error_count, success, decoding time
3, 00000100001000010101000010000010010100000100100000000000000010000111100000000001,[8, 78],00000100101000010101000010000010010100000100100000000000000010000111100000000011,00000100101000010101000010000010010100000100100000000000000010000111100000000011, 2, True, 0.008
node, origami data, Induced Errors, decoded stream, original_origami, error_count, success, decoding time
3, 00000100001000010101000010000010010100000100100000000000000010000111100000000010,[8, 79],00000100101000010101000010000010010100000100100000000000000010000111100000000011,00000100101000010101000010000010010100000100100000000000000010000111100000000011, 2, True, 0.007
node, origami data, Induced Errors, decoded stream, original_origami, error_count, success, decoding time
3, 00000100100000000101000010000010010100000100100000000000000010000111100000000011,[10, 15],00000100101000010101000010000010010100000100100000000000000010000111100000000011,00000100101000010101000010000010010100000100100000000000000010000111100000000011, 2, True, 0.007
node, origami data, Induced Errors, decoded stream, original_origami, error_count, success, decoding time
3, 00000100100000010001000010000010010100000100100000000000000010000111100000000011,[10, 17],00000100101000010101000010000010010100000100100000000000000010000111100000000011,00000100101000010101000010000010010100000100100000000000000010000111100000000011, 2, True, 0.005
node, origami data, Induced Errors, decoded stream, original_origami, error_count, success, decoding time
3, 00000100100000010100000010000010010100000100100000000000000010000111100000000011,[10, 19],00000100101000010101000010000010010100000100100000000000000010000111100000000011,00000100101000010101000010000010010100000100100000000000000010000111100000000011, 2, True, 0.009
node, origami data, Induced Errors, decoded stream, original_origami, error_count, success, decoding time
3, 00000100100000010101000000000010010100000100100000000000000010000111100000000011,[10, 24],00000100101000010101000010000010010100000100100000000000000010000111100000000011,00000100101000010101000010000010010100000100100000000000000010000111100000000011, 2, True, 0.007
node, origami data, Induced Errors, decoded stream, original_origami, error_count, success, decoding time
3, 00000100100000010101000010000000010100000100100000000000000010000111100000000011,[10, 30],00000100101000010101000010000010010100000100100000000000000010000111100000000011,00000100101000010101000010000010010100000100100000000000000010000111100000000011, 2, True, 0.008
node, origami data, Induced Errors, decoded stream, original_origami, error_count, success, decoding time
3, 00000100100000010101000010000010000100000100100000000000000010000111100000000011,[10, 33],00000100101000010101000010000010010100000100100000000000000010000111100000000011,00000100101000010101000010000010010100000100100000000000000010000111100000000011, 2, True, 0.007
node, origami data, Induced Errors, decoded stream, original_origami, error_count, success, decoding time
3, 00000100100000010101000010000010010000000100100000000000000010000111100000000011,[10, 35],00000100101000010101000010000010010100000100100000000000000010000111100000000011,00000100101000010101000010000010010100000100100000000000000010000111100000000011, 2, True, 1.042
node, origami data, Induced Errors, decoded stream, original_origami, error_count, success, decoding time
3, 00000100100000010101000010000010010100000000100000000000000010000111100000000011,[10, 41],00000100101000010101000010000010010100000100100000000000000010000111100000000011,00000100101000010101000010000010010100000100100000000000000010000111100000000011, 2, True, 0.007
node, origami data, Induced Errors, decoded stream, original_origami, error_count, success, decoding time
3, 00000100100000010101000010000010010100000100000000000000000010000111100000000011,[10, 44],00000100101000010101000010000010010100000100100000000000000010000111100000000011,00000100101000010101000010000010010100000100100000000000000010000111100000000011, 2, True, 0.007
node, origami data, Induced Errors, decoded stream, original_origami, error_count, success, decoding time
3, 00000100100000010101000010000010010100000100100000000000000000000111100000000011,[10, 60],00000100101000010101000010000010010100000100100000000000000010000111100000000011,00000100101000010101000010000010010100000100100000000000000010000111100000000011, 2, True, 0.009
node, origami data, Induced Errors, decoded stream, original_origami, error_count, success, decoding time
3, 00000100100000010101000010000010010100000100100000000000000010000011100000000011,[10, 65],00000100101000010101000010000010010100000100100000000000000010000111100000000011,00000100101000010101000010000010010100000100100000000000000010000111100000000011, 2, True, 0.01
node, origami data, Induced Errors, decoded stream, original_origami, error_count, success, decoding time
3, 00000100100000010101000010000010010100000100100000000000000010000101100000000011,[10, 66],00000100101000010101000010000010010100000100100000000000000010000111100000000011,00000100101000010101000010000010010100000100100000000000000010000111100000000011, 2, True, 0.011
node, origami data, Induced Errors, decoded stream, original_origami, error_count, success, decoding time
3, 00000100100000010101000010000010010100000100100000000000000010000110100000000011,[10, 67],00000100101000010101000010000010010100000100100000000000000010000111100000000011,00000100101000010101000010000010010100000100100000000000000010000111100000000011, 2, True, 0.007
node, origami data, Induced Errors, decoded stream, original_origami, error_count, success, decoding time
3, 00000100100000010101000010000010010100000100100000000000000010000111000000000011,[10, 68],00000100101000010101000010000010010100000100100000000000000010000111100000000011,00000100101000010101000010000010010100000100100000000000000010000111100000000011, 2, True, 0.007
node, origami data, Induced Errors, decoded stream, original_origami, error_count, success, decoding time
3, 00000100100000010101000010000010010100000100100000000000000010000111100000000001,[10, 78],00000100101000010101000010000010010100000100100000000000000010000111100000000011,00000100101000010101000010000010010100000100100000000000000010000111100000000011, 2, True, 0.199
node, origami data, Induced Errors, decoded stream, original_origami, error_count, success, decoding time
3, 00000100100000010101000010000010010100000100100000000000000010000111100000000010,[10, 79],00000100101000010101000010000010010100000100100000000000000010000111100000000011,00000100101000010101000010000010010100000100100000000000000010000111100000000011, 2, True, 0.008
node, origami data, Induced Errors, decoded stream, original_origami, error_count, success, decoding time
3, 00000100101000000001000010000010010100000100100000000000000010000111100000000011,[15, 17],00000100101000010101000010000010010100000100100000000000000010000111100000000011,00000100101000010101000010000010010100000100100000000000000010000111100000000011, 2, True, 0.005
node, origami data, Induced Errors, decoded stream, original_origami, error_count, success, decoding time
3, 00000100101000000100000010000010010100000100100000000000000010000111100000000011,[15, 19],00000100101000010101000010000010010100000100100000000000000010000111100000000011,00000100101000010101000010000010010100000100100000000000000010000111100000000011, 2, True, 0.007
node, origami data, Induced Errors, decoded stream, original_origami, error_count, success, decoding time
3, 00000100101000000101000000000010010100000100100000000000000010000111100000000011,[15, 24],00000100101000010101000010000010010100000100100000000000000010000111100000000011,00000100101000010101000010000010010100000100100000000000000010000111100000000011, 2, True, 0.009
node, origami data, Induced Errors, decoded stream, original_origami, error_count, success, decoding time
3, 00000100101000000101000010000000010100000100100000000000000010000111100000000011,[15, 30],00000100101000010101000010000010010100000100100000000000000010000111100000000011,00000100101000010101000010000010010100000100100000000000000010000111100000000011, 2, True, 0.007
node, origami data, Induced Errors, decoded stream, original_origami, error_count, success, decoding time
3, 00000100101000000101000010000010000100000100100000000000000010000111100000000011,[15, 33],00000100101000010101000010000010010100000100100000000000000010000111100000000011,00000100101000010101000010000010010100000100100000000000000010000111100000000011, 2, True, 0.008
node, origami data, Induced Errors, decoded stream, original_origami, error_count, success, decoding time
3, 00000100101000000101000010000010010000000100100000000000000010000111100000000011,[15, 35],00000100101000010101000010000010010100000100100000000000000010000111100000000011,00000100101000010101000010000010010100000100100000000000000010000111100000000011, 2, True, 0.009
node, origami data, Induced Errors, decoded stream, original_origami, error_count, success, decoding time
3, 00000100101000000101000010000010010100000000100000000000000010000111100000000011,[15, 41],00000100101000010101000010000010010100000100100000000000000010000111100000000011,00000100101000010101000010000010010100000100100000000000000010000111100000000011, 2, True, 0.005
node, origami data, Induced Errors, decoded stream, original_origami, error_count, success, decoding time
3, 00000100101000000101000010000010010100000100000000000000000010000111100000000011,[15, 44],00000100101000010101000010000010010100000100100000000000000010000111100000000011,00000100101000010101000010000010010100000100100000000000000010000111100000000011, 2, True, 0.008
node, origami data, Induced Errors, decoded stream, original_origami, error_count, success, decoding time
3, 00000100101000000101000010000010010100000100100000000000000000000111100000000011,[15, 60],00000100101000010101000010000010010100000100100000000000000010000111100000000011,00000100101000010101000010000010010100000100100000000000000010000111100000000011, 2, True, 0.008
node, origami data, Induced Errors, decoded stream, original_origami, error_count, success, decoding time
3, 00000100101000000101000010000010010100000100100000000000000010000011100000000011,[15, 65],00000100101000010101000010000010010100000100100000000000000010000111100000000011,00000100101000010101000010000010010100000100100000000000000010000111100000000011, 2, True, 0.002
node, origami data, Induced Errors, decoded stream, original_origami, error_count, success, decoding time
3, 00000100101000000101000010000010010100000100100000000000000010000101100000000011,[15, 66],00000100101000010101000010000010010100000100100000000000000010000111100000000011,00000100101000010101000010000010010100000100100000000000000010000111100000000011, 2, True, 0.003
node, origami data, Induced Errors, decoded stream, original_origami, error_count, success, decoding time
3, 00000100101000000101000010000010010100000100100000000000000010000110100000000011,[15, 67],00000100101000010101000010000010010100000100100000000000000010000111100000000011,00000100101000010101000010000010010100000100100000000000000010000111100000000011, 2, True, 0.005
node, origami data, Induced Errors, decoded stream, original_origami, error_count, success, decoding time
3, 00000100101000000101000010000010010100000100100000000000000010000111000000000011,[15, 68],00000100101000010101000010000010010100000100100000000000000010000111100000000011,00000100101000010101000010000010010100000100100000000000000010000111100000000011, 2, True, 0.002
node, origami data, Induced Errors, decoded stream, original_origami, error_count, success, decoding time
3, 00000100101000000101000010000010010100000100100000000000000010000111100000000001,[15, 78],00000100101000010101000010000010010100000100100000000000000010000111100000000011,00000100101000010101000010000010010100000100100000000000000010000111100000000011, 2, True, 0.006
node, origami data, Induced Errors, decoded stream, original_origami, error_count, success, decoding time
3, 00000100101000000101000010000010010100000100100000000000000010000111100000000010,[15, 79],00000100101000010101000010000010010100000100100000000000000010000111100000000011,00000100101000010101000010000010010100000100100000000000000010000111100000000011, 2, True, 0.006
node, origami data, Induced Errors, decoded stream, original_origami, error_count, success, decoding time
3, 00000100101000010000000010000010010100000100100000000000000010000111100000000011,[17, 19],00000100101000010101000010000010010100000100100000000000000010000111100000000011,00000100101000010101000010000010010100000100100000000000000010000111100000000011, 2, True, 0.009
node, origami data, Induced Errors, decoded stream, original_origami, error_count, success, decoding time
3, 00000100101000010001000000000010010100000100100000000000000010000111100000000011,[17, 24],00000100101000010101000010000010010100000100100000000000000010000111100000000011,00000100101000010101000010000010010100000100100000000000000010000111100000000011, 2, True, 0.008
node, origami data, Induced Errors, decoded stream, original_origami, error_count, success, decoding time
3, 00000100101000010001000010000000010100000100100000000000000010000111100000000011,[17, 30],00000100101000010101000010000010010100000100100000000000000010000111100000000011,00000100101000010101000010000010010100000100100000000000000010000111100000000011, 2, True, 0.008
node, origami data, Induced Errors, decoded stream, original_origami, error_count, success, decoding time
3, 00000100101000010001000010000010000100000100100000000000000010000111100000000011,[17, 33],00000100101000010101000010000010010100000100100000000000000010000111100000000011,00000100101000010101000010000010010100000100100000000000000010000111100000000011, 2, True, 0.009
node, origami data, Induced Errors, decoded stream, original_origami, error_count, success, decoding time
3, 00000100101000010001000010000010010000000100100000000000000010000111100000000011,[17, 35],00000100101000010101000010000010010100000100100000000000000010000111100000000011,00000100101000010101000010000010010100000100100000000000000010000111100000000011, 2, True, 0.009
node, origami data, Induced Errors, decoded stream, original_origami, error_count, success, decoding time
3, 00000100101000010001000010000010010100000000100000000000000010000111100000000011,[17, 41],00000100101000010101000010000010010100000100100000000000000010000111100000000011,00000100101000010101000010000010010100000100100000000000000010000111100000000011, 2, True, 0.005
node, origami data, Induced Errors, decoded stream, original_origami, error_count, success, decoding time
3, 00000100101000010001000010000010010100000100000000000000000010000111100000000011,[17, 44],00000100101000010101000010000010010100000100100000000000000010000111100000000011,00000100101000010101000010000010010100000100100000000000000010000111100000000011, 2, True, 0.007
node, origami data, Induced Errors, decoded stream, original_origami, error_count, success, decoding time
3, 00000100101000010001000010000010010100000100100000000000000000000111100000000011,[17, 60],00000100101000010101000010000010010100000100100000000000000010000111100000000011,00000100101000010101000010000010010100000100100000000000000010000111100000000011, 2, True, 0.006
node, origami data, Induced Errors, decoded stream, original_origami, error_count, success, decoding time
3, 00000100101000010001000010000010010100000100100000000000000010000011100000000011,[17, 65],00000100101000010101000010000010010100000100100000000000000010000111100000000011,00000100101000010101000010000010010100000100100000000000000010000111100000000011, 2, True, 0.005
node, origami data, Induced Errors, decoded stream, original_origami, error_count, success, decoding time
3, 00000100101000010001000010000010010100000100100000000000000010000101100000000011,[17, 66],00000100101000010101000010000010010100000100100000000000000010000111100000000011,00000100101000010101000010000010010100000100100000000000000010000111100000000011, 2, True, 0.005
node, origami data, Induced Errors, decoded stream, original_origami, error_count, success, decoding time
3, 00000100101000010001000010000010010100000100100000000000000010000110100000000011,[17, 67],00000100101000010101000010000010010100000100100000000000000010000111100000000011,00000100101000010101000010000010010100000100100000000000000010000111100000000011, 2, True, 0.004
node, origami data, Induced Errors, decoded stream, original_origami, error_count, success, decoding time
3, 00000100101000010001000010000010010100000100100000000000000010000111000000000011,[17, 68],00000100101000010101000010000010010100000100100000000000000010000111100000000011,00000100101000010101000010000010010100000100100000000000000010000111100000000011, 2, True, 0.003
node, origami data, Induced Errors, decoded stream, original_origami, error_count, success, decoding time
3, 00000100101000010001000010000010010100000100100000000000000010000111100000000001,[17, 78],00000100101000010101000010000010010100000100100000000000000010000111100000000011,00000100101000010101000010000010010100000100100000000000000010000111100000000011, 2, True, 0.005
node, origami data, Induced Errors, decoded stream, original_origami, error_count, success, decoding time
3, 00000100101000010001000010000010010100000100100000000000000010000111100000000010,[17, 79],00000100101000010101000010000010010100000100100000000000000010000111100000000011,00000100101000010101000010000010010100000100100000000000000010000111100000000011, 2, True, 0.006
node, origami data, Induced Errors, decoded stream, original_origami, error_count, success, decoding time
3, 00000100101000010100000000000010010100000100100000000000000010000111100000000011,[19, 24],00000100101000010101000010000010010100000100100000000000000010000111100000000011,00000100101000010101000010000010010100000100100000000000000010000111100000000011, 2, True, 0.011
node, origami data, Induced Errors, decoded stream, original_origami, error_count, success, decoding time
3, 00000100101000010100000010000000010100000100100000000000000010000111100000000011,[19, 30],00000100101000010101000010000010010100000100100000000000000010000111100000000011,00000100101000010101000010000010010100000100100000000000000010000111100000000011, 2, True, 0.009
node, origami data, Induced Errors, decoded stream, original_origami, error_count, success, decoding time
3, 00000100101000010100000010000010000100000100100000000000000010000111100000000011,[19, 33],00000100101000010101000010000010010100000100100000000000000010000111100000000011,00000100101000010101000010000010010100000100100000000000000010000111100000000011, 2, True, 0.008
node, origami data, Induced Errors, decoded stream, original_origami, error_count, success, decoding time
3, 00000100101000010100000010000010010000000100100000000000000010000111100000000011,[19, 35],00000100101000010101000010000010010100000100100000000000000010000111100000000011,00000100101000010101000010000010010100000100100000000000000010000111100000000011, 2, True, 0.009
node, origami data, Induced Errors, decoded stream, original_origami, error_count, success, decoding time
3, 00000100101000010100000010000010010100000000100000000000000010000111100000000011,[19, 41],00000100101000010101000010000010010100000100100000000000000010000111100000000011,00000100101000010101000010000010010100000100100000000000000010000111100000000011, 2, True, 0.005
node, origami data, Induced Errors, decoded stream, original_origami, error_count, success, decoding time
3, 00000100101000010100000010000010010100000100000000000000000010000111100000000011,[19, 44],00000100101000010101000010000010010100000100100000000000000010000111100000000011,00000100101000010101000010000010010100000100100000000000000010000111100000000011, 2, True, 0.01
node, origami data, Induced Errors, decoded stream, original_origami, error_count, success, decoding time
3, 00000100101000010100000010000010010100000100100000000000000000000111100000000011,[19, 60],00000100101000010101000010000010010100000100100000000000000010000111100000000011,00000100101000010101000010000010010100000100100000000000000010000111100000000011, 2, True, 0.014
node, origami data, Induced Errors, decoded stream, original_origami, error_count, success, decoding time
3, 00000100101000010100000010000010010100000100100000000000000010000011100000000011,[19, 65],00000100101000010101000010000010010100000100100000000000000010000111100000000011,00000100101000010101000010000010010100000100100000000000000010000111100000000011, 2, True, 0.011
node, origami data, Induced Errors, decoded stream, original_origami, error_count, success, decoding time
3, 00000100101000010100000010000010010100000100100000000000000010000101100000000011,[19, 66],00000100101000010101000010000010010100000100100000000000000010000111100000000011,00000100101000010101000010000010010100000100100000000000000010000111100000000011, 2, True, 0.009
node, origami data, Induced Errors, decoded stream, original_origami, error_count, success, decoding time
3, 00000100101000010100000010000010010100000100100000000000000010000110100000000011,[19, 67],00000100101000010101000010000010010100000100100000000000000010000111100000000011,00000100101000010101000010000010010100000100100000000000000010000111100000000011, 2, True, 0.006
node, origami data, Induced Errors, decoded stream, original_origami, error_count, success, decoding time
3, 00000100101000010100000010000010010100000100100000000000000010000111000000000011,[19, 68],00000100101000010101000010000010010100000100100000000000000010000111100000000011,00000100101000010101000010000010010100000100100000000000000010000111100000000011, 2, True, 0.005
node, origami data, Induced Errors, decoded stream, original_origami, error_count, success, decoding time
3, 00000100101000010100000010000010010100000100100000000000000010000111100000000001,[19, 78],00000100101000010101000010000010010100000100100000000000000010000111100000000011,00000100101000010101000010000010010100000100100000000000000010000111100000000011, 2, True, 0.007
node, origami data, Induced Errors, decoded stream, original_origami, error_count, success, decoding time
3, 00000100101000010100000010000010010100000100100000000000000010000111100000000010,[19, 79],00000100101000010101000010000010010100000100100000000000000010000111100000000011,00000100101000010101000010000010010100000100100000000000000010000111100000000011, 2, True, 0.007
node, origami data, Induced Errors, decoded stream, original_origami, error_count, success, decoding time
3, 00000100101000010101000000000000010100000100100000000000000010000111100000000011,[24, 30],00000100101010010101000000000000010100000100100000000000110011001111100000000011,00000100101000010101000010000010010100000100100000000000000010000111100000000011, 5, False, 0.112
node, origami data, Induced Errors, decoded stream, original_origami, error_count, success, decoding time
3, 00000100101000010101000000000010000100000100100000000000000010000111100000000011,[24, 33],00000100101000010101000010000010010100000100100000000000000010000111100000000011,00000100101000010101000010000010010100000100100000000000000010000111100000000011, 2, True, 0.008
node, origami data, Induced Errors, decoded stream, original_origami, error_count, success, decoding time
3, 00000100101000010101000000000010010000000100100000000000000010000111100000000011,[24, 35],00000100101000010101000010000010010100000100100000000000000010000111100000000011,00000100101000010101000010000010010100000100100000000000000010000111100000000011, 2, True, 0.009
node, origami data, Induced Errors, decoded stream, original_origami, error_count, success, decoding time
3, 00000100101000010101000000000010010100000000100000000000000010000111100000000011,[24, 41],00000100101000010101000010000010010100000100100000000000000010000111100000000011,00000100101000010101000010000010010100000100100000000000000010000111100000000011, 2, True, 0.005
node, origami data, Induced Errors, decoded stream, original_origami, error_count, success, decoding time
3, 00000100101000010101000000000010010100000100000000000000000010000111100000000011,[24, 44],00000100101000010101000010000010010100000100100000000000000010000111100000000011,00000100101000010101000010000010010100000100100000000000000010000111100000000011, 2, True, 0.009
node, origami data, Induced Errors, decoded stream, original_origami, error_count, success, decoding time
3, 00000100101000010101000000000010010100000100100000000000000000000111100000000011,[24, 60],00000100101000010101000010000010010100000100100000000000000010000111100000000011,00000100101000010101000010000010010100000100100000000000000010000111100000000011, 2, True, 0.346
node, origami data, Induced Errors, decoded stream, original_origami, error_count, success, decoding time
3, 00000100101000010101000000000010010100000100100000000000000010000011100000000011,[24, 65],00000100101000010101000010000010010100000100100000000000000010000111100000000011,00000100101000010101000010000010010100000100100000000000000010000111100000000011, 2, True, 0.005
node, origami data, Induced Errors, decoded stream, original_origami, error_count, success, decoding time
3, 00000100101000010101000000000010010100000100100000000000000010000101100000000011,[24, 66],00000100101000010101000010000010010100000100100000000000000010000111100000000011,00000100101000010101000010000010010100000100100000000000000010000111100000000011, 2, True, 0.011
node, origami data, Induced Errors, decoded stream, original_origami, error_count, success, decoding time
3, 00000100101000010101000000000010010100000100100000000000000010000110100000000011,[24, 67],00000100101000010101000010000010010100000100100000000000000010000111100000000011,00000100101000010101000010000010010100000100100000000000000010000111100000000011, 2, True, 0.008
node, origami data, Induced Errors, decoded stream, original_origami, error_count, success, decoding time
3, 00000100101000010101000000000010010100000100100000000000000010000111000000000011,[24, 68],00000100101000010101000010000010010100000100100000000000000010000111100000000011,00000100101000010101000010000010010100000100100000000000000010000111100000000011, 2, True, 0.006
node, origami data, Induced Errors, decoded stream, original_origami, error_count, success, decoding time
3, 00000100101000010101000000000010010100000100100000000000000010000111100000000001,[24, 78],00000100101000010101000010000010010100000100100000000000000010000111100000000011,00000100101000010101000010000010010100000100100000000000000010000111100000000011, 2, True, 0.235
node, origami data, Induced Errors, decoded stream, original_origami, error_count, success, decoding time
3, 00000100101000010101000000000010010100000100100000000000000010000111100000000010,[24, 79],00000100101000010101000010000010010100000100100000000000000010000111100000000011,00000100101000010101000010000010010100000100100000000000000010000111100000000011, 2, True, 0.008
node, origami data, Induced Errors, decoded stream, original_origami, error_count, success, decoding time
3, 00000100101000010101000010000000000100000100100000000000000010000111100000000011,[30, 33],00000100101000010101000010000010010100000100100000000000000010000111100000000011,00000100101000010101000010000010010100000100100000000000000010000111100000000011, 2, True, 0.005
node, origami data, Induced Errors, decoded stream, original_origami, error_count, success, decoding time
3, 00000100101000010101000010000000010000000100100000000000000010000111100000000011,[30, 35],00000100101000010101000010000010010100000100100000000000000010000111100000000011,00000100101000010101000010000010010100000100100000000000000010000111100000000011, 2, True, 0.009
node, origami data, Induced Errors, decoded stream, original_origami, error_count, success, decoding time
3, 00000100101000010101000010000000010100000000100000000000000010000111100000000011,[30, 41],00000100101000010101000010000010010100000100100000000000000010000111100000000011,00000100101000010101000010000010010100000100100000000000000010000111100000000011, 2, True, 0.005
node, origami data, Induced Errors, decoded stream, original_origami, error_count, success, decoding time
3, 00000100101000010101000010000000010100000100000000000000000010000111100000000011,[30, 44],00000100101000010101000010000010010100000100100000000000000010000111100000000011,00000100101000010101000010000010010100000100100000000000000010000111100000000011, 2, True, 0.009
node, origami data, Induced Errors, decoded stream, original_origami, error_count, success, decoding time
3, 00000100101000010101000010000000010100000100100000000000000000000111100000000011,[30, 60],00000100101000010101000010000010010100000100100000000000000010000111100000000011,00000100101000010101000010000010010100000100100000000000000010000111100000000011, 2, True, 0.012
node, origami data, Induced Errors, decoded stream, original_origami, error_count, success, decoding time
3, 00000100101000010101000010000000010100000100100000000000000010000011100000000011,[30, 65],00000100101000010101000010000010010100000100100000000000000010000111100000000011,00000100101000010101000010000010010100000100100000000000000010000111100000000011, 2, True, 0.005
node, origami data, Induced Errors, decoded stream, original_origami, error_count, success, decoding time
3, 00000100101000010101000010000000010100000100100000000000000010000101100000000011,[30, 66],00000100101000010101000010000010010100000100100000000000000010000111100000000011,00000100101000010101000010000010010100000100100000000000000010000111100000000011, 2, True, 0.008
node, origami data, Induced Errors, decoded stream, original_origami, error_count, success, decoding time
3, 00000100101000010101000010000000010100000100100000000000000010000110100000000011,[30, 67],00000100101000010101000010000010010100000100100000000000000010000111100000000011,00000100101000010101000010000010010100000100100000000000000010000111100000000011, 2, True, 0.004
node, origami data, Induced Errors, decoded stream, original_origami, error_count, success, decoding time
3, 00000100101000010101000010000000010100000100100000000000000010000111000000000011,[30, 68],00000100101000010101000010000010010100000100100000000000000010000111100000000011,00000100101000010101000010000010010100000100100000000000000010000111100000000011, 2, True, 0.01
node, origami data, Induced Errors, decoded stream, original_origami, error_count, success, decoding time
3, 00000100101000010101000010000000010100000100100000000000000010000111100000000001,[30, 78],00000100101000010101000010000010010100000100100000000000000010000111100000000011,00000100101000010101000010000010010100000100100000000000000010000111100000000011, 2, True, 0.012
node, origami data, Induced Errors, decoded stream, original_origami, error_count, success, decoding time
3, 00000100101000010101000010000000010100000100100000000000000010000111100000000010,[30, 79],00000100101000010101000010000010010100000100100000000000000010000111100000000011,00000100101000010101000010000010010100000100100000000000000010000111100000000011, 2, True, 0.01
node, origami data, Induced Errors, decoded stream, original_origami, error_count, success, decoding time
3, 00000100101000010101000010000010000000000100100000000000000010000111100000000011,[33, 35],00000100101000010101000010000010010100000100100000000000000010000111100000000011,00000100101000010101000010000010010100000100100000000000000010000111100000000011, 2, True, 0.006
node, origami data, Induced Errors, decoded stream, original_origami, error_count, success, decoding time
3, 00000100101000010101000010000010000100000000100000000000000010000111100000000011,[33, 41],00000100101000010101000010000010010100000100100000000000000010000111100000000011,00000100101000010101000010000010010100000100100000000000000010000111100000000011, 2, True, 0.007
node, origami data, Induced Errors, decoded stream, original_origami, error_count, success, decoding time
3, 00000100101000010101000010000010000100000100000000000000000010000111100000000011,[33, 44],00000100101000010101000010000010010100000100100000000000000010000111100000000011,00000100101000010101000010000010010100000100100000000000000010000111100000000011, 2, True, 0.011
node, origami data, Induced Errors, decoded stream, original_origami, error_count, success, decoding time
3, 00000100101000010101000010000010000100000100100000000000000000000111100000000011,[33, 60],00000100101000010101000010000010010100000100100000000000000010000111100000000011,00000100101000010101000010000010010100000100100000000000000010000111100000000011, 2, True, 0.562
node, origami data, Induced Errors, decoded stream, original_origami, error_count, success, decoding time
3, 00000100101000010101000010000010000100000100100000000000000010000011100000000011,[33, 65],00000100101000010101000010000010010100000100100000000000000010000111100000000011,00000100101000010101000010000010010100000100100000000000000010000111100000000011, 2, True, 0.004
node, origami data, Induced Errors, decoded stream, original_origami, error_count, success, decoding time
3, 00000100101000010101000010000010000100000100100000000000000010000101100000000011,[33, 66],00000100101000010101000010000010010100000100100000000000000010000111100000000011,00000100101000010101000010000010010100000100100000000000000010000111100000000011, 2, True, 0.005
node, origami data, Induced Errors, decoded stream, original_origami, error_count, success, decoding time
3, 00000100101000010101000010000010000100000100100000000000000010000110100000000011,[33, 67],00000100101000010101000010000010010100000100100000000000000010000111100000000011,00000100101000010101000010000010010100000100100000000000000010000111100000000011, 2, True, 0.004
node, origami data, Induced Errors, decoded stream, original_origami, error_count, success, decoding time
3, 00000100101000010101000010000010000100000100100000000000000010000111000000000011,[33, 68],00000100101000010101000010000010010100000100100000000000000010000111100000000011,00000100101000010101000010000010010100000100100000000000000010000111100000000011, 2, True, 0.006
node, origami data, Induced Errors, decoded stream, original_origami, error_count, success, decoding time
3, 00000100101000010101000010000010000100000100100000000000000010000111100000000001,[33, 78],00000100101000010101000010000010010100000100100000000000000010000111100000000011,00000100101000010101000010000010010100000100100000000000000010000111100000000011, 2, True, 0.008
node, origami data, Induced Errors, decoded stream, original_origami, error_count, success, decoding time
3, 00000100101000010101000010000010000100000100100000000000000010000111100000000010,[33, 79],00000100101000010101000010000010010100000100100000000000000010000111100000000011,00000100101000010101000010000010010100000100100000000000000010000111100000000011, 2, True, 0.011
node, origami data, Induced Errors, decoded stream, original_origami, error_count, success, decoding time
3, 00000100101000010101000010000010010000000000100000000000000010000111100000000011,[35, 41],00000100101000010101000010000010010100000100100000000000000010000111100000000011,00000100101000010101000010000010010100000100100000000000000010000111100000000011, 2, True, 0.006
node, origami data, Induced Errors, decoded stream, original_origami, error_count, success, decoding time
3, 00000100101000010101000010000010010000000100000000000000000010000111100000000011,[35, 44],00000100101000010101000010000010010100000100100000000000000010000111100000000011,00000100101000010101000010000010010100000100100000000000000010000111100000000011, 2, True, 0.013
node, origami data, Induced Errors, decoded stream, original_origami, error_count, success, decoding time
3, 00000100101000010101000010000010010000000100100000000000000000000111100000000011,[35, 60],00000100101000010101000010000010010100000100100000000000000010000111100000000011,00000100101000010101000010000010010100000100100000000000000010000111100000000011, 2, True, 0.006
node, origami data, Induced Errors, decoded stream, original_origami, error_count, success, decoding time
3, 00000100101000010101000010000010010000000100100000000000000010000011100000000011,[35, 65],00000100101000010101000010000010010100000100100000000000000010000111100000000011,00000100101000010101000010000010010100000100100000000000000010000111100000000011, 2, True, 0.005
node, origami data, Induced Errors, decoded stream, original_origami, error_count, success, decoding time
3, 00000100101000010101000010000010010000000100100000000000000010000101100000000011,[35, 66],00000100101000010101000010000010010100000100100000000000000010000111100000000011,00000100101000010101000010000010010100000100100000000000000010000111100000000011, 2, True, 0.006
node, origami data, Induced Errors, decoded stream, original_origami, error_count, success, decoding time
3, 00000100101000010101000010000010010000000100100000000000000010000110100000000011,[35, 67],00000100101000010101000010000010010100000100100000000000000010000111100000000011,00000100101000010101000010000010010100000100100000000000000010000111100000000011, 2, True, 0.006
node, origami data, Induced Errors, decoded stream, original_origami, error_count, success, decoding time
3, 00000100101000010101000010000010010000000100100000000000000010000111000000000011,[35, 68],00000100101000010101000010000010010100000100100000000000000010000111100000000011,00000100101000010101000010000010010100000100100000000000000010000111100000000011, 2, True, 0.007
node, origami data, Induced Errors, decoded stream, original_origami, error_count, success, decoding time
3, 00000100101000010101000010000010010000000100100000000000000010000111100000000001,[35, 78],00000100101000010101000010000010010100000100100000000000000010000111100000000011,00000100101000010101000010000010010100000100100000000000000010000111100000000011, 2, True, 0.011
node, origami data, Induced Errors, decoded stream, original_origami, error_count, success, decoding time
3, 00000100101000010101000010000010010000000100100000000000000010000111100000000010,[35, 79],00000100101000010101000010000010010100000100100000000000000010000111100000000011,00000100101000010101000010000010010100000100100000000000000010000111100000000011, 2, True, 0.008
node, origami data, Induced Errors, decoded stream, original_origami, error_count, success, decoding time
3, 00000100101000010101000010000010010100000000000000000000000010000111100000000011,[41, 44],00000100101000010101000010000010010100000100100000000000000010000111100000000011,00000100101000010101000010000010010100000100100000000000000010000111100000000011, 2, True, 0.005
node, origami data, Induced Errors, decoded stream, original_origami, error_count, success, decoding time
3, 00000100101000010101000010000010010100000000100000000000000000000111100000000011,[41, 60],00000100101000010101000010000010010100000100100000000000000010000111100000000011,00000100101000010101000010000010010100000100100000000000000010000111100000000011, 2, True, 0.006
node, origami data, Induced Errors, decoded stream, original_origami, error_count, success, decoding time
3, 00000100101000010101000010000010010100000000100000000000000010000011100000000011,[41, 65],00000100101000010101000010000010010100000100100000000000000010000111100000000011,00000100101000010101000010000010010100000100100000000000000010000111100000000011, 2, True, 0.005
node, origami data, Induced Errors, decoded stream, original_origami, error_count, success, decoding time
3, 00000100101000010101000010000010010100000000100000000000000010000101100000000011,[41, 66],00000100101000010101000010000010010100000100100000000000000010000111100000000011,00000100101000010101000010000010010100000100100000000000000010000111100000000011, 2, True, 0.004
node, origami data, Induced Errors, decoded stream, original_origami, error_count, success, decoding time
3, 00000100101000010101000010000010010100000000100000000000000010000110100000000011,[41, 67],00000100101000010101000010000010010100000100100000000000000010000111100000000011,00000100101000010101000010000010010100000100100000000000000010000111100000000011, 2, True, 0.003
node, origami data, Induced Errors, decoded stream, original_origami, error_count, success, decoding time
3, 00000100101000010101000010000010010100000000100000000000000010000111000000000011,[41, 68],00000100101000010101000010000010010100000100100000000000000010000111100000000011,00000100101000010101000010000010010100000100100000000000000010000111100000000011, 2, True, 0.005
node, origami data, Induced Errors, decoded stream, original_origami, error_count, success, decoding time
3, 00000100101000010101000010000010010100000000100000000000000010000111100000000001,[41, 78],00000100101000010101000010000010010100000100100000000000000010000111100000000011,00000100101000010101000010000010010100000100100000000000000010000111100000000011, 2, True, 0.005
node, origami data, Induced Errors, decoded stream, original_origami, error_count, success, decoding time
3, 00000100101000010101000010000010010100000000100000000000000010000111100000000010,[41, 79],00000100101000010101000010000010010100000100100000000000000010000111100000000011,00000100101000010101000010000010010100000100100000000000000010000111100000000011, 2, True, 0.005
node, origami data, Induced Errors, decoded stream, original_origami, error_count, success, decoding time
3, 00000100101000010101000010000010010100000100000000000000000000000111100000000011,[44, 60],00000100101000010101000010000010010100000100100000000000000010000111100000000011,00000100101000010101000010000010010100000100100000000000000010000111100000000011, 2, True, 0.012
node, origami data, Induced Errors, decoded stream, original_origami, error_count, success, decoding time
3, 00000100101000010101000010000010010100000100000000000000000010000011100000000011,[44, 65],00000100101000010101000010000010010100000100100000000000000010000111100000000011,00000100101000010101000010000010010100000100100000000000000010000111100000000011, 2, True, 0.005
node, origami data, Induced Errors, decoded stream, original_origami, error_count, success, decoding time
3, 00000100101000010101000010000010010100000100000000000000000010000101100000000011,[44, 66],00000100101000010101000010000010010100000100100000000000000010000111100000000011,00000100101000010101000010000010010100000100100000000000000010000111100000000011, 2, True, 0.005
node, origami data, Induced Errors, decoded stream, original_origami, error_count, success, decoding time
3, 00000100101000010101000010000010010100000100000000000000000010000110100000000011,[44, 67],00000100101000010101000010000010010100000100100000000000000010000111100000000011,00000100101000010101000010000010010100000100100000000000000010000111100000000011, 2, True, 0.01
node, origami data, Induced Errors, decoded stream, original_origami, error_count, success, decoding time
3, 00000100101000010101000010000010010100000100000000000000000010000111000000000011,[44, 68],00000100101000010101000010000010010100000100100000000000000010000111100000000011,00000100101000010101000010000010010100000100100000000000000010000111100000000011, 2, True, 0.008
node, origami data, Induced Errors, decoded stream, original_origami, error_count, success, decoding time
3, 00000100101000010101000010000010010100000100000000000000000010000111100000000001,[44, 78],00000100101000010101000010000010010100000100100000000000000010000111100000000011,00000100101000010101000010000010010100000100100000000000000010000111100000000011, 2, True, 0.007
node, origami data, Induced Errors, decoded stream, original_origami, error_count, success, decoding time
3, 00000100101000010101000010000010010100000100000000000000000010000111100000000010,[44, 79],00000100101000010101000010000010010100000100100000000000000010000111100000000011,00000100101000010101000010000010010100000100100000000000000010000111100000000011, 2, True, 0.007
node, origami data, Induced Errors, decoded stream, original_origami, error_count, success, decoding time
3, 00000100101000010101000010000010010100000100100000000000000000000011100000000011,[60, 65],00000100101000010101000010000010010100000100100000000000000010000111100000000011,00000100101000010101000010000010010100000100100000000000000010000111100000000011, 2, True, 0.006
node, origami data, Induced Errors, decoded stream, original_origami, error_count, success, decoding time
3, 00000100101000010101000010000010010100000100100000000000000000000101100000000011,[60, 66],00000100101000010101000010000010010100000100100000000000000010000111100000000011,00000100101000010101000010000010010100000100100000000000000010000111100000000011, 2, True, 0.009
node, origami data, Induced Errors, decoded stream, original_origami, error_count, success, decoding time
3, 00000100101000010101000010000010010100000100100000000000000000000110100000000011,[60, 67],00000100101000010101000010000010010100000100100000000000000010000111100000000011,00000100101000010101000010000010010100000100100000000000000010000111100000000011, 2, True, 0.009
node, origami data, Induced Errors, decoded stream, original_origami, error_count, success, decoding time
3, 00000100101000010101000010000010010100000100100000000000000000000111000000000011,[60, 68],00000100101000010101000010000010010100000100100000000000000010000111100000000011,00000100101000010101000010000010010100000100100000000000000010000111100000000011, 2, True, 0.006
node, origami data, Induced Errors, decoded stream, original_origami, error_count, success, decoding time
3, 00000100101000010101000010000010010100000100100000000000000000000111100000000001,[60, 78],00000100101000010101000010000010010100000100100000000000000010000111100000000011,00000100101000010101000010000010010100000100100000000000000010000111100000000011, 2, True, 0.01
node, origami data, Induced Errors, decoded stream, original_origami, error_count, success, decoding time
3, 00000100101000010101000010000010010100000100100000000000000000000111100000000010,[60, 79],00000100101000010101000010000010010100000100100000000000000010000111100000000011,00000100101000010101000010000010010100000100100000000000000010000111100000000011, 2, True, 0.007
node, origami data, Induced Errors, decoded stream, original_origami, error_count, success, decoding time
3, 00000100101000010101000010000010010100000100100000000000000010000001100000000011,[65, 66],00000100101000010101000010000010010100000100100000000000000010000111100000000011,00000100101000010101000010000010010100000100100000000000000010000111100000000011, 2, True, 0.004
node, origami data, Induced Errors, decoded stream, original_origami, error_count, success, decoding time
3, 00000100101000010101000010000010010100000100100000000000000010000010100000000011,[65, 67],00000100101000010101000010000010010100000100100000000000000010000111100000000011,00000100101000010101000010000010010100000100100000000000000010000111100000000011, 2, True, 0.005
node, origami data, Induced Errors, decoded stream, original_origami, error_count, success, decoding time
3, 00000100101000010101000010000010010100000100100000000000000010000011000000000011,[65, 68],00000100101000010101000010000010010100000100100000000000000010000111100000000011,00000100101000010101000010000010010100000100100000000000000010000111100000000011, 2, True, 0.002
node, origami data, Induced Errors, decoded stream, original_origami, error_count, success, decoding time
3, 00000100101000010101000010000010010100000100100000000000000010000011100000000001,[65, 78],00000100101000010101000010000010010100000100100000000000000010000111100000000011,00000100101000010101000010000010010100000100100000000000000010000111100000000011, 2, True, 0.009
node, origami data, Induced Errors, decoded stream, original_origami, error_count, success, decoding time
3, 00000100101000010101000010000010010100000100100000000000000010000011100000000010,[65, 79],00000100101000010101000010000010010100000100100000000000000010000111100000000011,00000100101000010101000010000010010100000100100000000000000010000111100000000011, 2, True, 0.008
node, origami data, Induced Errors, decoded stream, original_origami, error_count, success, decoding time
3, 00000100101000010101000010000010010100000100100000000000000010000100100000000011,[66, 67],00000100101000010101000010000010010100000100100000000000000010000111100000000011,00000100101000010101000010000010010100000100100000000000000010000111100000000011, 2, True, 0.005
node, origami data, Induced Errors, decoded stream, original_origami, error_count, success, decoding time
3, 00000100101000010101000010000010010100000100100000000000000010000101000000000011,[66, 68],00000100101000010101000010000010010100000100100000000000000010000111100000000011,00000100101000010101000010000010010100000100100000000000000010000111100000000011, 2, True, 0.005
node, origami data, Induced Errors, decoded stream, original_origami, error_count, success, decoding time
3, 00000100101000010101000010000010010100000100100000000000000010000101100000000001,[66, 78],00000100101000010101000010000010010100000100100000000000000010000111100000000011,00000100101000010101000010000010010100000100100000000000000010000111100000000011, 2, True, 0.005
node, origami data, Induced Errors, decoded stream, original_origami, error_count, success, decoding time
3, 00000100101000010101000010000010010100000100100000000000000010000101100000000010,[66, 79],00000100101000010101000010000010010100000100100000000000000010000111100000000011,00000100101000010101000010000010010100000100100000000000000010000111100000000011, 2, True, 0.006
node, origami data, Induced Errors, decoded stream, original_origami, error_count, success, decoding time
3, 00000100101000010101000010000010010100000100100000000000000010000110000000000011,[67, 68],00000100101000010101000010000010010100000100100000000000000010000111100000000011,00000100101000010101000010000010010100000100100000000000000010000111100000000011, 2, True, 0.002
node, origami data, Induced Errors, decoded stream, original_origami, error_count, success, decoding time
3, 00000100101000010101000010000010010100000100100000000000000010000110100000000001,[67, 78],00000100101000010101000010000010010100000100100000000000000010000111100000000011,00000100101000010101000010000010010100000100100000000000000010000111100000000011, 2, True, 0.004
node, origami data, Induced Errors, decoded stream, original_origami, error_count, success, decoding time
3, 00000100101000010101000010000010010100000100100000000000000010000110100000000010,[67, 79],00000100101000010101000010000010010100000100100000000000000010000111100000000011,00000100101000010101000010000010010100000100100000000000000010000111100000000011, 2, True, 0.006
node, origami data, Induced Errors, decoded stream, original_origami, error_count, success, decoding time
3, 00000100101000010101000010000010010100000100100000000000000010000111000000000001,[68, 78],00000100101000010101000010000010010100000100100000000000000010000111100000000011,00000100101000010101000010000010010100000100100000000000000010000111100000000011, 2, True, 0.007
node, origami data, Induced Errors, decoded stream, original_origami, error_count, success, decoding time
3, 00000100101000010101000010000010010100000100100000000000000010000111000000000010,[68, 79],00000100101000010101000010000010010100000100100000000000000010000111100000000011,00000100101000010101000010000010010100000100100000000000000010000111100000000011, 2, True, 0.007
node, origami data, Induced Errors, decoded stream, original_origami, error_count, success, decoding time
3, 00000100101000010101000010000010010100000100100000000000000010000111100000000000,[78, 79],00000100101000010101000010000010010100000100100000000000000010000111100000000011,00000100101000010101000010000010010100000100100000000000000010000111100000000011, 2, True, 0.006
